opponent,v3,Alessandro Pier Guidi,0,1771613239712
Game,version,date,track,car,event,laptime [s],S1 [s],S2 [s],S3 [s],S4+ [s]
LMU,1.2,2026-02-20 18:47:19,Silverstone Grand Prix Circuit - ELMS,Ferrari AF Corse 2025 #51:LM (Hyper),Live,105.286,0,0,0
Tracklen [m],TotalLaps
5869.1,4
,
,
lapdistance [m],speed [m/s],throttle [%],brake [%],steer [%],gear [int],world_x [m],world_y [m],world_z [m]
54.3,73.75,60.1,0.0,0.2,6,65.553,0.825,852.227
69.0,73.88,60.1,0.0,0.1,6,69.956,0.867,852.706
69.0,73.97,60.1,0.0,0.1,6,72.895,0.896,853.025
69.0,74.11,60.1,0.0,-0.0,6,77.312,0.935,853.503
69.0,74.20,60.1,0.0,-0.1,6,80.260,0.959,853.820
83.8,74.32,60.2,0.0,-0.2,6,84.690,0.994,854.295
83.8,74.41,60.2,0.0,-0.2,6,87.648,1.017,854.611
83.8,74.54,60.2,0.0,-0.1,6,92.091,1.053,855.086
83.8,74.63,60.2,0.0,0.0,6,95.057,1.076,855.403
98.7,74.76,60.2,0.0,0.1,6,99.513,1.108,855.879
98.7,74.84,60.2,0.0,0.0,6,102.488,1.129,856.197
98.7,74.97,60.2,0.0,0.2,6,106.956,1.161,856.674
98.7,75.05,60.2,0.0,0.3,6,109.939,1.183,856.992
113.6,75.17,60.2,0.0,0.3,6,114.420,1.215,857.469
113.6,75.30,60.2,0.0,0.3,6,118.909,1.248,857.944
113.6,75.38,60.2,0.0,0.3,6,121.906,1.268,858.258
113.6,75.50,60.3,0.0,0.3,6,126.408,1.293,858.728
128.6,75.58,60.3,0.0,0.4,6,129.413,1.309,859.039
128.6,75.70,60.3,0.0,0.3,6,133.928,1.333,859.503
128.6,75.78,60.3,0.0,0.2,6,136.941,1.351,859.811
128.6,75.89,60.3,0.0,0.3,6,141.468,1.386,860.270
143.9,75.98,60.3,0.0,0.3,6,144.489,1.407,860.574
143.9,76.09,60.3,0.0,0.3,6,149.028,1.435,861.028
143.9,76.17,60.3,0.0,0.3,6,152.058,1.454,861.330
143.9,76.28,60.3,0.0,0.3,6,156.609,1.481,861.780
159.1,76.36,60.3,0.0,0.3,6,159.648,1.497,862.078
159.1,76.47,60.3,0.0,0.3,6,164.210,1.524,862.524
159.1,76.54,60.3,0.0,0.2,6,167.256,1.544,862.821
159.1,76.65,60.3,0.0,0.1,6,171.830,1.574,863.263
174.4,76.72,60.3,0.0,0.1,6,174.883,1.595,863.557
174.4,76.83,60.3,0.0,-0.2,6,179.468,1.625,863.996
174.4,76.94,60.3,0.0,-0.4,6,184.060,1.655,864.435
174.4,77.01,60.3,0.0,-0.5,6,187.125,1.673,864.728
189.7,77.11,60.3,0.0,-0.7,6,191.727,1.701,865.171
189.7,77.18,60.3,0.0,-0.7,6,194.798,1.721,865.470
189.7,77.28,60.3,0.0,-0.8,6,199.410,1.750,865.923
189.7,77.35,60.3,0.0,-0.6,6,202.487,1.768,866.230
205.2,77.46,60.3,0.0,-0.4,6,207.108,1.795,866.697
205.2,77.53,60.3,0.0,-0.2,6,210.191,1.811,867.013
205.2,77.62,60.3,0.0,0.0,6,214.821,1.837,867.493
205.2,77.69,60.3,0.0,0.2,6,217.910,1.857,867.817
220.7,77.79,60.3,0.0,0.6,6,222.548,1.890,868.304
220.7,77.88,60.4,0.0,1.0,6,227.193,1.922,868.791
220.7,77.95,60.4,0.0,1.2,6,230.292,1.943,869.114
236.3,78.04,60.4,0.0,1.1,6,234.947,1.976,869.595
236.3,78.11,60.4,0.0,0.9,6,238.054,1.999,869.911
236.3,77.98,16.4,37.8,0.9,6,242.718,2.031,870.376
236.3,77.45,0.0,67.7,1.0,6,245.814,2.047,870.679
251.8,76.28,0.0,81.5,1.5,6,250.408,2.071,871.118
251.8,75.43,0.0,84.6,1.9,6,253.431,2.088,871.399
251.8,74.11,0.0,85.5,2.2,6,257.902,2.112,871.803
251.8,73.25,0.0,86.7,2.3,6,260.840,2.128,872.058
266.6,71.91,0.0,85.7,2.7,6,265.182,2.151,872.416
266.6,71.04,0.0,86.1,3.1,6,268.034,2.167,872.635
266.6,69.74,0.0,86.6,3.4,6,272.250,2.187,872.934
266.6,68.86,0.0,86.3,3.6,6,275.017,2.199,873.111
280.5,67.56,0.0,86.4,3.9,6,279.106,2.215,873.340
280.5,66.24,0.0,84.4,3.6,6,283.118,2.229,873.518
280.5,65.40,0.0,79.9,3.9,6,285.751,2.239,873.606
280.5,64.19,0.0,69.4,3.5,6,289.640,2.252,873.692
293.6,63.47,0.0,60.4,3.2,6,292.194,2.262,873.715
293.6,62.57,0.0,35.2,3.8,6,295.976,2.279,873.694
293.6,62.15,0.0,22.8,4.8,6,298.470,2.291,873.642
293.6,61.66,0.0,21.5,7.2,6,302.182,2.309,873.506
306.0,61.35,0.0,17.7,8.8,6,304.640,2.322,873.376
306.0,60.95,0.0,9.3,9.2,6,308.300,2.343,873.122
306.0,60.74,0.0,8.1,9.0,6,310.725,2.359,872.914
306.0,60.43,0.0,7.1,9.0,6,314.342,2.383,872.546
318.0,60.25,0.0,2.6,8.8,6,316.739,2.397,872.263
318.0,60.02,0.0,3.0,8.7,6,320.315,2.418,871.783
318.0,59.86,0.0,9.8,9.0,6,322.686,2.432,871.424
318.0,59.53,26.9,17.6,10.2,0,326.219,2.452,870.831
329.9,59.09,0.0,26.7,9.9,5,329.718,2.470,870.173
329.9,58.73,0.0,30.4,10.0,5,332.027,2.481,869.698
329.9,58.19,0.0,6.7,11.0,5,335.449,2.498,868.929
329.9,58.02,21.7,0.0,11.8,5,337.707,2.510,868.378
341.8,58.02,58.3,0.0,14.0,5,341.070,2.527,867.484
341.8,58.12,68.1,0.0,16.4,5,343.302,2.538,866.843
341.8,58.29,59.6,0.0,20.9,5,346.639,2.553,865.814
341.8,58.39,50.4,0.0,24.9,5,348.855,2.564,865.082
353.9,58.42,29.0,0.0,27.9,5,352.160,2.580,863.917
353.9,58.35,10.6,0.0,28.9,5,354.348,2.590,863.097
353.9,58.12,8.3,0.3,29.2,5,357.594,2.608,861.803
353.9,58.02,32.3,0.0,28.3,5,359.733,2.620,860.897
366.4,57.98,53.2,0.0,26.8,5,362.906,2.639,859.472
366.4,58.02,45.4,0.0,26.3,5,366.043,2.656,857.964
366.4,58.03,36.6,0.0,27.1,5,368.113,2.668,856.914
366.4,58.00,29.6,0.0,31.0,5,371.183,2.685,855.272
378.5,57.96,28.1,0.0,34.1,5,373.204,2.697,854.134
378.5,57.89,26.0,0.0,38.3,5,376.196,2.715,852.367
378.5,57.83,24.7,0.0,40.1,5,378.165,2.726,851.149
378.5,57.72,21.6,0.0,41.6,5,381.076,2.744,849.266
390.8,57.64,20.0,0.0,42.0,5,382.987,2.754,847.975
390.8,57.49,18.2,0.0,41.6,5,385.809,2.769,845.983
390.8,57.38,18.0,0.0,41.1,5,387.657,2.780,844.618
390.8,57.22,17.7,0.0,39.7,5,390.377,2.796,842.514
402.7,57.11,17.3,0.0,39.0,5,392.155,2.807,841.076
402.7,56.95,17.5,0.0,37.9,5,394.768,2.824,838.866
402.7,56.84,17.7,0.0,37.7,5,396.474,2.835,837.359
402.7,56.69,19.4,0.0,37.2,5,398.975,2.852,835.048
414.6,56.56,20.3,0.0,36.6,5,401.409,2.869,832.677
414.6,56.48,21.5,0.0,35.9,5,402.995,2.881,831.065
414.6,56.38,24.0,0.0,34.7,5,405.317,2.898,828.602
414.6,56.33,26.7,0.0,33.1,5,406.829,2.908,826.929
426.0,56.28,29.6,0.0,29.4,5,409.041,2.923,824.376
426.0,56.27,32.2,0.0,27.3,5,410.480,2.932,822.645
426.0,56.29,40.8,0.0,23.7,5,412.584,2.942,820.005
426.0,56.35,51.1,0.0,20.7,5,413.950,2.950,818.214
437.2,56.53,56.3,0.0,17.5,5,415.944,2.965,815.478
437.2,56.66,56.3,0.0,16.5,5,417.241,2.975,813.624
437.2,56.87,56.3,0.0,15.6,5,419.143,2.986,810.799
437.2,57.03,56.4,0.0,15.1,5,420.381,2.994,808.887
448.3,57.26,56.7,0.0,14.1,5,422.192,3.008,805.977
448.3,57.48,56.8,0.0,12.1,5,423.952,3.024,803.019
448.3,57.64,56.9,0.0,10.7,5,425.097,3.036,801.022
459.5,57.86,57.1,0.0,9.1,5,426.769,3.058,797.988
459.5,58.02,57.2,0.0,9.0,5,427.856,3.073,795.941
459.5,58.25,57.3,0.0,8.7,5,429.445,3.096,792.836
459.5,58.41,57.4,0.0,9.7,5,430.478,3.114,790.744
471.0,58.65,57.0,0.0,10.1,5,431.988,3.139,787.575
471.0,58.80,57.5,0.0,9.4,5,432.969,3.155,785.441
471.0,59.03,57.7,0.0,8.8,5,434.398,3.180,782.208
471.0,59.18,57.8,0.0,8.7,5,435.324,3.197,780.034
482.7,59.42,56.9,0.0,8.2,5,436.673,3.220,776.742
482.7,59.64,57.5,0.0,7.5,5,437.975,3.245,773.417
482.7,59.81,57.8,0.0,6.5,5,438.818,3.262,771.182
482.7,60.00,58.5,0.0,6.6,5,440.040,3.294,767.802
494.5,60.18,58.4,0.0,6.3,5,440.831,3.317,765.532
494.5,60.49,58.7,0.0,6.6,5,441.985,3.350,762.102
494.5,60.67,53.4,0.0,5.9,5,442.734,3.369,759.798
494.5,60.81,49.2,0.0,5.9,5,443.822,3.395,756.320
506.5,60.97,57.6,0.0,5.6,5,444.524,3.412,753.987
506.5,61.24,58.7,0.0,4.2,5,445.543,3.437,750.464
506.5,61.45,58.7,0.0,3.4,5,446.200,3.454,748.100
506.5,61.71,58.2,0.0,3.5,5,447.156,3.478,744.532
518.7,61.85,58.3,0.0,4.2,5,447.774,3.494,742.140
518.7,62.04,59.1,0.0,5.1,5,448.674,3.518,738.535
518.7,62.27,59.2,0.0,5.9,5,449.544,3.538,734.909
518.7,62.42,59.2,0.0,5.6,5,450.104,3.553,732.479
531.0,62.63,59.3,0.0,5.3,5,450.912,3.581,728.816
531.0,62.79,59.3,0.0,4.9,5,451.429,3.601,726.362
531.0,63.01,59.3,0.0,4.6,5,452.173,3.630,722.662
531.0,63.16,59.4,0.0,4.3,5,452.647,3.652,720.184
543.5,63.38,59.5,0.0,3.9,5,453.329,3.682,716.450
543.5,63.53,59.5,0.0,3.6,5,453.766,3.700,713.950
543.5,63.75,59.5,0.0,2.8,5,454.395,3.725,710.184
543.5,63.90,59.6,0.0,2.6,5,454.797,3.743,707.664
556.2,64.11,59.7,0.0,2.3,5,455.380,3.773,703.869
556.2,64.26,59.7,0.0,1.8,5,455.756,3.794,701.329
556.2,64.48,59.8,0.0,1.6,5,456.306,3.825,697.507
556.2,64.62,59.8,0.0,1.3,5,456.664,3.847,694.951
569.0,64.84,59.9,0.0,1.3,5,457.191,3.881,691.103
569.0,65.06,59.9,0.0,1.1,5,457.708,3.914,687.241
569.0,65.20,60.0,0.0,1.1,5,458.047,3.937,684.659
569.0,65.41,60.0,0.0,1.1,5,458.550,3.971,680.773
581.9,65.55,60.0,0.0,1.1,5,458.881,3.993,678.175
581.9,65.76,60.1,0.0,1.0,5,459.370,4.026,674.267
581.9,65.90,60.1,0.0,1.0,5,459.691,4.049,671.654
581.9,66.10,60.1,0.0,1.0,5,460.166,4.082,667.723
595.0,66.24,60.1,0.0,1.1,5,460.477,4.104,665.095
595.0,66.44,60.1,0.0,1.4,5,460.937,4.136,661.142
595.0,66.57,60.1,0.0,1.4,5,461.239,4.157,658.499
595.0,66.77,60.1,0.0,1.3,5,461.682,4.191,654.524
608.2,66.90,60.1,0.0,1.3,5,461.971,4.214,651.866
608.2,67.10,60.1,0.0,1.3,5,462.396,4.248,647.869
608.2,67.23,60.1,0.0,1.4,5,462.673,4.270,645.197
608.2,67.42,60.1,0.0,1.4,5,463.077,4.302,641.179
621.6,67.60,60.1,0.0,1.7,5,463.469,4.335,637.148
621.6,67.73,60.1,0.0,1.6,5,463.723,4.357,634.453
621.6,67.91,60.1,0.0,1.5,5,464.094,4.390,630.401
621.6,68.04,60.1,0.0,1.6,5,464.334,4.412,627.693
635.2,68.22,60.1,0.0,1.4,5,464.682,4.444,623.621
635.2,68.34,60.1,0.0,1.3,5,464.907,4.465,620.899
635.2,68.52,60.2,0.0,1.3,5,465.233,4.497,616.807
635.2,68.64,60.2,0.0,1.0,5,465.444,4.518,614.072
648.8,68.82,60.2,0.0,0.9,5,465.751,4.551,609.961
648.8,68.93,60.2,0.0,0.7,5,465.949,4.573,607.213
648.8,69.11,60.2,0.0,0.9,5,466.238,4.605,603.082
648.8,69.22,60.2,0.0,-0.5,5,466.426,4.627,600.322
662.7,69.40,60.2,0.0,-1.4,5,466.705,4.659,596.173
662.7,69.51,60.3,0.0,-1.2,5,466.893,4.680,593.402
662.7,69.68,60.3,0.0,-0.5,5,467.181,4.712,589.237
676.6,69.85,60.3,0.0,-0.2,5,467.478,4.741,585.062
676.6,69.96,60.3,0.0,0.0,5,467.681,4.759,582.273
676.6,70.12,60.2,0.0,0.4,5,467.990,4.785,578.083
676.6,70.23,60.1,0.0,0.9,5,468.197,4.802,575.283
690.6,70.20,0.0,0.0,1.3,0,468.507,4.825,571.079
690.6,70.24,86.3,0.0,1.5,6,468.710,4.837,568.279
690.6,70.46,73.4,0.0,0.1,6,469.102,4.859,562.665
690.6,70.56,66.9,0.0,0.6,6,469.292,4.870,559.851
704.8,70.72,59.2,0.0,0.9,6,469.568,4.886,555.622
704.8,70.82,59.2,0.0,0.8,6,469.748,4.896,552.797
704.8,70.98,59.3,0.0,0.6,6,470.011,4.908,548.552
704.8,71.09,59.3,0.0,0.1,6,470.184,4.916,545.716
719.0,71.24,59.4,0.0,-0.0,6,470.439,4.924,541.454
719.0,71.35,59.4,0.0,0.6,6,470.608,4.928,538.607
719.0,71.50,59.5,0.0,0.2,6,470.861,4.933,534.329
719.0,71.66,59.5,0.0,0.9,6,471.113,4.937,530.042
733.4,71.76,59.5,0.0,1.0,6,471.278,4.938,527.179
733.4,71.92,59.5,0.0,0.9,6,471.523,4.936,522.875
733.4,72.02,59.6,0.0,0.5,6,471.682,4.933,520.001
733.4,72.16,59.6,0.0,0.3,6,471.914,4.928,515.682
747.8,72.27,59.7,0.0,0.3,6,472.066,4.924,512.798
747.8,72.42,59.7,0.0,0.2,6,472.291,4.916,508.464
747.8,72.52,59.7,0.0,0.2,6,472.438,4.909,505.569
747.8,72.67,59.8,0.0,0.3,6,472.657,4.896,501.219
762.4,72.77,59.8,0.0,0.4,6,472.802,4.884,498.314
762.4,72.92,59.8,0.0,0.2,6,473.018,4.864,493.949
762.4,73.02,59.9,0.0,0.2,6,473.161,4.849,491.034
762.4,73.16,59.9,0.0,0.2,6,473.372,4.824,486.654
777.0,73.26,59.9,0.0,0.2,6,473.512,4.808,483.729
777.0,73.41,59.9,0.0,0.6,6,473.720,4.783,479.335
777.0,73.54,60.0,0.0,-0.4,6,473.925,4.760,474.931
777.0,73.64,60.1,0.0,-0.9,6,474.061,4.748,471.991
791.7,73.78,60.1,0.0,-1.7,6,474.266,4.731,467.573
791.7,73.88,60.1,0.0,-2.1,6,474.407,4.718,464.624
791.7,74.02,60.1,0.0,-2.6,6,474.632,4.699,460.193
791.7,74.11,60.1,0.0,-3.2,6,474.793,4.687,457.235
806.4,74.24,60.2,0.0,-4.1,6,475.057,4.669,452.793
806.4,74.33,60.2,0.0,-4.3,6,475.251,4.655,449.828
806.4,74.46,60.2,0.0,-4.4,6,475.575,4.630,445.376
806.4,74.54,60.2,0.0,-4.4,6,475.817,4.616,442.406
821.2,74.67,60.2,0.0,-5.4,6,476.218,4.593,437.949
821.2,74.75,60.2,0.0,-5.8,6,476.512,4.572,434.975
821.2,74.86,60.2,0.0,-6.1,6,477.002,4.543,430.514
836.2,74.96,60.2,0.0,-6.3,6,477.556,4.524,426.054
836.2,75.04,60.2,0.0,-6.5,6,477.961,4.512,423.081
836.2,75.15,60.2,0.0,-6.5,6,478.622,4.491,418.625
836.2,75.21,60.3,0.0,-6.5,6,479.102,4.479,415.656
851.1,75.31,60.3,0.0,-7.0,6,479.882,4.463,411.209
851.1,75.38,60.3,0.0,-7.3,6,480.440,4.452,408.247
851.1,75.48,60.3,0.0,-7.7,6,481.337,4.434,403.812
851.1,75.54,60.3,0.0,-7.8,6,481.975,4.422,400.860
866.0,75.64,60.3,0.0,-8.1,6,482.992,4.398,396.440
866.0,75.72,60.3,0.0,-8.6,6,484.083,4.370,392.033
866.0,75.78,60.3,0.0,-9.0,6,484.850,4.346,389.101
866.0,75.87,60.3,0.0,-9.8,6,486.063,4.303,384.717
881.0,75.93,60.3,0.0,-9.3,6,486.916,4.272,381.803
881.0,76.00,60.3,0.0,-7.5,6,488.263,4.221,377.449
881.0,76.06,60.3,0.0,-6.7,6,489.206,4.186,374.559
881.0,76.14,60.3,0.0,-5.9,6,490.689,4.131,370.240
896.2,76.21,60.3,0.0,-6.6,6,491.719,4.093,367.373
896.2,76.29,60.3,0.0,-8.0,6,493.327,4.035,363.091
896.2,76.35,60.3,0.0,-8.0,6,494.440,3.997,360.248
896.2,76.44,60.3,0.0,-5.1,6,496.169,3.940,356.004
911.9,76.51,60.3,0.0,-2.3,6,497.360,3.902,353.187
911.9,76.61,60.3,0.0,1.2,6,499.198,3.845,348.978
911.9,76.68,60.3,0.0,2.3,6,500.450,3.809,346.180
911.9,76.81,62.0,0.0,2.5,6,502.347,3.755,341.985
927.6,76.93,60.3,0.0,3.4,6,504.242,3.694,337.781
927.6,76.99,48.9,1.2,4.3,6,505.496,3.650,334.969
927.6,76.67,0.0,40.1,5.3,6,507.345,3.590,330.742
927.6,76.15,0.0,47.7,4.8,6,508.546,3.556,327.931
943.3,75.32,0.0,47.4,4.4,6,510.291,3.511,323.733
943.3,74.76,0.0,48.8,4.9,6,511.414,3.484,320.949
943.3,73.90,0.0,44.9,3.9,6,513.035,3.444,316.793
943.3,73.36,0.0,41.2,3.6,6,514.070,3.422,314.034
958.2,72.54,0.0,65.7,4.2,6,515.557,3.391,309.915
958.2,71.82,0.0,69.5,5.4,6,516.504,3.373,307.186
958.2,70.74,0.0,62.4,7.3,6,517.854,3.352,303.126
958.2,70.06,0.0,56.4,7.8,6,518.707,3.341,300.440
972.1,69.15,0.0,48.4,8.2,6,519.914,3.326,296.441
972.1,68.31,0.0,45.6,7.2,6,521.031,3.310,292.471
972.1,67.77,0.0,43.4,6.7,6,521.724,3.300,289.838
972.1,67.22,51.2,0.0,6.3,6,522.686,3.283,285.907
985.5,67.23,60.4,13.9,7.1,6,523.277,3.270,283.284
985.5,66.81,0.0,47.6,10.0,6,524.087,3.251,279.341
985.5,66.24,0.0,41.5,11.3,6,524.573,3.239,276.724
985.5,65.63,20.9,3.0,10.7,6,525.223,3.224,272.823
999.8,65.51,65.7,0.0,10.1,6,525.608,3.215,270.229
999.8,65.38,7.3,26.1,4.3,6,526.097,3.220,266.332
999.8,65.13,0.0,17.2,5.9,6,526.372,3.230,263.736
999.8,64.85,30.7,0.6,7.9,6,526.741,3.222,259.854
1013.9,64.79,73.7,0.0,10.5,6,526.957,3.201,257.271
1013.9,64.71,69.0,0.0,14.4,6,527.202,3.179,253.395
1013.9,64.68,64.7,0.0,15.1,6,527.294,3.193,250.809
1013.9,64.70,58.2,0.0,12.4,6,527.387,3.192,246.929
1028.0,64.99,40.5,0.0,11.8,6,527.419,3.167,243.039
1028.0,64.87,8.1,3.9,15.7,6,527.376,3.160,240.441
1028.0,64.54,0.0,3.0,20.8,6,527.222,3.157,236.561
1028.0,64.33,0.0,1.0,23.7,6,527.063,3.159,233.988
1041.4,64.04,5.5,0.0,25.5,6,526.740,3.168,230.151
1041.4,63.87,8.0,0.0,25.4,6,526.469,3.179,227.607
1041.4,63.63,5.7,0.0,24.3,6,525.983,3.197,223.812
1041.4,63.46,5.2,0.0,22.3,6,525.607,3.208,221.298
1054.1,63.19,1.2,0.4,16.5,6,524.964,3.225,217.552
1054.1,62.98,2.7,2.6,12.5,6,524.479,3.239,215.076
1054.1,62.74,35.4,0.0,7.0,6,523.671,3.265,211.393
1054.1,62.74,70.6,0.0,3.8,6,523.079,3.284,208.954
1066.5,62.85,66.3,0.0,1.6,6,522.114,3.315,205.313
1066.5,62.96,59.1,0.0,2.0,6,521.423,3.337,202.894
1066.5,63.14,55.4,0.0,2.3,6,520.329,3.369,199.274
1079.1,63.33,55.5,0.0,1.5,6,519.188,3.401,195.656
1079.1,63.46,55.6,0.0,0.5,6,518.414,3.423,193.242
1079.1,63.65,55.7,0.0,-2.8,6,517.241,3.454,189.614
1079.1,63.78,55.8,0.0,-4.1,6,516.458,3.474,187.189
1092.0,63.97,56.0,0.0,-4.9,6,515.290,3.503,183.539
1092.0,64.09,56.1,0.0,-5.3,6,514.523,3.521,181.096
1092.0,64.18,27.9,0.0,-5.9,6,513.396,3.545,177.416
1092.0,64.07,6.1,35.0,-6.2,6,512.666,3.559,174.956
1104.9,63.30,0.0,65.8,-6.0,6,511.613,3.578,171.278
1104.9,62.61,0.0,75.8,-5.4,6,510.945,3.590,168.849
1104.9,61.45,0.0,81.1,-4.2,0,509.996,3.609,165.247
1104.9,60.65,23.1,84.5,-3.3,0,509.400,3.619,162.877
1151.9,53.66,0.0,14.1,-16.5,5,504.141,3.676,119.818
1151.9,53.41,0.0,6.9,-14.5,5,504.216,3.671,117.677
1163.1,53.09,3.6,0.1,-11.5,5,504.405,3.672,114.488
1163.1,52.94,13.8,0.0,-10.0,5,504.671,3.673,111.319
1163.1,52.86,4.1,0.0,-9.8,5,504.876,3.659,109.213
1163.1,52.60,22.6,0.0,-9.7,5,505.274,3.657,106.074
1174.5,52.55,28.3,0.0,-9.5,5,505.582,3.655,103.994
1174.5,52.46,5.9,1.3,-9.7,5,506.085,3.632,100.884
1174.5,52.26,3.7,0.2,-10.6,5,506.476,3.625,98.826
1174.5,52.09,15.7,0.0,-11.0,5,507.124,3.614,95.763
1185.5,52.04,15.6,0.0,-12.4,5,507.585,3.594,93.733
1185.5,51.80,7.3,0.0,-16.4,5,508.347,3.565,90.712
1185.5,51.68,16.5,0.0,-18.4,5,508.906,3.550,88.719
1185.5,51.53,11.0,0.0,-23.9,5,509.810,3.527,85.758
1196.4,51.42,9.6,0.0,-28.1,5,510.451,3.507,83.801
1196.4,51.24,7.2,0.0,-33.9,5,511.467,3.471,80.894
1196.4,51.07,9.7,0.0,-37.6,5,512.549,3.432,78.021
1196.4,50.96,12.2,0.0,-38.4,5,513.306,3.404,76.126
1207.0,50.79,29.6,0.0,-38.2,0,514.498,3.359,73.315
1207.0,50.67,18.3,0.0,-36.4,4,515.330,3.329,71.465
1207.0,50.60,42.4,0.0,-32.3,4,516.639,3.284,68.725
1207.0,50.60,49.4,0.0,-28.8,4,517.555,3.255,66.920
1217.3,50.66,64.0,0.0,-24.5,4,518.996,3.216,64.247
1217.3,50.76,78.8,0.0,-22.0,4,520.001,3.194,62.485
1217.3,51.02,91.2,0.0,-14.6,4,521.574,3.163,59.870
1217.3,51.15,45.3,20.8,-9.1,4,522.664,3.144,58.141
1227.4,50.70,0.0,56.5,-2.6,4,524.345,3.114,55.585
1227.4,49.79,0.0,72.0,5.1,4,526.046,3.085,53.092
1227.4,49.09,0.0,76.6,9.6,4,527.176,3.068,51.467
1237.4,47.99,0.0,80.7,11.9,4,528.844,3.041,49.077
1237.4,47.22,0.0,82.2,11.2,4,529.928,3.022,47.509
1237.4,46.07,0.0,84.2,9.4,4,531.500,2.994,45.192
1237.4,45.29,0.0,84.5,7.9,0,532.509,2.976,43.667
1272.8,42.69,26.7,0.0,30.0,3,546.607,2.489,10.586
1282.1,42.86,83.0,0.0,29.1,3,547.083,2.451,8.067
1282.1,43.17,71.8,0.0,28.8,3,547.486,2.413,5.518
1282.1,43.31,60.3,0.0,28.9,3,547.716,2.386,3.804
1291.4,43.46,48.9,0.0,30.9,3,548.002,2.342,1.217
1291.4,43.54,53.8,0.0,32.1,3,548.151,2.312,-0.516
1291.4,43.67,57.4,0.0,33.8,3,548.309,2.266,-3.127
1291.4,43.79,63.5,0.0,35.0,3,548.372,2.235,-4.874
1300.9,43.99,60.3,0.0,37.9,3,548.403,2.188,-7.507
1300.9,44.13,68.1,0.0,41.1,3,548.385,2.156,-9.268
1300.9,44.30,47.3,0.0,46.1,3,548.299,2.104,-11.919
1300.9,44.31,33.6,0.0,48.6,3,548.203,2.068,-13.689
1310.7,44.26,28.4,0.0,50.8,3,547.994,2.016,-16.338
1310.7,44.22,26.5,0.0,50.8,3,547.810,1.983,-18.097
1310.7,44.14,24.7,0.0,49.8,3,547.466,1.938,-20.726
1310.7,44.05,24.6,0.0,47.3,3,547.039,1.895,-23.336
1320.5,43.99,25.2,0.0,45.9,3,546.707,1.869,-25.065
1320.5,43.91,26.6,0.0,42.9,3,546.139,1.832,-27.640
1320.5,43.86,28.6,0.0,42.0,3,545.714,1.810,-29.343
1320.5,43.82,31.5,0.0,40.1,3,545.007,1.779,-31.876
1330.1,43.80,31.6,0.0,41.2,3,544.493,1.758,-33.551
1330.1,43.79,31.3,0.0,41.8,3,543.662,1.725,-36.043
1330.1,43.77,31.7,0.0,43.3,3,543.068,1.702,-37.690
1330.1,43.75,34.5,0.0,43.6,3,542.117,1.668,-40.137
1339.5,43.75,36.8,0.0,42.7,3,541.442,1.647,-41.752
1339.5,43.78,45.7,0.0,38.9,3,540.366,1.619,-44.147
1339.5,43.85,51.8,0.0,35.9,3,539.608,1.602,-45.726
1339.5,44.02,70.9,0.0,32.7,3,538.412,1.576,-48.074
1348.4,44.20,76.6,0.0,30.6,3,537.575,1.558,-49.626
1348.4,44.48,88.0,0.0,26.6,3,536.256,1.531,-51.936
1348.4,44.83,91.2,0.0,21.6,3,534.861,1.507,-54.223
1348.4,45.07,91.2,0.0,17.6,3,533.889,1.492,-55.734
1357.7,45.43,91.2,0.0,11.8,3,532.368,1.470,-57.983
1357.7,45.68,91.2,0.0,8.8,3,531.314,1.455,-59.468
1357.7,46.06,91.2,0.0,6.2,3,529.674,1.433,-61.677
1357.7,46.31,91.2,0.0,5.3,3,528.543,1.416,-63.137
1366.9,46.70,91.2,0.0,5.8,3,526.793,1.389,-65.309
1366.9,46.96,91.2,0.0,7.4,3,525.592,1.370,-66.746
1366.9,47.36,91.3,0.0,9.2,3,523.743,1.339,-68.886
1366.9,47.62,91.3,0.0,9.9,3,522.481,1.318,-70.305
1376.3,48.01,91.3,0.0,10.1,3,520.544,1.284,-72.421
1376.3,48.27,91.3,0.0,9.5,3,519.226,1.261,-73.823
1376.3,48.64,91.3,0.0,8.5,3,517.205,1.225,-75.912
1376.3,49.02,91.3,0.0,9.8,3,515.135,1.186,-77.984
1385.8,49.27,91.3,0.0,9.6,3,513.729,1.157,-79.356
1385.8,49.63,91.4,0.0,10.1,3,511.576,1.114,-81.396
1385.8,49.87,91.4,0.0,11.6,3,510.112,1.086,-82.743
1385.8,50.21,91.4,0.0,12.2,3,507.873,1.047,-84.741
1395.5,50.44,91.4,0.0,12.5,3,506.350,1.022,-86.057
1395.5,50.79,91.4,0.0,11.3,3,504.022,0.985,-88.006
1395.5,50.90,0.0,0.0,11.0,0,502.442,0.958,-89.288
1395.5,50.97,91.2,0.0,8.0,4,500.041,0.914,-91.172
1405.5,51.18,91.2,0.0,6.2,4,498.415,0.883,-92.407
1405.5,51.51,91.2,0.0,3.7,4,495.932,0.837,-94.230
1405.5,51.74,91.2,0.0,3.6,4,494.252,0.806,-95.429
1405.5,52.08,91.2,0.0,4.5,4,491.696,0.761,-97.208
1415.7,52.30,91.2,0.0,4.5,4,489.971,0.732,-98.382
1415.7,52.63,91.3,0.0,3.1,4,487.356,0.692,-100.132
1415.7,52.96,86.0,0.0,1.3,4,484.709,0.655,-101.871
1415.7,53.19,79.6,0.0,0.2,4,482.929,0.631,-103.026
1426.3,53.52,69.8,0.0,-0.6,4,480.238,0.597,-104.759
1426.3,53.75,63.4,0.0,-1.0,4,478.433,0.574,-105.918
1426.3,54.09,59.0,0.0,-2.2,4,475.710,0.540,-107.663
1426.3,54.31,59.1,0.0,-3.7,4,473.887,0.519,-108.836
1437.2,54.64,59.3,0.0,-4.7,4,471.144,0.488,-110.611
1437.2,54.86,59.4,0.0,-4.5,4,469.313,0.468,-111.811
1437.2,55.20,59.6,0.0,-5.0,4,466.563,0.445,-113.638
1437.2,55.47,59.7,0.0,-5.8,4,464.728,0.428,-114.875
1448.4,55.86,59.7,0.0,-7.5,4,461.973,0.400,-116.760
1448.4,56.12,60.0,0.0,-8.8,4,460.137,0.384,-118.042
1448.4,56.40,60.0,0.0,-10.1,4,457.388,0.357,-119.998
1448.4,56.73,59.7,0.0,-10.5,4,455.558,0.331,-121.325
1460.2,56.89,60.0,0.0,-10.6,4,452.830,0.305,-123.367
1460.2,57.17,60.0,0.0,-10.1,4,451.020,0.281,-124.755
1460.2,57.43,60.0,0.0,-10.8,4,448.329,0.255,-126.895
1472.1,57.71,60.0,0.0,-11.0,4,445.668,0.234,-129.095
1472.1,57.90,60.0,0.0,-10.9,4,443.909,0.219,-130.595
1472.1,58.15,60.0,0.0,-10.9,4,441.297,0.200,-132.897
1472.1,58.33,60.0,0.0,-9.6,4,439.576,0.189,-134.466
1484.0,58.58,60.0,0.0,-7.2,4,437.024,0.178,-136.871
1484.0,58.76,60.0,0.0,-6.7,4,435.339,0.173,-138.505
1484.0,59.02,60.0,0.0,-6.8,4,432.837,0.166,-140.999
1484.0,59.19,60.0,0.0,-6.7,4,431.183,0.161,-142.687
1496.3,59.46,60.0,0.0,-6.4,4,428.722,0.153,-145.258
1496.3,59.63,60.1,0.0,-6.1,4,427.094,0.148,-146.996
1496.3,59.88,60.1,0.0,-6.0,4,424.672,0.142,-149.640
1496.3,60.05,60.1,0.0,-6.0,4,423.072,0.139,-151.426
1508.4,60.30,60.1,0.0,-5.9,4,420.691,0.140,-154.140
1508.4,60.55,60.1,0.0,-6.5,4,418.336,0.146,-156.896
1508.4,60.71,60.0,0.0,-6.8,0,416.779,0.149,-158.755
1508.4,60.67,89.4,0.0,-6.3,5,414.469,0.149,-161.570
1520.5,60.82,82.8,0.0,-5.9,5,412.949,0.147,-163.465
1520.5,61.05,73.0,0.0,-5.9,5,410.693,0.142,-166.342
1520.5,61.20,66.6,0.0,-6.7,5,409.207,0.136,-168.283
1520.5,61.45,58.7,0.0,-7.6,5,407.001,0.122,-171.228
1532.6,61.59,58.8,0.0,-8.8,5,405.551,0.113,-173.215
1532.6,61.82,58.9,0.0,-6.6,5,403.405,0.098,-176.232
1532.6,61.97,59.0,0.0,-6.0,5,401.994,0.086,-178.266
1532.6,62.20,59.0,0.0,-5.2,5,399.906,0.064,-181.350
1544.9,62.35,59.1,0.0,-4.9,5,398.534,0.050,-183.429
1544.9,62.58,59.1,0.0,-4.2,5,396.503,0.028,-186.578
1544.9,62.82,59.2,0.0,-3.7,5,394.499,0.006,-189.762
1544.9,62.97,59.3,0.0,-3.4,5,393.178,-0.007,-191.902
1557.4,63.20,59.4,0.0,-2.9,5,391.214,-0.023,-195.136
1557.4,63.35,59.4,0.0,-2.5,5,389.915,-0.033,-197.308
1557.4,63.58,59.5,0.0,-2.2,5,387.980,-0.045,-200.588
1557.4,63.73,59.5,0.0,-2.1,5,386.698,-0.052,-202.787
1570.1,63.96,59.6,0.0,-2.0,5,384.784,-0.059,-206.105
1570.1,64.11,59.7,0.0,-1.7,5,383.513,-0.063,-208.329
1570.1,64.34,59.7,0.0,-1.5,5,381.614,-0.069,-211.681
1570.1,64.49,59.7,0.0,-1.0,5,380.352,-0.072,-213.927
1582.9,64.71,59.8,0.0,-1.3,5,378.463,-0.076,-217.312
1582.9,64.94,59.9,0.0,-1.6,5,376.577,-0.080,-220.713
1582.9,65.08,60.0,0.0,-1.8,5,375.321,-0.081,-222.989
1582.9,65.30,60.0,0.0,-1.6,5,373.440,-0.083,-226.418
1595.9,65.44,60.0,0.0,-1.4,5,372.188,-0.083,-228.713
1595.9,65.66,60.1,0.0,-1.2,5,370.314,-0.085,-232.171
1595.9,65.80,60.1,0.0,-1.1,5,369.067,-0.087,-234.485
1595.9,66.02,60.1,0.0,-1.1,5,367.199,-0.093,-237.970
1609.1,66.23,60.1,0.0,-1.1,5,365.335,-0.102,-241.472
1609.1,66.36,60.1,0.0,-1.2,5,364.094,-0.109,-243.816
1609.1,66.57,60.1,0.0,-1.5,5,362.235,-0.122,-247.344
1609.1,66.71,60.1,0.0,-1.5,5,360.998,-0.131,-249.705
1622.3,66.91,60.1,0.0,-1.5,5,359.146,-0.145,-253.259
1622.3,67.05,60.1,0.0,-1.5,5,357.914,-0.155,-255.638
1622.3,67.25,60.1,0.0,-1.4,5,356.071,-0.170,-259.220
1622.3,67.38,60.1,0.0,-1.4,5,354.845,-0.181,-261.617
1676.8,69.73,60.3,0.0,0.0,5,331.789,-0.434,-308.353
1690.7,69.91,60.2,0.0,-0.1,5,329.959,-0.455,-312.121
1690.7,70.03,60.3,0.0,-0.1,5,328.735,-0.472,-314.638
1690.7,70.20,60.1,0.0,-0.0,5,326.897,-0.498,-318.421
1690.7,70.31,60.1,0.0,-0.0,0,325.668,-0.515,-320.948
1704.7,70.22,89.6,0.0,-0.1,6,323.826,-0.539,-324.740
1704.7,70.33,83.1,0.0,0.0,6,322.598,-0.555,-327.268
1704.7,70.49,73.4,0.0,0.0,6,320.753,-0.578,-331.068
1704.7,70.61,66.9,0.0,-0.0,6,319.521,-0.594,-333.606
1718.8,70.77,59.2,0.0,-0.1,6,317.670,-0.618,-337.422
1718.8,70.88,59.2,0.0,-0.1,6,316.434,-0.635,-339.970
1718.8,71.04,59.3,0.0,-0.1,6,314.576,-0.659,-343.801
1718.8,71.20,59.4,0.0,-0.1,6,312.716,-0.684,-347.641
1733.0,71.31,59.4,0.0,-0.1,6,311.474,-0.700,-350.206
1733.0,71.47,59.5,0.0,-0.1,6,309.608,-0.725,-354.061
1733.0,71.57,59.5,0.0,-0.1,6,308.363,-0.743,-356.637
1733.0,71.73,59.5,0.0,-0.1,6,306.493,-0.769,-360.507
1747.3,71.84,59.5,0.0,-0.1,6,305.244,-0.788,-363.093
1747.3,72.00,59.6,0.0,-0.1,6,303.370,-0.818,-366.979
1747.3,72.10,59.6,0.0,-0.1,6,302.118,-0.838,-369.575
1747.3,72.26,59.7,0.0,-0.1,6,300.238,-0.869,-373.476
1761.7,72.36,59.7,0.0,-0.1,6,298.984,-0.890,-376.081
1761.7,72.51,59.7,0.0,-0.1,6,297.099,-0.924,-379.997
1761.7,72.61,59.8,0.0,-0.1,6,295.841,-0.947,-382.612
1761.7,72.76,59.8,0.0,-0.0,6,293.952,-0.980,-386.543
1776.2,72.91,59.9,0.0,-0.0,6,292.061,-1.013,-390.482
1776.2,73.01,59.9,0.0,-0.0,6,290.798,-1.034,-393.113
1776.2,73.17,59.9,0.0,0.1,6,288.900,-1.066,-397.066
1776.2,73.26,59.9,0.0,0.1,6,287.634,-1.089,-399.706
1790.8,73.41,60.0,0.0,0.0,6,285.730,-1.124,-403.673
1790.8,73.51,60.0,0.0,-0.0,6,284.459,-1.148,-406.322
1790.8,73.65,60.0,0.0,0.1,6,282.548,-1.178,-410.301
1790.8,73.74,60.1,0.0,0.1,6,281.272,-1.195,-412.958
1805.6,73.89,60.1,0.0,0.3,6,279.354,-1.223,-416.950
1805.6,73.99,60.1,0.0,0.3,6,278.072,-1.243,-419.615
1805.6,74.13,60.1,0.0,0.3,6,276.145,-1.271,-423.619
1805.6,74.22,60.2,0.0,0.2,6,274.858,-1.291,-426.292
1820.4,74.36,60.2,0.0,0.2,6,272.922,-1.320,-430.306
1820.4,74.50,60.2,0.0,0.3,6,270.980,-1.351,-434.327
1820.4,74.59,60.2,0.0,0.4,6,269.682,-1.372,-437.011
1820.4,74.73,60.2,0.0,0.5,6,267.729,-1.402,-441.042
1835.3,74.82,60.2,0.0,0.6,6,266.424,-1.422,-443.733
1835.3,74.95,60.2,0.0,0.4,6,264.461,-1.452,-447.774
1835.3,75.04,60.2,0.0,0.3,6,263.148,-1.471,-450.471
1835.3,75.17,60.2,0.0,0.4,6,261.171,-1.499,-454.520
1850.3,75.25,60.2,0.0,0.5,6,259.850,-1.516,-457.223
1850.3,75.39,60.3,0.0,0.6,6,257.861,-1.542,-461.280
1850.3,75.47,60.3,0.0,0.5,6,256.530,-1.560,-463.988
1850.3,75.60,60.3,0.0,0.4,6,254.528,-1.588,-468.054
1865.4,75.68,60.3,0.0,0.4,6,253.188,-1.606,-470.766
1865.4,75.81,60.3,0.0,0.4,6,251.172,-1.632,-474.839
1865.4,75.89,60.3,0.0,0.4,6,249.823,-1.651,-477.556
1865.4,76.01,60.3,0.0,0.4,6,247.793,-1.677,-481.636
1880.5,76.13,60.3,0.0,0.4,6,245.754,-1.701,-485.719
1880.5,76.21,60.3,0.0,0.4,6,244.391,-1.717,-488.444
1880.5,76.33,60.3,0.0,0.6,6,242.340,-1.741,-492.535
1880.5,76.41,60.3,0.0,0.5,6,240.969,-1.756,-495.265
1895.8,76.53,60.3,0.0,0.3,6,238.906,-1.779,-499.363
1895.8,76.61,60.3,0.0,0.2,6,237.527,-1.794,-502.097
1895.8,76.72,60.3,0.0,0.4,6,235.453,-1.818,-506.202
1895.8,76.79,60.3,0.0,0.6,6,234.066,-1.833,-508.941
1911.1,76.91,60.3,0.0,0.5,6,231.982,-1.857,-513.054
1911.1,76.98,60.3,0.0,0.3,6,230.589,-1.872,-515.799
1911.1,77.10,60.3,0.0,0.2,6,228.495,-1.897,-519.919
1911.1,77.17,60.3,0.0,0.2,6,227.094,-1.914,-522.668
1926.5,77.28,60.3,0.0,0.1,6,224.989,-1.940,-526.796
1926.5,77.35,60.3,0.0,0.1,6,223.582,-1.955,-529.549
1926.5,77.46,60.3,0.0,-0.0,6,221.467,-1.976,-533.684
1926.5,77.54,60.3,0.0,-0.1,6,220.055,-1.990,-536.444
1942.0,77.64,60.3,0.0,-0.2,6,217.934,-2.015,-540.587
1942.0,77.76,60.3,0.0,-0.3,6,215.810,-2.045,-544.737
1942.0,77.83,60.3,0.0,-0.4,6,214.393,-2.069,-547.507
1957.5,77.93,60.3,0.0,-0.4,6,212.268,-2.110,-551.669
1957.5,78.00,60.3,0.0,-0.4,6,210.852,-2.138,-554.447
1957.5,78.10,60.4,0.0,-0.5,6,208.730,-2.184,-558.621
1957.5,78.17,60.4,0.0,-0.5,6,207.316,-2.215,-561.408
1973.2,78.28,60.4,0.0,-0.5,6,205.198,-2.265,-565.596
1973.2,78.34,60.4,0.0,-0.5,6,203.788,-2.299,-568.393
1973.2,78.45,60.4,0.0,-0.6,6,201.676,-2.350,-572.595
1973.2,78.51,60.4,0.0,-0.7,6,200.270,-2.385,-575.401
1988.8,78.62,60.4,0.0,-0.6,6,198.164,-2.437,-579.618
1988.8,78.68,60.4,0.0,-0.5,6,196.762,-2.474,-582.434
1988.8,78.78,60.4,0.0,-0.3,6,194.663,-2.529,-586.665
1988.8,78.87,60.4,0.0,-0.2,6,192.568,-2.582,-590.905
2004.6,78.94,60.5,0.0,-0.2,6,191.173,-2.617,-593.736
2004.6,79.04,60.4,0.0,0.1,6,189.082,-2.675,-597.988
2004.6,79.11,60.5,0.0,0.3,6,187.688,-2.713,-600.827
2004.6,79.20,60.5,0.0,0.4,6,185.595,-2.769,-605.090
2020.4,79.27,60.5,0.0,0.5,6,184.197,-2.808,-607.934
2020.4,79.35,60.3,0.0,0.8,6,182.096,-2.863,-612.203
2020.4,79.34,0.0,0.0,1.0,0,180.692,-2.897,-615.050
2020.4,79.28,86.5,0.0,1.0,7,178.582,-2.950,-619.313
2036.3,79.35,80.0,0.0,1.0,7,177.169,-2.986,-622.153
2036.3,79.43,70.3,0.0,1.2,7,175.038,-3.033,-626.412
2036.3,79.49,63.8,0.0,1.4,7,173.609,-3.060,-629.251
2036.3,79.58,59.3,0.0,1.4,7,171.453,-3.099,-633.508
2052.1,79.63,59.3,0.0,1.3,7,170.007,-3.124,-636.345
2052.1,79.72,59.3,0.0,1.2,7,167.825,-3.159,-640.598
2052.1,79.81,59.3,0.0,1.0,7,165.628,-3.191,-644.849
2052.1,79.86,59.4,0.0,0.9,7,164.155,-3.209,-647.682
2068.1,79.94,59.4,0.0,0.8,7,161.933,-3.233,-651.930
2068.1,80.00,59.4,0.0,0.9,7,160.444,-3.246,-654.761
2068.1,80.08,59.4,0.0,0.9,7,158.201,-3.260,-659.007
2068.1,80.13,59.4,0.0,0.8,7,156.699,-3.267,-661.838
2084.1,80.21,59.5,0.0,0.6,7,154.437,-3.274,-666.083
2084.1,80.27,59.5,0.0,0.5,7,152.923,-3.276,-668.913
2084.1,80.35,59.5,0.0,2.2,7,150.642,-3.275,-673.157
2084.1,80.40,59.5,0.0,2.4,7,149.112,-3.272,-675.985
2100.1,80.47,59.6,0.0,2.0,7,146.801,-3.264,-680.221
2100.1,80.54,59.6,0.0,1.6,7,144.465,-3.252,-684.449
2100.1,80.59,59.6,0.0,1.5,7,142.893,-3.241,-687.262
2100.1,80.66,59.6,0.0,1.6,7,140.516,-3.221,-691.475
2116.1,80.73,59.6,0.0,0.8,7,138.117,-3.196,-695.680
2116.1,80.78,59.7,0.0,-0.2,7,136.506,-3.176,-698.480
2116.1,80.85,59.7,0.0,0.5,7,134.079,-3.143,-702.677
2116.1,80.90,59.7,0.0,1.1,7,132.454,-3.118,-705.474
2132.2,80.96,59.8,0.0,1.6,7,130.009,-3.077,-709.669
2132.2,81.01,59.7,0.0,1.1,7,128.371,-3.047,-712.464
2132.2,81.07,59.8,0.0,1.1,7,125.901,-2.996,-716.652
2132.2,81.12,59.8,0.0,1.5,7,124.245,-2.958,-719.441
2148.4,81.18,59.8,0.0,2.0,7,121.749,-2.897,-723.621
2148.4,81.22,44.9,17.4,2.5,7,119.234,-2.830,-727.793
2148.4,80.91,6.6,49.4,1.4,7,117.548,-2.781,-730.565
2164.6,79.89,0.0,79.1,1.3,7,115.022,-2.701,-734.679
2164.6,79.05,0.0,84.7,1.2,7,113.347,-2.643,-737.383
2164.6,77.70,0.0,85.8,1.2,7,110.855,-2.553,-741.373
2164.6,76.81,0.0,86.5,1.1,7,109.207,-2.491,-743.989
2180.1,75.46,0.0,86.1,1.4,7,106.756,-2.397,-747.846
2180.1,74.57,0.0,86.0,1.4,7,105.137,-2.335,-750.373
2180.1,73.25,0.0,87.0,2.1,7,102.728,-2.242,-754.099
2180.1,72.37,0.0,87.2,2.2,7,101.136,-2.182,-756.539
2194.7,71.10,24.5,91.2,2.6,0,98.765,-2.096,-760.132
2194.7,70.14,0.0,86.9,1.3,6,97.198,-2.047,-762.483
2194.7,68.80,0.0,84.1,0.7,6,94.857,-1.970,-765.934
2194.7,67.95,0.0,85.6,1.4,6,93.303,-1.916,-768.186
2208.4,66.64,0.0,85.3,2.5,6,90.985,-1.839,-771.495
2208.4,65.33,0.0,85.0,1.6,6,88.686,-1.763,-774.720
2208.4,64.49,0.0,85.8,2.3,6,87.163,-1.711,-776.824
2208.4,63.20,0.0,85.2,2.4,6,84.895,-1.636,-779.914
2221.3,62.36,0.0,85.2,1.8,6,83.394,-1.587,-781.929
2221.3,61.11,24.2,86.1,2.1,0,81.161,-1.518,-784.886
2221.3,60.26,0.0,85.7,2.2,5,79.684,-1.474,-786.814
2221.3,58.99,0.0,85.1,3.4,5,77.484,-1.411,-789.638
2233.3,58.15,0.0,84.4,4.0,5,76.029,-1.370,-791.475
2233.3,56.91,0.0,85.1,4.9,5,73.861,-1.311,-794.164
2233.3,56.07,0.0,84.5,4.9,5,72.424,-1.275,-795.910
2233.3,54.84,0.0,77.1,4.5,5,70.280,-1.221,-798.457
2244.4,54.08,0.0,71.3,4.0,5,68.856,-1.185,-800.106
2244.4,53.08,0.0,42.6,3.7,5,66.722,-1.133,-802.511
2244.4,52.42,0.0,25.3,3.9,5,64.577,-1.081,-804.838
2244.4,52.10,0.0,20.3,5.6,5,63.134,-1.047,-806.350
2254.8,51.68,0.0,16.9,8.7,5,60.947,-0.995,-808.565
2254.8,51.43,0.0,14.9,10.6,5,59.473,-0.961,-810.008
2254.8,51.09,29.8,14.0,11.9,0,57.240,-0.908,-812.122
2254.8,50.86,0.0,13.7,13.3,4,55.735,-0.872,-813.499
2264.9,50.51,0.0,11.3,14.2,4,53.454,-0.819,-815.511
2264.9,50.29,0.0,10.3,15.0,4,51.917,-0.785,-816.816
2264.9,49.97,0.0,7.5,15.1,4,49.586,-0.733,-818.716
2264.9,49.77,0.0,6.5,15.3,4,48.013,-0.699,-819.944
2274.9,49.49,0.0,3.3,15.7,4,45.626,-0.648,-821.724
2274.9,49.33,0.0,1.3,16.4,4,44.015,-0.614,-822.870
2274.9,49.11,2.5,0.2,17.4,4,41.572,-0.565,-824.528
2274.9,48.98,5.2,0.0,18.0,4,39.924,-0.532,-825.592
2284.9,48.79,5.4,0.0,18.9,4,37.423,-0.483,-827.125
2284.9,48.67,6.2,0.0,19.4,4,35.738,-0.450,-828.104
2284.9,48.48,3.3,0.0,20.3,4,33.184,-0.400,-829.509
2284.9,48.28,1.5,1.3,21.1,4,30.602,-0.351,-830.836
2294.9,48.14,2.7,0.2,21.5,4,28.867,-0.319,-831.677
2294.9,47.95,6.0,0.0,21.2,4,26.244,-0.270,-832.873
2294.9,47.83,6.9,0.0,20.8,4,24.483,-0.238,-833.625
2294.9,47.65,6.8,0.0,20.0,4,21.821,-0.188,-834.683
2333.9,45.26,12.2,0.4,13.9,4,-12.691,0.394,-841.146
2343.5,45.30,62.6,0.0,14.3,4,-15.406,0.430,-841.138
2343.5,45.45,33.6,22.5,14.9,4,-18.128,0.465,-841.065
2343.5,45.21,0.0,25.9,15.9,4,-19.941,0.486,-840.981
2343.5,44.67,0.0,15.9,15.6,4,-22.633,0.515,-840.806
2353.1,44.46,9.6,0.8,14.0,4,-24.409,0.533,-840.656
2353.1,44.55,85.3,0.0,12.9,4,-27.061,0.557,-840.376
2353.1,44.76,91.1,0.0,13.4,4,-28.833,0.572,-840.154
2353.1,45.07,91.1,0.0,15.3,4,-31.499,0.591,-839.766
2392.1,48.99,91.2,0.0,22.9,4,-66.985,0.729,-827.773
2402.0,49.18,91.2,0.0,23.6,4,-68.703,0.727,-826.823
2402.0,49.46,91.2,0.0,24.3,4,-71.262,0.722,-825.338
2402.0,49.64,91.2,0.0,24.9,4,-72.953,0.717,-824.306
2402.0,49.91,91.2,0.0,25.7,4,-75.468,0.709,-822.696
2412.0,50.09,91.2,0.0,25.9,4,-77.128,0.702,-821.581
2412.0,50.37,91.2,0.0,26.0,4,-79.592,0.691,-819.847
2412.0,50.53,91.2,0.0,26.1,4,-81.217,0.682,-818.651
2412.0,50.80,90.6,0.0,26.2,4,-83.624,0.667,-816.795
2422.0,51.06,90.2,0.0,27.2,4,-85.994,0.650,-814.867
2422.0,51.23,91.1,0.0,28.0,4,-87.553,0.638,-813.542
2422.0,51.49,91.2,0.0,28.5,4,-89.857,0.617,-811.497
2422.0,51.63,52.2,0.0,29.1,4,-91.371,0.602,-810.096
2432.0,51.50,9.3,0.0,30.7,4,-93.596,0.576,-807.944
2432.0,51.38,9.2,0.0,32.1,4,-95.042,0.558,-806.481
2432.0,51.19,9.2,0.0,33.2,4,-97.154,0.532,-804.243
2432.0,51.07,9.1,0.0,33.3,4,-98.524,0.515,-802.724
2472.1,53.84,58.8,0.0,-13.1,4,-119.735,-0.108,-769.359
2472.1,54.18,59.0,0.0,-5.3,4,-121.083,-0.195,-766.414
2482.9,54.41,59.1,0.0,-0.3,4,-121.988,-0.256,-764.441
2482.9,54.73,59.3,0.0,1.6,4,-123.369,-0.348,-761.475
2482.9,54.97,59.3,0.0,-0.9,4,-124.306,-0.409,-759.492
2482.9,55.31,59.4,0.0,-3.6,4,-125.728,-0.510,-756.508
2494.1,55.63,59.6,0.0,-5.3,4,-127.174,-0.614,-753.514
2494.1,55.84,59.6,0.0,-4.0,4,-128.154,-0.683,-751.513
2494.1,56.17,59.7,0.0,-3.7,4,-129.652,-0.785,-748.508
2494.1,56.38,59.8,0.0,-4.0,4,-130.669,-0.854,-746.501
2505.5,56.70,59.9,0.0,-4.2,4,-132.225,-0.960,-743.489
2505.5,56.92,60.0,0.0,-5.0,4,-133.282,-1.030,-741.479
2505.5,57.23,60.0,0.0,-4.2,4,-134.897,-1.132,-738.463
2505.5,57.46,60.0,0.0,-4.6,4,-135.993,-1.202,-736.450
2517.2,57.77,60.0,0.0,-4.1,4,-137.664,-1.314,-733.427
2517.2,57.99,60.0,0.0,-3.4,4,-138.796,-1.395,-731.410
2517.2,58.28,60.0,0.0,-3.1,4,-140.521,-1.524,-728.383
2517.2,58.49,60.0,0.0,-2.5,4,-141.689,-1.614,-726.363
2529.0,58.78,60.0,0.0,-3.5,4,-143.467,-1.756,-723.331
2529.0,58.98,60.0,0.0,-3.0,4,-144.669,-1.854,-721.309
2529.0,59.28,60.0,0.0,-3.2,4,-146.499,-2.004,-718.273
2529.0,59.47,60.0,0.0,-2.8,4,-147.736,-2.103,-716.249
2540.9,59.76,60.1,0.0,-2.3,4,-149.617,-2.253,-713.212
2540.9,60.04,60.1,0.0,-3.8,4,-151.526,-2.405,-710.171
2540.9,60.23,60.1,0.0,-4.1,4,-152.814,-2.506,-708.142
2553.0,60.51,60.1,0.0,-3.6,4,-154.774,-2.653,-705.100
2553.0,60.69,60.1,0.0,-3.2,4,-156.098,-2.747,-703.073
2553.0,60.96,59.8,0.0,-3.0,0,-158.113,-2.885,-700.033
2553.0,60.92,0.0,0.0,-2.7,0,-159.470,-2.976,-698.010
2565.3,61.11,82.9,0.0,-2.2,5,-161.525,-3.108,-694.986
2565.3,61.28,76.4,0.0,-2.2,5,-162.910,-3.194,-692.970
2565.3,61.54,66.6,0.0,-2.4,5,-165.011,-3.318,-689.946
2565.3,61.71,60.2,0.0,-2.4,5,-166.426,-3.395,-687.929
2577.7,61.97,59.0,0.0,-2.3,5,-168.569,-3.502,-684.902
2577.7,62.14,59.0,0.0,-2.2,5,-170.011,-3.568,-682.884
2577.7,62.39,59.1,0.0,-1.7,5,-172.195,-3.659,-679.854
2577.7,62.64,59.2,0.0,-0.4,5,-174.402,-3.738,-676.823
2590.3,62.80,59.3,0.0,-0.1,5,-175.885,-3.782,-674.801
2590.3,63.04,59.4,0.0,-0.3,5,-178.123,-3.835,-671.761
2590.3,63.21,59.4,0.0,-0.5,5,-179.622,-3.865,-669.730
2590.3,63.45,59.5,0.0,-0.7,5,-181.882,-3.901,-666.677
2603.0,63.61,59.6,0.0,-0.6,5,-183.396,-3.921,-664.636
2603.0,63.84,59.6,0.0,-0.7,5,-185.677,-3.947,-661.568
2603.0,64.00,59.6,0.0,-0.7,5,-187.205,-3.964,-659.519
2603.0,64.23,59.7,0.0,-0.8,5,-189.508,-3.986,-656.438
2615.8,64.39,59.7,0.0,-0.8,5,-191.051,-4.000,-654.380
2615.8,64.61,59.8,0.0,-0.8,5,-193.377,-4.017,-651.287
2615.8,64.76,59.9,0.0,-0.9,5,-194.935,-4.027,-649.222
2615.8,64.99,59.9,0.0,-1.0,5,-197.283,-4.037,-646.118
2628.8,65.13,59.9,0.0,-1.1,5,-198.857,-4.042,-644.046
2628.8,65.35,60.0,0.0,-1.0,5,-201.228,-4.046,-640.932
2628.8,65.49,60.0,0.0,-0.9,5,-202.816,-4.046,-638.853
2628.8,65.71,60.1,0.0,-0.8,5,-205.212,-4.043,-635.730
2641.8,65.92,60.1,0.0,-0.8,5,-207.621,-4.033,-632.602
2641.8,66.06,60.1,0.0,-0.9,5,-209.236,-4.022,-630.514
2641.8,66.26,60.1,0.0,-1.1,5,-211.670,-4.001,-627.379
2641.8,66.40,60.1,0.0,-1.3,5,-213.301,-3.986,-625.286
2655.0,66.60,60.1,0.0,-1.7,5,-215.760,-3.962,-622.145
2655.0,66.74,60.1,0.0,-1.9,5,-217.409,-3.947,-620.050
2655.0,66.94,60.1,0.0,-2.0,5,-219.899,-3.925,-616.906
2655.0,67.07,60.1,0.0,-2.4,5,-221.570,-3.911,-614.811
2668.3,67.26,60.1,0.0,-1.6,5,-224.094,-3.893,-611.670
2668.3,67.40,60.1,0.0,-1.8,5,-225.789,-3.885,-609.577
2668.3,67.59,60.1,0.0,-1.9,5,-228.348,-3.879,-606.439
2668.3,67.72,60.1,0.0,-1.7,5,-230.065,-3.879,-604.348
2681.8,67.68,18.3,47.7,-1.4,5,-232.656,-3.882,-601.214
2681.8,67.14,0.0,64.9,-1.1,5,-234.382,-3.889,-599.140
2681.8,66.08,0.0,79.7,-0.8,5,-236.949,-3.902,-596.073
2681.8,64.86,0.0,83.4,-0.5,5,-239.481,-3.921,-593.066
2695.1,64.04,0.0,84.9,-0.6,5,-241.148,-3.936,-591.096
2695.1,62.78,0.0,84.8,-0.2,5,-243.615,-3.963,-588.197
2695.1,61.95,0.0,85.0,-0.1,5,-245.237,-3.983,-586.300
2695.1,60.70,0.0,85.3,-0.3,5,-247.635,-4.017,-583.506
2707.7,59.86,0.0,85.0,-0.4,5,-249.210,-4.042,-581.679
2707.7,58.62,0.0,84.8,-0.4,5,-251.537,-4.081,-578.989
2707.7,57.80,0.0,85.0,-0.3,5,-253.065,-4.107,-577.229
2707.7,56.57,0.0,85.1,-0.1,5,-255.319,-4.148,-574.640
2719.3,55.75,0.0,85.1,-0.0,5,-256.798,-4.175,-572.948
2719.3,54.52,0.0,85.1,-0.1,5,-258.980,-4.215,-570.458
2719.3,53.71,0.0,85.2,-0.4,5,-260.409,-4.242,-568.830
2719.3,52.50,29.1,85.3,-0.8,0,-262.518,-4.282,-566.438
2730.2,51.71,0.0,86.4,-1.1,4,-263.899,-4.309,-564.875
2730.2,50.49,0.0,85.6,-1.6,4,-265.936,-4.350,-562.580
2730.2,49.28,0.0,85.5,-2.2,4,-267.930,-4.390,-560.346
2730.2,48.46,0.0,84.8,-2.6,4,-269.237,-4.417,-558.890
2740.2,47.27,0.0,84.9,-2.8,4,-271.166,-4.455,-556.759
2740.2,46.47,0.0,84.7,-3.1,4,-272.430,-4.479,-555.373
2740.2,45.28,0.0,85.4,-3.2,4,-274.298,-4.514,-553.348
2740.2,44.49,30.7,85.2,-3.2,0,-275.524,-4.537,-552.034
2749.4,43.31,0.0,86.4,-3.9,3,-277.335,-4.569,-550.118
2749.4,42.52,0.0,86.1,-4.1,3,-278.524,-4.591,-548.878
2749.4,41.33,0.0,86.0,-4.1,3,-280.280,-4.623,-547.074
2749.4,40.53,0.0,85.5,-4.2,3,-281.434,-4.644,-545.910
2757.8,39.36,0.0,84.3,-3.9,3,-283.141,-4.672,-544.224
2757.8,38.59,0.0,79.6,-3.8,3,-284.262,-4.690,-543.139
2757.8,37.52,0.0,72.9,-3.6,3,-285.923,-4.716,-541.570
2757.8,36.83,0.0,70.3,-2.8,0,-287.017,-4.733,-540.562
2765.4,35.91,0.0,70.2,-2.9,2,-288.644,-4.758,-539.105
2765.4,34.91,0.0,68.3,-4.3,2,-290.253,-4.782,-537.715
2765.4,34.27,0.0,69.5,-5.2,2,-291.314,-4.797,-536.825
2772.4,33.29,0.0,70.5,-6.3,2,-292.889,-4.819,-535.545
2772.4,32.64,0.0,70.4,-6.9,2,-293.926,-4.833,-534.730
2772.4,31.66,0.0,62.9,-7.1,2,-295.462,-4.853,-533.560
2772.4,31.06,0.0,55.5,-8.0,2,-296.474,-4.866,-532.816
2778.6,30.26,0.0,47.8,-2.8,2,-297.977,-4.883,-531.755
2778.6,29.78,0.0,46.0,-5.0,2,-298.972,-4.895,-531.080
2778.6,29.10,0.0,45.2,-15.1,2,-300.454,-4.910,-530.118
2778.6,28.65,0.0,45.8,-13.4,2,-301.437,-4.919,-529.509
2784.2,27.98,0.0,49.6,-11.2,2,-302.899,-4.932,-528.642
2784.2,27.51,0.0,46.8,-11.3,2,-303.864,-4.940,-528.092
2784.2,26.85,0.0,39.6,-12.5,2,-305.293,-4.951,-527.305
2784.2,26.47,0.0,34.9,-13.7,2,-306.236,-4.958,-526.805
2789.6,25.96,0.0,32.4,-16.2,2,-307.639,-4.967,-526.092
2789.6,25.51,41.5,24.3,-19.4,0,-309.030,-4.974,-525.422
2789.6,25.25,0.0,18.8,-21.4,1,-309.954,-4.978,-524.999
2789.6,24.93,0.0,16.3,-24.4,1,-311.336,-4.982,-524.403
2795.3,24.72,0.0,14.9,-29.8,1,-312.257,-4.984,-524.030
2813.0,23.39,3.7,0.0,-24.1,1,-330.099,-4.938,-521.615
2818.3,23.25,9.1,0.0,-33.1,1,-331.482,-4.930,-521.826
2818.3,23.19,20.9,0.0,-42.2,1,-332.394,-4.924,-522.001
2818.3,23.22,25.2,0.0,-49.9,1,-333.750,-4.916,-522.318
2818.3,23.25,24.1,0.0,-55.1,1,-334.646,-4.909,-522.564
2823.2,23.30,26.1,0.0,-62.2,1,-335.978,-4.898,-522.982
2823.2,23.34,27.2,0.0,-64.8,1,-336.858,-4.889,-523.290
2823.2,23.48,41.4,0.0,-63.9,1,-338.169,-4.874,-523.793
2823.2,23.59,40.1,0.0,-60.3,1,-339.036,-4.863,-524.158
2828.0,23.88,70.0,0.0,-51.2,1,-340.328,-4.845,-524.751
2828.0,24.31,57.5,0.0,-41.8,1,-341.618,-4.826,-525.402
2828.0,24.55,56.5,0.0,-34.4,1,-342.475,-4.812,-525.870
2828.0,24.88,51.9,0.0,-21.5,1,-343.753,-4.791,-526.621
2832.9,25.15,60.1,0.0,-13.3,1,-344.599,-4.777,-527.153
2832.9,25.66,75.5,0.0,-3.7,1,-345.868,-4.755,-527.994
2832.9,26.07,85.8,0.0,1.9,1,-346.718,-4.740,-528.582
2832.9,26.77,91.0,0.0,7.5,1,-348.009,-4.719,-529.499
2838.1,27.25,91.1,0.0,8.3,1,-348.886,-4.704,-530.129
2838.1,27.99,89.4,0.0,10.4,1,-350.229,-4.682,-531.098
2838.1,28.43,77.0,0.0,12.2,1,-351.146,-4.667,-531.754
2838.1,28.89,56.4,0.0,15.5,1,-352.554,-4.644,-532.741
2843.7,29.12,49.0,0.0,14.9,1,-353.513,-4.628,-533.393
2843.7,29.44,51.0,0.0,16.2,1,-354.979,-4.607,-534.359
2843.7,29.65,51.8,0.0,19.9,1,-355.975,-4.593,-534.994
2843.7,29.97,51.4,0.0,24.9,1,-357.500,-4.574,-535.927
2849.6,30.26,49.0,0.0,28.4,1,-359.065,-4.556,-536.830
2849.6,30.41,37.7,0.0,29.9,1,-360.129,-4.546,-537.412
2849.6,30.48,18.6,0.0,31.3,1,-361.754,-4.531,-538.247
2849.6,30.45,17.3,0.0,31.4,1,-362.853,-4.523,-538.774
2855.8,30.45,16.2,0.0,29.9,1,-364.522,-4.512,-539.517
2855.8,30.41,8.5,0.0,30.5,1,-365.648,-4.506,-539.980
2855.8,30.31,11.8,0.0,32.3,1,-367.352,-4.498,-540.623
2855.8,30.24,10.2,0.0,33.2,1,-368.498,-4.493,-541.016
2862.2,30.14,5.6,0.0,33.3,1,-370.228,-4.488,-541.553
2862.2,30.06,11.9,0.0,35.1,1,-371.388,-4.487,-541.877
2862.2,30.14,51.6,0.0,36.7,1,-373.139,-4.487,-542.310
2862.2,30.28,42.5,0.0,34.0,1,-374.320,-4.488,-542.565
2868.8,30.46,77.5,0.0,29.7,0,-376.112,-4.490,-542.897
2868.8,30.48,0.0,0.0,24.9,0,-377.317,-4.490,-543.083
2868.8,30.61,91.0,0.0,19.2,2,-379.134,-4.491,-543.305
2876.6,30.93,37.1,0.0,4.3,2,-380.974,-4.491,-543.467
2876.6,30.99,36.8,0.0,-0.4,2,-382.210,-4.488,-543.540
2876.6,31.07,12.7,0.0,-7.6,2,-384.070,-4.494,-543.608
2876.6,31.05,9.8,0.0,-16.6,2,-385.313,-4.499,-543.620
2883.7,30.98,9.8,0.0,-24.6,2,-387.174,-4.513,-543.592
2883.7,30.87,9.8,0.0,-28.3,2,-388.410,-4.518,-543.532
2883.7,30.75,9.8,0.0,-28.4,2,-390.252,-4.520,-543.385
2883.7,30.74,35.7,0.0,-15.1,2,-391.474,-4.522,-543.254
2891.5,31.13,90.5,0.0,9.3,2,-393.309,-4.523,-543.000
2891.5,31.49,91.0,0.0,24.1,2,-394.544,-4.525,-542.797
2891.5,32.00,91.0,0.0,39.0,2,-396.417,-4.526,-542.452
2891.5,32.33,91.0,0.0,43.8,2,-397.677,-4.526,-542.194
2898.2,32.79,91.0,0.0,44.7,2,-399.581,-4.527,-541.760
2898.2,33.00,45.5,0.0,42.0,2,-400.856,-4.528,-541.436
2898.2,33.22,69.4,0.0,37.0,2,-402.767,-4.533,-540.896
2898.2,33.44,40.6,0.0,31.0,2,-404.673,-4.542,-540.289
2904.9,33.52,38.8,0.0,27.1,2,-405.937,-4.550,-539.846
2904.9,33.56,28.3,0.0,21.8,2,-407.816,-4.565,-539.126
2904.9,33.54,19.7,0.0,18.3,2,-409.054,-4.576,-538.608
2904.9,33.49,18.1,0.0,13.5,2,-410.886,-4.597,-537.779
2911.2,33.44,17.2,0.0,10.8,2,-412.089,-4.612,-537.191
2911.2,33.38,18.0,0.0,8.1,2,-413.863,-4.638,-536.259
2911.2,33.35,23.5,0.0,6.8,2,-415.025,-4.656,-535.603
2911.2,33.39,43.7,0.0,7.4,2,-416.738,-4.683,-534.569
2917.6,33.56,66.4,0.0,8.8,2,-417.862,-4.702,-533.843
2917.6,33.94,81.3,0.0,10.7,2,-419.531,-4.730,-532.699
2917.6,34.26,88.3,0.0,14.3,2,-420.635,-4.749,-531.900
2917.6,34.78,91.1,0.0,17.0,2,-422.282,-4.777,-530.646
2924.2,35.14,91.1,0.0,16.8,2,-423.374,-4.796,-529.774
2924.2,35.66,91.1,0.0,18.2,2,-425.002,-4.823,-528.412
2924.2,36.19,91.1,0.0,15.9,2,-426.617,-4.848,-526.986
2924.2,36.55,91.1,0.0,14.7,2,-427.686,-4.864,-526.000
2931.1,37.05,91.1,0.0,11.7,2,-429.279,-4.886,-524.473
2931.1,37.42,91.1,0.0,8.7,2,-430.334,-4.902,-523.423
2931.1,37.94,91.2,0.0,8.1,2,-431.907,-4.923,-521.801
2931.1,38.29,91.2,0.0,7.4,2,-432.950,-4.936,-520.689
2938.6,38.82,91.2,0.0,7.0,2,-434.507,-4.956,-518.979
2938.6,39.17,91.2,0.0,7.1,2,-435.542,-4.969,-517.814
2938.6,39.68,91.2,0.0,8.7,2,-437.092,-4.988,-516.029
2938.6,40.01,91.3,0.0,10.4,2,-438.123,-5.000,-514.814
2946.3,40.49,91.3,0.0,12.2,2,-439.663,-5.018,-512.955
2946.3,40.80,91.3,0.0,13.0,2,-440.683,-5.026,-511.689
2946.3,41.24,91.4,0.0,12.4,2,-442.201,-5.041,-509.753
2946.3,41.55,0.0,0.0,11.4,0,-443.698,-5.058,-507.769
2954.3,41.51,91.1,0.0,10.9,3,-444.673,-5.067,-506.424
2954.3,41.84,76.0,0.0,9.4,3,-446.102,-5.078,-504.374
2954.3,42.05,80.5,0.0,8.0,3,-447.035,-5.083,-502.980
2954.3,42.32,69.2,0.0,7.3,3,-448.405,-5.089,-500.852
2962.5,42.47,48.3,0.0,7.1,3,-449.299,-5.095,-499.411
2962.5,42.75,85.1,0.0,6.0,3,-450.604,-5.103,-497.213
2962.5,42.97,91.2,0.0,6.4,3,-451.451,-5.108,-495.722
2962.5,43.42,89.5,0.0,7.5,3,-452.688,-5.111,-493.444
2970.7,43.60,85.5,0.0,9.5,3,-453.490,-5.112,-491.900
2970.7,43.67,77.4,0.0,9.4,3,-454.656,-5.116,-489.556
2970.7,43.95,55.9,0.0,2.7,3,-455.413,-5.124,-487.976
2970.7,44.16,54.6,0.0,2.5,3,-456.512,-5.136,-485.572
2979.3,44.34,88.8,0.0,4.6,3,-457.215,-5.145,-483.949
2979.3,44.73,91.2,0.0,9.8,3,-458.227,-5.159,-481.476
2979.3,45.01,91.2,0.0,13.2,3,-458.876,-5.169,-479.804
2979.3,45.40,91.2,0.0,17.1,3,-459.813,-5.187,-477.259
2987.9,45.78,91.2,0.0,18.6,3,-460.707,-5.209,-474.675
2987.9,46.04,91.2,0.0,18.0,3,-461.278,-5.227,-472.930
2987.9,46.42,91.2,0.0,15.9,3,-462.093,-5.255,-470.279
2987.9,46.66,91.2,0.0,14.7,3,-462.606,-5.275,-468.490
2996.8,47.03,91.3,0.0,13.1,3,-463.328,-5.308,-465.775
2996.8,47.27,91.3,0.0,12.5,3,-463.778,-5.331,-463.944
2996.8,47.64,91.3,0.0,12.6,3,-464.402,-5.368,-461.167
2996.8,47.87,91.3,0.0,13.1,3,-464.784,-5.394,-459.296
3006.1,48.23,91.3,0.0,13.7,3,-465.306,-5.435,-456.461
3006.1,48.46,91.3,0.0,13.9,3,-465.618,-5.463,-454.553
3006.1,48.82,91.3,0.0,14.2,3,-466.032,-5.504,-451.665
3015.6,49.16,91.3,0.0,14.8,3,-466.381,-5.544,-448.748
3015.6,49.39,91.4,0.0,15.4,3,-466.578,-5.571,-446.787
3015.6,49.73,91.4,0.0,14.8,3,-466.819,-5.610,-443.825
3015.6,49.95,91.4,0.0,15.5,3,-466.945,-5.636,-441.835
3025.4,50.29,91.4,0.0,16.1,3,-467.080,-5.676,-438.832
3025.4,50.51,91.4,0.0,16.3,3,-467.134,-5.703,-436.818
3025.4,50.82,91.4,0.0,16.7,3,-467.157,-5.742,-433.779
3025.4,51.03,91.5,0.0,16.3,0,-467.135,-5.769,-431.743
3035.5,50.97,91.2,0.0,15.2,4,-467.038,-5.807,-428.684
3035.5,51.16,91.2,0.0,13.9,4,-466.931,-5.831,-426.645
3035.5,51.46,91.2,0.0,12.2,4,-466.707,-5.864,-423.576
3035.5,51.65,91.2,0.0,11.1,4,-466.514,-5.885,-421.523
3046.2,51.95,91.2,0.0,10.6,4,-466.162,-5.913,-418.436
3046.2,52.25,91.2,0.0,11.6,4,-465.734,-5.937,-415.341
3046.2,52.44,91.3,0.0,12.9,4,-465.408,-5.951,-413.273
3046.2,52.74,91.3,0.0,13.8,4,-464.862,-5.970,-410.166
3057.6,52.94,86.8,0.0,14.1,4,-464.459,-5.982,-408.092
3057.6,53.23,77.1,0.0,13.9,4,-463.801,-6.002,-404.977
3057.6,53.39,70.6,0.0,14.4,4,-463.329,-6.020,-402.898
3057.6,53.63,61.3,0.0,12.4,4,-462.576,-6.062,-399.781
3068.9,53.77,36.4,0.0,12.4,4,-462.033,-6.091,-397.702
3068.9,53.81,35.5,0.0,15.0,4,-461.144,-6.125,-394.600
3068.9,53.95,57.6,0.0,16.0,4,-460.506,-6.143,-392.542
3068.9,54.23,59.1,0.0,16.0,4,-459.486,-6.164,-389.462
3080.0,54.42,59.2,0.0,15.0,4,-458.767,-6.177,-387.412
3080.0,54.71,59.3,0.0,12.9,4,-457.630,-6.196,-384.343
3080.0,54.91,59.4,0.0,11.7,4,-456.833,-6.209,-382.301
3080.0,55.19,59.5,0.0,10.4,4,-455.581,-6.227,-379.245
3090.9,55.48,59.6,0.0,9.5,4,-454.261,-6.241,-376.200
3090.9,55.67,59.6,0.0,9.3,4,-453.344,-6.249,-374.175
3090.9,55.96,59.8,0.0,9.3,4,-451.920,-6.258,-371.144
3090.9,56.16,59.8,0.0,9.1,4,-450.940,-6.265,-369.128
3101.9,56.45,59.8,0.0,8.7,4,-449.424,-6.278,-366.109
3101.9,56.65,59.9,0.0,8.4,4,-448.384,-6.288,-364.101
3101.9,56.94,59.9,0.0,8.3,4,-446.777,-6.301,-361.097
3101.9,57.12,60.0,0.0,8.4,4,-445.675,-6.310,-359.099
3113.1,57.41,60.0,0.0,8.5,4,-443.980,-6.323,-356.112
3113.1,57.59,60.0,0.0,8.3,4,-442.819,-6.332,-354.127
3113.1,57.86,60.0,0.0,8.1,4,-441.033,-6.342,-351.160
3113.1,58.04,60.0,0.0,8.4,4,-439.813,-6.347,-349.189
3124.5,58.31,60.0,0.0,8.1,4,-437.939,-6.356,-346.245
3124.5,58.50,60.0,0.0,7.7,4,-436.660,-6.361,-344.290
3124.5,58.77,60.0,0.0,7.0,4,-434.700,-6.369,-341.370
3124.5,59.02,60.0,0.0,5.7,4,-432.687,-6.374,-338.467
3136.2,59.20,60.0,0.0,5.2,4,-431.319,-6.375,-336.539
3136.2,59.47,60.0,0.0,3.5,4,-429.228,-6.377,-333.659
3136.2,59.64,60.1,0.0,3.1,4,-427.809,-6.374,-331.746
3136.2,59.88,60.1,0.0,2.9,4,-425.649,-6.366,-328.885
3148.1,60.07,60.1,0.0,2.5,4,-424.191,-6.360,-326.980
3148.1,60.38,60.1,0.0,1.6,4,-421.981,-6.351,-324.122
3148.1,60.54,60.0,0.0,1.1,4,-420.493,-6.342,-322.216
3148.1,60.58,0.0,0.0,-0.0,0,-418.246,-6.327,-319.358
3160.2,60.66,86.1,0.0,-0.5,5,-416.743,-6.318,-317.456
3160.2,60.91,76.3,0.0,-0.7,5,-414.479,-6.305,-314.597
3160.2,61.07,69.8,0.0,-0.8,5,-412.965,-6.296,-312.685
3160.2,61.32,60.0,0.0,-1.0,5,-410.689,-6.281,-309.805
3172.5,61.56,58.8,0.0,-1.2,5,-408.410,-6.266,-306.908
3172.5,61.72,58.8,0.0,-1.2,5,-406.889,-6.256,-304.967
3172.5,61.96,58.9,0.0,-1.2,5,-404.608,-6.240,-302.041
3172.5,62.12,59.0,0.0,-1.1,5,-403.087,-6.228,-300.081
3184.8,62.36,59.1,0.0,-0.9,5,-400.806,-6.209,-297.125
3184.8,62.51,59.1,0.0,-0.9,5,-399.285,-6.196,-295.144
3184.8,62.75,59.2,0.0,-0.9,5,-397.003,-6.177,-292.159
3184.8,62.90,59.3,0.0,-0.9,5,-395.481,-6.164,-290.160
3197.3,63.14,59.3,0.0,-0.8,5,-393.196,-6.143,-287.148
3197.3,63.29,59.4,0.0,-0.8,5,-391.672,-6.129,-285.131
3197.3,63.52,59.5,0.0,-0.7,5,-389.385,-6.109,-282.092
3197.3,63.67,59.5,0.0,-0.6,5,-387.858,-6.096,-280.057
3210.0,63.90,59.6,0.0,-0.4,5,-385.566,-6.075,-276.993
3210.0,64.04,59.7,0.0,-0.5,5,-384.036,-6.059,-274.943
3210.0,64.27,59.7,0.0,-0.4,5,-381.737,-6.032,-271.856
3210.0,64.42,59.7,0.0,-0.4,5,-380.202,-6.014,-269.790
3222.8,64.64,59.8,0.0,-0.2,5,-377.896,-5.987,-266.681
3222.8,64.86,59.8,0.0,-0.2,5,-375.585,-5.960,-263.559
3222.8,65.00,59.9,0.0,-0.2,5,-374.041,-5.942,-261.471
3235.8,65.21,60.0,0.0,-0.1,5,-371.720,-5.914,-258.329
3235.8,65.35,60.0,0.0,-0.1,5,-370.170,-5.893,-256.228
3235.8,65.57,60.1,0.0,0.1,5,-367.839,-5.859,-253.067
3235.8,65.71,60.1,0.0,0.3,5,-366.281,-5.836,-250.954
3248.9,65.92,60.1,0.0,0.5,5,-363.938,-5.800,-247.776
3248.9,66.05,60.1,0.0,0.6,5,-362.371,-5.774,-245.653
3248.9,66.26,60.1,0.0,0.5,5,-360.012,-5.735,-242.462
3248.9,66.39,60.1,0.0,0.5,5,-358.433,-5.706,-240.330
3262.2,66.59,60.1,0.0,0.6,5,-356.057,-5.662,-237.127
3262.2,66.73,60.1,0.0,0.5,5,-354.466,-5.633,-234.987
3262.2,66.92,60.1,0.0,0.3,5,-352.071,-5.589,-231.773
3262.2,67.12,60.1,0.0,0.2,5,-349.664,-5.547,-228.552
3275.6,67.25,60.1,0.0,0.0,5,-348.054,-5.523,-226.401
3275.6,67.45,60.1,0.0,-0.3,5,-345.630,-5.488,-223.168
3275.6,67.57,60.1,0.0,-0.3,5,-344.009,-5.462,-221.009
3275.6,67.75,60.1,0.0,-0.1,5,-341.569,-5.421,-217.766
3289.1,67.87,60.1,0.0,0.1,5,-339.939,-5.391,-215.599
3289.1,68.05,60.1,0.0,0.2,5,-337.487,-5.346,-212.341
3289.1,68.18,60.1,0.0,0.1,5,-335.848,-5.314,-210.165
3289.1,68.36,60.1,0.0,-0.1,5,-333.384,-5.267,-206.894
3302.7,68.48,60.2,0.0,-0.2,5,-331.737,-5.236,-204.708
3302.7,68.65,60.2,0.0,-0.2,5,-329.261,-5.188,-201.424
3302.7,68.77,60.2,0.0,-0.1,5,-327.607,-5.154,-199.229
3302.7,68.94,60.2,0.0,-0.1,5,-325.122,-5.101,-195.930
3316.4,69.12,60.2,0.0,-0.2,5,-322.631,-5.047,-192.621
3316.4,69.23,60.2,0.0,-0.3,5,-320.968,-5.010,-190.410
3316.4,69.40,60.3,0.0,-0.3,5,-318.470,-4.954,-187.086
3316.4,69.52,60.3,0.0,-0.3,5,-316.802,-4.917,-184.865
3330.3,69.68,60.3,0.0,-0.4,5,-314.297,-4.862,-181.525
3330.3,69.79,60.3,0.0,-0.3,5,-312.625,-4.824,-179.293
3330.3,69.96,60.3,0.0,-0.2,5,-310.113,-4.769,-175.937
3330.3,70.06,60.2,0.0,-0.2,5,-308.437,-4.733,-173.694
3344.3,70.22,60.2,0.0,-0.2,5,-305.920,-4.678,-170.322
3344.3,70.25,0.0,0.0,-0.2,0,-304.241,-4.640,-168.069
3344.3,70.23,86.3,0.0,-0.3,6,-301.726,-4.582,-164.691
3344.3,70.33,79.9,0.0,-0.3,6,-300.049,-4.542,-162.435
3358.3,70.49,70.2,0.0,-0.3,6,-297.531,-4.484,-159.044
3358.3,70.64,60.5,0.0,-0.3,6,-295.011,-4.423,-155.643
3358.3,70.74,59.2,0.0,-0.3,6,-293.329,-4.383,-153.371
3358.3,70.89,59.3,0.0,-0.3,6,-290.804,-4.323,-149.955
3372.5,70.99,59.3,0.0,-0.2,6,-289.119,-4.282,-147.672
3372.5,71.15,59.3,0.0,-0.1,6,-286.590,-4.220,-144.239
3372.5,71.25,59.4,0.0,-0.1,6,-284.903,-4.180,-141.946
3372.5,71.40,59.4,0.0,-0.1,6,-282.369,-4.119,-138.498
3386.7,71.50,59.4,0.0,-0.0,6,-280.679,-4.080,-136.194
3386.7,71.64,59.5,0.0,0.1,6,-278.139,-4.019,-132.733
3386.7,71.74,59.5,0.0,0.2,6,-276.443,-3.979,-130.421
3386.7,71.88,59.6,0.0,0.2,6,-273.895,-3.917,-126.947
3401.1,71.98,59.6,0.0,0.1,6,-272.194,-3.875,-124.627
3401.1,72.13,59.6,0.0,0.1,6,-269.635,-3.813,-121.143
3401.1,72.27,59.7,0.0,-0.0,6,-267.071,-3.749,-117.653
3401.1,72.36,59.7,0.0,-0.1,6,-265.358,-3.707,-115.322
3415.5,72.51,59.8,0.0,-0.3,6,-262.785,-3.644,-111.820
3415.5,72.60,59.8,0.0,-0.3,6,-261.068,-3.601,-109.481
3415.5,72.74,59.8,0.0,-0.4,6,-258.489,-3.535,-105.966
3415.5,72.83,59.8,0.0,-0.7,6,-256.770,-3.489,-103.618
3430.1,72.97,59.9,0.0,-0.6,6,-254.190,-3.421,-100.086
3430.1,73.06,59.9,0.0,-0.5,6,-252.470,-3.375,-97.726
3430.1,73.20,60.0,0.0,-0.4,6,-249.892,-3.307,-94.177
3430.1,73.29,60.0,0.0,-0.4,6,-248.173,-3.263,-91.805
3444.7,73.43,60.0,0.0,-0.6,6,-245.596,-3.197,-88.239
3444.7,73.51,60.0,0.0,-0.6,6,-243.877,-3.155,-85.855
3444.7,73.65,60.0,0.0,0.0,6,-241.298,-3.090,-82.273
3444.7,73.73,60.1,0.0,0.8,6,-239.579,-3.047,-79.879
3459.4,73.87,60.1,0.0,1.8,6,-236.995,-2.985,-76.284
3459.4,74.00,60.1,0.0,1.2,6,-234.402,-2.921,-72.686
3459.4,74.08,60.1,0.0,1.5,6,-232.665,-2.878,-70.288
3474.2,74.21,60.2,0.0,2.8,6,-230.046,-2.814,-66.693
3474.2,74.29,60.2,0.0,3.6,6,-228.289,-2.770,-64.299
3474.2,74.41,60.2,0.0,4.6,6,-225.633,-2.702,-60.716
3474.2,74.49,60.2,0.0,5.1,6,-223.844,-2.655,-58.336
3489.1,74.38,12.8,26.6,5.8,6,-221.131,-2.585,-54.784
3489.1,73.97,0.0,44.5,6.2,6,-219.308,-2.537,-52.443
3489.1,73.13,0.0,49.6,6.0,6,-216.559,-2.467,-48.988
3489.1,72.54,0.0,46.3,5.6,6,-214.718,-2.422,-46.729
3503.7,71.74,0.0,32.9,6.7,6,-211.937,-2.354,-43.411
3503.7,71.31,0.0,21.8,5.2,6,-210.067,-2.309,-41.245
3503.7,70.82,0.0,7.9,2.3,6,-207.231,-2.241,-38.063
3503.7,70.51,4.2,0.2,4.0,6,-204.352,-2.172,-34.951
3517.8,70.37,10.1,0.0,5.5,6,-202.410,-2.126,-32.910
3517.8,70.18,9.3,0.0,7.8,6,-199.465,-2.059,-29.893
3517.8,70.06,10.5,12.9,8.7,6,-197.482,-2.015,-27.910
3517.8,69.60,0.0,24.6,7.3,6,-194.480,-1.948,-24.985
3531.6,69.01,0.0,71.8,6.3,6,-192.466,-1.902,-23.075
3531.6,68.07,46.9,5.7,4.8,6,-189.448,-1.834,-20.287
3531.6,68.07,81.5,0.0,5.4,6,-187.422,-1.788,-18.469
3531.6,68.15,36.0,19.1,10.6,6,-184.339,-1.724,-15.786
3545.1,67.89,0.0,25.3,14.4,6,-182.261,-1.687,-14.029
3545.1,67.45,15.0,1.1,17.0,6,-179.122,-1.639,-11.454
3545.1,67.36,47.1,0.0,16.8,6,-177.010,-1.613,-9.779
3545.1,67.41,71.3,0.0,15.8,6,-173.799,-1.581,-7.325
3558.6,67.46,64.9,0.0,15.5,6,-171.625,-1.562,-5.729
3558.6,67.52,58.2,0.0,16.2,6,-168.311,-1.536,-3.401
3558.6,67.56,58.2,0.0,20.0,6,-164.937,-1.510,-1.158
3558.6,67.61,43.4,0.0,23.3,6,-162.656,-1.491,0.292
3572.6,67.58,53.2,0.0,26.4,6,-159.184,-1.454,2.387
3572.6,67.60,58.4,0.0,24.9,6,-156.838,-1.418,3.728
3572.6,67.62,59.2,0.0,24.1,6,-153.277,-1.359,5.672
3572.6,67.61,59.7,0.0,24.1,6,-150.887,-1.337,6.939
3587.0,67.81,46.1,0.0,23.6,6,-147.280,-1.330,8.797
3587.0,67.70,28.7,0.0,26.3,6,-144.841,-1.319,9.980
3587.0,67.44,22.0,0.0,32.1,6,-141.147,-1.285,11.649
3587.0,67.30,21.5,0.0,36.4,6,-138.665,-1.259,12.700
3601.4,67.07,15.9,0.0,44.2,6,-134.919,-1.220,14.189
3601.4,66.90,13.7,0.0,49.1,6,-132.409,-1.194,15.126
3601.4,66.64,11.5,0.0,54.2,6,-128.628,-1.156,16.452
3601.4,66.45,10.0,0.0,56.0,6,-126.099,-1.132,17.283
3615.3,66.15,8.2,0.0,56.0,6,-122.295,-1.098,18.450
3615.3,65.82,8.2,0.0,54.2,6,-118.481,-1.063,19.512
3615.3,65.60,8.2,0.0,53.3,6,-115.934,-1.039,20.161
3615.3,65.27,8.1,0.0,51.6,6,-112.108,-1.007,21.048
3628.3,65.03,8.1,0.0,49.8,6,-109.556,-0.984,21.578
3628.3,64.69,8.1,0.0,50.3,6,-105.728,-0.947,22.279
3628.3,64.48,8.1,0.0,50.2,6,-103.177,-0.922,22.687
3628.3,64.16,8.0,0.0,52.6,6,-99.353,-0.886,23.213
3641.0,63.94,8.0,0.0,54.4,6,-96.808,-0.860,23.504
3641.0,63.63,8.0,0.0,56.2,6,-92.997,-0.819,23.853
3641.0,63.42,8.0,0.0,56.3,6,-90.461,-0.790,24.030
3641.0,63.13,8.0,0.0,53.8,6,-86.669,-0.747,24.214
3653.4,62.93,7.9,0.0,49.9,6,-84.149,-0.718,24.282
3653.4,62.64,8.9,0.0,43.6,6,-80.381,-0.675,24.301
3653.4,62.37,12.4,0.0,36.6,6,-76.632,-0.629,24.217
3653.4,62.22,16.3,0.0,31.7,6,-74.143,-0.598,24.104
3665.8,62.04,25.2,0.0,24.7,6,-70.424,-0.551,23.849
3665.8,61.97,33.2,0.0,20.7,6,-67.954,-0.520,23.625
3665.8,61.97,47.6,0.0,15.2,6,-64.260,-0.476,23.209
3665.8,62.03,54.2,0.0,12.1,6,-61.803,-0.447,22.878
3678.1,62.16,54.6,0.0,7.8,6,-58.122,-0.398,22.302
3678.1,62.28,54.6,0.0,6.1,6,-55.672,-0.363,21.872
3678.1,62.45,54.7,0.0,3.7,6,-51.997,-0.313,21.169
3678.1,62.57,54.9,0.0,2.2,6,-49.548,-0.282,20.670
3690.5,62.76,55.0,0.0,-0.8,6,-45.871,-0.240,19.884
3690.5,62.88,55.1,0.0,-2.4,6,-43.418,-0.211,19.344
3690.5,63.07,55.4,0.0,-4.0,6,-39.729,-0.168,18.528
3690.5,63.20,54.7,0.0,-4.7,6,-37.263,-0.141,17.987
3703.0,63.37,55.5,0.0,-5.9,6,-33.550,-0.101,17.195
3703.0,63.56,55.8,0.0,-7.0,6,-29.819,-0.062,16.434
3703.0,63.66,56.1,0.0,-7.5,6,-27.322,-0.038,15.949
3715.7,63.85,55.9,0.0,-8.2,6,-23.560,-0.008,15.256
3715.7,63.96,56.1,0.0,-8.8,6,-21.041,0.010,14.823
3715.7,64.12,56.2,0.0,-9.1,6,-17.246,0.035,14.222
3715.7,64.23,56.2,0.0,-8.9,6,-14.706,0.051,13.856
3728.6,64.39,56.5,0.0,-9.3,6,-10.879,0.077,13.364
3728.6,64.48,56.6,0.0,-9.6,6,-8.319,0.094,13.074
3728.6,64.65,56.6,0.0,-10.2,6,-4.463,0.119,12.697
3728.6,64.75,56.5,0.0,-10.1,6,-1.884,0.136,12.486
3741.7,64.90,56.8,0.0,-9.5,6,1.996,0.164,12.233
3741.7,65.00,56.8,0.0,-9.4,6,4.591,0.185,12.108
3741.7,65.14,56.9,0.0,-9.3,6,8.492,0.223,11.985
3741.7,65.28,57.1,0.0,-9.6,6,12.404,0.264,11.939
3755.0,65.39,57.0,0.0,-9.2,6,15.018,0.293,11.950
3755.0,65.54,57.1,0.0,-9.5,6,18.944,0.341,12.031
3755.0,65.64,57.2,0.0,-9.4,6,21.565,0.375,12.126
3755.0,65.78,57.3,0.0,-8.8,6,25.502,0.431,12.332
3768.4,65.88,57.3,0.0,-8.5,6,28.129,0.472,12.514
3768.4,66.02,57.4,0.0,-8.5,6,32.071,0.535,12.847
3768.4,66.11,57.4,0.0,-9.5,6,34.701,0.572,13.105
3768.4,66.29,57.4,0.0,-12.2,6,38.648,0.621,13.545
3782.2,66.38,57.5,0.0,-12.5,6,41.279,0.654,13.881
3782.2,66.51,57.5,0.0,-11.6,6,45.224,0.707,14.452
3782.2,66.60,57.6,0.0,-10.8,6,47.851,0.744,14.876
3782.2,66.72,57.7,0.0,-10.1,6,51.788,0.799,15.580
3796.0,66.85,57.7,0.0,-10.4,6,55.717,0.854,16.366
3796.0,66.94,57.8,0.0,-10.8,6,58.331,0.890,16.935
3796.0,67.07,57.8,0.0,-10.7,6,62.243,0.948,17.857
3796.0,67.16,58.0,0.0,-10.7,6,64.845,0.987,18.516
3809.8,67.28,58.1,0.0,-11.0,6,68.737,1.045,19.569
3809.8,67.38,58.0,0.0,-11.0,6,71.324,1.084,20.315
3809.8,67.50,58.0,0.0,-10.4,6,75.192,1.142,21.499
3809.8,67.57,58.3,0.0,-10.1,6,77.761,1.180,22.333
3823.6,67.70,58.2,0.0,-10.1,6,81.597,1.238,23.652
3823.6,67.78,58.1,0.0,-10.8,6,84.144,1.277,24.577
3823.6,67.89,58.3,0.0,-11.4,6,87.945,1.336,26.032
3823.6,67.99,58.2,0.0,-11.4,6,90.465,1.377,27.047
3837.4,68.10,58.3,0.0,-11.5,6,94.223,1.438,28.638
3837.4,68.18,58.4,0.0,-11.2,6,96.714,1.479,29.744
3837.4,68.29,58.5,0.0,-10.8,6,100.424,1.543,31.472
3837.4,68.41,58.5,0.0,-10.5,6,104.104,1.608,33.282
3851.1,68.49,58.5,0.0,-10.4,6,106.539,1.652,34.532
3851.1,68.61,58.5,0.0,-10.4,6,110.166,1.717,36.472
3851.1,68.69,58.6,0.0,-10.5,6,112.564,1.760,37.808
3851.1,68.81,58.6,0.0,-10.4,6,116.134,1.824,39.874
3864.7,68.89,58.6,0.0,-10.3,6,118.493,1.868,41.294
3864.7,69.01,58.7,0.0,-10.3,6,122.002,1.931,43.483
3864.7,69.09,58.7,0.0,-10.3,6,124.321,1.971,44.983
3864.7,69.21,58.7,0.0,-10.3,6,127.768,2.031,47.291
3878.4,69.29,58.8,0.0,-10.0,6,130.044,2.069,48.870
3878.4,69.41,58.8,0.0,-10.3,6,133.425,2.124,51.295
3878.4,69.49,58.8,0.0,-10.3,6,135.656,2.159,52.949
3878.4,69.61,58.9,0.0,-10.1,6,138.967,2.209,55.488
3892.2,69.73,58.9,0.0,-10.1,6,142.237,2.254,58.092
3892.2,69.81,58.9,0.0,-10.1,6,144.392,2.279,59.864
3892.2,69.94,59.0,0.0,-9.2,6,147.591,2.311,62.574
3892.2,70.02,59.0,0.0,-8.6,6,149.699,2.327,64.415
3906.2,70.14,59.0,0.0,-6.1,6,152.823,2.347,67.229
3906.2,70.23,59.1,0.0,-4.8,6,154.882,2.359,69.138
3906.2,70.37,56.4,0.0,-3.3,6,157.936,2.374,72.047
3920.2,70.29,8.0,27.5,-2.2,6,160.952,2.387,75.001
3920.2,69.87,0.0,62.3,-1.6,6,162.939,2.395,76.982
3920.2,68.82,0.0,78.5,-0.2,6,165.867,2.408,79.942
3920.2,68.02,0.0,82.8,0.5,6,167.784,2.418,81.898
3933.9,66.76,0.0,85.2,0.9,6,170.606,2.435,84.797
3933.9,65.91,0.0,85.6,0.8,6,172.454,2.446,86.703
3933.9,64.63,0.0,86.0,0.5,6,175.179,2.465,89.519
3933.9,63.78,0.0,85.9,0.4,6,176.966,2.477,91.365
3946.8,62.51,0.0,86.2,0.3,6,179.605,2.495,94.087
3946.8,61.66,0.0,85.7,0.4,6,181.336,2.507,95.870
3946.8,60.41,26.8,86.4,0.6,0,183.893,2.525,98.495
3946.8,59.58,0.0,86.7,0.7,5,185.571,2.538,100.213
3958.8,58.31,0.0,86.1,0.7,5,188.048,2.555,102.741
3958.8,57.05,0.0,86.0,0.7,5,190.477,2.569,105.209
3958.8,56.21,0.0,84.4,0.7,5,192.071,2.577,106.822
3958.8,54.98,0.0,84.6,0.9,5,194.423,2.589,109.191
3970.0,54.17,0.0,85.2,0.9,5,195.966,2.598,110.737
3970.0,52.94,0.0,85.2,1.3,0,198.244,2.612,113.007
3970.0,52.14,26.5,86.3,1.2,0,199.738,2.622,114.486
3970.0,50.91,0.0,84.9,1.7,4,201.944,2.639,116.656
3980.4,50.09,0.0,84.6,2.0,4,203.391,2.653,118.067
3980.4,48.87,0.0,85.0,2.9,4,205.528,2.676,120.132
3980.4,48.07,0.0,85.3,3.3,4,206.930,2.693,121.474
3980.4,46.85,0.0,85.3,3.8,4,209.001,2.717,123.432
3990.0,46.05,0.0,85.4,4.5,4,210.360,2.733,124.700
3990.0,44.84,0.0,85.7,5.1,0,212.369,2.757,126.547
3990.0,44.07,22.8,87.0,5.4,0,213.689,2.771,127.741
3990.0,42.86,0.0,86.6,5.0,3,215.642,2.790,129.474
3998.8,41.65,0.0,82.9,3.8,3,217.559,2.807,131.136
3998.8,40.89,0.0,72.8,3.1,3,218.820,2.817,132.205
3998.8,39.90,0.0,59.1,1.9,3,220.690,2.828,133.748
3998.8,39.31,0.0,53.7,1.7,3,221.928,2.835,134.738
4006.8,38.51,0.0,46.6,2.6,3,223.777,2.842,136.165
4006.8,38.03,0.0,43.8,3.8,3,225.006,2.845,137.079
4006.8,37.35,0.0,41.0,7.1,3,226.846,2.848,138.396
4006.8,36.93,0.0,39.3,9.7,3,228.071,2.849,139.239
4014.3,36.33,0.0,38.9,12.2,3,229.903,2.848,140.454
4014.3,35.92,0.0,38.7,13.0,3,231.122,2.847,141.231
4014.3,35.33,0.0,37.8,13.9,3,232.945,2.843,142.349
4014.3,34.95,34.4,37.8,14.3,0,234.157,2.840,143.062
4021.4,34.38,0.0,36.5,14.1,2,235.971,2.834,144.082
4021.4,33.99,0.0,34.6,14.1,2,237.177,2.829,144.728
4021.4,33.45,0.0,28.2,14.9,2,238.982,2.822,145.646
4021.4,33.00,0.0,19.0,16.9,2,240.782,2.813,146.502
4027.9,32.76,0.0,14.4,18.5,2,241.983,2.807,147.039
4027.9,32.46,0.0,10.7,20.8,2,243.789,2.798,147.794
4027.9,32.28,0.0,8.0,23.5,2,244.995,2.791,148.264
4027.9,32.06,0.0,4.8,25.3,2,246.811,2.781,148.919
4034.2,31.93,0.0,6.0,21.5,2,248.026,2.774,149.321
4034.2,31.72,0.0,7.8,19.7,2,249.854,2.763,149.874
4034.2,31.57,0.0,10.6,19.2,2,251.075,2.756,150.210
4034.2,31.30,0.0,13.5,18.8,2,252.906,2.744,150.665
4040.4,31.10,0.0,11.6,19.7,2,254.124,2.735,150.937
4040.4,30.85,0.0,8.7,20.7,2,255.948,2.723,151.298
4040.4,30.69,0.0,8.0,21.6,2,257.161,2.716,151.505
4040.4,30.47,0.0,5.8,23.8,2,258.977,2.706,151.768
4046.8,30.30,0.3,0.4,25.6,2,260.789,2.697,151.973
4046.8,30.20,1.8,3.2,26.6,2,261.995,2.691,152.076
4046.8,30.04,0.0,0.4,27.6,2,263.799,2.684,152.180
4046.8,29.96,4.8,0.0,31.6,2,264.999,2.680,152.214
4053.4,29.86,3.8,0.0,37.3,2,266.794,2.676,152.209
4053.4,29.78,8.7,0.0,40.5,2,267.986,2.674,152.167
4053.4,29.74,17.1,0.0,45.7,2,269.767,2.674,152.046
4053.4,29.70,17.9,0.0,49.8,2,270.950,2.674,151.926
4061.4,29.68,26.4,0.0,56.0,2,272.715,2.676,151.687
4061.4,29.66,22.1,0.0,60.3,2,273.885,2.678,151.489
4061.4,29.58,16.5,0.0,65.3,2,275.626,2.684,151.130
4068.5,29.47,12.9,0.0,72.4,2,277.345,2.694,150.699
4068.5,29.39,11.4,0.0,78.9,2,278.477,2.702,150.374
4068.5,29.23,8.7,0.0,85.4,2,280.149,2.715,149.831
4068.5,29.10,9.9,0.0,90.5,2,281.246,2.726,149.433
4076.7,28.89,8.4,0.0,91.9,2,282.859,2.746,148.780
4076.7,28.76,8.3,0.0,90.9,2,283.911,2.763,148.307
4076.7,28.56,8.3,0.0,88.9,2,285.451,2.793,147.544
4076.7,28.45,8.3,0.0,87.3,2,286.454,2.814,147.001
4083.3,28.27,8.3,0.0,85.0,2,287.921,2.846,146.139
4083.3,28.15,8.3,0.0,83.3,2,288.874,2.868,145.535
4083.3,27.97,8.3,0.0,79.5,2,290.263,2.901,144.585
4083.3,27.86,8.4,0.0,75.7,2,291.162,2.924,143.922
4089.7,27.70,9.1,0.0,78.0,2,292.467,2.959,142.886
4089.7,27.54,9.2,0.0,79.5,2,293.719,2.996,141.801
4089.7,27.43,8.9,0.0,79.7,2,294.525,3.021,141.053
4089.7,27.27,8.9,0.0,79.1,2,295.687,3.058,139.895
4094.9,27.17,8.9,0.0,77.8,2,296.432,3.082,139.101
4094.9,27.01,9.1,0.0,73.0,2,297.502,3.115,137.878
4094.9,26.92,9.9,0.0,68.7,2,298.184,3.136,137.043
4094.9,26.80,15.0,0.0,60.3,2,299.160,3.165,135.761
4100.0,26.75,22.2,0.0,53.6,2,299.779,3.183,134.887
4100.0,26.79,50.0,0.0,41.7,2,300.660,3.207,133.546
4100.0,26.95,60.9,0.0,32.2,2,301.220,3.222,132.629
4100.0,27.18,56.6,0.0,16.8,2,302.020,3.243,131.217
4105.2,27.37,56.2,0.0,8.0,2,302.530,3.255,130.253
4105.2,27.78,90.9,0.0,0.8,2,303.263,3.273,128.772
4105.2,28.14,91.0,0.0,-0.1,2,303.738,3.284,127.761
4105.2,28.67,91.0,0.0,3.2,2,304.434,3.300,126.206
4110.7,29.19,91.0,0.0,8.9,2,305.116,3.315,124.611
4110.7,29.54,91.0,0.0,11.6,2,305.564,3.324,123.527
4110.7,30.06,91.0,0.0,14.2,2,306.227,3.338,121.867
4110.7,30.41,91.0,0.0,15.2,2,306.660,3.347,120.739
4116.6,30.93,91.0,0.0,15.8,2,307.293,3.361,119.012
4116.6,31.29,91.0,0.0,15.8,2,307.703,3.370,117.838
4116.6,31.82,91.0,0.0,15.9,2,308.295,3.382,116.041
4116.6,32.17,91.0,0.0,16.2,2,308.673,3.390,114.819
4122.9,32.70,91.0,0.0,15.7,2,309.211,3.401,112.949
4122.9,33.05,91.0,0.0,14.7,2,309.548,3.409,111.679
4122.9,33.58,91.0,0.0,12.7,2,310.021,3.422,109.738
4122.9,33.95,91.1,0.0,12.3,2,310.312,3.431,108.419
4129.6,34.47,91.1,0.0,12.5,2,310.713,3.445,106.408
4129.6,34.83,91.1,0.0,12.9,2,310.956,3.455,105.044
4129.6,35.35,91.1,0.0,13.2,2,311.280,3.473,102.965
4129.6,35.86,84.8,0.0,15.9,2,311.555,3.492,100.847
4136.6,36.12,69.5,0.0,15.3,2,311.709,3.507,99.416
4136.6,36.38,42.1,0.0,12.6,2,311.895,3.529,97.248
4136.6,36.38,12.3,20.4,11.0,2,311.987,3.546,95.795
4136.6,35.92,0.0,45.8,8.2,2,312.084,3.572,93.626
4143.7,35.45,0.0,54.9,6.0,2,312.125,3.591,92.198
4143.7,34.60,0.0,67.2,3.6,2,312.158,3.623,90.094
4143.7,33.96,0.0,71.9,1.6,2,312.166,3.645,88.722
4143.7,32.94,0.0,76.4,-2.4,2,312.164,3.680,86.713
4150.3,32.22,0.0,78.4,-5.1,2,312.157,3.704,85.408
4150.3,31.13,0.0,79.5,-8.2,2,312.146,3.739,83.505
4150.3,30.41,0.0,79.8,-9.9,2,312.144,3.762,82.273
4150.3,29.36,0.0,61.8,-13.1,2,312.151,3.796,80.479
4156.2,28.53,0.0,43.1,-16.2,2,312.180,3.828,78.743
4156.2,28.09,0.0,34.8,-18.5,2,312.217,3.848,77.610
4156.2,27.58,0.0,25.6,-17.6,2,312.304,3.876,75.942
4156.2,27.30,0.0,22.3,-17.9,2,312.383,3.893,74.847
4161.6,26.93,0.0,19.1,-21.3,2,312.536,3.917,73.227
4161.6,26.69,0.0,17.3,-24.0,2,312.661,3.931,72.162
4161.6,26.38,0.0,14.1,-25.4,2,312.885,3.952,70.585
4161.6,26.18,0.0,13.8,-25.4,2,313.059,3.964,69.548
4166.8,25.90,0.0,14.0,-25.8,2,313.358,3.982,68.014
4166.8,25.71,0.0,14.3,-25.5,2,313.582,3.993,67.006
4166.8,25.46,41.0,12.8,-28.1,0,313.954,4.008,65.517
4166.8,25.28,0.0,13.3,-28.0,1,314.228,4.016,64.540
4171.9,24.98,0.0,13.6,-28.5,1,314.675,4.028,63.099
4171.9,24.78,0.0,13.8,-29.1,1,314.997,4.035,62.157
4171.9,24.49,0.0,9.5,-30.2,1,315.516,4.043,60.773
4176.7,24.24,0.0,7.9,-32.2,1,316.078,4.049,59.423
4176.7,24.09,0.0,7.4,-33.6,1,316.476,4.053,58.543
4176.7,23.86,0.0,7.2,-35.1,1,317.110,4.056,57.251
4176.7,23.72,0.0,4.0,-35.4,1,317.556,4.057,56.410
4181.4,23.54,0.0,3.9,-35.9,1,318.261,4.057,55.180
4181.4,23.41,0.0,4.4,-36.4,1,318.754,4.056,54.381
4181.4,23.22,0.0,5.4,-37.0,1,319.529,4.054,53.216
4181.4,23.09,0.0,4.2,-37.1,1,320.068,4.051,52.461
4185.7,22.91,0.0,4.1,-36.6,1,320.906,4.045,51.365
4185.7,22.79,0.0,5.4,-36.9,1,321.486,4.041,50.658
4185.7,22.59,0.0,7.6,-37.6,1,322.384,4.033,49.634
4185.7,22.44,0.0,8.8,-38.0,1,323.001,4.028,48.977
4189.8,22.21,0.0,5.6,-37.6,1,323.951,4.019,48.033
4189.8,22.03,0.0,5.4,-37.8,1,324.929,4.010,47.135
4189.8,21.90,0.0,5.9,-39.7,1,325.596,4.003,46.563
4189.8,21.70,0.0,6.5,-43.2,1,326.617,3.993,45.746
4194.0,21.57,0.0,7.4,-44.9,1,327.312,3.985,45.229
4194.0,21.40,7.2,0.0,-49.4,1,328.373,3.972,44.498
4194.0,21.41,26.5,0.0,-51.1,1,329.095,3.963,44.039
4194.0,21.59,44.4,0.0,-53.0,1,330.210,3.949,43.391
4198.1,21.77,51.9,0.0,-54.6,1,330.974,3.940,42.983
4198.1,22.14,75.7,0.0,-58.0,1,332.156,3.924,42.405
4198.1,22.39,54.1,0.0,-59.2,1,332.969,3.913,42.042
4198.1,22.60,35.6,0.0,-57.5,1,334.222,3.897,41.541
4202.6,22.75,39.2,0.0,-53.2,1,335.508,3.880,41.099
4202.6,22.89,44.5,0.0,-50.3,1,336.382,3.869,40.837
4202.6,23.14,44.9,0.0,-48.9,1,337.720,3.853,40.498
4202.6,23.31,43.3,0.0,-49.1,1,338.628,3.843,40.305
4207.6,23.57,49.9,0.0,-50.7,1,340.013,3.829,40.068
4207.6,23.77,53.0,0.0,-53.1,1,340.951,3.820,39.945
4207.6,24.11,50.2,0.0,-56.7,1,342.380,3.807,39.811
4207.6,24.26,38.5,0.0,-60.2,1,343.346,3.798,39.755
4213.0,24.39,28.6,0.0,-65.6,1,344.805,3.786,39.724
4213.0,24.44,26.6,0.0,-69.0,1,345.782,3.778,39.738
4213.0,24.46,20.8,0.0,-74.0,1,347.247,3.766,39.812
4213.0,24.44,17.6,0.0,-77.3,1,348.708,3.756,39.951
4218.6,24.40,15.8,0.0,-78.0,1,349.676,3.750,40.078
4218.6,24.34,15.4,0.0,-77.3,1,351.118,3.742,40.322
4218.6,24.30,16.3,0.0,-75.7,1,352.070,3.737,40.522
4218.6,24.26,18.2,0.0,-71.4,1,353.483,3.731,40.874
4225.5,24.24,21.5,0.0,-67.2,1,354.415,3.728,41.145
4225.5,24.31,34.0,0.0,-59.3,1,355.796,3.724,41.605
4225.5,24.45,47.3,0.0,-53.1,1,356.708,3.722,41.947
4225.5,24.86,82.8,0.0,-43.9,1,358.072,3.720,42.514
4231.2,25.14,49.7,0.0,-35.9,1,358.982,3.719,42.928
4231.2,25.56,62.0,0.0,-24.7,1,360.342,3.720,43.603
4231.2,25.88,69.3,0.0,-19.5,1,361.249,3.721,44.088
4231.2,26.46,79.0,0.0,-15.0,1,362.610,3.725,44.867
4236.9,27.09,83.1,0.0,-13.3,1,363.978,3.732,45.706
4236.9,27.53,87.9,0.0,-13.7,1,364.896,3.738,46.297
4236.9,28.23,91.1,0.0,-15.6,1,366.281,3.750,47.232
4236.9,28.68,91.1,0.0,-16.9,1,367.210,3.759,47.888
4242.6,29.32,85.7,0.0,-19.3,1,368.610,3.772,48.920
4242.6,29.71,81.2,0.0,-21.0,1,369.544,3.781,49.641
4242.6,30.23,82.9,0.0,-17.9,1,370.940,3.794,50.774
4242.6,30.59,77.6,0.0,-20.3,1,371.865,3.803,51.563
4248.4,31.10,82.6,0.0,-22.4,1,373.242,3.815,52.798
4248.4,31.43,74.8,0.0,-19.1,1,374.151,3.823,53.656
4248.4,31.59,0.0,0.0,-19.1,0,375.493,3.834,54.992
4248.4,31.75,90.7,0.0,-21.6,2,376.363,3.840,55.910
4254.3,32.26,91.0,0.0,-20.4,2,377.646,3.850,57.338
4254.3,32.78,91.0,0.0,-22.1,2,378.905,3.859,58.827
4254.3,33.12,87.5,0.0,-24.0,2,379.730,3.865,59.854
4260.6,33.58,83.3,0.0,-21.1,2,380.942,3.873,61.445
4260.6,33.88,85.0,0.0,-22.7,2,381.732,3.878,62.538
4260.6,34.29,76.5,0.0,-23.2,2,382.886,3.883,64.227
4260.6,34.55,73.0,0.0,-20.5,2,383.631,3.886,65.384
4267.2,34.93,80.8,0.0,-19.8,2,384.711,3.889,67.165
4267.2,35.20,78.7,0.0,-15.8,2,385.405,3.892,68.383
4267.2,35.63,85.0,0.0,-10.1,2,386.406,3.895,70.256
4267.2,35.95,90.7,0.0,-7.2,2,387.049,3.898,71.535
4274.2,36.45,85.8,0.0,-4.6,2,387.981,3.899,73.496
4274.2,36.90,91.0,0.0,-3.2,2,388.876,3.903,75.506
4274.2,37.33,91.1,0.0,-3.0,2,389.460,3.904,76.870
4274.2,37.86,91.1,0.0,-6.1,2,390.314,3.904,78.956
4281.5,38.16,91.2,0.0,-7.9,2,390.870,3.907,80.370
4281.5,38.72,90.8,0.0,-9.3,2,391.691,3.908,82.523
4281.5,38.81,80.4,0.0,-9.7,0,392.229,3.906,83.977
4281.5,38.94,48.8,0.0,-5.8,3,393.016,3.892,86.174
4289.1,39.16,88.8,0.0,-3.6,3,393.516,3.886,87.652
4289.1,39.54,85.3,0.0,-3.7,3,394.239,3.886,89.899
4289.1,39.71,65.3,0.0,-3.3,3,394.714,3.881,91.411
4289.1,40.22,62.0,0.0,-3.9,3,395.409,3.872,93.710
4296.9,40.44,87.5,0.0,-4.7,3,395.855,3.873,95.259
4296.9,40.83,91.1,0.0,-4.0,3,396.511,3.872,97.610
4296.9,41.43,71.0,0.0,-1.9,3,397.156,3.866,99.993
4296.9,41.70,82.7,0.0,-1.5,3,397.575,3.861,101.601
4304.9,42.14,91.2,0.0,-2.1,3,398.184,3.860,104.038
4304.9,42.44,91.2,0.0,-2.9,3,398.582,3.860,105.680
4304.9,42.91,91.1,0.0,-4.1,3,399.174,3.853,108.171
4304.9,43.19,91.2,0.0,-4.3,3,399.561,3.850,109.849
4313.4,43.69,91.1,0.0,-3.5,3,400.132,3.843,112.392
4313.4,43.96,91.2,0.0,-4.1,3,400.504,3.840,114.104
4313.4,44.39,91.2,0.0,-6.5,3,401.049,3.836,116.697
4313.4,44.67,91.2,0.0,-7.7,3,401.402,3.833,118.442
4322.1,45.09,91.2,0.0,-8.2,3,401.912,3.831,121.086
4322.1,45.37,91.2,0.0,-8.1,3,402.237,3.829,122.865
4322.1,45.78,91.2,0.0,-8.2,3,402.697,3.826,125.559
4322.1,46.04,91.2,0.0,-7.9,3,402.986,3.824,127.373
4331.1,46.45,91.2,0.0,-7.7,3,403.388,3.818,130.117
4331.1,46.86,91.2,0.0,-7.4,3,403.753,3.812,132.892
4331.1,47.12,91.3,0.0,-7.5,3,403.975,3.808,134.758
4331.1,47.52,91.3,0.0,-7.5,3,404.276,3.801,137.580
4340.3,47.78,91.3,0.0,-7.6,3,404.455,3.797,139.477
4340.3,48.17,91.3,0.0,-8.0,3,404.691,3.791,142.345
4340.3,48.42,91.3,0.0,-8.2,3,404.827,3.786,144.272
4340.3,48.80,91.3,0.0,-8.1,3,404.996,3.778,147.183
4349.8,49.05,91.3,0.0,-7.7,3,405.085,3.773,149.137
4349.8,49.42,91.3,0.0,-8.3,3,405.181,3.766,152.089
4349.8,49.66,91.4,0.0,-8.9,3,405.221,3.762,154.070
4349.8,50.01,91.4,0.0,-9.5,3,405.242,3.755,157.059
4359.6,50.25,91.4,0.0,-9.8,3,405.228,3.750,159.064
4359.6,50.59,91.4,0.0,-10.0,3,405.165,3.743,162.088
4359.6,50.93,91.4,0.0,-11.0,3,405.047,3.736,165.131
4359.6,51.15,91.5,0.0,-11.3,3,404.938,3.731,167.169
4369.6,51.22,0.0,0.0,-8.2,0,404.725,3.722,170.236
4369.6,51.34,91.2,0.0,-6.9,4,404.550,3.718,172.278
4369.6,51.66,91.2,0.0,-9.7,4,404.241,3.711,175.351
4369.6,51.87,91.2,0.0,-11.6,4,404.004,3.705,177.408
4379.8,52.18,91.2,0.0,-13.9,4,403.599,3.696,180.502
4379.8,52.38,91.2,0.0,-15.0,4,403.295,3.691,182.571
4379.8,52.67,91.3,0.0,-15.3,4,402.784,3.682,185.680
4379.8,52.87,88.7,0.0,-15.0,4,402.405,3.676,187.756
4390.3,53.14,79.0,0.0,-14.1,4,401.774,3.668,190.873
4390.3,53.34,72.5,0.0,-13.8,4,401.310,3.663,192.951
4390.3,53.62,62.9,0.0,-15.0,4,400.549,3.657,196.067
4401.2,53.90,59.0,0.0,-15.8,4,399.710,3.650,199.181
4401.2,54.07,59.1,0.0,-16.4,4,399.106,3.647,201.254
4401.2,54.35,59.2,0.0,-17.7,4,398.136,3.646,204.358
4401.2,54.52,59.3,0.0,-18.5,4,397.446,3.645,206.423
4412.6,54.76,52.3,0.0,-19.6,4,396.353,3.642,209.513
4412.6,54.87,40.3,0.0,-20.3,4,395.582,3.641,211.566
4412.6,55.06,59.2,0.0,-18.7,4,394.358,3.643,214.628
4412.6,55.24,59.5,0.0,-17.5,4,393.496,3.648,216.658
4424.8,55.48,59.6,0.0,-16.6,4,392.139,3.655,219.689
4424.8,55.64,59.6,0.0,-16.7,4,391.191,3.660,221.699
4424.8,55.90,59.7,0.0,-18.1,4,389.702,3.667,224.695
4424.8,56.15,59.8,0.0,-19.3,4,388.136,3.676,227.668
4436.3,56.31,59.9,0.0,-20.1,4,387.051,3.682,229.638
4436.3,56.57,59.9,0.0,-19.2,4,385.366,3.686,232.575
4436.3,56.74,60.0,0.0,-17.9,4,384.204,3.686,234.520
4436.3,56.99,60.0,0.0,-15.2,4,382.401,3.686,237.416
4447.5,57.16,60.0,0.0,-13.0,4,381.157,3.686,239.330
4447.5,57.41,60.0,0.0,-10.3,4,379.230,3.688,242.175
4447.5,57.58,60.0,0.0,-9.3,4,377.906,3.691,244.056
4447.5,57.85,60.0,0.0,-8.6,4,375.865,3.698,246.853
4458.9,58.11,60.0,0.0,-9.9,4,373.765,3.706,249.624
4458.9,58.38,60.0,0.0,-9.2,4,371.608,3.715,252.374
4458.9,58.55,60.0,0.0,-8.2,4,370.140,3.721,254.193
4458.9,58.81,60.0,0.0,-7.1,4,367.893,3.731,256.903
4470.4,58.98,60.0,0.0,-7.2,4,366.366,3.738,258.697
4470.4,59.24,60.0,0.0,-7.3,4,364.036,3.747,261.370
4470.4,59.41,60.0,0.0,-7.2,4,362.455,3.753,263.139
4470.4,59.66,60.1,0.0,-6.9,4,360.044,3.760,265.775
4482.2,59.83,60.1,0.0,-6.9,4,358.411,3.764,267.519
4482.2,60.09,60.1,0.0,-7.1,4,355.923,3.768,270.117
4482.2,60.25,60.1,0.0,-7.1,4,354.240,3.768,271.837
4482.2,60.50,60.2,0.0,-7.1,4,351.676,3.768,274.395
4494.2,60.66,61.2,0.0,-7.0,4,349.941,3.770,276.086
4494.2,60.84,0.0,0.0,-7.1,0,347.301,3.775,278.601
4494.2,60.83,86.2,0.0,-5.8,5,344.625,3.785,281.079
4494.2,61.00,79.6,0.0,-3.6,5,342.816,3.798,282.711
4506.3,61.19,70.5,0.0,-2.6,5,340.073,3.806,285.145
4506.3,61.65,63.2,0.0,-1.6,5,338.230,3.793,286.765
4506.3,61.76,59.3,0.0,-1.9,5,335.414,3.798,289.167
4506.3,62.00,59.3,0.0,-1.8,5,333.518,3.800,290.759
4518.6,62.35,59.2,0.0,-0.3,5,330.648,3.800,293.143
4518.6,62.51,59.4,0.0,-0.2,5,328.719,3.798,294.730
4518.6,62.79,59.2,0.0,-0.0,5,325.809,3.789,297.109
4518.6,62.92,59.3,0.0,-0.1,5,323.860,3.784,298.696
4531.1,63.17,59.3,0.0,-0.0,5,320.926,3.780,301.083
4531.1,63.32,59.4,0.0,0.2,5,318.965,3.779,302.680
4531.1,63.55,59.5,0.0,0.7,5,316.014,3.777,305.084
4543.7,63.77,59.6,0.0,1.0,5,313.056,3.781,307.500
4543.7,63.93,59.6,0.0,1.0,5,311.080,3.786,309.117
4543.7,64.16,59.7,0.0,1.0,5,308.110,3.791,311.555
4543.7,64.31,59.7,0.0,1.0,5,306.127,3.794,313.189
4556.5,64.53,59.8,0.0,1.0,5,303.149,3.800,315.651
4556.5,64.68,59.8,0.0,1.0,5,301.161,3.806,317.302
4556.5,64.90,59.9,0.0,1.0,5,298.175,3.813,319.791
4556.5,65.05,59.9,0.0,1.1,5,296.182,3.816,321.459
4569.5,65.27,60.0,0.0,1.0,5,293.190,3.820,323.974
4569.5,65.41,60.0,0.0,1.0,5,291.193,3.820,325.659
4569.5,65.63,60.0,0.0,0.9,5,288.194,3.814,328.200
4569.5,65.84,60.1,0.0,0.8,5,285.191,3.807,330.756
4582.6,65.98,60.1,0.0,0.8,5,283.187,3.803,332.469
4582.6,66.20,60.1,0.0,0.8,5,280.177,3.792,335.051
4582.6,66.33,60.1,0.0,0.6,5,278.169,3.787,336.780
4582.6,66.53,60.1,0.0,0.7,5,275.153,3.786,339.385
4595.9,66.67,60.1,0.0,0.5,5,273.139,3.786,341.128
4595.9,66.87,60.1,0.0,0.3,5,270.114,3.788,343.755
4595.9,67.00,60.1,0.0,0.2,5,268.095,3.790,345.512
4595.9,67.21,60.1,0.0,0.1,5,265.060,3.795,348.157
4609.3,67.34,60.1,0.0,0.1,5,263.033,3.800,349.927
4609.3,67.53,60.1,0.0,0.1,5,259.987,3.811,352.589
4609.3,67.66,60.1,0.0,0.2,5,257.952,3.819,354.369
4609.3,67.85,60.1,0.0,0.2,5,254.893,3.834,357.046
4622.9,67.98,60.1,0.0,0.1,5,252.849,3.842,358.835
4622.9,68.16,60.1,0.0,0.0,5,249.777,3.854,361.526
4622.9,68.34,60.1,0.0,0.0,5,246.698,3.870,364.225
4622.9,68.47,60.1,0.0,0.1,5,244.640,3.879,366.028
4636.5,68.66,60.2,0.0,0.1,5,241.546,3.889,368.739
4636.5,68.78,60.2,0.0,0.1,5,239.480,3.896,370.551
4636.5,68.96,60.2,0.0,0.1,5,236.373,3.904,373.275
4636.5,69.08,60.2,0.0,0.1,5,234.298,3.907,375.096
4650.3,69.26,60.2,0.0,0.0,5,231.179,3.908,377.832
4650.3,69.38,60.2,0.0,0.0,5,229.095,3.908,379.661
4650.3,69.55,60.3,0.0,-0.0,5,225.964,3.905,382.411
4650.3,69.66,60.3,0.0,0.0,5,223.872,3.901,384.248
4664.2,69.84,60.3,0.0,0.1,5,220.728,3.896,387.010
4664.2,69.95,60.3,0.0,0.1,5,218.628,3.893,388.855
4664.2,70.12,60.2,0.0,0.1,5,215.471,3.888,391.628
4664.2,70.10,0.0,0.0,0.0,0,212.310,3.881,394.406
4678.2,70.14,86.3,0.0,-0.0,6,210.204,3.876,396.258
4678.2,70.30,76.6,0.0,0.1,6,207.041,3.868,399.040
4678.2,70.41,70.1,0.0,0.1,6,204.928,3.864,400.899
4678.2,70.57,60.5,0.0,0.1,6,201.753,3.858,403.692
4692.3,70.68,59.2,0.0,0.0,6,199.632,3.855,405.558
4692.3,70.84,59.2,0.0,0.0,6,196.445,3.850,408.363
4692.3,70.95,59.3,0.0,0.1,6,194.317,3.847,410.237
4692.3,71.11,59.3,0.0,0.1,6,191.119,3.841,413.054
4706.5,71.22,59.3,0.0,0.0,6,188.983,3.837,414.935
4706.5,71.37,59.4,0.0,0.1,6,185.774,3.832,417.763
4706.5,71.48,59.4,0.0,0.1,6,183.631,3.829,419.653
4706.5,71.63,59.5,0.0,0.1,6,180.411,3.826,422.492
4720.7,71.74,59.5,0.0,0.1,6,178.262,3.824,424.390
4720.7,71.89,59.6,0.0,0.2,6,175.032,3.819,427.242
4720.7,72.05,59.6,0.0,0.2,6,171.797,3.813,430.101
4720.7,72.15,59.6,0.0,0.2,6,169.636,3.808,432.012
4735.1,72.30,59.7,0.0,0.2,6,166.392,3.803,434.884
4735.1,72.39,59.7,0.0,0.2,6,164.226,3.801,436.802
4735.1,72.55,59.8,0.0,0.2,6,160.973,3.800,439.687
4735.1,72.65,59.8,0.0,0.2,6,158.801,3.799,441.615
4749.6,72.79,59.8,0.0,0.2,6,155.540,3.799,444.512
4749.6,72.89,59.8,0.0,0.2,6,153.362,3.801,446.448
4749.6,73.03,59.9,0.0,0.2,6,150.092,3.806,449.358
4749.6,73.13,59.9,0.0,0.2,6,147.909,3.809,451.301
4764.2,73.28,59.9,0.0,0.1,6,144.630,3.811,454.224
4764.2,73.38,59.9,0.0,0.1,6,142.441,3.813,456.176
4764.2,73.52,60.0,0.0,0.1,6,139.154,3.816,459.110
4778.9,73.65,60.0,0.0,0.0,6,135.861,3.820,462.051
4778.9,73.75,60.0,0.0,0.1,6,133.663,3.821,464.016
4778.9,73.89,60.1,0.0,0.1,6,130.362,3.822,466.968
4778.9,73.98,60.1,0.0,0.0,6,128.157,3.824,468.939
4793.6,74.11,60.2,0.0,0.0,6,124.847,3.826,471.901
4793.6,74.21,60.2,0.0,0.1,6,122.636,3.827,473.879
4793.6,74.34,60.2,0.0,0.1,6,119.316,3.828,476.850
4793.6,74.43,60.2,0.0,0.0,6,117.099,3.829,478.835
4808.5,74.57,60.2,0.0,0.0,6,113.769,3.828,481.816
4808.5,74.66,60.2,0.0,-0.0,6,111.545,3.827,483.807
4808.5,74.79,60.2,0.0,-0.1,6,108.205,3.823,486.797
4808.5,74.88,60.2,0.0,-0.0,6,105.975,3.820,488.794
4823.5,75.01,60.2,0.0,0.0,6,102.625,3.812,491.793
4823.5,75.14,60.2,0.0,0.0,6,99.269,3.803,494.797
4823.5,75.22,60.2,0.0,0.0,6,97.028,3.797,496.802
4823.5,75.35,60.2,0.0,-0.0,6,93.662,3.787,499.814
4838.5,75.44,60.3,0.0,-0.0,6,91.415,3.777,501.824
4838.5,75.56,60.3,0.0,0.0,6,88.039,3.761,504.845
4838.5,75.65,60.3,0.0,0.0,6,85.785,3.750,506.861
4838.5,75.77,60.3,0.0,-0.0,6,82.400,3.731,509.890
4853.7,75.85,60.3,0.0,-0.0,6,80.140,3.717,511.912
4853.7,75.97,60.3,0.0,-0.0,6,76.746,3.697,514.948
4853.7,76.06,60.3,0.0,-0.0,6,74.480,3.683,516.976
4853.7,76.17,60.3,0.0,-0.1,6,71.076,3.661,520.020
4868.9,76.25,60.3,0.0,-0.1,6,68.804,3.646,522.052
4868.9,76.37,60.3,0.0,-0.1,6,65.391,3.622,525.104
4868.9,76.46,60.3,0.0,-0.1,6,63.112,3.605,527.140
4868.9,76.57,60.3,0.0,-0.1,6,59.688,3.578,530.199
4884.2,76.69,60.3,0.0,-0.1,6,56.259,3.548,533.261
4884.2,76.77,60.3,0.0,-0.0,6,53.969,3.526,535.304
4884.2,76.88,60.3,0.0,-0.0,6,50.529,3.492,538.372
4884.2,76.96,60.3,0.0,0.0,6,48.233,3.468,540.419
4899.5,77.07,60.3,0.0,0.2,6,44.784,3.430,543.494
4899.5,77.15,60.3,0.0,0.2,6,42.482,3.403,545.546
4899.5,77.26,60.3,0.0,0.3,6,39.025,3.360,548.628
4899.5,77.33,60.3,0.0,0.3,6,36.718,3.329,550.687
4914.9,77.45,60.3,0.0,0.2,6,33.255,3.275,553.780
4914.9,77.51,60.3,0.0,0.2,6,30.945,3.237,555.845
4914.9,77.63,60.3,0.0,0.2,6,27.478,3.181,558.949
4914.9,77.70,60.3,0.0,0.2,6,25.165,3.143,561.022
4930.5,77.81,60.3,0.0,0.1,6,21.692,3.086,564.137
4930.5,77.92,60.3,0.0,0.1,6,18.216,3.026,567.258
4930.5,77.99,60.4,0.0,0.1,6,15.897,2.986,569.341
4930.5,78.10,60.4,0.0,-0.1,6,12.414,2.925,572.471
4946.0,78.17,60.4,0.0,-0.4,6,10.090,2.886,574.560
4946.0,78.27,60.4,0.0,-0.7,6,6.599,2.828,577.695
4946.0,78.34,60.4,0.0,-0.7,6,4.268,2.792,579.787
4946.0,78.45,60.4,0.0,-0.5,6,0.764,2.739,582.923
4961.7,78.36,24.1,42.6,-0.5,6,-1.577,2.698,585.013
4961.7,77.49,0.0,74.2,-0.6,6,-5.071,2.635,588.124
4961.7,76.69,0.0,81.5,-0.5,6,-7.378,2.595,590.172
4961.7,75.40,0.0,84.7,-0.5,6,-10.797,2.538,593.199
4977.1,74.53,0.0,85.1,-0.5,6,-13.046,2.502,595.184
4977.1,73.23,0.0,85.8,-0.6,6,-16.376,2.451,598.114
4977.1,72.36,0.0,85.9,-0.7,6,-18.566,2.417,600.986
4977.1,71.06,0.0,86.5,-0.7,6,-21.807,2.368,602.868
4991.7,69.76,0.0,86.1,-0.9,6,-24.996,2.318,605.642
4991.7,68.90,0.0,86.1,-1.0,6,-27.092,2.284,607.460
4991.7,67.60,0.0,85.4,-1.0,6,-30.194,2.232,610.136
4991.7,66.74,0.0,85.1,-1.0,6,-32.234,2.199,611.887
5005.4,65.48,0.0,85.7,-1.3,6,-35.254,2.152,614.464
5005.4,64.63,0.0,86.0,-1.4,6,-37.239,2.122,616.148
5005.4,63.36,0.0,85.7,-1.7,6,-40.177,2.078,618.624
5005.4,62.52,0.0,85.7,-1.7,6,-42.109,2.049,620.241
5018.2,61.26,0.0,85.8,-1.8,0,-44.967,2.006,622.616
5018.2,60.45,22.9,86.9,-1.9,0,-46.847,1.977,624.165
5018.2,59.18,0.0,86.1,-2.3,5,-49.629,1.933,626.436
5018.2,58.35,0.0,85.7,-2.9,5,-51.458,1.905,627.914
5030.2,57.10,0.0,85.5,-3.9,5,-54.167,1.864,630.076
5030.2,55.86,0.0,85.5,-4.5,5,-56.835,1.824,632.169
5030.2,55.04,0.0,85.4,-4.8,5,-58.592,1.798,633.525
5041.3,53.81,0.0,85.3,-4.8,5,-61.197,1.759,635.498
5041.3,53.02,25.2,84.8,-4.7,0,-62.914,1.733,636.772
5041.3,51.82,0.0,72.9,-3.6,4,-65.462,1.694,638.620
5041.3,51.09,0.0,61.9,-2.7,4,-67.144,1.669,639.807
5051.7,50.17,0.0,53.0,-2.1,4,-69.652,1.633,641.524
5051.7,49.37,0.0,51.1,-3.6,4,-72.148,1.599,643.166
5051.7,48.82,0.0,57.2,-5.2,4,-73.806,1.577,644.220
5051.7,47.94,0.0,62.3,-7.3,4,-76.281,1.544,645.741
5061.3,47.33,0.0,57.3,-8.7,4,-77.920,1.523,646.715
5061.3,46.49,0.0,48.1,-9.1,4,-80.361,1.490,648.117
5061.3,46.01,0.0,40.1,-8.5,4,-81.981,1.468,649.012
5061.3,45.40,0.0,27.4,-8.3,4,-84.403,1.436,650.298
5070.4,45.08,0.0,23.4,-9.3,4,-86.017,1.413,651.119
5070.4,44.67,0.0,15.7,-10.8,4,-88.438,1.378,652.296
5070.4,44.45,0.0,23.6,-11.6,4,-90.056,1.356,653.045
5070.4,43.97,0.0,37.3,-12.9,4,-92.485,1.322,654.115
5079.2,43.57,0.0,38.4,-13.1,4,-94.100,1.300,654.792
5079.2,43.02,32.2,26.2,-12.4,0,-96.514,1.267,655.751
5079.2,42.59,0.0,15.2,-12.1,3,-98.923,1.235,656.641
5079.2,42.36,0.0,11.0,-12.6,3,-100.529,1.214,657.197
5087.9,42.09,0.0,7.3,-14.2,3,-102.940,1.182,657.976
5087.9,41.93,0.0,4.8,-15.3,3,-104.550,1.161,658.458
5087.9,41.73,0.0,1.9,-16.3,3,-106.970,1.129,659.125
5087.9,41.61,0.0,2.2,-17.3,3,-108.586,1.109,659.532
5096.6,41.43,0.0,2.6,-18.5,3,-111.014,1.079,660.088
5096.6,41.31,0.0,3.3,-18.7,3,-112.635,1.058,660.422
5096.6,41.11,0.0,3.7,-18.6,3,-115.068,1.028,660.865
5096.6,40.97,0.0,3.5,-18.7,3,-116.689,1.009,661.122
5105.3,40.77,0.0,4.7,-14.8,3,-119.120,0.980,661.448
5105.3,40.63,0.0,4.4,-15.2,3,-120.738,0.962,661.627
5105.3,40.43,0.0,5.1,-11.9,3,-123.161,0.936,661.837
5105.3,40.29,0.0,5.3,-11.1,3,-124.772,0.921,661.939
5113.6,40.09,0.0,4.8,-14.4,3,-127.182,0.900,662.043
5113.6,39.89,0.0,4.6,-15.0,3,-129.581,0.878,662.087
5113.6,39.77,0.0,4.5,-17.3,3,-131.174,0.864,662.084
5113.6,39.57,0.0,6.3,-18.3,3,-133.554,0.843,662.030
5122.1,39.42,0.0,6.1,-20.0,3,-135.132,0.829,661.961
5122.1,39.20,0.0,3.7,-20.9,3,-137.486,0.810,661.804
5122.1,39.07,0.0,0.5,-22.1,3,-139.045,0.797,661.663
5122.1,38.92,1.9,0.0,-20.5,3,-141.369,0.778,661.394
5130.6,38.82,0.4,0.6,-18.8,3,-142.908,0.766,661.177
5130.6,38.66,0.0,0.5,-19.2,3,-145.201,0.748,660.795
5130.6,38.55,0.0,1.1,-21.2,3,-146.718,0.736,660.504
5130.6,38.38,0.0,0.2,-24.8,3,-148.972,0.719,660.010
5138.6,38.27,0.9,0.1,-26.7,3,-150.461,0.708,659.644
5138.6,38.11,0.6,0.0,-28.9,3,-152.671,0.692,659.039
5138.6,37.94,1.8,0.0,-30.2,3,-154.851,0.676,658.366
5138.6,37.83,0.5,2.6,-31.0,3,-156.287,0.666,657.879
5146.9,37.62,0.0,4.0,-31.6,3,-158.410,0.651,657.093
5146.9,37.45,0.0,5.9,-31.5,3,-159.803,0.641,656.532
5146.9,37.21,1.2,0.2,-30.6,3,-161.855,0.629,655.635
5146.9,37.10,10.3,0.0,-29.8,3,-163.197,0.622,654.998
5155.3,36.98,16.3,0.0,-27.9,3,-165.174,0.617,653.983
5155.3,36.91,17.4,0.0,-26.9,3,-166.467,0.615,653.267
5155.3,36.82,12.1,0.0,-25.6,3,-168.370,0.613,652.141
5155.3,36.74,10.2,0.0,-26.3,3,-169.615,0.612,651.355
5163.2,36.61,4.5,0.0,-31.1,3,-171.443,0.608,650.130
5163.2,36.52,11.9,0.0,-35.3,3,-172.636,0.604,649.284
5163.2,36.45,32.6,0.0,-40.5,3,-174.384,0.599,647.966
5163.2,36.46,34.9,0.0,-44.7,3,-175.520,0.599,647.052
5171.5,36.51,43.4,0.0,-51.3,3,-177.185,0.603,645.633
5171.5,36.55,40.7,0.0,-57.1,3,-178.808,0.607,644.160
5171.5,36.57,32.3,0.0,-60.6,3,-179.865,0.610,643.149
5179.6,36.46,14.4,0.0,-66.0,3,-181.408,0.614,641.593
5179.6,36.36,11.6,0.0,-68.0,3,-182.404,0.618,640.531
5179.6,36.19,9.5,0.0,-69.3,3,-183.848,0.624,638.902
5179.6,36.06,8.9,0.0,-69.1,3,-184.775,0.630,637.793
5187.0,35.88,8.6,0.0,-66.8,3,-186.110,0.640,636.097
5187.0,35.76,8.5,0.0,-65.5,3,-186.963,0.647,634.945
5187.0,35.59,8.7,0.0,-66.8,3,-188.187,0.657,633.190
5187.0,35.46,8.6,0.0,-65.8,3,-188.967,0.664,632.001
5194.2,35.28,8.8,0.0,-67.1,3,-190.081,0.674,630.194
5194.2,35.17,8.8,0.0,-67.8,3,-190.785,0.682,628.974
5194.2,34.99,8.8,0.0,-67.4,3,-191.783,0.695,627.121
5194.2,34.88,8.8,0.0,-64.1,3,-192.412,0.702,625.872
5201.0,34.72,9.7,0.0,-58.5,3,-193.299,0.712,623.982
5201.0,34.58,14.1,0.0,-51.4,3,-194.119,0.720,622.072
5201.0,34.50,19.1,0.0,-46.3,3,-194.628,0.724,620.787
5201.0,34.45,33.0,0.0,-38.1,3,-195.334,0.729,618.843
5229.1,39.12,91.1,0.0,-4.8,3,-199.725,0.796,592.255
5229.1,39.56,91.1,0.0,-2.9,3,-199.826,0.809,589.898
5237.0,39.84,86.9,0.0,-1.1,3,-199.880,0.819,588.311
5267.6,35.37,0.0,8.7,15.9,3,-202.925,1.025,558.380
5267.6,35.21,0.0,11.4,16.3,3,-203.286,1.035,557.015
5267.6,34.83,0.0,30.0,16.8,0,-203.870,1.052,554.994
5267.6,34.37,0.0,27.5,17.1,2,-204.498,1.069,553.015
5275.2,33.62,0.0,61.1,16.7,2,-205.168,1.086,551.082
5275.2,33.04,0.0,46.4,15.7,2,-205.630,1.097,549.831
5275.2,32.37,0.0,29.2,13.6,2,-206.352,1.115,548.007
5275.2,32.04,0.0,21.6,13.2,2,-206.856,1.128,546.821
5282.3,31.65,0.0,16.1,14.6,2,-207.648,1.148,545.082
5282.3,31.43,0.0,14.2,16.7,2,-208.199,1.162,543.948
5282.3,31.11,0.0,19.7,19.9,2,-209.061,1.183,542.280
5282.3,30.72,0.0,20.8,22.4,2,-209.957,1.203,540.656
5289.7,30.47,0.0,17.3,23.2,2,-210.574,1.216,539.598
5289.7,30.14,0.0,13.1,23.8,2,-211.530,1.234,538.051
5289.7,29.94,0.0,12.2,24.2,2,-212.188,1.247,537.045
5289.7,29.68,0.0,5.8,25.2,2,-213.208,1.265,535.576
5296.3,29.54,0.0,4.6,26.1,2,-213.911,1.277,534.622
5296.3,29.35,0.0,2.6,27.8,2,-214.999,1.294,533.230
5296.3,29.24,0.0,0.1,28.8,2,-215.747,1.304,532.328
5296.3,29.10,0.1,0.6,30.6,2,-216.904,1.320,531.014
5302.6,29.00,0.0,1.4,31.9,2,-217.697,1.330,530.165
5326.7,28.88,30.6,0.0,58.2,2,-236.519,1.438,518.501
5326.7,28.90,28.8,0.0,59.5,2,-237.627,1.439,518.173
5326.7,28.90,26.9,0.0,61.2,2,-239.304,1.440,517.736
5326.7,28.89,23.2,0.0,62.3,2,-240.432,1.441,517.481
5332.6,28.85,19.0,0.0,64.2,2,-242.134,1.440,517.156
5350.3,28.55,49.7,0.0,50.3,2,-263.985,1.351,519.184
5356.1,28.68,54.7,0.0,48.4,2,-265.055,1.341,519.590
5356.1,28.94,66.2,0.0,45.1,2,-266.649,1.325,520.256
5356.1,29.17,76.5,0.0,42.9,2,-267.706,1.314,520.737
5356.1,29.56,76.2,0.0,41.1,2,-269.286,1.297,521.514
5389.8,34.65,71.1,0.0,36.5,2,-288.809,0.988,538.855
5421.3,37.23,91.2,0.0,16.2,2,-299.735,0.686,568.090
5421.3,37.74,90.7,0.0,8.5,2,-299.957,0.673,570.328
5421.3,38.07,91.2,0.0,5.5,2,-300.071,0.665,571.839
5429.0,38.59,91.2,0.0,4.0,2,-300.194,0.654,574.134
5429.0,39.11,91.2,0.0,6.7,2,-300.263,0.644,576.463
5429.0,39.44,91.2,0.0,9.4,2,-300.283,0.639,578.033
5437.1,39.94,91.2,0.0,12.2,2,-300.278,0.633,580.414
5437.1,40.27,91.3,0.0,13.3,2,-300.253,0.630,582.017
5437.1,40.74,91.3,0.0,13.6,2,-300.177,0.624,584.445
5437.1,41.06,91.3,0.0,13.5,2,-300.100,0.620,586.079
5445.2,41.51,91.3,0.0,13.4,2,-299.941,0.613,588.550
5445.2,41.81,91.4,0.0,13.2,2,-299.804,0.609,590.210
5445.2,41.95,0.0,0.0,15.7,0,-299.550,0.600,592.713
5445.2,42.09,91.1,0.0,15.0,3,-299.348,0.594,594.380
5453.4,42.52,91.1,0.0,14.4,3,-298.994,0.584,596.893
5453.4,42.79,91.1,0.0,16.4,3,-298.724,0.576,598.577
5453.4,43.20,91.1,0.0,19.0,3,-298.266,0.564,601.115
5453.4,43.32,51.9,0.0,21.1,3,-297.745,0.548,603.658
5461.7,43.54,91.1,0.0,20.3,3,-297.363,0.535,605.352
5461.7,43.92,91.2,0.0,19.1,3,-296.729,0.515,607.897
5461.7,44.18,91.2,0.0,16.3,3,-296.267,0.501,609.597
5461.7,44.57,91.2,0.0,11.0,3,-295.515,0.479,612.150
5470.4,44.84,91.2,0.0,10.2,3,-294.976,0.461,613.854
5470.4,45.24,91.2,0.0,6.5,3,-294.114,0.431,616.414
5470.4,45.50,91.2,0.0,4.2,3,-293.501,0.411,618.122
5470.4,45.91,91.2,0.0,2.8,3,-292.535,0.377,620.687
5479.4,46.20,91.2,0.0,3.5,3,-291.863,0.354,622.401
5479.4,46.64,91.3,0.0,4.3,3,-290.822,0.318,624.984
5479.4,46.91,91.2,0.0,4.2,3,-290.109,0.294,626.713
5479.4,47.38,91.3,0.0,4.0,3,-289.010,0.262,629.318
5488.8,47.54,91.3,0.0,4.2,3,-288.262,0.235,631.062
5488.8,48.06,91.3,0.0,4.0,3,-287.122,0.180,633.691
5488.8,48.25,0.0,0.0,0.9,0,-285.945,0.131,636.330
5488.8,48.30,71.3,0.0,-1.5,4,-285.149,0.091,638.088
5498.3,48.65,91.2,0.0,1.0,4,-283.921,0.035,640.722
5498.3,48.93,91.2,0.0,2.7,4,-283.083,0.001,642.484
5498.3,49.29,91.2,0.0,4.4,4,-281.802,-0.044,645.135
5498.3,49.52,91.2,0.0,4.8,4,-280.932,-0.072,646.908
5508.0,49.92,91.1,0.0,4.0,4,-279.603,-0.115,649.578
5508.0,50.16,91.2,0.0,3.5,4,-278.701,-0.141,651.363
5508.0,50.53,91.2,0.0,2.3,4,-277.324,-0.177,654.050
5508.0,50.78,91.2,0.0,2.0,4,-276.389,-0.201,655.848
5518.1,51.12,78.4,0.0,1.2,4,-274.965,-0.242,658.547
5560.5,55.51,59.5,0.0,2.5,4,-252.641,-0.423,694.875
5560.5,55.72,59.6,0.0,2.1,4,-251.365,-0.427,696.697
5560.5,56.03,59.7,0.0,2.2,4,-249.430,-0.433,699.434
5560.5,56.24,59.7,0.0,2.3,4,-248.128,-0.438,701.263
5571.6,56.55,59.8,0.0,2.7,4,-246.156,-0.446,704.012
5571.6,56.75,59.9,0.0,2.9,4,-244.828,-0.451,705.847
5571.6,57.05,60.0,0.0,3.3,4,-242.814,-0.459,708.603
5571.6,57.25,60.0,0.0,3.6,4,-241.457,-0.464,710.442
5582.8,57.54,60.0,0.0,4.1,4,-239.397,-0.470,713.201
5582.8,57.74,60.0,0.0,4.3,4,-238.007,-0.474,715.040
5582.8,58.02,60.0,0.0,4.5,4,-235.896,-0.478,717.797
5582.8,58.21,60.0,0.0,4.7,4,-234.470,-0.479,719.633
5594.4,58.50,60.0,0.0,4.9,4,-232.304,-0.482,722.383
5594.4,58.77,60.0,0.0,5.1,4,-230.102,-0.483,725.126
5594.4,58.95,60.0,0.0,5.2,4,-228.614,-0.484,726.950
5594.4,59.21,60.0,0.0,5.2,4,-226.352,-0.483,729.678
5643.1,62.19,59.0,0.0,5.1,5,-192.645,-0.241,764.623
5655.7,62.43,59.1,0.0,5.3,5,-189.870,-0.228,767.128
5655.7,62.58,59.1,0.0,5.0,5,-188.001,-0.223,768.788
5655.7,62.80,59.2,0.0,4.9,5,-185.167,-0.218,771.260
5655.7,62.95,59.3,0.0,4.8,5,-183.258,-0.216,772.897
5668.5,63.17,59.4,0.0,4.7,5,-180.362,-0.209,775.332
5668.5,63.32,59.4,0.0,5.0,5,-178.412,-0.204,776.944
5668.5,63.55,59.5,0.0,5.5,5,-175.458,-0.196,779.343
5681.4,63.77,59.5,0.0,5.9,5,-172.468,-0.193,781.719
5681.4,63.92,59.6,0.0,6.4,5,-170.455,-0.192,783.290
5681.4,64.13,59.6,0.0,6.3,5,-167.405,-0.195,785.625
5681.4,64.27,59.7,0.0,6.3,5,-165.350,-0.197,787.164
5694.6,64.48,59.7,0.0,6.1,5,-162.233,-0.197,789.444
5694.6,64.62,59.8,0.0,6.1,5,-160.132,-0.195,790.945
5694.6,64.83,59.8,0.0,6.7,5,-156.949,-0.192,793.168
5694.6,64.97,59.9,0.0,6.7,5,-154.805,-0.192,794.632
5707.7,65.16,60.0,0.0,6.3,5,-151.557,-0.192,796.797
5707.7,65.30,60.0,0.0,5.6,5,-149.370,-0.189,798.219
5707.7,65.49,60.0,0.0,5.6,5,-146.056,-0.181,800.319
5707.7,65.63,60.1,0.0,6.0,5,-143.827,-0.176,801.700
5721.1,65.85,60.1,0.0,6.5,5,-140.454,-0.173,803.744
5721.1,66.05,60.1,0.0,6.5,5,-137.045,-0.172,805.751
5721.1,66.17,60.1,0.0,6.0,5,-134.752,-0.170,807.066
5721.1,66.36,60.1,0.0,6.0,5,-131.280,-0.164,809.002
5734.7,66.49,60.1,0.0,6.8,5,-128.946,-0.163,810.271
5734.7,66.67,60.1,0.0,7.4,5,-125.414,-0.163,812.137
5734.7,66.79,60.1,0.0,7.4,5,-123.039,-0.160,813.355
5734.7,66.98,60.1,0.0,7.4,5,-119.446,-0.158,815.144
5748.2,67.09,60.1,0.0,6.9,5,-117.032,-0.155,816.309
5748.2,67.27,60.1,0.0,7.2,5,-113.380,-0.151,818.015
5748.2,67.39,60.1,0.0,7.3,5,-110.926,-0.150,819.125
5748.2,67.56,60.1,0.0,7.7,5,-107.217,-0.147,820.746
5761.8,67.67,60.1,0.0,7.7,5,-104.725,-0.143,821.796
5761.8,67.84,60.1,0.0,7.4,5,-100.959,-0.137,823.326
5761.8,67.95,60.1,0.0,7.5,5,-98.430,-0.132,824.316
5761.8,68.12,60.1,0.0,7.4,5,-94.610,-0.126,825.755
5775.5,68.29,60.1,0.0,7.7,5,-90.759,-0.120,827.138
5775.5,68.40,60.1,0.0,7.7,5,-88.175,-0.117,828.029
5775.5,68.55,60.2,0.0,7.2,5,-84.274,-0.112,829.317
5775.5,68.66,60.2,0.0,7.0,5,-81.657,-0.107,830.143
5789.2,68.82,60.2,0.0,6.9,5,-77.709,-0.099,831.332
5789.2,68.93,60.2,0.0,6.9,5,-75.061,-0.094,832.093
5789.2,69.08,60.2,0.0,7.0,5,-71.068,-0.086,833.186
5789.2,69.19,60.2,0.0,7.4,5,-68.392,-0.081,833.883
5802.9,69.35,60.2,0.0,5.3,5,-64.357,-0.071,834.879
5802.9,69.46,60.3,0.0,4.9,5,-61.655,-0.065,835.512
5802.9,69.62,60.3,0.0,4.1,5,-57.582,-0.053,836.416
5802.9,69.72,60.3,0.0,3.8,5,-54.856,-0.043,836.991
5816.7,69.89,60.3,0.0,3.8,5,-50.750,-0.026,837.817
5816.7,70.00,60.3,0.0,3.8,5,-48.003,-0.013,838.345
5816.7,70.16,60.1,0.0,3.7,5,-43.868,0.009,839.107
5816.7,70.13,0.0,0.0,3.6,0,-39.720,0.033,839.833
5830.6,70.17,86.3,0.0,3.2,6,-36.953,0.048,840.297
5830.6,70.34,76.6,0.0,2.9,6,-32.791,0.071,840.962
5830.6,70.44,70.1,0.0,3.2,6,-30.008,0.087,841.387
5830.6,70.60,60.4,0.0,2.6,6,-25.822,0.112,841.995
32.9,72.75,59.8,0.0,0.4,6,32.544,0.523,848.942
