opponent,v3,Earl Bamber,0,1771613880462
Game,version,date,track,car,event,laptime [s],S1 [s],S2 [s],S3 [s],S4+ [s]
LMU,1.2,2026-02-20 18:58:00,Silverstone Grand Prix Circuit - ELMS,Cadillac Hertz Team Jota 2025 #38:LM (Hyper),Live,107.115,0,0,0
Tracklen [m],TotalLaps
5869.1,16
,
,
lapdistance [m],speed [m/s],throttle [%],brake [%],steer [%],gear [int],world_x [m],world_y [m],world_z [m]
118.9,73.71,92.6,0.0,0.4,6,123.950,1.331,859.176
118.9,73.84,92.7,0.0,0.0,6,128.354,1.354,859.618
118.9,73.93,92.7,0.0,-0.2,6,131.295,1.369,859.912
133.6,74.06,92.8,0.0,0.3,6,135.713,1.395,860.351
133.6,74.20,92.8,0.0,0.2,6,140.139,1.429,860.790
133.6,74.36,92.8,0.0,0.1,6,144.574,1.459,861.227
148.5,74.44,92.9,0.0,0.0,6,147.535,1.478,861.518
148.5,74.58,92.9,0.0,0.3,6,151.984,1.505,861.953
148.5,74.67,92.9,0.0,0.3,6,154.954,1.523,862.243
148.5,74.81,92.9,0.0,0.2,6,159.417,1.547,862.676
163.4,74.89,93.0,0.0,0.1,6,162.397,1.565,862.964
163.4,75.02,93.0,0.0,-0.0,6,166.873,1.594,863.395
163.4,75.15,93.0,0.0,-0.1,6,171.357,1.624,863.826
163.4,75.24,93.0,0.0,-0.0,6,174.351,1.644,864.113
178.4,75.37,93.1,0.0,-0.1,6,178.849,1.674,864.543
178.4,75.46,93.1,0.0,-0.3,6,181.852,1.694,864.830
178.4,75.60,93.1,0.0,-0.2,6,186.362,1.721,865.262
178.4,75.68,93.2,0.0,-0.1,6,189.374,1.739,865.551
193.5,75.67,21.1,0.0,-0.5,6,193.895,1.768,865.985
193.5,75.51,0.0,0.0,-0.9,6,196.905,1.787,866.274
193.5,75.34,0.0,0.0,-0.9,6,199.908,1.805,866.565
193.5,74.99,0.0,0.0,-0.7,6,205.893,1.839,867.153
208.6,74.82,0.0,0.0,-0.6,6,208.875,1.854,867.450
208.6,74.55,0.0,0.0,-0.3,6,213.334,1.878,867.902
208.6,74.38,0.0,0.0,-0.0,6,216.297,1.897,868.207
208.6,74.12,0.0,0.0,0.2,6,220.728,1.929,868.666
223.5,73.88,0.0,0.0,0.2,6,225.145,1.960,869.126
223.5,73.71,0.0,0.0,0.2,6,228.081,1.980,869.431
223.5,73.44,0.0,0.0,0.4,6,232.472,2.012,869.884
223.5,73.27,0.0,0.0,0.6,6,235.392,2.035,870.183
238.2,73.02,0.0,0.0,0.6,6,239.759,2.068,870.623
238.2,72.85,0.0,0.0,0.6,6,242.662,2.087,870.912
238.2,72.60,0.0,0.0,1.3,6,247.005,2.110,871.336
238.2,72.44,0.0,0.0,1.9,6,249.893,2.125,871.614
252.8,72.20,0.0,7.0,2.5,6,254.214,2.147,872.019
252.8,71.92,0.0,40.0,2.7,6,257.086,2.161,872.282
252.8,71.02,0.0,71.5,2.6,6,261.361,2.184,872.658
327.9,57.27,11.1,0.0,18.2,5,326.663,2.501,871.786
327.9,57.16,16.6,0.0,19.4,5,328.912,2.513,871.362
327.9,57.00,20.0,0.0,20.8,5,332.265,2.530,870.664
327.9,56.84,21.1,0.0,21.6,5,335.592,2.546,869.891
339.4,56.74,17.2,0.0,21.7,5,337.794,2.557,869.332
432.4,56.79,88.7,0.0,10.4,5,415.901,3.016,815.864
489.3,59.73,90.0,0.0,-1.3,5,440.350,3.317,769.616
489.3,59.96,90.1,0.0,1.5,5,441.527,3.348,766.224
489.3,60.12,90.1,0.0,4.9,5,442.286,3.368,763.946
489.3,60.31,90.3,0.0,7.6,5,443.390,3.397,760.506
501.2,60.47,76.1,0.0,7.2,5,444.107,3.416,758.199
501.2,60.64,82.5,0.0,5.2,5,445.152,3.440,754.720
501.2,60.79,90.3,0.0,3.9,5,445.829,3.454,752.389
501.2,60.97,90.4,0.0,2.6,5,446.811,3.481,748.871
513.2,61.13,89.8,0.0,3.2,5,447.447,3.500,746.513
513.2,61.36,89.3,0.0,4.5,5,448.374,3.529,742.958
513.2,61.49,90.0,0.0,5.4,5,448.976,3.547,740.576
513.2,61.73,90.6,0.0,6.2,5,449.856,3.575,736.985
525.3,61.90,90.6,0.0,6.6,5,450.426,3.596,734.579
525.3,62.09,90.9,0.0,5.6,5,451.249,3.633,730.952
525.3,62.31,90.8,0.0,3.9,5,452.042,3.654,727.307
525.3,62.47,90.8,0.0,2.5,5,452.549,3.666,724.863
537.7,62.68,90.9,0.0,2.5,5,453.265,3.696,721.178
537.7,62.83,91.0,0.0,3.7,5,453.719,3.717,718.709
537.7,63.07,91.0,0.0,4.7,5,454.373,3.745,714.990
537.7,63.20,91.1,0.0,4.5,5,454.794,3.761,712.500
550.2,63.44,91.1,0.0,3.0,5,455.399,3.786,708.750
550.2,63.59,91.2,0.0,2.4,5,455.787,3.805,706.239
550.2,63.81,91.2,0.0,1.9,5,456.348,3.836,702.459
550.2,63.97,91.3,0.0,1.6,5,456.710,3.856,699.930
562.9,64.19,91.3,0.0,1.3,5,457.240,3.887,696.122
562.9,64.34,91.4,0.0,1.1,5,457.585,3.910,693.576
562.9,64.56,91.4,0.0,1.0,5,458.095,3.942,689.743
562.9,64.71,91.5,0.0,0.9,5,458.430,3.964,687.179
575.6,64.92,91.5,0.0,0.8,5,458.925,3.997,683.322
575.6,65.08,91.5,0.0,0.9,5,459.251,4.019,680.743
575.6,65.29,91.6,0.0,1.1,5,459.734,4.052,676.862
588.6,65.51,91.7,0.0,1.1,5,460.209,4.085,672.968
588.6,65.64,91.7,0.0,1.1,5,460.522,4.108,670.364
588.6,65.86,91.8,0.0,1.1,5,460.985,4.141,666.446
588.6,66.00,91.8,0.0,1.1,5,461.289,4.163,663.827
601.6,66.21,91.9,0.0,1.1,5,461.736,4.195,659.886
601.6,66.35,91.9,0.0,1.2,5,462.029,4.217,657.252
601.6,66.55,92.0,0.0,1.2,5,462.459,4.251,653.289
601.6,66.69,92.0,0.0,1.2,5,462.740,4.274,650.639
614.9,66.89,92.1,0.0,1.3,5,463.153,4.308,646.653
614.9,67.03,92.1,0.0,1.3,5,463.421,4.330,643.989
614.9,67.23,92.2,0.0,1.2,5,463.814,4.362,639.981
614.9,67.36,92.2,0.0,1.3,5,464.068,4.384,637.301
628.3,67.56,92.3,0.0,1.2,5,464.439,4.418,633.271
628.3,67.69,92.3,0.0,1.3,5,464.679,4.440,630.577
628.3,67.89,92.3,0.0,1.3,5,465.028,4.473,626.525
628.3,68.08,92.4,0.0,1.4,5,465.365,4.504,622.461
641.9,68.21,92.4,0.0,1.3,5,465.582,4.526,619.744
641.9,68.40,92.5,0.0,1.2,5,465.898,4.558,615.659
641.9,68.52,92.5,0.0,1.1,5,466.102,4.579,612.928
641.9,68.71,92.6,0.0,1.0,5,466.398,4.612,608.823
655.6,68.83,92.6,0.0,1.0,5,466.589,4.634,606.079
655.6,69.01,92.7,0.0,0.9,5,466.868,4.666,601.954
655.6,69.14,92.7,0.0,0.8,5,467.049,4.688,599.197
655.6,69.31,92.8,0.0,0.7,5,467.313,4.719,595.053
669.4,69.43,92.8,0.0,0.1,5,467.485,4.741,592.283
858.4,75.36,0.0,0.0,-8.9,6,482.245,4.473,399.570
858.4,75.17,0.0,0.0,-8.4,6,482.924,4.457,396.636
858.4,74.89,0.0,0.0,-7.9,6,483.999,4.429,392.264
873.2,74.70,0.0,0.0,-7.7,6,484.753,4.405,389.369
873.2,74.42,0.0,0.0,-8.0,6,485.943,4.364,385.056
873.2,74.22,0.0,0.0,-7.6,6,486.776,4.333,382.202
873.2,73.93,0.0,0.0,-6.5,6,488.086,4.285,377.955
887.9,73.74,0.0,0.0,-6.2,6,488.999,4.251,375.146
887.9,73.46,0.0,0.0,-6.0,6,490.425,4.199,370.966
887.9,73.19,0.0,0.0,-6.3,6,491.919,4.144,366.828
887.9,73.01,0.0,0.0,-6.5,6,492.950,4.107,364.091
902.8,72.74,0.0,0.0,-6.6,6,494.548,4.053,360.021
902.8,72.57,0.0,0.0,-5.4,6,495.647,4.017,357.331
902.8,72.32,0.0,0.0,-2.2,6,497.342,3.963,353.328
902.8,72.15,0.0,0.0,-0.0,6,498.498,3.927,350.680
917.6,71.92,0.0,0.0,2.5,6,500.264,3.876,346.735
917.6,71.76,0.0,0.0,2.7,6,501.452,3.843,344.118
917.6,71.54,0.0,0.0,2.9,6,503.232,3.790,340.205
917.6,71.39,0.0,0.0,3.4,6,504.410,3.751,337.601
932.4,71.14,0.0,0.0,4.3,6,506.152,3.692,333.696
932.4,70.98,0.0,0.0,5.2,6,507.292,3.655,331.091
932.4,70.74,0.0,0.0,6.1,6,508.965,3.608,327.183
932.4,70.59,0.0,0.0,6.5,6,510.053,3.580,324.574
946.8,70.25,0.0,25.2,7.5,6,511.641,3.540,320.656
946.8,69.66,0.0,27.9,5.4,6,513.165,3.503,316.743
946.8,69.26,0.0,27.4,4.3,6,514.141,3.482,314.142
946.8,68.59,0.0,54.2,3.6,6,515.548,3.452,310.251
960.7,67.95,0.0,60.4,4.4,6,516.446,3.434,307.670
960.7,66.91,0.0,55.2,7.0,6,517.729,3.413,303.831
960.7,66.28,0.0,54.4,7.8,6,518.541,3.402,301.293
960.7,65.38,0.0,39.2,9.0,6,519.696,3.388,297.515
973.7,64.88,0.0,31.4,9.2,6,520.422,3.378,295.013
973.7,64.21,0.0,33.3,8.3,6,521.444,3.363,291.275
973.7,63.78,0.0,8.4,8.0,6,522.079,3.353,288.795
973.7,63.46,0.0,0.0,8.0,6,522.963,3.336,285.083
986.3,63.29,0.0,0.0,8.6,6,523.507,3.324,282.607
986.3,63.04,0.0,5.5,10.1,6,524.253,3.306,278.890
986.3,62.84,0.0,7.1,11.1,6,524.703,3.295,276.413
986.3,62.55,0.0,0.0,12.1,6,525.307,3.281,272.700
999.9,62.28,0.0,0.0,11.2,6,525.831,3.271,268.991
999.9,62.15,33.7,0.0,9.9,0,526.133,3.268,266.521
999.9,61.95,0.0,0.0,8.0,5,526.528,3.262,262.818
999.9,61.79,0.0,0.0,6.7,5,526.761,3.245,260.354
1013.4,61.47,0.0,0.0,8.6,5,527.032,3.235,256.665
1013.4,61.29,0.0,0.0,9.1,5,527.153,3.248,254.213
1013.4,61.08,0.0,0.0,10.6,5,527.294,3.247,250.544
1013.4,60.94,0.0,0.0,12.8,5,527.360,3.231,248.104
1026.8,60.61,0.0,0.0,15.2,5,527.372,3.222,244.458
1026.8,60.44,0.0,0.0,16.5,5,527.330,3.221,242.037
1026.8,60.19,0.0,0.0,18.6,5,527.200,3.218,238.420
1026.8,60.00,0.0,0.0,19.3,5,527.068,3.218,236.020
1039.3,59.73,0.0,0.0,19.6,5,526.798,3.222,232.437
1039.3,59.55,0.0,0.0,18.8,5,526.569,3.229,230.062
1039.3,59.43,75.6,0.0,17.1,5,526.153,3.244,226.519
1039.3,59.54,89.5,0.0,16.1,5,525.829,3.255,224.162
1051.3,59.71,88.4,0.0,15.7,5,525.274,3.271,220.629
1051.3,59.85,70.6,0.0,12.8,5,524.634,3.288,217.100
1051.3,59.84,40.7,0.0,11.8,5,524.158,3.303,214.754
1063.1,59.63,0.0,0.0,11.3,5,523.372,3.328,211.256
1063.1,59.46,0.0,0.0,9.8,5,522.804,3.346,208.942
1063.1,59.22,0.0,0.0,7.1,5,521.891,3.375,205.500
1063.1,59.07,0.0,0.0,5.0,5,521.246,3.395,203.224
1074.9,59.16,89.5,0.0,1.2,5,520.229,3.425,199.829
1074.9,59.33,89.6,0.0,-1.0,5,519.523,3.446,197.567
1074.9,59.29,0.0,0.0,-1.2,5,518.437,3.476,194.176
1074.9,59.16,0.0,0.0,-1.0,5,517.707,3.496,191.922
1086.8,58.96,0.0,0.0,-2.6,5,516.613,3.524,188.551
1086.8,58.83,0.0,0.0,-3.5,5,515.891,3.542,186.309
1086.8,58.65,0.0,0.0,-4.6,5,514.821,3.568,182.950
1086.8,58.52,0.0,0.0,-5.1,5,514.121,3.584,180.714
1098.6,58.33,0.0,0.0,-5.6,5,513.095,3.605,177.362
1098.6,58.14,0.0,0.0,-6.1,5,512.103,3.625,174.011
1098.6,58.01,0.0,0.0,-6.5,5,511.464,3.637,171.778
1098.6,57.81,0.0,0.0,-7.0,5,510.540,3.656,168.428
1110.3,57.69,0.0,9.3,-7.7,5,509.949,3.667,166.194
1110.3,57.21,0.0,46.6,-7.7,5,509.103,3.682,162.849
1110.3,56.68,0.0,51.6,-7.4,5,508.569,3.691,160.633
1110.3,55.78,0.0,55.4,-6.2,5,507.817,3.704,157.342
1121.7,55.15,0.0,52.6,-5.4,5,507.351,3.713,155.172
1121.7,54.28,0.0,47.3,-5.1,5,506.705,3.728,151.952
1121.7,53.75,40.9,38.0,-4.7,0,506.310,3.736,149.827
1121.7,53.08,0.0,26.2,-4.5,4,505.771,3.749,146.666
1132.7,52.73,0.0,14.1,-5.6,4,505.448,3.757,144.574
1132.7,52.37,0.0,3.1,-8.4,4,505.017,3.765,141.451
1132.7,52.21,0.0,0.4,-11.1,4,504.765,3.770,139.375
1132.7,52.00,0.0,0.0,-14.7,4,504.438,3.775,136.265
1143.5,51.79,0.8,0.0,-16.7,4,504.173,3.777,133.162
1143.5,51.68,10.4,0.0,-17.3,4,504.033,3.777,131.097
1143.5,51.56,18.3,0.0,-19.1,4,503.873,3.772,128.004
1143.5,51.49,19.4,0.0,-20.0,4,503.800,3.763,125.944
1154.5,51.34,15.2,0.0,-20.4,4,503.750,3.748,122.859
1154.5,51.21,4.7,4.5,-20.3,4,503.760,3.739,120.807
1154.5,50.92,0.0,3.3,-19.4,4,503.843,3.728,117.743
1154.5,50.74,2.0,0.2,-17.3,4,503.943,3.723,115.712
1165.2,50.53,15.0,0.0,-13.4,4,504.162,3.718,112.682
1165.2,50.44,20.5,0.0,-11.2,4,504.351,3.715,110.672
1165.2,50.31,19.3,0.0,-9.0,4,504.698,3.711,107.669
1165.2,50.22,20.4,0.0,-8.4,4,504.970,3.708,105.677
1175.8,50.12,16.7,0.0,-9.6,4,505.430,3.694,102.701
1175.8,50.01,8.0,0.0,-11.7,4,505.778,3.684,100.729
1175.8,49.82,13.4,0.0,-13.9,4,506.361,3.668,97.791
1175.8,49.69,17.7,0.0,-17.0,4,507.019,3.652,94.879
1186.3,49.60,16.6,0.0,-20.3,4,507.495,3.640,92.951
1186.3,49.46,14.8,0.0,-22.9,4,508.266,3.618,90.081
1186.3,49.38,14.0,0.0,-23.6,4,508.818,3.604,88.182
1186.3,49.21,9.7,0.0,-25.1,4,509.697,3.578,85.358
1196.7,49.11,11.4,0.0,-24.8,4,510.317,3.558,83.492
1196.7,48.95,10.1,0.0,-24.3,4,511.298,3.524,80.718
1196.7,48.86,15.5,0.0,-24.0,4,511.987,3.499,78.887
1196.7,48.72,16.3,0.0,-23.6,4,513.075,3.459,76.170
1206.8,48.63,17.6,0.0,-23.7,4,513.836,3.431,74.378
1206.8,48.51,27.8,0.0,-23.9,4,515.033,3.388,71.721
1206.8,48.57,69.2,0.0,-22.5,4,516.296,3.345,69.099
1206.8,48.73,84.3,0.0,-21.2,4,517.179,3.317,67.366
1216.7,49.01,87.5,0.0,-17.1,4,518.566,3.279,64.784
1216.7,49.21,87.6,0.0,-14.6,4,519.533,3.257,63.074
1216.7,49.53,87.7,0.0,-9.6,4,521.044,3.226,60.527
1216.7,49.72,75.2,0.0,-5.1,4,522.089,3.206,58.840
1226.5,49.57,2.1,29.2,0.4,4,523.701,3.177,56.330
1226.5,49.16,0.0,52.5,1.9,4,524.790,3.159,54.681
1226.5,48.24,0.0,69.2,4.8,4,526.421,3.132,52.253
1226.5,47.55,0.0,72.2,7.0,4,527.494,3.115,50.664
1236.2,46.46,0.0,74.3,8.8,4,529.068,3.087,48.321
1236.2,45.69,0.0,74.9,8.9,4,530.089,3.068,46.785
1236.2,44.59,38.8,77.1,8.9,0,531.570,3.040,44.516
1236.2,43.85,0.0,73.7,8.3,3,532.521,3.021,43.023
1245.3,42.81,0.0,37.5,7.0,3,533.893,2.994,40.814
1279.9,40.99,46.3,0.0,21.4,3,546.799,2.482,6.960
1279.9,41.09,41.6,0.0,22.0,3,547.161,2.446,4.525
1288.5,41.15,39.7,0.0,23.3,3,547.368,2.419,2.893
1288.5,41.21,35.8,0.0,25.8,3,547.620,2.378,0.436
1288.5,41.25,38.1,0.0,27.1,3,547.750,2.349,-1.208
1288.5,41.33,51.6,0.0,28.5,3,547.885,2.306,-3.680
1297.5,41.49,69.2,0.0,29.3,3,547.937,2.277,-5.335
1297.5,41.82,85.2,0.0,29.3,3,547.959,2.232,-7.833
1297.5,42.05,70.4,0.0,27.1,3,547.938,2.201,-9.510
1297.5,42.28,68.3,0.0,23.5,3,547.853,2.151,-12.038
1306.8,42.42,54.7,0.0,20.4,3,547.756,2.117,-13.729
1306.8,42.55,47.2,0.0,17.5,3,547.548,2.067,-16.268
1306.8,42.59,43.2,0.0,14.2,3,547.364,2.035,-17.960
1306.8,42.64,39.0,0.0,10.1,3,547.022,1.990,-20.493
1316.3,42.65,35.9,0.0,6.4,3,546.749,1.963,-22.177
1316.3,42.59,37.3,0.0,2.0,3,546.272,1.925,-24.690
1316.3,42.64,58.1,0.0,-1.1,3,545.911,1.901,-26.355
1316.3,42.65,14.9,0.0,-11.4,3,545.311,1.864,-28.844
1325.8,42.50,14.2,0.0,-10.9,3,544.634,1.833,-31.306
1325.8,42.41,14.0,0.0,-7.9,3,544.144,1.812,-32.932
1325.8,42.27,13.9,0.0,0.3,3,543.352,1.780,-35.346
1325.8,42.27,60.7,0.0,7.3,3,542.786,1.758,-36.939
1335.1,42.60,86.8,0.0,17.7,3,541.875,1.724,-39.314
1335.1,42.87,86.9,0.0,23.9,3,541.226,1.703,-40.895
1335.1,43.26,87.1,0.0,30.6,3,540.187,1.675,-43.260
1335.1,43.53,87.2,0.0,33.4,3,539.455,1.658,-44.833
1344.0,43.92,87.4,0.0,37.2,3,538.300,1.632,-47.187
1344.0,44.17,87.5,0.0,38.1,3,537.494,1.614,-48.753
1344.0,44.51,80.5,0.0,37.1,3,536.228,1.587,-51.092
1344.0,44.67,64.8,0.0,35.1,3,535.343,1.571,-52.641
1353.3,44.85,66.8,0.0,31.7,3,533.956,1.548,-54.940
1353.3,45.00,75.6,0.0,28.8,3,532.992,1.534,-56.456
1353.3,45.30,87.3,0.0,24.5,3,531.487,1.513,-58.707
1362.5,45.56,72.5,0.0,18.9,3,529.912,1.492,-60.932
1362.5,45.69,63.1,0.0,14.4,3,528.825,1.476,-62.398
1362.5,45.83,54.9,0.0,7.4,3,527.140,1.451,-64.566
1362.5,45.92,68.2,0.0,3.3,3,525.983,1.433,-65.989
1371.7,46.05,39.0,0.0,-2.6,3,524.195,1.404,-68.091
1371.7,46.08,49.8,0.0,-5.3,3,522.971,1.384,-69.468
1371.7,46.28,77.7,0.0,-6.3,3,521.089,1.352,-71.498
1371.7,46.52,87.9,0.0,-5.2,3,519.801,1.331,-72.833
1380.8,46.93,88.7,0.0,-1.1,3,517.819,1.298,-74.815
1380.8,47.22,88.8,0.0,3.1,3,516.468,1.274,-76.126
1380.8,47.63,88.9,0.0,8.5,3,514.404,1.236,-78.081
1380.8,47.89,89.0,0.0,10.0,3,513.005,1.208,-79.382
1390.2,48.30,89.1,0.0,9.9,3,510.874,1.166,-81.326
1390.2,48.56,89.2,0.0,8.9,3,509.430,1.139,-82.617
1390.2,48.94,89.4,0.0,7.1,3,507.228,1.100,-84.540
1390.2,49.20,89.5,0.0,6.8,3,505.735,1.076,-85.812
1399.8,49.30,0.0,0.0,7.3,0,503.462,1.039,-87.705
1399.8,49.54,88.0,0.0,7.4,4,501.161,0.999,-89.569
1399.8,49.77,88.1,0.0,8.0,4,499.604,0.971,-90.801
1399.8,50.11,88.2,0.0,8.2,4,497.232,0.927,-92.632
1409.6,50.35,88.3,0.0,6.6,4,495.628,0.896,-93.840
1409.6,50.69,88.4,0.0,5.6,4,493.185,0.850,-95.633
1409.6,50.92,88.5,0.0,5.6,4,491.534,0.821,-96.816
1409.6,51.26,88.7,0.0,4.8,4,489.023,0.779,-98.572
1419.7,51.49,88.7,0.0,3.9,4,487.327,0.753,-99.732
1419.7,51.84,88.8,0.0,2.1,4,484.755,0.716,-101.460
1419.7,52.07,88.9,0.0,0.9,4,483.022,0.692,-102.606
1419.7,52.41,89.1,0.0,-0.2,4,480.399,0.658,-104.321
1430.2,52.65,89.1,0.0,-0.7,4,478.636,0.636,-105.464
1430.2,52.99,89.3,0.0,-1.9,4,475.976,0.602,-107.185
1430.2,53.22,89.3,0.0,-2.6,4,474.193,0.581,-108.338
1430.2,53.56,89.5,0.0,-3.7,4,471.506,0.548,-110.081
1441.0,53.87,89.6,0.0,-4.2,4,468.811,0.518,-111.847
1441.0,54.10,89.7,0.0,-4.5,4,467.012,0.499,-113.040
1441.0,54.42,89.8,0.0,-5.2,4,464.310,0.470,-114.855
1441.0,54.63,89.9,0.0,-5.7,4,462.509,0.453,-116.085
1452.1,54.95,89.9,0.0,-6.0,4,459.811,0.433,-117.962
1452.1,55.14,90.1,0.0,-6.9,4,458.014,0.415,-119.234
1452.1,55.46,90.0,0.0,-8.5,4,455.323,0.382,-121.175
1452.1,55.67,90.2,0.0,-9.2,4,453.537,0.363,-122.497
1463.6,55.96,90.3,0.0,-9.4,4,450.869,0.335,-124.520
1463.6,56.15,90.4,0.0,-9.0,4,449.102,0.319,-125.899
1463.6,56.44,90.5,0.0,-9.0,4,446.469,0.300,-128.014
1463.6,56.63,90.5,0.0,-9.5,4,444.725,0.288,-129.453
1475.4,56.91,90.6,0.0,-10.4,4,442.129,0.269,-131.656
1475.4,57.10,90.7,0.0,-10.0,4,440.411,0.258,-133.156
1475.4,57.38,90.8,0.0,-7.3,4,437.859,0.247,-135.453
1475.4,57.56,90.8,0.0,-7.0,4,436.173,0.241,-137.015
1487.2,57.85,90.9,0.0,-7.4,4,433.666,0.235,-139.402
1487.2,58.11,91.0,0.0,-7.5,4,431.183,0.230,-141.837
1487.2,58.30,91.1,0.0,-7.0,4,429.541,0.225,-143.488
1487.2,58.57,91.1,0.0,-7.0,4,427.100,0.219,-146.004
1499.0,58.75,91.2,0.0,-7.2,4,425.487,0.216,-147.707
1499.0,59.01,91.3,0.0,-7.3,4,423.089,0.213,-150.301
1499.0,59.19,91.3,0.0,-7.0,4,421.505,0.213,-152.056
1499.0,59.35,0.0,0.0,-6.7,0,419.154,0.217,-154.726
1510.9,59.31,90.1,0.0,-6.4,5,417.607,0.221,-156.525
1510.9,59.55,90.2,0.0,-6.1,5,415.312,0.223,-159.253
1510.9,59.71,90.2,0.0,-6.1,5,413.797,0.222,-161.095
1510.9,59.95,90.3,0.0,-6.7,5,411.548,0.218,-163.893
1522.7,60.12,90.4,0.0,-7.1,5,410.065,0.213,-165.781
1522.7,60.35,90.5,0.0,-7.7,5,407.863,0.202,-168.647
1522.7,60.52,90.5,0.0,-7.7,5,406.413,0.192,-170.581
1522.7,60.75,90.5,0.0,-8.0,5,404.267,0.177,-173.518
1534.7,60.89,90.6,0.0,-6.2,5,402.857,0.167,-175.500
1534.7,61.14,90.7,0.0,-6.1,5,400.771,0.148,-178.508
1534.7,61.37,90.8,0.0,-5.3,5,398.719,0.127,-181.556
1534.7,61.51,90.8,0.0,-5.1,5,397.369,0.113,-183.610
1546.9,61.77,90.9,0.0,-3.9,5,395.369,0.089,-186.721
1546.9,61.93,90.9,0.0,-3.3,5,394.052,0.075,-188.814
1546.9,62.16,91.0,0.0,-3.0,5,392.098,0.058,-191.982
1546.9,62.33,91.0,0.0,-2.9,5,390.807,0.048,-194.111
1559.2,62.57,91.1,0.0,-2.8,5,388.886,0.034,-197.327
1559.2,62.72,91.1,0.0,-2.8,5,387.615,0.025,-199.486
1559.2,62.97,91.2,0.0,-2.3,5,385.722,0.016,-202.747
1559.2,63.13,91.2,0.0,-2.2,5,384.469,0.012,-204.935
1571.8,63.36,91.3,0.0,-2.8,5,382.600,0.007,-208.236
1571.8,63.51,91.4,0.0,-3.4,5,381.361,0.003,-210.450
1571.8,63.75,91.4,0.0,-3.4,5,379.514,-0.002,-213.791
1571.8,63.90,91.5,0.0,-2.7,5,378.292,-0.005,-216.032
1584.5,64.13,91.5,0.0,-1.8,5,376.472,-0.010,-219.414
1584.5,64.28,91.6,0.0,-1.7,5,375.267,-0.014,-221.682
1584.5,64.51,91.6,0.0,-0.7,5,373.472,-0.017,-225.103
1597.3,64.74,91.7,0.0,0.6,5,371.686,-0.019,-228.544
1597.3,64.88,91.7,0.0,0.7,5,370.497,-0.021,-230.847
1597.3,65.11,91.8,0.0,0.4,5,368.710,-0.025,-234.314
1597.3,65.27,91.8,0.0,0.2,5,367.516,-0.028,-236.631
1610.3,65.50,91.9,0.0,-0.2,5,365.718,-0.037,-240.117
1610.3,65.65,91.9,0.0,-0.4,5,364.515,-0.044,-242.447
1610.3,65.86,92.0,0.0,-0.8,5,362.705,-0.057,-245.952
1610.3,66.01,92.0,0.0,-0.9,5,361.495,-0.066,-248.296
1623.5,66.22,92.1,0.0,-0.8,5,359.678,-0.081,-251.821
1623.5,66.37,92.1,0.0,-0.9,5,358.466,-0.090,-254.180
1623.5,66.58,92.2,0.0,-0.9,5,356.648,-0.105,-257.730
1623.5,66.73,92.2,0.0,-1.0,5,355.437,-0.115,-260.104
1636.8,66.94,92.2,0.0,-0.3,5,353.620,-0.131,-263.679
1636.8,67.15,92.3,0.0,-0.1,5,351.804,-0.147,-267.268
1636.8,67.29,92.4,0.0,-0.0,5,350.593,-0.157,-269.668
1636.8,67.50,92.4,0.0,-0.1,5,348.774,-0.174,-273.279
1650.2,67.63,92.4,0.0,-0.2,5,347.560,-0.184,-275.692
1650.2,67.83,92.5,0.0,-0.1,5,345.733,-0.201,-279.323
1650.2,67.98,92.5,0.0,-0.1,5,344.513,-0.212,-281.749
1650.2,68.18,92.6,0.0,-0.1,5,342.678,-0.231,-285.398
1663.8,68.32,92.6,0.0,0.1,5,341.452,-0.244,-287.836
1663.8,68.52,92.6,0.0,-0.1,5,339.609,-0.265,-291.504
1663.8,68.64,92.7,0.0,-0.6,5,338.378,-0.280,-293.955
1663.8,68.84,92.7,0.0,-0.9,5,336.529,-0.301,-297.641
1677.5,68.95,92.8,0.0,-0.8,5,335.295,-0.319,-300.104
1677.5,69.15,92.8,0.0,-0.1,5,333.444,-0.345,-303.811
1677.5,69.28,92.9,0.0,0.3,5,332.212,-0.359,-306.290
1677.5,69.46,92.9,0.0,-0.3,5,330.363,-0.379,-310.019
1691.4,69.66,92.9,0.0,-0.3,5,328.512,-0.403,-313.759
1691.4,69.78,93.0,0.0,-0.2,5,327.276,-0.420,-316.259
1691.4,69.97,93.0,0.0,-0.1,5,325.421,-0.445,-320.018
1691.4,70.00,0.0,0.0,-0.2,0,324.183,-0.461,-322.530
1705.4,69.99,92.2,0.0,0.0,6,322.330,-0.484,-326.296
1705.4,70.11,92.2,0.0,0.1,6,321.094,-0.499,-328.810
1705.4,70.29,92.2,0.0,-0.2,6,319.237,-0.523,-332.591
1705.4,70.41,92.3,0.0,-0.1,6,317.998,-0.538,-335.117
1719.4,70.58,92.3,0.0,-0.1,6,316.136,-0.562,-338.914
1719.4,70.70,92.3,0.0,-0.3,6,314.893,-0.578,-341.451
1719.4,70.87,92.3,0.0,0.0,6,313.026,-0.603,-345.265
1719.4,70.99,92.4,0.0,-0.2,6,311.779,-0.619,-347.814
1733.6,71.16,92.4,0.0,-0.4,6,309.907,-0.643,-351.645
1733.6,71.27,92.4,0.0,-0.3,6,308.658,-0.660,-354.204
1733.6,71.44,92.5,0.0,-0.2,6,306.783,-0.686,-358.053
1733.6,71.55,92.5,0.0,-0.2,6,305.533,-0.704,-360.625
1747.8,71.72,92.6,0.0,-0.2,6,303.656,-0.733,-364.491
1747.8,71.88,92.6,0.0,-0.1,6,301.779,-0.763,-368.368
1747.8,72.00,92.6,0.0,-0.2,6,300.526,-0.784,-370.958
1747.8,72.15,92.7,0.0,-0.2,6,298.646,-0.815,-374.852
1762.2,72.27,92.7,0.0,-0.1,6,297.392,-0.836,-377.454
1762.2,72.43,92.7,0.0,-0.0,6,295.508,-0.870,-381.364
1762.2,72.54,92.7,0.0,-0.0,6,294.251,-0.892,-383.976
1762.2,72.70,92.8,0.0,-0.0,6,292.364,-0.926,-387.903
1776.7,72.80,92.8,0.0,-0.0,6,291.104,-0.947,-390.526
1776.7,72.96,92.8,0.0,-0.0,6,289.212,-0.980,-394.467
1776.7,73.07,92.9,0.0,-0.1,6,287.949,-1.002,-397.100
1776.7,73.22,92.9,0.0,-0.1,6,286.051,-1.036,-401.057
1791.3,73.32,92.9,0.0,-0.0,6,284.783,-1.060,-403.699
1791.3,73.47,92.9,0.0,0.1,6,282.878,-1.094,-407.669
1791.3,73.57,93.0,0.0,0.2,6,281.606,-1.112,-410.320
1791.3,73.73,93.0,0.0,0.2,6,279.694,-1.140,-414.303
1806.0,73.88,93.0,0.0,0.2,6,277.777,-1.168,-418.295
1806.0,73.98,93.0,0.0,0.2,6,276.496,-1.187,-420.960
1806.0,74.13,93.1,0.0,0.1,6,274.569,-1.216,-424.964
1806.0,74.23,93.1,0.0,0.0,6,273.281,-1.236,-427.637
1820.8,74.38,93.1,0.0,0.1,6,271.345,-1.265,-431.652
1820.8,74.48,93.1,0.0,0.2,6,270.050,-1.286,-434.333
1820.8,74.62,93.2,0.0,0.3,6,268.104,-1.316,-438.360
1820.8,74.72,93.2,0.0,0.4,6,266.802,-1.336,-441.048
1835.7,74.86,93.2,0.0,0.5,6,264.845,-1.366,-445.085
1835.7,74.96,93.3,0.0,0.6,6,263.536,-1.385,-447.781
1835.7,75.10,93.3,0.0,0.5,6,261.567,-1.413,-451.828
1835.7,75.20,93.3,0.0,0.3,6,260.249,-1.432,-454.530
1850.7,75.33,93.3,0.0,0.3,6,258.266,-1.458,-458.587
1850.7,75.43,93.3,0.0,0.4,6,256.939,-1.476,-461.294
1850.7,75.56,93.4,0.0,0.6,6,254.942,-1.502,-465.359
1850.7,75.66,93.4,0.0,0.6,6,253.606,-1.521,-468.073
1865.8,75.79,93.4,0.0,0.7,6,251.596,-1.547,-472.147
1865.8,75.93,93.4,0.0,0.6,6,249.577,-1.574,-476.226
1865.8,76.02,93.5,0.0,0.6,6,248.227,-1.592,-478.949
1881.0,76.16,93.5,0.0,0.3,6,246.193,-1.617,-483.036
1881.0,76.24,93.5,0.0,0.3,6,244.833,-1.633,-485.763
1881.0,76.37,93.5,0.0,0.3,6,242.785,-1.658,-489.857
1881.0,76.45,93.6,0.0,0.4,6,241.416,-1.673,-492.589
1896.3,76.58,93.6,0.0,0.4,6,239.356,-1.696,-496.692
1896.3,76.67,93.6,0.0,0.2,6,237.978,-1.711,-499.430
1896.3,76.80,93.6,0.0,-0.0,6,235.906,-1.735,-503.540
1896.3,76.88,93.6,0.0,0.0,6,234.520,-1.751,-506.283
1911.6,77.00,93.7,0.0,0.2,6,232.436,-1.774,-510.402
1911.6,77.09,93.7,0.0,0.4,6,231.043,-1.790,-513.151
1911.6,77.20,93.7,0.0,0.3,6,228.949,-1.814,-517.279
1911.6,77.30,93.7,0.0,0.3,6,227.550,-1.831,-520.033
1927.1,77.41,93.8,0.0,0.2,6,225.446,-1.857,-524.169
1927.1,77.52,93.8,0.0,0.0,6,223.336,-1.881,-528.310
1927.1,77.60,93.8,0.0,0.0,6,221.926,-1.895,-531.074
1927.1,77.72,93.9,0.0,-0.0,6,219.806,-1.917,-535.223
1942.6,77.79,93.9,0.0,-0.1,6,218.391,-1.933,-537.993
1942.6,77.92,93.9,0.0,-0.3,6,216.266,-1.961,-542.153
1942.6,78.00,93.9,0.0,-0.4,6,214.848,-1.982,-544.930
1942.6,78.12,93.9,0.0,-0.5,6,212.719,-2.020,-549.101
1958.2,78.19,93.9,0.0,-0.5,6,211.301,-2.047,-551.886
1958.2,78.30,93.9,0.0,-0.5,6,209.173,-2.092,-556.071
1958.2,78.37,93.9,0.0,-0.4,6,207.756,-2.122,-558.865
1958.2,78.49,94.0,0.0,-0.5,6,205.633,-2.170,-563.064
1973.8,78.56,94.0,0.0,-0.5,6,204.219,-2.204,-565.869
1973.8,78.50,0.0,0.0,-0.5,0,202.102,-2.255,-570.080
1973.8,78.51,93.3,0.0,-0.5,7,200.695,-2.289,-572.887
1973.8,78.62,93.3,0.0,-0.5,7,198.590,-2.342,-577.103
1989.6,78.70,93.4,0.0,-0.5,7,197.188,-2.378,-579.920
1989.6,78.80,93.4,0.0,-0.5,7,195.088,-2.433,-584.152
1989.6,78.90,93.4,0.0,-0.4,7,192.992,-2.487,-588.393
1989.6,78.98,93.4,0.0,-0.2,7,191.596,-2.520,-591.225
2005.3,79.09,93.4,0.0,0.1,7,189.504,-2.576,-595.480
2005.3,79.16,93.4,0.0,0.3,7,188.110,-2.615,-598.321
2005.3,79.27,93.5,0.0,0.3,7,186.018,-2.671,-602.588
2005.3,79.34,93.5,0.0,0.4,7,184.622,-2.709,-605.436
2021.2,79.44,93.5,0.0,0.7,7,182.523,-2.766,-609.712
2021.2,79.51,93.5,0.0,0.9,7,181.120,-2.800,-612.564
2021.2,79.61,93.5,0.0,1.2,7,179.009,-2.853,-616.845
2021.2,79.68,93.5,0.0,1.4,7,177.595,-2.889,-619.700
2037.1,79.78,93.6,0.0,1.4,7,175.464,-2.940,-623.983
2037.1,79.84,93.6,0.0,1.3,7,174.036,-2.969,-626.837
2037.1,79.94,93.6,0.0,1.2,7,171.880,-3.010,-631.118
2037.1,80.01,93.6,0.0,1.1,7,170.434,-3.036,-633.971
2053.1,80.11,93.6,0.0,1.3,7,168.250,-3.073,-638.250
2053.1,80.20,93.6,0.0,1.4,7,166.051,-3.107,-642.527
2053.1,80.27,93.6,0.0,1.2,7,164.577,-3.127,-645.378
2053.1,80.36,93.7,0.0,0.9,7,162.354,-3.154,-649.653
2069.1,80.42,93.7,0.0,0.8,7,160.863,-3.169,-652.502
2069.1,80.51,93.7,0.0,0.7,7,158.616,-3.186,-656.775
2069.1,80.57,93.7,0.0,0.6,7,157.111,-3.195,-659.624
2069.1,80.66,93.7,0.0,0.6,7,154.843,-3.203,-663.896
2085.2,80.73,93.7,0.0,0.6,7,153.325,-3.206,-666.745
2085.2,80.82,93.7,0.0,0.5,7,151.039,-3.208,-671.018
2085.2,80.88,93.7,0.0,0.5,7,149.508,-3.207,-673.867
2085.2,80.97,93.8,0.0,0.6,7,147.204,-3.200,-678.141
2101.3,80.90,20.7,0.0,0.9,7,145.664,-3.194,-680.988
2101.3,80.63,0.0,0.0,1.2,7,143.351,-3.182,-685.247
2101.3,80.45,0.0,0.0,2.5,7,141.809,-3.171,-688.076
2101.3,80.17,0.0,0.0,2.2,7,139.492,-3.151,-692.302
2117.3,79.99,0.0,0.0,1.1,7,137.942,-3.134,-695.106
2117.3,79.72,0.0,0.0,0.8,7,135.608,-3.105,-699.291
2117.3,79.45,0.0,0.0,1.0,7,133.264,-3.071,-703.452
2117.3,79.27,0.0,0.0,1.2,7,131.697,-3.046,-706.213
2133.2,79.01,0.0,0.0,1.4,7,129.341,-3.006,-710.336
2133.2,78.83,0.0,0.0,1.7,7,127.768,-2.977,-713.073
2133.2,78.57,0.0,0.0,2.2,7,125.401,-2.926,-717.159
2133.2,78.40,0.0,0.0,2.4,7,123.819,-2.889,-719.871
2148.9,78.13,0.0,0.0,2.4,7,121.438,-2.829,-723.919
2148.9,77.96,0.0,0.0,2.4,7,119.844,-2.786,-726.603
2148.9,77.69,0.0,0.0,1.8,7,117.440,-2.717,-730.606
2148.9,77.52,0.0,0.0,2.0,7,115.829,-2.667,-733.260
2164.5,77.14,0.0,51.6,2.3,7,113.402,-2.585,-737.216
2164.5,76.50,0.0,67.5,2.2,7,111.783,-2.527,-739.830
2164.5,75.29,0.0,78.0,1.6,7,109.368,-2.439,-743.694
2164.5,74.44,0.0,84.7,1.0,7,107.769,-2.378,-746.227
2179.6,73.05,0.0,84.8,0.7,7,105.391,-2.287,-749.961
2179.6,72.16,26.1,86.7,1.2,0,103.820,-2.225,-752.404
2179.6,70.77,0.0,85.0,1.7,6,101.485,-2.136,-756.003
2194.0,69.43,0.0,84.7,3.0,6,99.175,-2.051,-759.520
2194.0,68.55,0.0,86.1,2.1,6,97.648,-2.002,-761.821
2194.0,67.12,0.0,81.0,0.4,6,95.375,-1.927,-765.198
2194.0,66.25,0.0,80.4,0.5,6,93.866,-1.875,-767.399
2207.4,64.96,0.0,81.0,1.5,6,91.617,-1.800,-770.632
2207.4,64.10,32.8,80.6,1.3,0,90.127,-1.752,-772.741
2207.4,62.83,0.0,81.9,1.4,5,87.907,-1.677,-775.836
2207.4,61.96,0.0,81.4,2.1,5,86.438,-1.627,-777.855
2219.9,60.65,0.0,81.3,2.0,5,84.254,-1.556,-780.817
2219.9,59.80,0.0,80.9,1.4,5,82.811,-1.510,-782.747
2219.9,58.49,0.0,82.1,1.8,5,80.667,-1.444,-785.578
2219.9,57.66,0.0,81.5,2.0,5,79.250,-1.402,-787.421
2231.5,56.36,0.0,80.4,3.1,5,77.145,-1.342,-790.120
2231.5,55.52,0.0,76.2,4.4,5,75.754,-1.303,-791.874
2231.5,54.34,34.4,81.3,6.2,0,73.683,-1.248,-794.440
2231.5,53.12,0.0,79.9,6.2,4,71.627,-1.195,-796.925
2242.3,52.27,0.0,69.7,5.4,4,70.265,-1.161,-798.536
2242.3,51.19,0.0,53.0,3.4,4,68.230,-1.111,-800.882
2242.3,50.58,0.0,35.5,1.9,4,66.874,-1.078,-802.400
2242.3,49.93,0.0,19.4,-0.3,4,64.828,-1.029,-804.615
2252.3,49.60,0.0,12.8,-0.2,4,63.451,-0.996,-806.053
2252.3,49.24,0.0,9.1,2.9,4,61.359,-0.948,-808.154
2252.3,49.02,0.0,7.7,6.3,4,59.946,-0.915,-809.519
2252.3,48.73,0.0,6.8,11.5,4,57.800,-0.866,-811.518
2262.0,48.55,0.0,5.5,14.4,4,56.353,-0.833,-812.820
2262.0,48.29,0.0,4.6,17.0,4,54.162,-0.782,-814.727
2262.0,48.13,0.0,4.0,17.6,4,52.687,-0.749,-815.969
2262.0,47.88,0.0,2.9,17.3,4,50.451,-0.701,-817.785
2271.6,47.73,0.0,2.2,16.2,4,48.944,-0.669,-818.962
2271.6,47.51,0.0,0.9,15.3,4,46.657,-0.620,-820.675
2271.6,47.36,0.1,0.0,15.0,4,45.115,-0.588,-821.781
2271.6,47.17,6.3,0.0,16.1,4,42.778,-0.540,-823.386
2281.1,47.02,13.5,0.0,16.9,4,40.409,-0.494,-824.927
2281.1,46.93,12.5,0.0,17.8,4,38.813,-0.462,-825.917
2281.1,46.80,15.0,0.0,19.2,4,36.392,-0.415,-827.347
2281.1,46.71,10.8,0.0,20.3,4,34.761,-0.383,-828.264
2290.7,46.56,12.3,0.0,21.1,4,32.294,-0.336,-829.582
2290.7,46.46,8.1,0.0,21.7,4,30.634,-0.304,-830.423
2290.7,46.29,12.6,0.0,21.8,4,28.126,-0.257,-831.626
2290.7,46.19,13.6,0.0,21.3,4,26.442,-0.226,-832.390
2300.4,46.05,13.7,0.0,20.4,4,23.896,-0.179,-833.473
2300.4,45.95,11.0,0.0,20.1,4,22.186,-0.146,-834.154
2300.4,45.80,10.8,0.0,20.2,4,19.607,-0.097,-835.115
2300.4,45.69,8.3,0.0,21.2,4,17.879,-0.065,-835.715
2310.0,45.52,9.1,0.0,23.0,4,15.275,-0.019,-836.556
2310.0,45.41,9.4,0.0,23.8,4,13.533,0.011,-837.077
2310.0,45.24,10.2,0.0,23.4,4,10.910,0.056,-837.795
2310.0,45.08,9.0,0.0,22.1,4,8.278,0.104,-838.437
2319.5,44.97,6.5,0.0,21.4,4,6.518,0.136,-838.823
2319.5,44.80,6.7,0.0,20.2,4,3.876,0.183,-839.339
2319.5,44.68,5.2,0.0,19.5,4,2.112,0.214,-839.644
2319.5,44.50,6.1,0.0,18.3,4,-0.534,0.259,-840.039
2328.7,44.38,2.5,0.0,17.9,4,-2.297,0.288,-840.261
2328.7,44.21,5.9,0.0,19.1,4,-4.941,0.330,-840.536
2328.7,44.10,4.8,0.0,18.5,4,-6.701,0.358,-840.679
2328.7,43.94,7.8,0.0,16.4,4,-9.337,0.398,-840.835
2338.0,43.83,3.6,0.0,16.0,4,-11.092,0.423,-840.901
2338.0,43.74,36.6,0.0,16.5,4,-13.717,0.460,-840.944
2338.0,43.82,63.0,0.0,16.8,4,-15.467,0.484,-840.937
2338.0,43.99,33.6,16.9,16.7,4,-18.101,0.517,-840.875
2347.4,43.76,0.6,25.1,17.2,4,-19.856,0.538,-840.799
2347.4,43.25,42.7,12.3,16.8,0,-22.462,0.567,-840.637
2347.4,43.04,26.7,0.0,14.6,3,-25.040,0.592,-840.417
2347.4,43.16,77.9,0.0,13.9,3,-26.753,0.608,-840.236
2356.7,43.54,79.6,0.0,14.5,3,-29.334,0.628,-839.914
2356.7,43.77,75.8,0.0,15.4,3,-31.061,0.640,-839.666
2356.7,44.10,77.4,0.0,17.0,3,-33.662,0.658,-839.239
2356.7,44.32,80.6,0.0,18.2,3,-35.400,0.669,-838.919
2404.4,48.48,80.3,0.0,26.1,3,-75.594,0.763,-822.557
2404.4,48.74,81.3,0.0,27.4,0,-78.011,0.753,-820.925
2414.1,48.68,0.0,0.0,28.3,0,-79.603,0.745,-819.800
2414.1,48.68,52.1,0.0,28.9,4,-81.950,0.732,-818.064
2414.1,48.72,44.1,0.0,29.5,4,-83.490,0.723,-816.872
2414.1,48.80,64.6,0.0,31.7,4,-85.764,0.707,-815.032
2423.7,49.00,73.1,0.0,33.4,4,-87.999,0.689,-813.132
2423.7,49.10,61.8,0.0,34.0,4,-89.467,0.676,-811.832
2423.7,49.18,34.4,0.0,34.6,4,-91.635,0.654,-809.832
2423.7,49.11,13.5,0.0,35.5,4,-93.053,0.639,-808.469
2433.2,48.94,13.4,0.0,37.2,4,-95.130,0.613,-806.387
2433.2,48.83,13.4,0.0,36.3,4,-96.480,0.597,-804.972
2433.2,48.67,13.3,0.0,35.6,4,-98.454,0.572,-802.813
2433.2,48.56,13.3,0.0,35.8,4,-99.735,0.555,-801.350
2442.5,48.57,58.3,0.0,33.1,4,-101.606,0.527,-799.118
2442.5,48.65,59.9,0.0,30.8,4,-102.822,0.508,-797.602
2442.5,48.85,84.6,0.0,28.4,4,-104.602,0.477,-795.283
2442.5,49.04,87.4,0.0,27.2,4,-105.762,0.455,-793.706
2451.8,49.33,87.5,0.0,26.7,4,-107.463,0.421,-791.296
2451.8,49.54,87.6,0.0,26.4,4,-108.572,0.396,-789.659
2451.8,49.74,65.3,0.0,24.8,4,-110.201,0.353,-787.168
2451.8,49.85,59.8,0.0,20.3,4,-111.262,0.319,-785.482
2461.5,50.05,76.6,0.0,12.3,4,-112.805,0.265,-782.915
2461.5,50.23,80.3,0.0,2.2,4,-114.288,0.211,-780.299
2461.5,50.37,56.0,0.0,-3.8,4,-115.246,0.174,-778.530
2471.3,50.52,79.7,0.0,-13.4,4,-116.639,0.116,-775.845
2471.3,50.64,63.1,0.0,-16.6,4,-117.539,0.074,-774.034
2471.3,50.92,78.6,0.0,-19.8,4,-118.860,-0.001,-771.292
2471.3,51.11,83.7,0.0,-20.9,4,-119.720,-0.053,-769.443
2481.6,51.45,88.4,0.0,-15.3,4,-120.988,-0.136,-766.641
2481.6,51.71,88.4,0.0,-7.8,4,-121.833,-0.194,-764.760
2481.6,52.03,88.6,0.0,1.4,4,-123.122,-0.281,-761.930
2481.6,52.24,88.8,0.0,3.2,4,-124.001,-0.338,-760.040
2492.2,52.63,88.9,0.0,1.7,4,-125.346,-0.431,-757.198
2492.2,52.86,88.9,0.0,-1.5,4,-126.259,-0.496,-755.298
2492.2,53.20,89.0,0.0,-4.1,4,-127.654,-0.595,-752.441
2492.2,53.54,89.2,0.0,-5.2,4,-129.077,-0.692,-749.575
2503.0,53.77,89.3,0.0,-4.5,4,-130.042,-0.758,-747.660
2503.0,54.10,89.4,0.0,-4.4,4,-131.516,-0.859,-744.781
2503.0,54.36,89.5,0.0,-3.2,4,-132.518,-0.925,-742.859
2503.0,54.67,89.5,0.0,-3.3,4,-134.052,-1.024,-739.973
2514.1,54.88,89.8,0.0,-3.1,4,-135.094,-1.089,-738.048
2514.1,55.21,89.9,0.0,-3.2,4,-136.683,-1.193,-735.155
2514.1,55.55,90.0,0.0,-3.4,4,-138.303,-1.309,-732.257
2514.1,55.74,90.0,0.0,-2.4,4,-139.401,-1.389,-730.322
2525.5,56.06,90.1,0.0,-2.1,4,-141.073,-1.513,-727.416
2525.5,56.31,90.1,0.0,-1.5,4,-142.204,-1.600,-725.476
2525.5,56.63,90.2,0.0,-3.3,4,-143.924,-1.738,-722.561
2525.5,56.96,90.3,0.0,-3.8,4,-145.673,-1.881,-719.641
2536.9,57.17,90.4,0.0,-2.6,4,-146.857,-1.977,-717.692
2536.9,57.49,90.5,0.0,-1.3,4,-148.657,-2.120,-714.765
2536.9,57.70,90.5,0.0,-1.1,4,-149.874,-2.217,-712.812
2536.9,58.02,90.6,0.0,-3.3,4,-151.720,-2.363,-709.876
2548.5,58.22,90.7,0.0,-3.9,4,-152.966,-2.460,-707.916
2548.5,58.52,90.8,0.0,-3.6,4,-154.860,-2.601,-704.974
2548.5,58.82,91.0,0.0,-2.9,4,-156.785,-2.737,-702.030
2548.5,59.02,91.0,0.0,-2.6,4,-158.086,-2.826,-700.068
2560.3,59.32,91.1,0.0,-2.2,4,-160.062,-2.958,-697.122
2560.3,59.51,91.1,0.0,-2.3,4,-161.397,-3.044,-695.158
2560.3,59.58,0.0,0.0,-2.5,0,-163.420,-3.169,-692.213
2560.3,59.68,89.9,0.0,-2.3,5,-164.779,-3.249,-690.256
2572.3,59.95,90.0,0.0,-2.2,5,-166.839,-3.360,-687.320
2572.3,60.12,90.0,0.0,-2.0,5,-168.226,-3.429,-685.361
2572.3,60.39,90.1,0.0,-1.9,5,-170.327,-3.525,-682.421
2572.3,60.56,90.2,0.0,-1.7,5,-171.741,-3.584,-680.460
2584.5,60.82,90.2,0.0,-1.5,5,-173.881,-3.663,-677.516
2584.5,60.99,90.3,0.0,-1.4,5,-175.321,-3.708,-675.552
2584.5,61.24,90.4,0.0,-0.7,5,-177.499,-3.763,-672.603
2584.5,61.42,90.4,0.0,-0.2,5,-178.963,-3.794,-670.634
2596.8,61.67,90.5,0.0,-0.1,5,-181.172,-3.832,-667.676
2596.8,61.84,90.6,0.0,-0.2,5,-182.652,-3.853,-665.699
2596.8,62.09,90.6,0.0,-0.4,5,-184.883,-3.880,-662.726
2609.2,62.34,90.7,0.0,-0.5,5,-187.125,-3.905,-659.742
2609.2,62.50,90.8,0.0,-0.5,5,-188.627,-3.920,-657.747
2609.2,62.75,90.8,0.0,-0.5,5,-190.889,-3.940,-654.748
2609.2,62.91,90.9,0.0,-0.6,5,-192.405,-3.952,-652.744
2621.7,63.15,90.9,0.0,-0.7,5,-194.688,-3.966,-649.730
2621.7,63.30,91.0,0.0,-0.7,5,-196.218,-3.974,-647.717
2621.7,63.54,91.1,0.0,-0.7,5,-198.524,-3.981,-644.690
2621.7,63.70,91.1,0.0,-0.8,5,-200.069,-3.985,-642.668
2634.4,63.93,91.2,0.0,-0.7,5,-202.397,-3.987,-639.629
2634.4,64.08,91.2,0.0,-0.6,5,-203.957,-3.986,-637.599
2634.4,64.31,91.3,0.0,-0.7,5,-206.308,-3.980,-634.549
2634.4,64.46,91.3,0.0,-0.8,5,-207.884,-3.972,-632.512
2758.5,38.17,42.7,72.1,-2.4,0,-282.669,-4.602,-545.037
2758.5,37.14,0.0,69.7,-3.2,2,-284.290,-4.628,-543.459
2758.5,36.44,0.0,65.1,-3.7,2,-285.357,-4.645,-542.444
2758.5,35.43,0.0,58.2,-3.7,2,-286.936,-4.670,-540.974
2765.7,34.81,0.0,55.5,-3.1,2,-287.978,-4.686,-540.030
2765.7,33.93,0.0,54.8,-3.4,2,-289.527,-4.709,-538.667
2765.7,33.34,0.0,53.7,-2.0,2,-290.551,-4.725,-537.792
2765.7,32.49,0.0,55.2,-7.9,2,-292.073,-4.746,-536.532
2772.4,31.90,0.0,55.6,-5.6,2,-293.078,-4.760,-535.725
2772.4,31.04,0.0,55.2,-3.9,2,-294.569,-4.780,-534.564
2772.4,30.20,0.0,47.6,-12.6,2,-296.037,-4.799,-533.456
2772.4,29.70,0.0,42.2,-17.9,2,-297.005,-4.811,-532.749
2778.3,29.03,0.0,37.2,-20.5,2,-298.448,-4.828,-531.737
2778.3,28.61,0.0,37.1,-16.4,2,-299.406,-4.839,-531.093
2778.3,27.99,0.0,38.4,-10.6,0,-300.834,-4.853,-530.173
2778.3,27.60,47.2,41.1,-8.5,0,-301.780,-4.863,-529.586
2783.8,26.94,0.0,42.0,-3.0,1,-303.183,-4.875,-528.742
2783.8,26.49,0.0,38.8,-6.9,1,-304.105,-4.883,-528.200
2783.8,25.87,0.0,31.0,-13.0,1,-305.468,-4.894,-527.419
2783.8,25.51,0.0,26.2,-16.2,1,-306.368,-4.901,-526.921
2788.8,25.04,0.0,22.9,-20.2,1,-307.706,-4.910,-526.206
2788.8,24.76,0.0,17.8,-23.6,1,-308.593,-4.915,-525.753
2788.8,24.41,0.0,10.6,-27.8,1,-309.920,-4.921,-525.108
2788.8,24.23,0.0,6.6,-30.0,1,-310.805,-4.924,-524.704
2793.8,23.98,0.0,8.4,-31.7,1,-312.136,-4.928,-524.135
2793.8,23.81,0.0,6.4,-32.5,1,-313.025,-4.929,-523.783
2793.8,23.60,0.0,2.9,-30.8,1,-314.361,-4.930,-523.295
2793.8,23.47,0.0,4.0,-31.8,1,-315.254,-4.930,-522.997
2800.5,23.27,0.0,1.4,-39.1,1,-316.596,-4.928,-522.591
2800.5,23.06,0.0,4.7,-45.8,1,-317.941,-4.922,-522.240
2800.5,22.89,0.0,2.3,-52.7,1,-318.838,-4.916,-522.039
2800.5,22.79,31.0,0.0,-56.3,1,-320.184,-4.904,-521.786
2806.3,22.89,45.1,0.0,-56.3,1,-321.086,-4.898,-521.646
2806.3,23.16,39.3,0.0,-48.7,1,-322.455,-4.896,-521.470
2806.3,23.29,37.3,0.0,-46.6,1,-323.380,-4.893,-521.383
2806.3,23.38,32.0,0.0,-45.7,1,-324.777,-4.888,-521.298
2811.9,23.40,8.6,4.4,-44.8,1,-325.712,-4.889,-521.268
2811.9,23.21,0.0,3.9,-30.2,1,-327.112,-4.899,-521.262
2811.9,22.97,0.9,0.2,-18.2,1,-328.035,-4.898,-521.300
2811.9,22.80,1.3,0.0,14.3,1,-329.404,-4.891,-521.411
2817.1,22.71,2.2,0.0,5.6,1,-330.309,-4.887,-521.509
2817.1,22.54,5.1,0.0,-15.3,1,-331.653,-4.879,-521.700
2817.1,22.49,22.2,0.0,-31.8,1,-332.539,-4.874,-521.860
2817.1,22.62,41.7,0.0,-55.6,1,-333.860,-4.866,-522.149
2821.8,22.72,32.2,0.0,-69.3,1,-334.738,-4.860,-522.373
2821.8,22.72,16.1,0.0,-88.3,1,-336.050,-4.849,-522.749
2821.8,22.65,12.3,0.0,-98.3,1,-336.914,-4.841,-523.024
2821.8,22.50,11.1,0.0,-100.0,1,-338.193,-4.827,-523.472
2826.4,22.38,11.1,0.0,-100.0,1,-339.029,-4.817,-523.797
2826.4,22.21,11.1,0.0,-99.7,1,-340.259,-4.800,-524.325
2826.4,22.08,11.0,0.0,-91.0,1,-341.457,-4.783,-524.901
2830.9,21.95,11.4,0.0,-81.4,1,-342.620,-4.765,-525.526
2830.9,21.88,13.7,0.0,-74.5,1,-343.376,-4.752,-525.970
2830.9,21.82,23.0,0.0,-60.5,1,-344.481,-4.733,-526.674
2830.9,21.98,58.9,0.0,-40.3,1,-345.555,-4.713,-527.427
2835.2,22.34,56.4,0.0,-13.9,1,-346.613,-4.694,-528.232
2835.2,22.88,75.7,0.0,6.4,1,-347.670,-4.674,-529.078
2835.2,23.52,82.3,0.0,17.1,1,-348.748,-4.654,-529.957
2839.8,24.18,81.9,0.0,17.6,1,-349.858,-4.634,-530.858
2839.8,24.39,80.7,0.0,17.4,1,-350.236,-4.627,-531.162
2839.8,25.19,69.5,0.0,15.6,1,-351.797,-4.599,-532.385
2839.8,25.53,64.4,0.0,16.8,1,-352.606,-4.584,-532.997
2844.9,25.98,58.1,0.0,16.1,1,-353.852,-4.563,-533.909
2844.9,26.25,55.5,0.0,20.1,1,-354.704,-4.550,-534.512
2844.9,26.73,53.7,0.0,27.8,1,-356.459,-4.524,-535.698
2844.9,27.08,54.8,0.0,31.0,1,-357.822,-4.507,-536.561
2850.2,27.31,53.2,0.0,32.5,1,-358.754,-4.496,-537.122
2850.2,27.62,49.3,0.0,33.3,1,-360.187,-4.481,-537.935
2850.2,27.89,46.9,0.0,32.3,1,-361.660,-4.468,-538.711
2850.2,28.06,46.1,0.0,31.6,1,-362.664,-4.460,-539.203
2855.8,28.14,44.1,0.0,30.9,1,-363.173,-4.457,-539.442
2855.8,28.22,41.7,0.0,30.5,1,-363.685,-4.454,-539.676
2855.8,28.61,41.8,0.0,27.6,1,-366.843,-4.438,-540.962
2861.8,28.80,27.0,0.0,30.4,1,-369.017,-4.430,-541.700
2861.8,28.81,18.2,0.0,32.4,1,-370.676,-4.427,-542.187
2861.8,28.83,30.1,0.0,34.3,1,-371.791,-4.426,-542.478
2861.8,29.00,45.8,0.0,38.5,1,-373.481,-4.427,-542.868
2868.1,29.17,51.1,0.0,39.7,1,-374.620,-4.428,-543.099
2868.1,29.50,66.2,0.0,38.2,1,-376.353,-4.432,-543.401
2868.1,29.89,54.3,0.0,31.1,1,-378.709,-4.436,-543.716
2875.6,30.02,65.0,0.0,26.0,1,-379.901,-4.436,-543.830
2875.6,30.28,33.0,0.0,17.3,1,-381.706,-4.439,-543.954
2875.6,30.42,29.4,0.0,9.4,1,-383.526,-4.443,-544.018
2875.6,30.43,26.1,0.0,5.6,1,-385.352,-4.449,-544.019
2882.5,30.50,38.5,0.0,4.7,1,-387.177,-4.452,-543.950
2882.5,30.65,41.1,0.0,7.7,1,-389.006,-4.456,-543.814
2882.5,30.80,49.1,0.0,10.9,1,-390.228,-4.458,-543.687
2890.2,31.11,52.4,0.0,17.1,1,-392.069,-4.462,-543.443
2890.2,31.31,52.0,0.0,22.3,1,-393.301,-4.464,-543.244
2890.2,31.62,52.8,0.0,28.9,1,-395.156,-4.467,-542.898
2890.2,31.81,54.8,0.0,31.7,1,-396.396,-4.469,-542.635
2896.9,32.10,56.9,0.0,33.0,1,-398.262,-4.470,-542.195
2896.9,32.30,59.4,0.0,31.4,1,-399.507,-4.471,-541.869
2896.9,32.62,59.8,0.0,25.9,1,-401.378,-4.475,-541.332
2896.9,32.74,0.0,0.0,22.0,0,-402.626,-4.479,-540.940
2903.4,32.74,56.8,0.0,16.7,2,-404.483,-4.488,-540.304
2903.4,32.99,48.0,0.0,12.3,2,-406.327,-4.501,-539.608
2903.4,33.12,47.6,0.0,10.5,2,-407.552,-4.510,-539.110
2903.4,33.35,51.4,0.0,8.7,2,-409.379,-4.527,-538.312
2909.7,33.51,45.8,0.0,7.9,2,-410.591,-4.541,-537.748
2909.7,33.94,55.7,0.0,9.0,2,-413.595,-4.581,-536.222
2909.7,34.14,64.1,0.0,12.3,2,-414.787,-4.599,-535.566
2916.2,34.52,68.7,0.0,17.7,2,-416.567,-4.627,-534.531
2916.2,34.61,46.3,0.0,25.1,2,-420.060,-4.686,-532.287
2922.8,35.14,77.2,0.0,28.2,2,-422.328,-4.724,-530.669
2922.8,35.74,79.6,0.0,29.2,2,-424.577,-4.762,-528.945
2922.8,36.05,81.2,0.0,29.5,2,-425.691,-4.779,-528.041
2929.7,36.82,80.0,0.0,23.1,2,-428.444,-4.819,-525.657
2929.7,37.12,45.2,0.0,17.9,2,-430.065,-4.841,-524.142
2929.7,37.40,80.0,0.0,9.1,2,-431.651,-4.863,-522.570
2937.0,37.71,56.7,0.0,1.8,2,-433.206,-4.882,-520.939
2937.0,37.91,71.3,0.0,-2.0,2,-434.224,-4.894,-519.822
2937.0,38.29,77.9,0.0,-5.5,2,-435.731,-4.910,-518.103
2937.0,38.72,82.9,0.0,-4.6,2,-437.219,-4.926,-516.336
2944.5,39.27,86.4,0.0,1.1,2,-438.697,-4.944,-514.523
2944.5,39.76,81.5,0.0,7.4,2,-440.166,-4.962,-512.664
2944.5,40.17,71.8,0.0,12.2,2,-441.626,-4.979,-510.763
2944.5,40.38,73.9,0.0,13.4,2,-442.592,-4.991,-509.475
2952.3,40.80,84.6,0.0,12.9,2,-444.026,-5.007,-507.508
2952.3,41.40,0.0,0.0,9.8,0,-446.367,-5.027,-504.124
2960.3,41.50,85.3,0.0,6.8,3,-447.724,-5.037,-502.044
2960.3,41.76,85.4,0.0,5.4,3,-448.609,-5.042,-500.635
2960.3,42.16,85.7,0.0,6.5,3,-449.914,-5.050,-498.483
2960.3,42.58,85.6,0.0,7.8,3,-451.187,-5.056,-496.284
2968.5,42.83,85.9,0.0,9.5,3,-452.018,-5.059,-494.793
2968.5,43.42,83.6,0.0,12.2,3,-454.413,-5.064,-490.204
2968.5,43.70,24.0,0.0,7.5,3,-455.555,-5.074,-487.853
2976.8,43.79,70.8,0.0,5.3,3,-456.289,-5.080,-486.265
2976.8,44.13,83.8,0.0,4.0,3,-457.349,-5.091,-483.852
2976.8,44.54,86.2,0.0,4.6,3,-458.367,-5.104,-481.395
2985.3,44.96,86.2,0.0,6.9,3,-459.342,-5.121,-478.895
2985.3,45.23,86.2,0.0,9.0,3,-459.968,-5.134,-477.204
2985.3,45.63,86.4,0.0,12.4,3,-460.871,-5.157,-474.633
2985.3,46.03,86.5,0.0,14.3,3,-461.733,-5.183,-472.022
2994.3,46.69,86.9,0.0,15.1,3,-463.074,-5.234,-467.585
2994.3,47.07,87.1,0.0,15.9,3,-463.815,-5.268,-464.873
2994.3,47.44,87.3,0.0,16.6,3,-464.505,-5.304,-462.124
3003.4,47.56,87.3,0.0,16.9,3,-464.723,-5.317,-461.200
3003.4,47.68,87.4,0.0,17.1,3,-464.935,-5.330,-460.272
3003.4,48.35,87.8,0.0,15.8,3,-466.065,-5.413,-454.624
3012.8,48.42,0.0,0.0,14.2,0,-466.532,-5.455,-451.756
3012.8,48.45,73.8,0.0,13.4,4,-466.801,-5.482,-449.839
3012.8,48.83,86.2,0.0,13.6,4,-467.243,-5.534,-445.975
3012.8,49.14,86.4,0.0,15.7,4,-467.495,-5.573,-443.047
3022.3,49.35,86.4,0.0,17.8,4,-467.625,-5.599,-441.082
3022.3,49.76,86.6,0.0,21.5,4,-467.793,-5.650,-437.123
3022.3,50.06,86.7,0.0,24.2,4,-467.842,-5.688,-434.129
3032.2,50.27,86.8,0.0,25.1,4,-467.837,-5.714,-432.124
3032.2,50.55,87.0,0.0,25.0,4,-467.771,-5.751,-429.101
3032.2,50.83,87.2,0.0,23.4,4,-467.633,-5.786,-426.064
3032.2,51.10,87.4,0.0,20.4,4,-467.419,-5.820,-423.014
3042.4,51.26,87.6,0.0,17.1,4,-467.233,-5.841,-420.976
3042.4,51.54,87.7,0.0,12.2,4,-466.887,-5.870,-417.912
3042.4,51.81,86.9,0.0,7.6,4,-466.461,-5.895,-414.842
3053.3,52.06,83.9,0.0,4.3,4,-465.954,-5.917,-411.768
3053.3,52.32,84.8,0.0,2.9,4,-465.370,-5.939,-408.693
3053.3,52.50,88.0,0.0,3.9,4,-464.941,-5.955,-406.641
3064.7,52.99,88.3,0.0,9.3,4,-463.731,-6.003,-401.509
3064.7,53.10,88.3,0.0,10.9,4,-463.465,-6.014,-400.482
3064.7,53.49,88.4,0.0,16.3,4,-462.323,-6.056,-396.375
3064.7,53.77,88.5,0.0,18.2,4,-461.384,-6.083,-393.298
3075.6,54.06,88.7,0.0,16.4,4,-460.376,-6.105,-390.225
3075.6,54.34,88.8,0.0,12.9,4,-459.299,-6.126,-387.157
3075.6,54.63,88.9,0.0,8.9,4,-458.155,-6.147,-384.096
3075.6,54.81,89.0,0.0,7.1,4,-457.353,-6.160,-382.059
3086.4,55.10,89.1,0.0,6.1,4,-456.092,-6.178,-379.013
3086.4,55.40,89.2,0.0,7.4,4,-454.763,-6.192,-375.977
3086.4,55.58,89.2,0.0,9.3,4,-453.841,-6.198,-373.958
3097.3,55.99,89.4,0.0,10.3,4,-451.923,-6.211,-369.930
3097.3,55.99,89.4,0.0,10.3,4,-451.923,-6.211,-369.930
3097.3,56.56,89.6,0.0,8.5,4,-448.867,-6.237,-363.909
3108.4,56.85,89.7,0.0,7.9,4,-447.257,-6.249,-360.913
3108.4,57.13,89.8,0.0,9.0,4,-445.592,-6.261,-357.926
3108.4,57.33,89.9,0.0,9.1,4,-444.452,-6.269,-355.942
3119.7,57.78,90.0,0.0,8.6,4,-441.496,-6.284,-351.005
3119.7,58.05,90.2,0.0,8.6,4,-439.651,-6.290,-348.061
3119.7,58.35,90.2,0.0,7.8,4,-437.757,-6.299,-345.129
3119.7,58.59,90.3,0.0,6.5,4,-435.811,-6.305,-342.211
3131.3,58.77,90.4,0.0,5.8,4,-434.486,-6.309,-340.274
3131.3,58.93,0.0,0.0,4.6,0,-432.457,-6.310,-337.383
3131.3,58.94,89.1,0.0,3.0,5,-430.390,-6.309,-334.517
3131.3,59.10,89.3,0.0,2.0,5,-428.990,-6.306,-332.617
3143.1,59.37,89.3,0.0,1.9,5,-426.857,-6.301,-329.774
3143.1,59.50,89.4,0.0,1.9,5,-425.415,-6.293,-327.885
3143.1,59.78,89.5,0.0,1.3,5,-423.228,-6.283,-325.053
3155.0,60.01,89.6,0.0,0.2,5,-421.016,-6.272,-322.222
3155.0,60.26,89.7,0.0,-0.3,5,-418.783,-6.261,-319.388
3155.0,60.51,89.7,0.0,-0.6,5,-416.534,-6.250,-316.548
3155.0,60.68,89.7,0.0,-0.8,5,-415.029,-6.241,-314.648
3167.2,60.91,89.8,0.0,-1.6,5,-412.764,-6.230,-311.789
3167.2,61.33,90.0,0.0,-1.8,5,-408.979,-6.207,-306.990
3167.2,61.58,90.1,0.0,-1.3,5,-406.705,-6.193,-304.087
3179.5,61.66,90.1,0.0,-1.3,5,-405.948,-6.188,-303.116
3179.5,61.98,90.2,0.0,-1.1,5,-402.919,-6.166,-299.206
3179.5,62.21,90.3,0.0,-0.6,5,-400.650,-6.148,-296.252
3179.5,62.38,90.4,0.0,-0.4,5,-399.136,-6.136,-294.273
3191.8,62.62,90.4,0.0,-0.4,5,-396.865,-6.117,-291.289
3191.8,62.78,90.5,0.0,-0.7,5,-395.350,-6.105,-289.292
3191.8,63.00,90.6,0.0,-0.9,5,-393.074,-6.084,-286.282
3204.4,63.24,90.6,0.0,-0.8,5,-390.795,-6.063,-283.258
3204.4,63.55,90.7,0.0,-0.5,5,-387.751,-6.035,-279.202
3204.4,63.78,90.8,0.0,-0.4,5,-385.465,-6.013,-276.142
3204.4,63.92,90.9,0.0,-0.5,5,-383.938,-5.996,-274.095
3217.1,64.15,90.9,0.0,-0.4,5,-381.645,-5.971,-271.012
3217.1,64.38,91.0,0.0,-0.1,5,-379.347,-5.944,-267.916
3217.1,64.60,91.1,0.0,-0.2,5,-377.045,-5.916,-264.807
3230.0,64.90,91.2,0.0,-0.2,5,-373.967,-5.881,-260.642
3230.0,65.04,91.2,0.0,-0.2,5,-372.424,-5.862,-258.551
3230.0,65.25,91.3,0.0,0.0,5,-370.104,-5.832,-255.405
3243.0,65.47,91.3,0.0,0.3,5,-367.778,-5.798,-252.249
3243.0,65.68,91.4,0.0,0.5,5,-365.445,-5.762,-249.081
3243.0,65.83,91.4,0.0,0.6,5,-363.885,-5.738,-246.964
3243.0,66.03,91.5,0.0,0.5,5,-361.537,-5.699,-243.782
3256.2,66.24,91.6,0.0,0.5,5,-359.177,-5.657,-240.593
3256.2,66.24,91.6,0.0,0.5,5,-359.177,-5.657,-240.593
3256.2,66.58,91.7,0.0,0.6,5,-355.220,-5.581,-235.261
3256.2,66.79,91.7,0.0,0.2,5,-352.829,-5.536,-232.053
3269.5,67.00,91.8,0.0,0.0,5,-350.427,-5.492,-228.839
3269.5,67.19,91.8,0.0,0.0,5,-348.014,-5.455,-225.617
3269.5,67.34,91.8,0.0,0.1,5,-346.400,-5.431,-223.465
3282.9,67.52,91.9,0.0,-0.1,5,-343.970,-5.391,-220.231
3282.9,67.58,91.9,0.0,-0.1,5,-343.158,-5.377,-219.152
3282.9,67.84,92.0,0.0,0.0,5,-339.900,-5.320,-214.825
3282.9,68.10,92.1,0.0,0.2,5,-336.628,-5.259,-210.483
3296.5,68.22,92.2,0.0,0.2,5,-334.987,-5.227,-208.307
3296.5,68.42,92.2,0.0,0.1,5,-332.520,-5.180,-205.034
3296.5,68.66,92.3,0.0,-0.0,5,-329.219,-5.116,-200.658
3310.2,68.83,92.4,0.0,-0.1,5,-326.736,-5.065,-197.365
3310.2,68.96,92.4,0.0,-0.1,5,-325.077,-5.030,-195.165
3310.2,69.13,92.5,0.0,-0.2,5,-322.585,-4.975,-191.857
3310.2,69.26,92.5,0.0,-0.2,5,-320.920,-4.938,-189.646
3324.0,69.43,92.5,0.0,-0.2,5,-318.420,-4.882,-186.321
3324.0,69.55,92.5,0.0,-0.2,5,-316.750,-4.846,-184.100
3324.0,69.72,92.6,0.0,-0.2,5,-314.242,-4.790,-180.759
3324.0,69.84,92.6,0.0,-0.2,5,-312.568,-4.753,-178.526
3337.9,69.81,0.0,0.0,-0.2,0,-310.055,-4.698,-175.171
3337.9,69.85,91.7,0.0,-0.2,6,-308.383,-4.661,-172.935
3337.9,70.02,91.8,0.0,-0.1,6,-305.872,-4.606,-169.574
3337.9,70.18,91.9,0.0,-0.0,6,-303.357,-4.549,-166.204
3351.9,70.28,91.9,0.0,-0.0,6,-301.679,-4.510,-163.951
3351.9,70.45,91.9,0.0,-0.1,6,-299.160,-4.451,-160.564
3351.9,70.56,92.0,0.0,-0.2,6,-297.479,-4.412,-158.301
3351.9,70.71,92.0,0.0,-0.4,6,-294.954,-4.352,-154.898
3366.0,70.82,92.0,0.0,-0.4,6,-293.269,-4.312,-152.624
3366.0,70.98,92.1,0.0,-0.3,6,-290.739,-4.252,-149.205
3366.0,71.08,92.1,0.0,-0.2,6,-289.051,-4.211,-146.920
3366.0,71.24,92.1,0.0,-0.1,6,-286.518,-4.149,-143.485
3380.3,71.34,92.2,0.0,-0.1,6,-284.827,-4.108,-141.189
3380.3,71.49,92.2,0.0,-0.2,6,-282.288,-4.048,-137.738
3380.3,71.60,92.2,0.0,-0.0,6,-280.593,-4.009,-135.433
3380.3,71.75,92.3,0.0,0.3,6,-278.047,-3.949,-131.968
3394.6,71.85,92.3,0.0,0.4,6,-276.348,-3.908,-129.653
3394.6,72.00,92.3,0.0,0.3,6,-273.794,-3.846,-126.176
3394.6,72.15,92.4,0.0,0.0,6,-271.234,-3.783,-122.691
3394.6,72.25,92.4,0.0,-0.1,6,-269.524,-3.742,-120.365
3409.0,72.40,92.4,0.0,-0.1,6,-266.952,-3.680,-116.870
3409.0,72.49,92.5,0.0,0.5,6,-265.235,-3.638,-114.537
3409.0,72.64,92.5,0.0,-0.1,6,-262.655,-3.575,-111.031
3409.0,72.73,92.5,0.0,-0.6,6,-260.932,-3.532,-108.690
3423.5,72.88,92.6,0.0,-1.0,6,-258.344,-3.466,-105.172
3423.5,72.98,50.7,0.0,-0.9,6,-255.754,-3.398,-101.644
3423.5,72.86,0.0,0.0,-0.8,6,-254.032,-3.353,-99.290
3438.1,72.60,0.0,0.0,-0.8,6,-251.460,-3.285,-95.765
3438.1,72.44,0.0,0.0,-0.8,6,-249.754,-3.241,-93.419
3438.1,72.25,50.3,0.0,-0.7,6,-247.207,-3.175,-89.905
3438.1,72.31,92.5,0.0,-0.5,6,-245.514,-3.133,-87.563
3452.6,72.45,92.6,0.0,-0.0,6,-242.975,-3.070,-84.040
3452.6,72.56,92.6,0.0,0.5,6,-241.282,-3.028,-81.686
3452.6,72.70,92.6,0.0,1.5,6,-238.740,-2.965,-78.148
3452.6,72.80,92.7,0.0,2.0,6,-237.041,-2.924,-75.785
3467.1,72.94,92.7,0.0,1.1,6,-234.484,-2.860,-72.240
3467.1,73.03,92.7,0.0,1.4,6,-232.771,-2.818,-69.877
3467.1,73.17,92.7,0.0,2.4,6,-230.186,-2.754,-66.335
3467.1,73.26,92.8,0.0,3.4,6,-228.451,-2.710,-63.977
3481.8,73.34,51.0,34.2,4.6,6,-225.827,-2.642,-60.447
3481.8,72.87,0.0,61.7,5.1,6,-224.067,-2.596,-58.108
3481.8,71.71,0.0,82.8,5.2,6,-221.433,-2.528,-54.659
3481.8,70.43,0.0,60.6,4.8,6,-218.811,-2.459,-51.295
3496.1,69.73,0.0,46.2,4.6,6,-217.066,-2.414,-49.100
3496.1,68.90,0.0,32.0,4.9,6,-214.440,-2.348,-45.875
3496.1,68.44,0.0,23.6,6.5,6,-212.678,-2.305,-43.768
3496.1,67.90,0.0,11.3,7.1,6,-210.010,-2.239,-40.668
3509.7,67.64,0.0,4.5,5.6,6,-208.212,-2.197,-38.639
3509.7,67.35,4.4,0.1,7.5,6,-205.480,-2.132,-35.650
3509.7,67.22,18.1,0.0,6.9,6,-203.635,-2.088,-33.691
3509.7,67.06,18.4,0.0,6.8,6,-200.832,-2.023,-30.798
3523.0,66.94,15.7,0.0,7.0,6,-198.941,-1.981,-28.899
3523.0,66.65,3.0,24.3,7.6,6,-196.076,-1.917,-26.094
3523.0,66.28,0.0,88.1,7.0,6,-194.151,-1.874,-24.260
3523.0,65.16,0.0,26.0,6.3,6,-191.264,-1.808,-21.573
3536.1,64.84,47.5,1.5,7.0,6,-189.339,-1.764,-19.827
3536.1,64.93,89.1,0.0,10.0,6,-186.422,-1.701,-17.252
3536.1,65.05,71.9,0.0,14.3,6,-183.455,-1.644,-14.721
3536.1,65.07,43.9,0.0,16.6,6,-181.451,-1.610,-13.059
3548.9,64.97,41.5,0.0,19.2,6,-178.411,-1.567,-10.615
3548.9,64.94,62.3,0.0,19.6,6,-176.361,-1.544,-9.020
3548.9,65.00,87.9,0.0,19.6,6,-173.244,-1.514,-6.678
3548.9,65.07,89.4,0.0,18.7,6,-171.137,-1.497,-5.154
3562.1,65.17,89.5,0.0,17.5,6,-167.927,-1.472,-2.927
3562.1,65.22,89.5,0.0,18.0,6,-165.755,-1.455,-1.484
3562.1,65.30,89.7,0.0,19.7,6,-162.450,-1.426,0.614
3562.1,65.32,77.1,0.0,20.6,6,-160.215,-1.403,1.967
3575.7,65.29,58.9,0.0,21.2,6,-156.820,-1.364,3.923
3575.7,65.25,70.8,0.0,22.7,6,-154.533,-1.338,5.181
3575.7,65.31,85.5,0.0,24.8,6,-151.071,-1.307,7.010
3575.7,65.34,79.5,0.0,26.4,6,-148.738,-1.288,8.188
3589.7,65.29,59.0,0.0,30.8,6,-145.203,-1.258,9.879
3589.7,65.21,47.6,0.0,34.8,6,-142.826,-1.237,10.957
3589.7,65.04,31.1,0.0,41.3,6,-139.233,-1.204,12.496
3589.7,64.82,28.8,0.0,47.5,6,-135.616,-1.168,13.942
3603.3,64.69,34.7,0.0,50.8,6,-133.192,-1.143,14.856
3603.3,64.46,19.8,0.0,53.9,6,-129.541,-1.107,16.156
3603.3,64.29,17.9,0.0,55.0,6,-127.099,-1.083,16.973
3603.3,64.00,16.3,0.0,55.3,6,-123.426,-1.050,18.124
3616.7,63.80,15.7,0.0,54.4,6,-120.971,-1.028,18.839
3616.7,63.51,17.6,0.0,53.6,6,-117.283,-0.994,19.829
3616.7,63.31,17.6,0.0,52.3,6,-114.820,-0.973,20.436
3616.7,62.99,13.5,0.0,51.6,6,-111.122,-0.941,21.265
3629.3,62.78,13.4,0.0,52.0,6,-108.656,-0.918,21.762
3629.3,62.47,13.4,0.0,52.1,6,-104.957,-0.882,22.424
3629.3,62.27,13.3,0.0,53.7,6,-102.493,-0.858,22.813
3629.3,61.97,13.2,0.0,56.7,0,-98.800,-0.823,23.318
3641.5,61.76,36.5,0.0,57.8,0,-96.341,-0.797,23.601
3641.5,61.44,10.9,0.0,57.9,5,-92.661,-0.756,23.948
3641.5,61.15,15.4,0.0,56.4,5,-88.992,-0.715,24.204
3641.5,60.97,15.4,0.0,54.7,5,-86.552,-0.687,24.325
3653.5,60.69,16.9,0.0,49.8,5,-82.904,-0.645,24.430
3653.5,60.52,17.8,0.0,46.3,5,-80.479,-0.616,24.450
3653.5,60.27,20.6,0.0,41.1,5,-76.856,-0.572,24.401
3653.5,60.11,23.8,0.0,37.6,5,-74.450,-0.541,24.316
3665.4,59.92,32.3,0.0,32.1,5,-70.855,-0.495,24.114
3665.4,59.85,45.0,0.0,28.5,5,-68.466,-0.466,23.931
3665.4,59.88,77.1,0.0,24.2,5,-64.892,-0.423,23.585
3665.4,59.91,74.6,0.0,21.3,5,-62.513,-0.395,23.307
3677.3,60.06,90.0,0.0,16.1,5,-58.949,-0.347,22.815
3677.3,60.12,90.5,0.0,13.5,5,-56.575,-0.310,22.438
3677.3,60.35,90.6,0.0,7.9,5,-53.017,-0.258,21.815
3677.3,60.46,90.7,0.0,2.9,5,-50.644,-0.227,21.363
3689.3,60.68,90.6,0.0,-6.4,5,-47.086,-0.187,20.631
3689.3,60.92,90.6,0.0,-10.6,5,-43.527,-0.149,19.835
3689.3,61.09,90.7,0.0,-9.0,5,-41.151,-0.122,19.278
3701.4,61.32,89.9,0.0,-4.6,5,-37.577,-0.084,18.436
3701.4,61.47,90.1,0.0,-3.4,5,-35.184,-0.059,17.887
3701.4,61.71,90.8,0.0,-4.6,5,-31.576,-0.022,17.093
3701.4,61.87,90.9,0.0,-6.7,5,-29.158,0.001,16.585
3713.7,62.07,90.9,0.0,-9.6,5,-25.513,0.032,15.855
3713.7,62.23,91.0,0.0,-10.4,5,-23.072,0.051,15.393
3713.7,62.40,91.2,0.0,-10.8,5,-19.392,0.077,14.741
3713.7,62.53,91.1,0.0,-10.5,5,-16.925,0.093,14.338
3726.2,62.76,91.2,0.0,-8.3,5,-13.208,0.117,13.787
3726.2,62.86,91.3,0.0,-8.4,5,-10.718,0.134,13.457
3726.2,63.05,91.3,0.0,-9.3,5,-6.966,0.159,13.021
3726.2,63.19,91.4,0.0,-10.3,5,-4.455,0.176,12.769
3738.9,63.38,91.4,0.0,-10.5,5,-0.672,0.201,12.452
3738.9,63.49,91.5,0.0,-10.4,5,1.859,0.220,12.282
3738.9,63.68,91.5,0.0,-10.8,5,5.668,0.252,12.090
3738.9,63.79,91.5,0.0,-10.8,5,8.216,0.277,12.004
3751.9,63.96,91.6,0.0,-11.3,5,12.048,0.317,11.939
3751.9,64.14,91.7,0.0,-10.5,5,15.891,0.360,11.948
3751.9,64.27,91.7,0.0,-10.2,5,18.459,0.392,11.996
3751.9,64.44,91.8,0.0,-9.7,5,22.317,0.443,12.131
3765.2,64.57,91.8,0.0,-9.1,5,24.894,0.480,12.264
3765.2,64.72,91.9,0.0,-8.2,5,28.762,0.540,12.529
3765.2,64.84,91.9,0.0,-8.1,5,31.344,0.581,12.747
3765.2,65.04,91.9,0.0,-9.9,5,35.221,0.634,13.125
3778.5,65.16,91.9,0.0,-11.6,5,37.809,0.666,13.414
3778.5,65.33,92.0,0.0,-12.8,5,41.691,0.716,13.909
3778.5,65.43,92.0,0.0,-13.0,5,44.279,0.751,14.282
3778.5,65.60,92.1,0.0,-12.4,5,48.160,0.805,14.903
3792.1,65.70,92.1,0.0,-11.7,5,50.745,0.841,15.360
3792.1,65.85,92.2,0.0,-11.3,5,54.620,0.895,16.110
3792.1,65.97,92.2,0.0,-10.6,5,57.199,0.931,16.653
3792.1,66.11,92.3,0.0,-9.8,5,61.060,0.989,17.536
3805.7,66.25,92.4,0.0,-9.3,5,64.912,1.047,18.497
3805.7,66.38,92.3,0.0,-8.9,5,67.474,1.085,19.180
3805.7,66.51,92.3,0.0,-9.1,5,71.307,1.142,20.271
3805.7,66.59,92.5,0.0,-9.2,5,73.854,1.180,21.041
3819.5,66.72,92.6,0.0,-9.1,5,77.663,1.238,22.262
3819.5,66.85,92.5,0.0,-9.1,5,80.192,1.275,23.119
3819.5,66.97,92.5,0.0,-9.2,5,83.970,1.333,24.471
3819.5,67.02,92.7,0.0,-9.1,5,86.477,1.372,25.417
3833.0,67.19,92.7,0.0,-8.9,5,90.220,1.432,26.902
3833.0,67.28,92.6,0.0,-9.7,5,92.702,1.472,27.938
3833.0,67.43,92.7,0.0,-11.2,5,96.404,1.532,29.557
3833.0,67.51,92.7,0.0,-12.2,5,98.857,1.574,30.682
3846.6,67.66,92.7,0.0,-13.1,5,102.513,1.638,32.433
3846.6,67.75,92.8,0.0,-13.2,5,104.935,1.681,33.643
3846.6,67.89,92.8,0.0,-12.4,5,108.544,1.745,35.520
3846.6,67.97,92.8,0.0,-11.9,5,110.933,1.788,36.814
3860.0,68.10,92.9,0.0,-11.0,5,114.489,1.852,38.816
3860.0,68.23,92.9,0.0,-10.8,5,118.011,1.916,40.895
3860.0,68.32,92.9,0.0,-11.0,5,120.339,1.958,42.322
3860.0,68.46,93.0,0.0,-11.7,5,123.801,2.020,44.522
3873.6,68.55,93.0,0.0,-12.1,5,126.090,2.059,46.028
3873.6,68.63,53.4,0.0,-12.1,5,129.491,2.117,48.345
3873.6,68.50,0.0,0.0,-12.2,5,131.733,2.155,49.926
3873.6,68.21,0.0,0.0,-11.4,5,135.047,2.208,52.343
3887.2,68.03,0.0,0.0,-10.1,5,137.223,2.241,53.984
3887.2,67.73,0.0,0.0,-8.4,5,140.433,2.287,56.489
3887.2,67.55,0.0,0.0,-7.6,5,142.539,2.315,58.188
3887.2,67.28,0.0,0.0,-6.9,5,145.647,2.351,60.777
3900.7,67.09,0.0,0.0,-6.2,5,147.686,2.369,62.529
3900.7,66.82,0.0,0.0,-5.5,5,150.693,2.391,65.193
3900.7,66.64,0.0,0.0,-4.4,5,152.665,2.404,66.992
3900.7,66.39,0.0,0.0,-3.3,5,155.576,2.421,69.723
3914.0,66.15,0.0,0.0,-2.6,5,158.438,2.435,72.484
3914.0,65.99,0.0,0.0,-2.1,5,160.321,2.444,74.338
3914.0,65.76,0.0,0.0,-1.6,5,163.116,2.456,77.133
3914.0,65.61,0.0,0.0,-1.0,5,164.963,2.465,79.002
3927.1,65.38,0.0,0.0,-0.3,5,167.714,2.478,81.810
3927.1,65.24,0.0,0.0,-0.0,5,169.536,2.488,83.682
3927.1,65.01,0.0,0.0,0.2,5,172.259,2.504,86.486
3927.1,64.84,0.0,7.1,0.5,5,174.067,2.515,88.351
3940.1,64.33,0.0,57.8,0.7,5,176.767,2.534,91.136
3940.1,63.66,0.0,72.5,0.7,5,178.552,2.545,92.974
3940.1,62.44,0.0,83.8,0.5,5,181.193,2.563,95.688
3940.1,61.56,0.0,87.4,0.3,5,182.926,2.574,97.465
3952.7,60.21,0.0,90.1,0.3,5,185.482,2.593,100.078
3952.7,59.30,0.0,91.2,0.2,5,187.157,2.604,101.786
3952.7,57.89,0.0,90.7,0.4,5,189.625,2.619,104.293
3952.7,56.98,0.0,91.7,0.4,5,191.241,2.628,105.929
3964.4,55.56,0.0,90.1,0.6,5,193.621,2.640,108.328
3964.4,54.20,39.1,90.7,0.8,0,195.949,2.653,110.661
3964.4,53.31,0.0,92.0,1.1,4,197.473,2.663,112.181
3975.2,51.91,0.0,91.2,0.9,4,199.717,2.677,114.405
3975.2,50.99,0.0,90.8,0.8,4,201.184,2.689,115.851
3975.2,49.61,0.0,90.0,1.0,4,203.345,2.709,117.963
3975.2,48.71,0.0,90.6,1.4,4,204.759,2.723,119.332
3985.1,47.36,0.0,90.1,2.3,4,206.840,2.747,121.330
3985.1,46.47,0.0,89.3,2.5,4,208.202,2.763,122.623
3985.1,45.17,43.6,88.2,3.2,0,210.208,2.787,124.506
3985.1,44.32,0.0,86.9,3.7,3,211.523,2.802,125.724
3994.2,43.05,0.0,83.9,3.5,3,213.459,2.824,127.493
3994.2,42.23,0.0,81.6,3.1,3,214.728,2.837,128.636
3994.2,41.05,0.0,78.8,1.4,3,216.601,2.854,130.292
3994.2,40.29,0.0,74.2,0.2,3,217.831,2.865,131.359
4002.4,39.23,44.3,59.4,-1.7,0,219.651,2.878,132.903
4002.4,38.66,0.0,53.3,-2.7,2,220.854,2.885,133.894
4002.4,37.79,0.0,45.0,-3.2,2,222.648,2.894,135.326
4002.4,37.01,0.0,37.5,-3.2,2,224.430,2.900,136.690
4009.9,36.52,0.0,34.5,-2.5,2,225.614,2.902,137.564
4009.9,35.88,0.0,31.0,0.5,2,227.388,2.905,138.820
4009.9,35.49,0.0,29.6,4.0,2,228.569,2.905,139.622
4009.9,34.92,0.0,29.2,9.5,2,230.340,2.904,140.775
4017.0,34.56,0.0,28.9,12.6,2,231.520,2.902,141.511
4017.0,34.04,0.0,29.6,15.8,2,233.284,2.898,142.571
4017.0,33.67,0.0,28.6,17.0,2,234.458,2.894,143.249
4017.0,33.15,0.0,27.4,17.1,2,236.213,2.888,144.219
4023.6,32.81,0.0,26.7,16.8,2,237.380,2.884,144.835
4023.6,32.32,0.0,21.4,16.8,2,239.128,2.876,145.712
4023.6,32.04,0.0,16.9,17.6,2,240.290,2.870,146.265
4023.6,31.69,0.0,11.3,19.5,2,242.035,2.861,147.048
4029.8,31.49,0.0,9.3,20.8,2,243.199,2.855,147.539
4029.8,31.23,0.0,6.0,23.6,2,244.950,2.846,148.229
4029.8,31.08,0.0,4.1,25.7,2,246.121,2.839,148.658
4029.8,30.89,0.0,3.9,22.5,2,247.882,2.829,149.254
4035.8,30.69,0.0,5.6,19.7,2,249.649,2.819,149.794
4035.8,30.55,0.0,6.6,19.9,2,250.828,2.811,150.125
4035.8,30.31,0.0,9.9,19.9,2,252.598,2.800,150.577
4035.8,30.13,0.0,8.6,19.8,2,253.776,2.792,150.849
4041.8,29.89,0.0,6.2,21.6,2,255.539,2.781,151.213
4077.1,27.46,11.0,0.0,100.0,2,286.293,2.869,147.381
4077.1,27.28,10.9,0.0,100.0,2,287.725,2.900,146.577
4083.4,27.15,10.9,0.0,100.0,2,288.656,2.921,146.013
4083.4,26.97,48.7,0.0,100.0,0,290.017,2.952,145.127
4083.4,26.74,6.0,0.0,99.4,1,291.330,2.986,144.192
4083.4,26.59,12.5,0.0,95.9,1,292.177,3.008,143.544
4089.5,26.42,12.5,0.0,90.9,1,293.406,3.043,142.535
4089.5,26.30,12.5,0.0,90.0,1,294.198,3.067,141.839
4089.5,26.13,12.5,0.0,90.1,1,295.344,3.102,140.762
4089.5,26.03,12.4,0.0,90.3,1,296.079,3.126,140.022
4094.4,25.88,12.3,0.0,88.7,1,297.140,3.159,138.883
4094.4,25.78,12.2,0.0,85.6,1,297.819,3.180,138.104
4094.4,25.61,12.2,0.0,79.3,1,298.792,3.209,136.908
4094.4,25.50,12.3,0.0,73.5,1,299.411,3.227,136.094
4099.3,25.36,14.9,0.0,60.3,1,300.292,3.251,134.848
4099.3,25.31,20.1,0.0,48.9,1,300.847,3.265,134.001
4099.3,25.33,21.2,0.0,28.4,1,301.634,3.285,132.702
4099.3,25.32,16.7,0.0,13.7,1,302.128,3.297,131.818
4104.1,25.42,37.2,0.0,-4.4,1,302.832,3.314,130.470
4104.1,25.59,54.4,0.0,-10.0,1,303.281,3.324,129.554
4104.1,26.07,72.1,0.0,-9.0,1,303.934,3.339,128.151
4109.1,26.69,75.5,0.0,-2.2,1,304.576,3.353,126.706
4109.1,27.10,75.1,0.0,3.7,1,305.002,3.362,125.718
4109.1,27.69,73.3,0.0,9.9,1,305.637,3.374,124.204
4109.1,28.07,72.7,0.0,12.3,1,306.059,3.383,123.172
4114.5,28.62,73.0,0.0,14.4,1,306.684,3.395,121.592
4114.5,28.98,72.7,0.0,15.1,1,307.094,3.404,120.516
4114.5,29.51,72.6,0.0,14.9,1,307.695,3.416,118.869
4114.5,29.86,73.8,0.0,14.6,1,308.084,3.424,117.748
4120.4,30.40,75.9,0.0,14.3,1,308.647,3.434,116.031
4120.4,30.76,76.4,0.0,14.0,1,309.008,3.442,114.863
4120.4,31.28,74.6,0.0,13.7,1,309.524,3.452,113.076
4120.4,31.61,74.4,0.0,12.7,1,309.848,3.459,111.861
4158.4,27.52,43.9,33.3,-15.6,0,312.443,3.896,77.685
4158.4,27.14,0.0,27.6,-16.6,1,312.478,3.915,76.591
4158.4,26.65,0.0,21.0,-18.9,1,312.557,3.941,74.979
4158.4,26.37,0.0,17.9,-20.8,1,312.628,3.957,73.921
4163.5,25.99,0.0,14.5,-23.8,1,312.765,3.980,72.356
4163.5,25.76,0.0,12.5,-25.2,1,312.879,3.994,71.327
4163.5,25.45,0.0,9.8,-26.8,1,313.082,4.014,69.804
4163.5,25.26,0.0,9.4,-27.7,1,313.241,4.026,68.802
4168.5,24.99,0.0,9.4,-29.0,1,313.514,4.044,67.319
4168.5,24.80,0.0,9.1,-32.3,1,313.720,4.054,66.345
4168.5,24.52,0.0,8.0,-38.6,1,314.065,4.069,64.905
4168.5,24.26,0.0,8.8,-36.3,1,314.458,4.082,63.495
4173.4,24.08,0.0,9.7,-33.8,1,314.745,4.089,62.572
4173.4,23.80,0.0,7.8,-29.1,1,315.214,4.098,61.214
4173.4,23.64,0.0,6.8,-26.7,1,315.549,4.104,60.326
4173.4,23.41,0.0,6.3,-28.2,1,316.085,4.110,59.020
4178.0,23.26,0.0,5.9,-33.3,1,316.463,4.113,58.166
4178.0,23.04,0.0,3.3,-39.8,1,317.062,4.117,56.913
4178.0,22.91,0.0,1.4,-41.7,1,317.484,4.118,56.097
4178.0,22.74,0.0,1.6,-43.0,1,318.153,4.118,54.901
4182.5,22.62,0.0,2.2,-43.3,1,318.622,4.117,54.124
4182.5,22.44,0.0,3.5,-43.0,1,319.360,4.115,52.991
4182.5,22.32,0.0,2.2,-42.8,1,319.874,4.113,52.258
4182.5,22.15,0.0,1.8,-41.1,1,320.677,4.107,51.193
4186.6,22.04,0.0,3.5,-40.1,1,321.234,4.103,50.506
4186.6,21.85,0.0,5.3,-40.0,1,322.098,4.096,49.512
4186.6,21.71,0.0,6.1,-40.5,1,322.691,4.091,48.874
4186.6,21.49,0.0,3.6,-41.7,1,323.606,4.083,47.956
4190.5,21.31,0.0,3.1,-40.2,1,324.548,4.074,47.084
4190.5,21.20,0.0,3.6,-40.7,1,325.191,4.068,46.527
4190.5,21.02,0.0,4.1,-43.2,1,326.175,4.058,45.729
4190.5,20.89,0.0,4.8,-45.0,1,326.843,4.050,45.223
4194.4,20.70,1.9,0.9,-48.3,1,327.864,4.038,44.504
4194.4,20.65,15.1,0.0,-51.0,1,328.556,4.030,44.053
4194.4,20.72,33.4,0.0,-53.6,1,329.618,4.017,43.413
4194.4,20.83,40.1,0.0,-55.2,1,330.344,4.008,43.010
4198.4,21.07,47.6,0.0,-57.4,1,331.463,3.994,42.439
4198.4,21.28,60.5,0.0,-58.8,1,332.230,3.984,42.081
4198.4,21.54,35.0,0.0,-58.0,1,333.413,3.968,41.579
4198.4,21.62,37.6,0.0,-54.9,1,334.220,3.957,41.273
4202.7,21.72,22.8,0.0,-48.5,1,335.454,3.940,40.862
4202.7,21.82,36.5,0.0,-44.2,1,336.290,3.929,40.620
4202.7,22.02,41.9,0.0,-39.4,1,337.566,3.914,40.307
4202.7,22.19,42.2,0.0,-38.5,1,338.432,3.904,40.129
4207.4,22.44,47.5,0.0,-39.3,1,339.752,3.890,39.908
4207.4,22.75,49.8,0.0,-41.8,1,341.097,3.877,39.743
4207.4,22.97,51.0,0.0,-43.8,1,342.007,3.868,39.664
4207.4,23.28,49.5,0.0,-47.4,1,343.392,3.855,39.591
4212.5,23.47,49.4,0.0,-49.8,1,344.326,3.847,39.573
4212.5,23.76,50.3,0.0,-52.6,1,345.742,3.835,39.595
4212.5,23.96,47.1,0.0,-53.7,1,346.695,3.827,39.641
4212.5,24.23,48.2,0.0,-55.9,1,348.135,3.817,39.763
4218.1,24.41,47.8,0.0,-58.6,1,349.101,3.810,39.877
4218.1,24.66,39.5,0.0,-60.0,1,350.555,3.802,40.102
4218.1,24.75,35.2,0.0,-60.4,1,351.526,3.797,40.288
4218.1,24.89,35.8,0.0,-61.7,1,352.977,3.790,40.619
4224.9,25.00,33.5,0.0,-60.4,1,354.420,3.784,41.015
4224.9,25.13,37.4,0.0,-56.9,1,355.851,3.781,41.476
4224.9,25.27,47.4,0.0,-54.0,1,356.799,3.778,41.817
4230.8,25.61,57.5,0.0,-48.5,1,358.215,3.777,42.382
4230.8,25.85,51.8,0.0,-43.4,1,359.158,3.776,42.794
4230.8,26.20,58.2,0.0,-34.8,1,360.566,3.778,43.466
4230.8,26.45,55.6,0.0,-29.8,1,361.501,3.780,43.949
4236.5,26.85,58.9,0.0,-23.5,1,362.896,3.785,44.728
4236.5,27.13,61.6,0.0,-20.0,1,363.822,3.791,45.281
4236.5,27.57,61.8,0.0,-17.8,1,365.207,3.800,46.160
4236.5,27.86,60.7,0.0,-17.8,1,366.126,3.808,46.778
4242.1,28.29,58.8,0.0,-19.2,1,367.500,3.820,47.751
4242.1,28.56,58.5,0.0,-21.2,1,368.413,3.829,48.428
4242.1,28.96,59.6,0.0,-25.3,1,369.775,3.842,49.487
4242.1,29.22,61.0,0.0,-23.5,1,370.677,3.850,50.221
4247.7,29.65,64.2,0.0,-23.0,1,372.020,3.863,51.366
4247.7,30.10,70.6,0.0,-29.3,1,373.351,3.875,52.566
4247.7,30.42,74.2,0.0,-25.6,1,374.231,3.882,53.396
4247.7,30.90,70.1,0.0,-20.9,1,375.537,3.892,54.690
4253.5,31.21,74.3,0.0,-26.7,1,376.398,3.899,55.585
4253.5,31.66,68.1,0.0,-26.4,1,377.671,3.909,56.976
4253.5,31.92,66.4,0.0,-24.0,1,378.504,3.916,57.936
4253.5,32.26,60.1,0.0,-25.1,1,379.726,3.925,59.423
4259.5,32.47,59.4,0.0,-25.4,1,380.520,3.930,60.445
4259.5,32.69,0.0,0.0,-19.7,0,381.678,3.937,62.022
4259.5,32.65,68.1,0.0,-20.7,2,382.421,3.941,63.097
4259.5,32.99,68.7,0.0,-20.7,2,383.494,3.945,64.746
4265.8,33.21,58.7,0.0,-14.7,2,384.187,3.947,65.874
4265.8,33.58,78.3,0.0,-14.0,2,385.190,3.950,67.607
4265.8,33.89,74.9,0.0,-14.2,2,385.836,3.952,68.791
4265.8,34.35,82.7,0.0,-10.5,2,386.774,3.955,70.610
4272.4,34.69,85.2,0.0,-10.9,2,387.378,3.958,71.851
4272.4,35.15,59.7,0.0,-8.1,2,388.259,3.960,73.751
4272.4,35.52,83.4,0.0,-4.9,2,389.106,3.962,75.694
4272.4,35.90,85.8,0.0,-4.0,2,389.655,3.963,77.012
4279.3,36.41,83.1,0.0,-2.7,2,390.461,3.963,79.024
4279.3,36.77,84.3,0.0,-2.7,2,390.989,3.962,80.388
4279.3,37.26,85.3,0.0,-3.3,2,391.765,3.958,82.467
4279.3,37.53,85.6,0.0,-4.5,2,392.272,3.953,83.873
4286.6,38.01,71.0,0.0,-5.5,2,393.016,3.944,86.012
4286.6,38.25,85.9,0.0,-5.3,2,393.499,3.940,87.458
4286.6,38.74,85.0,0.0,-3.1,2,394.206,3.934,89.657
4286.6,39.08,86.4,0.0,-2.3,2,394.670,3.929,91.142
4294.3,39.60,86.5,0.0,-1.4,2,395.348,3.922,93.402
4294.3,39.92,86.6,0.0,-2.0,2,395.788,3.920,94.930
4294.3,40.41,86.7,0.0,-3.8,2,396.434,3.917,97.252
4294.3,40.76,86.7,0.0,-3.6,2,396.855,3.916,98.819
4302.1,41.07,0.0,0.0,-2.8,0,397.473,3.916,101.197
4302.1,41.04,85.0,0.0,-2.8,3,397.876,3.913,102.789
4302.1,41.51,85.1,0.0,-2.4,3,398.467,3.910,105.194
4302.1,41.96,85.3,0.0,-3.3,3,399.048,3.907,107.629
4310.2,42.25,85.5,0.0,-3.2,3,399.430,3.904,109.269
4310.2,42.70,85.5,0.0,-3.5,3,399.994,3.897,111.753
4310.2,42.98,85.6,0.0,-4.2,3,400.363,3.895,113.426
4310.2,43.44,85.6,0.0,-5.1,3,400.906,3.892,115.960
4318.7,43.74,85.7,0.0,-5.5,3,401.261,3.889,117.667
4318.7,44.17,85.9,0.0,-7.2,3,401.779,3.887,120.252
4318.7,44.46,85.9,0.0,-8.4,3,402.113,3.885,121.992
4318.7,44.88,86.1,0.0,-8.8,3,402.592,3.883,124.628
4327.4,45.17,86.2,0.0,-9.5,3,402.896,3.881,126.403
4327.4,45.59,86.4,0.0,-8.9,3,403.323,3.877,129.091
4327.4,45.86,86.6,0.0,-8.8,3,403.587,3.874,130.900
4327.4,46.27,86.7,0.0,-7.6,3,403.952,3.868,133.639
4336.4,46.55,86.8,0.0,-7.3,3,404.172,3.864,135.482
4336.4,46.96,87.0,0.0,-6.5,3,404.469,3.858,138.270
4336.4,47.36,87.2,0.0,-7.3,3,404.727,3.852,141.087
4336.4,47.63,87.3,0.0,-8.1,3,404.877,3.847,142.980
4345.7,48.02,87.5,0.0,-8.8,3,405.072,3.840,145.842
4345.7,48.28,87.6,0.0,-8.8,3,405.179,3.835,147.765
4345.7,48.66,87.8,0.0,-8.4,3,405.303,3.828,150.669
4345.7,48.91,87.9,0.0,-8.9,3,405.362,3.824,152.619
4355.2,49.28,88.1,0.0,-9.6,3,405.412,3.817,155.563
4355.2,49.41,0.0,0.0,-9.9,0,405.419,3.812,157.538
4355.2,49.48,86.4,0.0,-9.5,4,405.386,3.805,160.501
4355.2,49.71,86.5,0.0,-9.6,4,405.335,3.800,162.484
4364.9,50.04,86.7,0.0,-10.7,4,405.213,3.794,165.473
4364.9,50.25,86.7,0.0,-11.4,4,405.103,3.788,167.475
4364.9,50.58,86.9,0.0,-10.3,4,404.890,3.780,170.492
4364.9,50.79,87.0,0.0,-11.3,4,404.715,3.776,172.511
4374.9,51.12,87.2,0.0,-13.0,4,404.406,3.768,175.552
4374.9,51.33,87.3,0.0,-13.5,4,404.167,3.762,177.587
4374.9,51.63,87.4,0.0,-14.4,4,403.756,3.754,180.648
4385.1,51.94,87.6,0.0,-15.4,4,403.281,3.746,183.718
4385.1,52.14,87.7,0.0,-15.5,4,402.927,3.740,185.769
4385.1,52.43,87.9,0.0,-15.3,4,402.338,3.731,188.850
4385.1,52.62,88.0,0.0,-14.5,4,401.905,3.725,190.905
4395.6,52.91,88.1,0.0,-13.9,4,401.194,3.718,193.990
4395.6,53.09,88.2,0.0,-13.9,4,400.679,3.714,196.046
4395.6,53.37,88.4,0.0,-12.6,4,399.842,3.707,199.128
4395.6,53.56,88.4,0.0,-11.8,4,399.241,3.704,201.180
4406.7,53.83,88.6,0.0,-12.6,4,398.273,3.702,204.252
4406.7,54.02,88.6,0.0,-13.8,4,397.586,3.701,206.296
4406.7,54.30,88.7,0.0,-16.7,4,396.495,3.698,209.357
4406.7,54.47,88.7,0.0,-17.9,4,395.726,3.697,211.391
4418.2,54.73,88.9,0.0,-17.9,4,394.507,3.700,214.431
4418.2,54.88,89.0,0.0,-17.3,4,393.651,3.704,216.450
4418.2,55.17,89.1,0.0,-16.0,4,392.307,3.711,219.465
4418.2,55.33,89.2,0.0,-15.3,4,391.370,3.715,221.466
4430.3,55.57,89.3,0.0,-14.5,4,389.899,3.723,224.449
4430.3,55.84,89.4,0.0,-13.5,4,388.350,3.732,227.410
4430.3,55.98,89.5,0.0,-13.8,4,387.276,3.737,229.372
4430.3,56.25,89.5,0.0,-13.6,4,385.608,3.741,232.296
4441.6,56.42,89.6,0.0,-13.7,4,384.458,3.742,234.233
4441.6,56.68,89.7,0.0,-12.7,4,382.673,3.741,237.119
4441.6,56.85,89.8,0.0,-11.4,4,381.444,3.742,239.027
4441.6,57.11,89.9,0.0,-9.9,4,379.542,3.744,241.867
4452.7,57.28,89.9,0.0,-9.4,4,378.237,3.746,243.746
4452.7,57.55,90.0,0.0,-11.0,4,376.224,3.753,246.541
4452.7,57.72,90.1,0.0,-11.4,4,374.848,3.759,248.390
4452.7,57.98,90.2,0.0,-11.6,4,372.735,3.767,251.143
4464.1,58.15,90.2,0.0,-10.1,4,371.294,3.774,252.963
4464.1,58.41,90.3,0.0,-7.9,4,369.083,3.784,255.672
4464.1,58.59,90.4,0.0,-7.1,4,367.578,3.791,257.463
4464.1,58.85,90.5,0.0,-7.3,4,365.277,3.800,260.130
4475.7,59.10,90.6,0.0,-7.0,4,362.925,3.809,262.773
4475.7,59.28,90.6,0.0,-6.7,4,361.329,3.814,264.522
4475.7,59.31,0.0,0.0,-6.3,0,358.899,3.820,267.124
4475.7,59.38,89.3,0.0,-6.0,5,357.259,3.823,268.838
4487.5,59.62,89.4,0.0,-5.9,5,354.764,3.825,271.390
4487.5,59.78,89.5,0.0,-5.9,5,353.076,3.824,273.079
4487.5,60.01,87.3,0.0,-6.0,5,350.507,3.825,275.591
4487.5,60.15,87.2,0.0,-7.3,5,348.772,3.828,277.252
4499.4,60.38,89.7,0.0,-7.4,5,346.136,3.832,279.725
4499.4,60.54,89.8,0.0,-6.9,5,344.355,3.836,281.361
4499.4,60.76,89.8,0.0,-3.9,5,341.650,3.843,283.795
4499.4,60.92,89.9,0.0,-2.5,5,339.824,3.847,285.404
4511.6,61.15,90.0,0.0,-0.5,5,337.055,3.851,287.799
4511.6,61.29,90.1,0.0,-0.1,5,335.191,3.852,289.386
4511.6,61.50,90.1,0.0,-0.3,5,332.371,3.848,291.755
4511.6,61.66,90.2,0.0,-0.9,5,330.476,3.844,293.330
4523.8,61.91,90.3,0.0,-1.3,5,327.617,3.843,295.690
4523.8,62.17,90.3,0.0,-0.6,5,324.741,3.840,298.052
4523.8,62.33,90.3,0.0,0.1,5,322.815,3.839,299.630
4523.8,62.56,90.5,0.0,0.9,5,319.915,3.837,302.000
4536.2,62.72,90.5,0.0,1.0,5,317.974,3.836,303.585
4536.2,62.96,90.6,0.0,1.0,5,315.054,3.837,305.969
4536.2,63.11,90.6,0.0,0.9,5,313.103,3.840,307.566
4536.2,63.34,90.7,0.0,0.8,5,310.170,3.846,309.971
4548.8,63.51,90.7,0.0,0.8,5,308.210,3.849,311.582
4548.8,63.74,90.8,0.0,0.9,5,305.266,3.854,314.011
4548.8,63.88,90.9,0.0,0.9,5,303.300,3.858,315.639
4548.8,64.11,90.9,0.0,0.9,5,300.347,3.866,318.093
4561.5,64.27,91.0,0.0,0.9,5,298.376,3.870,319.737
4561.5,64.50,91.0,0.0,0.9,5,295.415,3.875,322.217
4561.5,64.64,91.1,0.0,0.8,5,293.438,3.877,323.880
4561.5,64.87,91.2,0.0,0.8,5,290.470,3.876,326.386
4574.5,65.02,91.2,0.0,0.9,5,288.488,3.871,328.065
4574.5,65.24,91.3,0.0,0.9,5,285.512,3.865,330.596
4574.5,65.46,91.4,0.0,0.7,5,282.531,3.858,333.143
4574.5,65.60,91.4,0.0,0.6,5,280.541,3.851,334.849
4587.5,65.81,91.4,0.0,0.3,5,277.554,3.845,337.421
4587.5,65.95,91.5,0.0,0.7,5,275.559,3.845,339.143
4587.5,66.17,91.5,0.0,0.8,5,272.563,3.844,341.736
4587.5,66.30,91.6,0.0,0.6,5,270.562,3.846,343.472
4600.7,66.51,91.7,0.0,0.3,5,267.554,3.849,346.086
4600.7,66.66,91.7,0.0,0.1,5,265.546,3.852,347.835
4600.7,66.86,91.8,0.0,-0.1,5,262.527,3.860,350.468
4600.7,67.01,91.8,0.0,-0.1,5,260.511,3.867,352.229
4614.1,67.21,91.9,0.0,0.0,5,257.481,3.880,354.879
4614.1,67.34,91.9,0.0,0.1,5,255.455,3.889,356.650
4614.1,67.55,91.9,0.0,0.0,5,252.411,3.901,359.314
4614.1,67.66,92.0,0.0,-0.1,5,250.376,3.910,361.095
4627.6,67.87,92.1,0.0,-0.1,5,247.318,3.926,363.774
4627.6,68.00,92.1,0.0,0.2,5,245.274,3.935,365.564
4627.6,68.19,92.2,0.0,0.3,5,242.200,3.946,368.256
4641.2,68.39,92.2,0.0,0.1,5,239.118,3.955,370.955
4641.2,68.51,92.3,0.0,0.1,5,237.059,3.961,372.760
4641.2,68.70,92.3,0.0,0.1,5,233.964,3.965,375.473
4641.2,68.83,92.3,0.0,0.0,5,231.896,3.966,377.286
4654.9,69.02,92.4,0.0,0.0,5,228.787,3.965,380.013
4654.9,69.14,92.4,0.0,-0.0,5,226.710,3.963,381.835
4654.9,69.32,92.5,0.0,0.1,5,223.588,3.959,384.575
4654.9,69.44,92.5,0.0,0.1,5,221.503,3.956,386.406
4668.8,69.63,92.6,0.0,0.1,5,218.368,3.951,389.158
4668.8,69.74,92.6,0.0,0.1,5,216.273,3.947,390.997
4668.8,69.93,92.7,0.0,0.0,5,213.125,3.941,393.762
4668.8,69.96,0.0,0.0,0.0,0,211.023,3.936,395.609
4682.7,69.95,91.8,0.0,0.1,6,207.872,3.928,398.379
4682.7,70.06,91.8,0.0,0.1,6,205.769,3.923,400.227
4682.7,70.23,91.9,0.0,0.1,6,202.608,3.918,403.006
4682.7,70.40,91.9,0.0,0.1,6,199.440,3.912,405.792
4696.8,70.52,91.9,0.0,0.1,6,197.324,3.909,407.653
4696.8,70.68,92.0,0.0,0.1,6,194.144,3.905,410.451
4696.8,70.80,92.0,0.0,0.1,6,192.020,3.901,412.320
4696.8,70.96,92.1,0.0,0.1,6,188.828,3.895,415.130
4711.0,71.07,92.1,0.0,0.1,6,186.697,3.891,417.008
4711.0,71.24,92.1,0.0,0.1,6,183.493,3.887,419.830
4711.0,71.35,92.2,0.0,0.2,6,181.354,3.885,421.716
4711.0,71.51,92.2,0.0,0.2,6,178.141,3.881,424.550
4725.2,71.62,92.2,0.0,0.1,6,175.994,3.879,426.444
4725.2,71.78,92.3,0.0,0.2,6,172.770,3.873,429.292
4725.2,71.88,92.3,0.0,0.2,6,170.617,3.868,431.194
4725.2,72.04,92.3,0.0,0.3,6,167.383,3.862,434.054
4739.6,72.15,92.4,0.0,0.2,6,165.224,3.860,435.965
4739.6,72.30,92.4,0.0,0.1,6,161.981,3.858,438.839
4739.6,72.45,92.4,0.0,0.1,6,158.732,3.857,441.720
4739.6,72.56,92.5,0.0,0.1,6,156.564,3.857,443.645
4754.1,72.71,92.5,0.0,0.1,6,153.306,3.859,446.540
4754.1,72.81,92.5,0.0,0.2,6,151.131,3.862,448.473
4754.1,72.96,92.6,0.0,0.2,6,147.865,3.866,451.380
4754.1,73.06,92.6,0.0,0.1,6,145.684,3.868,453.323
4768.7,73.22,92.6,0.0,0.0,6,142.408,3.870,456.242
4768.7,73.31,92.6,0.0,-0.0,6,140.222,3.873,458.193
4768.7,73.46,92.7,0.0,-0.0,6,136.937,3.876,461.125
4768.7,73.55,92.7,0.0,0.0,6,134.744,3.878,463.083
4783.3,73.70,92.7,0.0,0.0,6,131.450,3.880,466.026
4783.3,73.79,92.8,0.0,-0.0,6,129.251,3.881,467.992
4783.3,73.94,92.8,0.0,0.0,6,125.947,3.884,470.945
4783.3,74.03,92.8,0.0,0.1,6,123.742,3.884,472.918
4798.1,74.17,92.9,0.0,0.1,6,120.428,3.885,475.881
4798.1,74.26,92.9,0.0,0.1,6,118.215,3.886,477.860
4798.1,74.41,92.9,0.0,0.0,6,114.891,3.886,480.834
4798.1,74.54,92.9,0.0,-0.0,6,111.562,3.884,483.814
4813.0,74.64,93.0,0.0,-0.0,6,109.338,3.882,485.803
4813.0,74.78,93.0,0.0,-0.0,6,105.998,3.877,488.792
4813.0,74.87,93.0,0.0,-0.0,6,103.768,3.872,490.788
4813.0,75.00,93.0,0.0,0.0,6,100.417,3.863,493.786
4827.9,75.09,93.1,0.0,0.1,6,98.180,3.857,495.787
4827.9,75.23,93.1,0.0,0.1,6,94.819,3.848,498.793
4827.9,75.32,93.1,0.0,0.1,6,92.574,3.839,500.800
4827.9,75.45,93.1,0.0,0.0,6,89.203,3.824,503.815
4843.0,75.55,93.2,0.0,-0.0,6,86.951,3.813,505.828
4843.0,75.68,93.2,0.0,-0.0,6,83.570,3.795,508.852
4843.0,75.76,93.2,0.0,-0.0,6,81.312,3.782,510.871
4843.0,75.89,93.3,0.0,-0.1,6,77.921,3.762,513.903
4858.2,75.98,93.3,0.0,-0.1,6,75.657,3.748,515.928
4858.2,76.11,93.3,0.0,-0.1,6,72.256,3.726,518.969
4858.2,76.23,93.3,0.0,-0.1,6,68.849,3.703,522.014
4858.2,76.32,93.4,0.0,-0.1,6,66.575,3.688,524.047
4873.4,76.45,93.4,0.0,-0.1,6,63.157,3.663,527.101
4873.4,76.53,93.4,0.0,-0.1,6,60.875,3.645,529.139
4873.4,76.66,93.4,0.0,-0.1,6,57.447,3.616,532.199
4873.4,76.73,93.5,0.0,-0.1,6,55.158,3.595,534.241
4888.7,76.86,93.5,0.0,0.0,6,51.719,3.561,537.307
4888.7,76.94,93.5,0.0,0.1,6,49.423,3.537,539.354
4888.7,77.06,93.5,0.0,0.2,6,45.974,3.500,542.427
4888.7,77.14,93.5,0.0,0.3,6,43.671,3.474,544.478
4904.1,77.26,93.6,0.0,0.3,6,40.214,3.432,547.560
4904.1,77.34,93.6,0.0,0.3,6,37.906,3.402,549.618
4904.1,77.46,93.6,0.0,0.2,6,34.442,3.351,552.710
4904.1,77.50,53.6,0.0,0.1,6,32.131,3.313,554.775
4919.5,77.28,0.0,0.0,0.1,6,28.670,3.260,557.871
4919.5,77.11,0.0,0.0,0.1,6,26.370,3.221,559.931
4919.5,76.84,0.0,0.0,0.2,6,22.930,3.165,563.014
4934.9,76.57,0.0,0.0,0.2,6,19.504,3.107,566.087
4934.9,76.40,0.0,0.0,0.1,6,17.227,3.067,568.130
4934.9,76.13,0.0,0.0,-0.1,6,13.822,3.008,571.188
4934.9,75.94,0.0,0.0,-0.3,6,11.560,2.970,573.220
4950.2,75.68,0.0,0.0,-0.7,6,8.176,2.913,576.260
4950.2,75.50,0.0,0.0,-0.7,6,5.926,2.877,578.280
4950.2,75.23,0.0,0.0,-0.7,6,2.558,2.826,581.298
4950.2,75.07,0.0,0.0,-0.4,6,0.317,2.789,583.301
4965.2,74.81,0.0,0.0,-0.3,6,-3.040,2.729,586.294
4965.2,74.64,0.0,0.0,-0.5,6,-5.274,2.691,588.280
4965.2,74.38,0.0,0.0,-0.5,6,-8.619,2.635,591.245
4965.2,74.21,0.0,5.8,-0.7,6,-10.846,2.598,593.213
4980.1,73.65,0.0,55.6,-0.7,6,-14.177,2.544,596.149
4980.1,72.97,0.0,75.6,-0.7,6,-16.381,2.509,598.086
4980.1,71.68,0.0,87.7,-0.6,6,-19.648,2.459,600.947
4980.1,70.77,0.0,90.2,-0.8,6,-21.795,2.426,602.822
4994.4,69.33,0.0,91.9,-1.0,6,-24.967,2.376,605.582
4994.4,67.88,0.0,92.3,-0.9,6,-28.081,2.324,608.280
4994.4,66.91,0.0,91.6,-0.9,6,-30.124,2.290,610.042
4994.4,65.49,0.0,93.3,-1.0,6,-33.141,2.242,612.630
5007.8,64.53,0.0,91.9,-1.2,0,-35.120,2.212,614.318
5007.8,63.14,0.0,94.7,-1.3,5,-38.044,2.168,616.797
5007.8,62.18,0.0,91.8,-1.3,5,-39.961,2.139,618.413
5007.8,60.76,0.0,90.7,-1.3,5,-42.791,2.096,620.782
5020.2,59.84,0.0,89.3,-1.5,5,-44.648,2.068,622.325
5020.2,58.47,0.0,87.8,-1.6,5,-47.389,2.026,624.584
5020.2,57.57,0.0,87.2,-2.2,5,-49.187,1.998,626.053
5020.2,56.23,0.0,86.5,-2.9,5,-51.844,1.957,628.202
5031.7,55.36,0.0,86.6,-3.6,5,-53.588,1.930,629.597
5031.7,54.05,39.4,87.2,-4.2,0,-56.165,1.892,631.632
5031.7,53.20,0.0,88.0,-4.4,4,-57.860,1.866,632.950
5031.7,51.88,0.0,84.5,-4.1,4,-60.365,1.829,634.868
5042.4,51.03,0.0,79.3,-4.0,4,-62.011,1.804,636.106
5042.4,49.82,0.0,67.8,-3.1,4,-64.448,1.767,637.903
5042.4,48.79,0.0,51.3,-2.0,4,-66.854,1.731,639.625
5042.4,48.21,0.0,45.2,-1.7,4,-68.448,1.708,640.732
5052.1,47.44,0.0,38.7,-2.4,4,-70.829,1.674,642.334
5052.1,46.99,0.0,40.3,-3.9,4,-72.413,1.653,643.364
5052.1,46.27,0.0,46.2,-6.6,4,-74.782,1.621,644.855
5052.1,45.75,0.0,47.1,-8.3,4,-76.355,1.600,645.813
5061.3,44.99,0.0,41.2,-10.3,4,-78.701,1.569,647.197
5061.3,44.51,0.0,37.5,-11.0,4,-80.256,1.547,648.085
5061.3,43.89,0.0,28.3,-10.5,4,-82.580,1.516,649.363
5061.3,43.54,0.0,21.9,-10.2,0,-84.126,1.495,650.182
5070.0,43.15,0.0,18.6,-10.7,3,-86.445,1.463,651.360
5070.0,42.87,0.0,13.6,-11.0,3,-87.993,1.440,652.113
5070.0,42.53,0.0,19.1,-11.6,3,-90.316,1.408,653.193
5070.0,42.24,0.0,25.3,-12.4,3,-91.867,1.386,653.879
5078.5,41.72,0.0,27.9,-13.6,3,-94.189,1.354,654.859
5078.5,41.38,0.0,21.6,-13.6,3,-95.732,1.333,655.478
5078.5,40.95,0.0,10.7,-14.0,3,-98.041,1.303,656.354
5078.5,40.66,0.0,6.6,-15.1,3,-100.350,1.272,657.169
5086.9,40.50,0.0,4.3,-16.0,3,-101.891,1.252,657.679
5086.9,40.28,0.0,2.4,-17.1,3,-104.207,1.221,658.395
5086.9,40.16,0.0,0.6,-17.3,3,-105.753,1.201,658.837
5086.9,39.98,1.1,0.0,-18.2,3,-108.078,1.171,659.449
5095.3,39.87,0.8,0.0,-19.0,3,-109.631,1.152,659.823
5095.3,39.70,1.0,0.0,-19.6,3,-111.963,1.122,660.333
5095.3,39.58,0.6,0.7,-18.7,3,-113.519,1.103,660.637
5095.3,39.40,0.0,0.2,-19.3,3,-115.854,1.074,661.041
5103.4,39.28,0.0,0.2,-17.0,3,-117.411,1.056,661.275
5103.4,39.11,0.0,1.3,-15.7,3,-119.744,1.029,661.573
5103.4,38.99,0.0,1.0,-16.5,3,-121.297,1.012,661.736
5103.4,38.82,0.0,2.4,-12.7,3,-123.624,0.988,661.930
5111.7,38.70,0.0,2.0,-13.1,3,-125.171,0.973,662.026
5111.7,38.53,0.0,2.1,-15.1,3,-127.486,0.952,662.125
5111.7,38.42,0.0,1.7,-15.6,3,-129.025,0.938,662.161
5111.7,38.25,0.0,1.3,-18.1,3,-131.325,0.918,662.171
5119.9,38.08,0.0,2.9,-20.6,3,-133.615,0.898,662.126
5119.9,37.95,0.0,2.3,-22.6,3,-135.134,0.885,662.065
5119.9,37.76,0.0,0.6,-23.7,3,-137.401,0.866,661.923
5119.9,37.65,2.1,0.0,-24.9,3,-138.904,0.854,661.794
5127.7,37.50,7.6,0.0,-24.4,3,-141.145,0.836,661.548
5127.7,37.42,6.3,0.0,-22.2,3,-142.630,0.824,661.348
5127.7,37.28,5.4,0.0,-20.3,3,-144.843,0.807,660.995
5127.7,37.18,3.9,0.0,-21.9,3,-146.307,0.796,660.723
5135.8,37.03,5.0,0.0,-25.7,3,-148.486,0.779,660.264
5135.8,36.93,5.6,0.0,-28.2,3,-149.925,0.769,659.923
5135.8,36.79,6.2,0.0,-31.4,3,-152.064,0.753,659.359
5135.8,36.69,6.7,0.0,-33.0,3,-153.475,0.743,658.948
5143.5,36.55,7.3,0.0,-35.1,3,-155.568,0.728,658.279
5143.5,36.44,4.8,0.0,-36.3,3,-156.946,0.719,657.799
5143.5,36.27,6.4,0.0,-37.4,3,-158.987,0.704,657.027
5143.5,36.15,3.9,0.0,-37.6,3,-160.327,0.696,656.477
5151.6,35.99,13.2,0.0,-37.0,3,-162.305,0.685,655.598
5151.6,35.86,12.7,0.0,-36.0,3,-164.244,0.676,654.655
5151.6,35.78,17.3,0.0,-34.0,3,-165.513,0.673,653.991
5159.7,35.65,6.6,0.0,-30.5,3,-167.382,0.669,652.943
5159.7,35.56,12.0,0.0,-28.3,3,-168.603,0.668,652.209
5159.7,35.44,13.7,0.0,-26.9,3,-170.398,0.667,651.063
5159.7,35.36,13.3,0.0,-28.9,3,-171.572,0.663,650.271
5167.3,35.27,25.2,0.0,-31.3,3,-173.294,0.657,649.037
5167.3,35.22,25.4,0.0,-34.0,3,-174.414,0.657,648.180
5167.3,35.18,30.1,0.0,-40.3,3,-176.052,0.658,646.847
5167.3,35.15,31.3,0.0,-45.2,3,-177.118,0.660,645.928
5175.2,35.17,29.3,0.0,-52.1,3,-178.676,0.663,644.506
5175.2,35.15,24.5,0.0,-57.3,3,-179.690,0.666,643.531
5175.2,35.02,42.5,0.0,-65.6,0,-181.167,0.669,642.030
5175.2,34.89,12.9,0.0,-70.2,2,-182.121,0.673,641.008
5182.5,34.73,13.6,0.0,-72.8,2,-183.505,0.678,639.444
5182.5,34.62,13.3,0.0,-72.7,2,-184.396,0.683,638.381
5182.5,34.46,13.2,0.0,-72.8,2,-185.684,0.691,636.757
5182.5,34.29,13.1,0.0,-71.2,2,-186.911,0.701,635.099
5189.8,34.19,13.0,0.0,-69.3,2,-187.696,0.708,633.977
5189.8,34.04,17.7,0.0,-69.7,2,-188.824,0.717,632.268
5189.8,33.96,18.2,0.0,-69.6,2,-189.542,0.724,631.113
5189.8,33.82,13.0,0.0,-70.3,2,-190.568,0.734,629.357
5196.5,33.70,13.0,0.0,-69.7,2,-191.217,0.742,628.173
5196.5,33.55,13.1,0.0,-65.4,2,-192.137,0.753,626.377
5196.5,33.45,13.4,0.0,-62.0,2,-192.717,0.760,625.169
5196.5,33.31,15.2,0.0,-55.3,2,-193.533,0.769,623.340
5203.0,33.23,17.6,0.0,-49.2,2,-194.042,0.774,622.111
5203.0,33.16,27.6,0.0,-38.8,2,-194.752,0.780,620.250
5203.0,33.19,41.2,0.0,-30.8,2,-195.189,0.784,618.998
5203.0,33.34,41.6,0.0,-17.2,2,-195.796,0.787,617.097
5209.3,33.44,41.9,0.0,-8.1,2,-196.168,0.789,615.815
5209.3,33.61,49.9,0.0,2.8,2,-196.680,0.791,613.870
5209.3,33.78,55.7,0.0,6.8,2,-196.991,0.793,612.559
5209.3,34.15,71.4,0.0,7.3,2,-197.417,0.796,610.568
5216.0,34.65,79.2,0.0,1.0,2,-197.803,0.800,608.542
5216.0,34.99,78.7,0.0,-4.7,2,-198.042,0.802,607.170
5216.0,35.48,80.2,0.0,-11.3,2,-198.375,0.806,605.083
5216.0,35.83,81.3,0.0,-14.0,2,-198.584,0.809,603.673
5223.0,36.32,84.6,0.0,-14.4,2,-198.874,0.814,601.529
5223.0,36.68,85.8,0.0,-14.8,2,-199.050,0.818,600.081
5223.0,37.19,86.1,0.0,-12.0,2,-199.285,0.826,597.878
5223.0,37.54,86.1,0.0,-8.0,2,-199.420,0.832,596.391
5230.4,38.06,86.3,0.0,-3.9,2,-199.590,0.842,594.130
5230.4,38.41,86.3,0.0,-2.3,2,-199.683,0.849,592.604
5230.4,38.93,86.4,0.0,-1.1,2,-199.793,0.862,590.288
5230.4,39.26,71.1,0.0,-0.2,2,-199.851,0.871,588.725
5238.1,39.46,31.5,0.0,1.1,2,-199.920,0.888,586.364
5238.1,39.43,9.9,19.3,2.5,2,-199.961,0.899,584.786
5238.1,38.95,0.0,49.1,5.2,2,-200.024,0.915,582.432
5238.1,38.42,0.0,51.6,6.4,2,-200.072,0.926,580.884
5246.0,37.60,0.0,42.7,8.3,2,-200.156,0.942,578.603
5246.0,36.90,0.0,36.1,10.2,2,-200.261,0.959,576.370
5246.0,36.49,0.0,29.6,11.5,2,-200.347,0.970,574.904
5246.0,35.97,0.0,20.8,13.2,2,-200.504,0.986,572.736
5253.4,35.68,0.0,16.9,14.3,2,-200.629,0.997,571.308
5253.4,35.32,0.0,10.0,15.9,2,-200.851,1.012,569.189
5253.4,35.13,0.0,6.8,17.1,2,-201.022,1.021,567.790
5253.4,34.89,0.0,4.3,18.9,2,-201.318,1.034,565.710
5260.6,34.74,0.0,4.4,19.8,2,-201.542,1.043,564.336
5260.6,34.51,0.0,6.9,19.5,2,-201.922,1.057,562.293
5260.6,34.35,0.0,3.5,18.2,2,-202.203,1.066,560.944
5260.6,34.15,0.0,5.3,17.1,2,-202.667,1.080,558.942
5267.7,33.99,0.0,5.8,17.3,2,-203.003,1.090,557.621
5267.7,33.73,0.0,24.2,17.5,2,-203.548,1.105,555.663
5267.7,33.40,0.0,28.1,17.9,2,-203.936,1.115,554.377
5267.7,32.88,0.0,51.4,18.0,2,-204.551,1.132,552.485
5275.0,32.37,0.0,44.0,18.1,2,-204.980,1.143,551.251
5275.0,31.69,0.0,30.0,16.9,2,-205.651,1.160,549.450
5275.0,31.16,0.0,19.3,15.6,2,-206.357,1.177,547.702
5275.0,30.89,0.0,14.0,15.4,2,-206.849,1.189,546.562
5281.8,30.56,0.0,11.6,16.6,2,-207.621,1.208,544.887
5281.8,30.37,0.0,10.1,18.4,2,-208.156,1.221,543.792
5281.8,30.07,0.0,14.4,21.0,2,-208.991,1.241,542.182
5281.8,29.85,0.0,16.7,22.5,2,-209.566,1.254,541.130
5288.5,29.50,0.0,13.2,23.8,2,-210.455,1.273,539.587
5288.5,29.28,0.0,10.3,24.3,2,-211.065,1.285,538.582
5288.5,29.01,0.0,8.6,25.2,2,-212.011,1.303,537.111
5288.5,28.84,0.0,5.4,26.0,2,-212.661,1.315,536.153
5295.5,28.64,0.0,2.3,27.5,2,-213.667,1.332,534.753
5295.5,28.52,0.0,2.1,28.7,2,-214.359,1.343,533.842
5295.5,28.35,1.1,0.3,30.4,2,-215.429,1.359,532.513
5295.5,28.25,3.0,0.0,31.4,2,-216.163,1.370,531.651
5301.6,28.12,2.9,0.0,33.4,2,-217.297,1.385,530.396
5301.6,28.02,2.3,0.0,35.0,2,-218.073,1.394,529.585
5301.6,27.90,9.7,0.0,37.1,2,-219.269,1.408,528.409
5307.5,27.81,10.7,0.0,38.5,2,-220.502,1.421,527.281
5307.5,27.75,9.6,0.0,39.5,2,-221.345,1.429,526.557
5307.5,27.66,17.6,0.0,40.8,2,-222.639,1.440,525.513
5307.5,27.65,22.7,0.0,41.5,2,-223.522,1.448,524.847
5313.3,27.65,25.3,0.0,43.0,2,-224.876,1.457,523.890
5313.3,27.66,28.5,0.0,44.2,2,-225.800,1.463,523.281
5313.3,27.72,29.8,0.0,45.9,2,-227.215,1.471,522.411
5313.3,27.74,27.3,0.0,47.8,2,-228.178,1.476,521.861
5319.0,27.74,25.3,0.0,51.6,2,-229.648,1.483,521.081
5319.0,27.76,27.8,0.0,54.0,2,-230.644,1.486,520.592
5319.0,27.77,25.8,0.0,57.4,2,-232.162,1.491,519.905
5319.0,27.77,23.8,0.0,59.8,2,-233.188,1.493,519.479
5324.9,27.74,21.0,0.0,63.3,2,-234.745,1.497,518.890
5324.9,27.70,19.0,0.0,65.4,2,-235.794,1.498,518.530
5324.9,27.62,17.2,0.0,67.6,2,-237.380,1.500,518.042
5324.9,27.56,16.4,0.0,68.6,2,-238.445,1.501,517.751
5330.5,27.47,15.5,0.0,69.8,2,-240.051,1.502,517.368
5330.5,27.38,14.5,0.0,71.1,2,-241.666,1.501,517.049
5330.5,27.30,14.0,0.0,71.6,2,-242.745,1.500,516.872
5330.5,27.19,14.1,0.0,70.8,2,-244.366,1.499,516.661
5336.1,27.12,14.1,0.0,70.1,2,-245.447,1.496,516.556
5336.1,27.02,14.2,0.0,69.3,2,-247.068,1.493,516.454
5336.1,26.95,48.2,0.0,68.5,0,-248.147,1.491,516.422
5336.1,26.79,10.5,0.0,65.8,1,-249.760,1.486,516.428
5341.6,26.73,17.9,0.0,63.6,1,-250.830,1.482,516.468
5341.6,26.67,20.3,0.0,60.2,1,-252.428,1.476,516.582
5341.6,26.66,22.8,0.0,57.7,1,-253.488,1.472,516.693
5341.6,26.69,28.6,0.0,53.4,1,-255.073,1.464,516.913
5347.1,26.75,33.8,0.0,50.2,1,-256.126,1.459,517.094
5347.1,26.95,46.5,0.0,45.4,1,-257.703,1.450,517.418
5347.1,27.15,53.3,0.0,42.6,1,-258.754,1.443,517.668
5347.1,27.46,51.9,0.0,38.6,1,-260.335,1.433,518.096
5352.7,27.68,50.9,0.0,35.9,1,-261.391,1.424,518.414
5352.7,27.97,50.2,0.0,31.4,1,-262.972,1.411,518.945
5352.7,28.24,45.6,0.0,27.0,1,-264.550,1.395,519.539
5352.7,28.42,46.1,0.0,24.7,1,-265.598,1.384,519.970
5358.4,28.70,47.6,0.0,22.9,1,-267.161,1.368,520.669
5358.4,28.90,47.6,0.0,23.9,1,-268.198,1.356,521.170
5358.4,29.17,45.6,0.0,27.4,1,-269.744,1.339,521.972
5358.4,29.34,45.6,0.0,29.8,1,-270.766,1.327,522.541
5364.7,29.61,46.9,0.0,33.0,1,-272.288,1.309,523.441
5364.7,29.79,47.0,0.0,35.4,1,-273.293,1.297,524.072
5364.7,30.05,48.4,0.0,38.3,1,-274.788,1.278,525.065
5364.7,30.23,51.0,0.0,39.3,1,-275.774,1.264,525.758
5370.9,30.52,53.5,0.0,39.2,1,-277.235,1.243,526.846
5370.9,30.72,55.3,0.0,38.7,1,-278.196,1.229,527.603
5370.9,31.04,59.7,0.0,37.8,1,-279.618,1.208,528.790
5370.9,31.27,59.6,0.0,37.0,1,-280.552,1.193,529.614
5377.4,31.60,57.3,0.0,35.8,1,-281.930,1.170,530.901
5377.4,31.81,56.4,0.0,35.5,1,-282.832,1.154,531.792
5377.4,32.08,56.6,0.0,34.9,1,-284.155,1.130,533.178
5377.4,32.25,52.3,0.0,33.7,1,-285.015,1.113,534.135
5384.6,32.49,54.9,0.0,32.3,1,-286.270,1.089,535.616
5384.6,32.76,56.7,0.0,32.1,1,-287.479,1.066,537.154
5384.6,32.94,58.0,0.0,32.5,0,-288.261,1.050,538.210
5384.6,32.88,56.5,0.0,33.2,2,-289.388,1.027,539.832
5391.6,33.04,56.5,0.0,33.8,2,-290.106,1.011,540.937
5391.6,33.31,57.1,0.0,35.8,2,-291.144,0.988,542.634
5391.6,33.49,60.1,0.0,37.3,2,-291.809,0.972,543.792
5391.6,33.78,60.4,0.0,38.0,2,-292.764,0.948,545.569
5398.7,33.98,62.3,0.0,38.7,2,-293.372,0.934,546.779
5398.7,34.28,58.8,0.0,40.0,2,-294.241,0.912,548.633
5398.7,34.48,61.9,0.0,41.1,2,-294.792,0.898,549.892
5398.7,34.78,60.6,0.0,42.4,2,-295.574,0.876,551.816
5406.7,34.95,52.2,0.0,43.1,2,-296.066,0.861,553.121
5406.7,35.09,40.7,0.0,45.3,2,-296.752,0.839,555.107
5406.7,35.14,40.4,0.0,44.7,2,-297.174,0.825,556.447
5406.7,35.26,42.9,0.0,41.6,2,-297.750,0.807,558.478
5414.8,35.46,63.0,0.0,37.8,2,-298.259,0.790,560.536
5414.8,35.71,78.1,0.0,35.0,2,-298.565,0.778,561.926
5414.8,36.14,77.7,0.0,27.3,2,-298.975,0.762,564.041
5414.8,36.41,71.4,0.0,21.1,2,-299.216,0.751,565.471
5422.3,36.80,72.6,0.0,11.8,2,-299.522,0.738,567.645
5422.3,37.05,62.3,0.0,6.4,2,-299.692,0.729,569.111
5422.3,37.46,85.8,0.0,2.6,2,-299.896,0.717,571.336
5422.3,37.80,86.3,0.0,1.7,2,-300.001,0.709,572.836
5430.3,38.34,86.3,0.0,3.1,2,-300.115,0.699,575.117
5430.3,38.68,86.1,0.0,5.9,2,-300.162,0.694,576.656
5430.3,39.20,84.9,0.0,10.3,2,-300.196,0.688,578.991
5430.3,39.51,82.7,0.0,12.4,2,-300.195,0.684,580.565
5438.1,39.95,79.0,0.0,14.2,2,-300.157,0.680,582.948
5438.1,40.24,78.1,0.0,14.5,2,-300.107,0.676,584.550
5438.1,40.64,78.6,0.0,14.7,2,-299.992,0.670,586.973
5438.1,40.92,81.5,0.0,14.4,2,-299.886,0.666,588.600
5446.0,41.35,87.5,0.0,14.0,0,-299.682,0.659,591.059
5446.0,41.36,84.9,0.0,14.4,3,-299.420,0.651,593.526
5446.0,41.63,85.3,0.0,13.8,3,-299.213,0.645,595.172
5454.1,42.06,85.4,0.0,16.0,3,-298.854,0.634,597.656
5454.1,42.17,27.5,0.0,18.3,3,-298.582,0.627,599.319
5454.1,42.09,13.7,0.0,22.2,3,-298.122,0.614,601.805
5454.1,42.07,50.6,0.0,22.9,3,-297.783,0.603,603.453
5462.3,42.43,85.5,0.0,21.5,3,-297.223,0.584,605.923
5462.3,42.69,85.2,0.0,18.6,3,-296.813,0.572,607.575
5462.3,43.08,83.4,0.0,14.8,3,-296.142,0.552,610.058
5462.3,43.33,82.2,0.0,11.0,3,-295.658,0.538,611.717
5470.8,43.72,80.5,0.0,8.5,3,-294.880,0.512,614.209
5470.8,43.95,79.2,0.0,5.2,3,-294.325,0.493,615.872
5470.8,44.30,77.4,0.0,0.8,3,-293.440,0.463,618.367
5470.8,44.58,75.5,0.0,-1.2,3,-292.818,0.441,620.032
5479.6,44.94,73.5,0.0,-0.5,3,-291.843,0.406,622.533
5479.6,45.15,72.7,0.0,1.8,3,-291.169,0.381,624.203
5479.6,45.46,72.3,0.0,4.0,3,-290.130,0.345,626.714
5479.6,45.77,72.8,0.0,5.7,3,-289.062,0.312,629.234
5488.6,46.00,71.7,0.0,5.6,3,-288.339,0.284,630.919
5488.6,46.30,71.8,0.0,4.8,3,-287.233,0.234,633.458
5488.6,46.52,72.2,0.0,3.3,3,-286.480,0.203,635.154
5488.6,46.87,75.1,0.0,1.3,3,-285.326,0.152,637.706
5497.8,47.05,76.2,0.0,1.1,3,-284.539,0.117,639.411
5497.8,47.42,75.1,0.0,2.1,3,-283.334,0.064,641.976
5497.8,47.65,73.7,0.0,3.7,3,-282.513,0.034,643.690
5497.8,47.97,74.0,0.0,3.9,3,-281.258,-0.009,646.269
5507.3,48.19,74.0,0.0,3.6,3,-280.407,-0.037,647.992
5507.3,48.48,76.0,0.0,3.6,3,-279.108,-0.078,650.583
5507.3,48.65,79.1,0.0,3.6,3,-278.228,-0.105,652.315
5507.3,49.03,78.8,0.0,2.8,3,-276.888,-0.148,654.922
5517.0,49.21,80.5,0.0,2.6,0,-275.978,-0.170,656.662
5517.0,49.24,73.5,0.0,3.2,4,-274.591,-0.197,659.270
5517.0,49.39,74.4,0.0,4.1,4,-273.655,-0.213,661.006
5517.0,49.70,77.0,0.0,4.9,4,-272.225,-0.230,663.611
5526.8,49.97,75.3,0.0,7.0,4,-270.767,-0.243,666.220
5567.9,53.91,74.9,0.0,2.7,4,-244.466,-0.395,706.087
5567.9,54.07,75.1,0.0,3.0,4,-243.191,-0.400,707.830
5578.5,54.32,75.6,0.0,3.3,4,-241.260,-0.407,710.446
5578.5,54.49,75.8,0.0,3.6,4,-239.959,-0.411,712.190
5578.5,54.74,76.2,0.0,4.0,4,-237.986,-0.416,714.806
5578.5,54.90,76.4,0.0,4.1,4,-236.656,-0.418,716.548
5589.4,55.15,76.9,0.0,4.4,4,-234.636,-0.421,719.160
5589.4,55.32,77.0,0.0,4.6,4,-233.274,-0.422,720.898
5589.4,55.56,77.4,0.0,4.6,4,-231.204,-0.424,723.501
5589.4,55.72,77.5,0.0,4.7,4,-229.806,-0.425,725.233
5600.5,55.96,77.7,0.0,4.7,4,-227.683,-0.425,727.823
5600.5,56.13,77.9,0.0,4.8,4,-226.248,-0.425,729.545
5600.5,56.36,78.3,0.0,4.9,4,-224.067,-0.422,732.120
5600.5,56.52,78.6,0.0,4.9,4,-222.595,-0.419,733.831
5611.8,56.76,78.8,0.0,4.8,4,-220.357,-0.413,736.387
5611.8,56.92,79.1,0.0,5.0,4,-218.845,-0.408,738.085
5611.8,57.15,79.5,0.0,5.1,4,-216.548,-0.396,740.621
5623.4,57.38,80.3,0.0,5.0,4,-214.216,-0.381,743.143
5623.4,57.54,80.7,0.0,4.9,4,-212.642,-0.369,744.818
5623.4,57.78,81.1,0.0,4.6,4,-210.252,-0.350,747.318
5623.4,57.93,81.2,0.0,4.4,4,-208.639,-0.336,748.977
5635.2,58.16,82.0,0.0,4.1,4,-206.190,-0.313,751.453
5635.2,58.32,82.5,0.0,4.0,4,-204.539,-0.296,753.096
5635.2,58.56,83.0,0.0,4.0,4,-202.034,-0.269,755.549
5635.2,58.71,83.3,0.0,4.2,4,-200.347,-0.251,757.178
5647.1,58.95,83.7,0.0,4.7,4,-197.791,-0.226,759.612
5647.1,59.10,84.3,0.0,4.6,4,-196.070,-0.211,761.227
5647.1,59.35,84.4,0.0,4.8,4,-193.461,-0.189,763.640
5647.1,59.49,84.9,0.0,5.1,0,-191.705,-0.177,765.241
5659.2,59.45,80.6,0.0,4.8,5,-189.051,-0.167,767.626
5659.2,59.58,80.7,0.0,4.1,5,-187.268,-0.163,769.202
5659.2,59.78,78.9,0.0,4.0,5,-184.566,-0.159,771.551
5659.2,59.89,77.3,0.0,4.1,5,-182.746,-0.156,773.106
5671.4,60.08,77.6,0.0,4.5,5,-179.991,-0.149,775.421
5671.4,60.27,77.8,0.0,5.3,5,-177.205,-0.141,777.717
5671.4,60.40,77.9,0.0,5.6,5,-175.331,-0.137,779.237
5671.4,60.58,78.0,0.0,5.9,5,-172.495,-0.134,781.501
5683.7,60.70,78.0,0.0,6.2,5,-170.587,-0.133,782.998
5683.7,60.88,78.2,0.0,5.8,5,-167.697,-0.136,785.223
5683.7,60.99,78.2,0.0,5.8,5,-165.752,-0.138,786.691
5683.7,61.16,78.6,0.0,6.1,5,-162.804,-0.138,788.867
5696.2,61.28,78.8,0.0,6.8,5,-160.818,-0.137,790.300
5696.2,61.45,78.9,0.0,7.2,5,-157.810,-0.133,792.422
5696.2,61.56,78.8,0.0,6.7,5,-155.785,-0.130,793.819
5696.2,61.75,79.0,0.0,5.6,5,-152.717,-0.128,795.886
5708.7,61.85,79.2,0.0,5.6,5,-150.652,-0.127,797.244
5708.7,62.02,79.6,0.0,5.0,5,-147.525,-0.123,799.252
5708.7,62.15,79.4,0.0,5.5,5,-145.421,-0.118,800.571
5708.7,62.34,79.2,0.0,6.3,5,-142.239,-0.112,802.524
5721.5,62.44,79.3,0.0,7.0,5,-140.101,-0.111,803.810
5721.5,62.59,80.0,0.0,7.2,5,-136.867,-0.110,805.711
5721.5,62.71,80.0,0.0,6.5,5,-134.693,-0.109,806.957
5721.5,62.89,80.0,0.0,6.4,5,-131.404,-0.105,808.795
5734.3,63.06,80.2,0.0,6.8,5,-128.082,-0.104,810.594
5734.3,63.16,80.5,0.0,6.7,5,-125.848,-0.103,811.770
5734.3,63.35,80.5,0.0,7.2,5,-122.468,-0.100,813.496
5734.3,63.44,81.1,0.0,7.7,5,-120.197,-0.099,814.623
5747.2,63.61,81.3,0.0,7.2,5,-116.763,-0.096,816.276
5747.2,63.71,81.7,0.0,7.7,5,-114.456,-0.093,817.353
5747.2,63.89,81.5,0.0,7.5,5,-110.969,-0.091,818.931
5747.2,63.99,81.8,0.0,7.7,5,-108.627,-0.089,819.958
5760.1,64.15,82.3,0.0,7.7,5,-105.088,-0.085,821.458
5760.1,64.26,82.2,0.0,7.3,5,-102.712,-0.081,822.431
5760.1,64.43,82.2,0.0,7.2,5,-99.122,-0.074,823.850
5760.1,64.52,82.6,0.0,7.2,5,-96.713,-0.071,824.770
5773.0,64.69,82.7,0.0,7.6,5,-93.074,-0.064,826.107
5773.0,64.80,82.7,0.0,8.0,5,-90.633,-0.061,826.972
5773.0,64.96,83.1,0.0,7.5,5,-86.949,-0.057,828.228
5773.0,65.12,83.5,0.0,6.8,5,-83.237,-0.051,829.431
5786.0,65.21,84.2,0.0,7.0,5,-80.748,-0.045,830.203
5786.0,65.39,85.7,0.0,7.0,5,-76.992,-0.038,831.319
5786.0,65.50,86.9,0.0,7.2,5,-74.474,-0.033,832.035
5786.0,65.68,88.5,0.0,7.0,5,-70.677,-0.026,833.065
5799.1,65.80,89.1,0.0,7.4,5,-68.131,-0.020,833.724
5799.1,65.98,90.0,0.0,5.7,5,-64.293,-0.011,834.668
5799.1,66.10,90.6,0.0,5.1,5,-61.721,-0.004,835.269
5799.1,66.30,91.3,0.0,4.2,5,-57.844,0.007,836.131
5812.2,66.43,91.7,0.0,3.9,5,-55.247,0.017,836.680
5812.2,66.63,91.7,0.0,4.0,5,-51.334,0.032,837.471
5812.2,66.76,91.8,0.0,3.9,5,-48.715,0.044,837.977
5812.2,66.96,91.8,0.0,3.8,5,-44.772,0.064,838.708
5825.4,67.09,91.9,0.0,3.8,5,-42.133,0.079,839.178
10.8,69.73,0.0,0.0,0.1,0,20.376,0.486,847.262
