opponent,v3,Ricky Taylor,0,1771613874528
Game,version,date,track,car,event,laptime [s],S1 [s],S2 [s],S3 [s],S4+ [s]
LMU,1.2,2026-02-20 18:57:54,Silverstone Grand Prix Circuit - ELMS,Cadillac WTR 2025 #101:LM (Hyper),Live,105.107,0,0,0
Tracklen [m],TotalLaps
5869.1,9
,
,
lapdistance [m],speed [m/s],throttle [%],brake [%],steer [%],gear [int],world_x [m],world_y [m],world_z [m]
77.3,72.78,86.2,0.0,-0.2,6,88.226,1.071,855.545
91.8,72.88,86.3,0.0,0.2,6,91.124,1.096,855.842
91.8,73.03,86.3,0.0,-0.1,6,95.478,1.130,856.287
91.8,73.13,86.3,0.0,-0.3,6,98.386,1.151,856.583
91.8,73.28,86.3,0.0,-0.0,6,102.755,1.183,857.028
106.4,73.37,86.4,0.0,0.0,6,105.673,1.203,857.326
106.4,73.52,86.4,0.0,0.2,6,110.057,1.234,857.772
106.4,73.66,86.4,0.0,0.5,6,114.449,1.266,858.219
106.4,73.80,86.4,0.0,0.1,6,118.850,1.299,858.666
121.2,73.90,86.4,0.0,0.2,6,121.788,1.319,858.962
121.2,74.04,86.5,0.0,-0.0,6,126.204,1.343,859.405
121.2,74.13,86.4,0.0,-0.0,6,129.153,1.358,859.700
121.2,74.27,86.5,0.0,0.5,6,133.583,1.381,860.141
136.0,74.36,86.5,0.0,0.4,6,136.540,1.400,860.435
136.0,74.50,86.5,0.0,0.1,6,140.984,1.435,860.875
136.0,74.60,86.5,0.0,0.0,6,143.951,1.456,861.167
136.0,74.74,86.5,0.0,0.3,6,148.409,1.483,861.604
150.9,74.82,86.5,0.0,0.3,6,151.385,1.502,861.895
150.9,74.96,86.6,0.0,0.0,6,155.857,1.528,862.330
150.9,75.05,86.6,0.0,-0.0,6,158.843,1.544,862.619
150.9,75.17,86.6,0.0,0.0,6,163.328,1.571,863.052
165.9,75.30,86.6,0.0,-0.0,6,167.820,1.600,863.484
165.9,75.39,86.6,0.0,-0.0,6,170.820,1.620,863.772
165.9,75.52,86.6,0.0,-0.0,6,175.327,1.651,864.203
165.9,75.60,86.7,0.0,-0.0,6,178.335,1.671,864.491
180.9,75.73,86.7,0.0,-0.2,6,182.854,1.700,864.924
180.9,75.83,86.7,0.0,0.1,6,185.871,1.719,865.214
180.9,75.94,86.7,0.0,0.3,6,190.403,1.746,865.650
180.9,76.02,86.7,0.0,-0.4,6,193.428,1.765,865.940
196.1,76.15,86.7,0.0,-0.9,6,197.972,1.793,866.378
196.1,76.27,86.7,0.0,-0.8,6,202.523,1.820,866.821
196.1,76.35,86.8,0.0,-0.5,6,205.560,1.837,867.121
211.3,76.47,86.8,0.0,-0.1,6,210.122,1.861,867.578
357.6,57.31,23.4,0.0,26.1,5,355.608,2.642,863.432
357.6,57.12,11.6,0.0,27.9,5,358.765,2.660,862.082
357.6,56.88,15.8,0.0,29.0,5,361.875,2.679,860.659
357.6,56.81,44.4,0.0,29.4,5,363.922,2.691,859.671
369.7,56.84,66.2,0.0,29.8,5,366.962,2.709,858.127
369.7,56.87,46.3,0.0,29.8,5,369.965,2.726,856.509
369.7,56.88,66.7,0.0,30.1,5,372.928,2.744,854.818
381.6,56.95,73.2,0.0,30.4,5,374.882,2.756,853.650
381.6,57.06,75.0,0.0,29.8,5,377.781,2.774,851.837
381.6,57.14,78.2,0.0,29.4,5,379.694,2.786,850.588
381.6,57.29,80.6,0.0,29.1,5,382.530,2.803,848.656
393.5,57.39,81.8,0.0,28.9,5,384.400,2.813,847.327
393.5,57.52,72.5,0.0,28.4,5,387.170,2.829,845.275
393.5,57.62,74.3,0.0,27.3,5,389.894,2.846,843.152
393.5,57.71,75.9,0.0,26.5,5,391.684,2.857,841.698
405.6,57.84,69.7,0.0,25.4,5,394.331,2.874,839.459
405.6,57.87,60.5,0.0,25.0,5,396.067,2.885,837.930
405.6,57.95,62.3,0.0,23.5,5,398.627,2.903,835.580
405.6,57.98,57.7,0.0,22.7,5,400.303,2.914,833.979
417.4,57.80,4.5,24.5,21.6,5,402.768,2.932,831.527
417.4,57.45,0.0,7.6,20.3,5,404.370,2.943,829.869
417.4,57.25,34.5,0.0,17.6,5,405.937,2.954,828.194
417.4,57.41,85.0,0.0,12.6,5,408.988,2.974,824.774
429.0,57.53,85.1,0.0,11.8,5,410.478,2.983,823.024
429.0,57.73,85.1,0.0,10.6,5,412.670,2.992,820.350
429.0,57.88,85.0,0.0,10.0,5,414.101,3.000,818.534
429.0,58.09,85.1,0.0,12.6,5,416.199,3.014,815.760
440.4,58.32,85.1,0.0,15.6,5,418.247,3.027,812.932
440.4,58.47,85.1,0.0,17.8,5,419.586,3.034,811.018
440.4,58.67,85.2,0.0,20.0,5,421.552,3.047,808.106
440.4,58.79,85.3,0.0,20.1,5,422.832,3.057,806.136
451.7,59.00,85.3,0.0,18.8,5,424.704,3.073,803.139
451.7,59.12,85.4,0.0,16.7,5,425.916,3.087,801.112
451.7,59.32,85.4,0.0,13.7,5,427.679,3.110,798.028
451.7,59.44,85.5,0.0,12.9,5,428.818,3.126,795.944
463.3,59.65,85.4,0.0,11.1,5,430.471,3.151,792.778
463.3,59.77,85.4,0.0,12.1,5,431.536,3.169,790.640
463.3,59.98,84.4,0.0,11.9,5,433.086,3.193,787.399
536.1,63.48,86.1,0.0,2.8,5,452.581,3.666,725.214
536.1,63.61,86.1,0.0,2.0,5,453.093,3.684,722.724
536.1,63.83,86.1,0.0,3.5,5,453.819,3.717,718.972
536.1,64.06,86.1,0.0,4.5,5,454.507,3.744,715.199
600.9,67.17,86.7,0.0,1.0,5,462.263,4.206,657.981
712.0,72.03,86.2,0.0,-0.3,6,470.770,4.986,536.993
726.4,72.13,86.2,0.0,-0.0,6,470.926,4.989,534.114
726.4,72.29,86.2,0.0,0.7,6,471.164,4.993,529.789
726.4,72.39,86.2,0.0,0.9,6,471.322,4.994,526.899
726.4,72.55,86.2,0.0,0.5,6,471.559,4.992,522.557
740.9,72.66,86.2,0.0,0.1,6,471.714,4.989,519.658
740.9,72.81,86.3,0.0,-0.1,6,471.942,4.984,515.300
740.9,72.91,86.3,0.0,-0.0,6,472.092,4.980,512.389
740.9,73.07,86.3,0.0,0.1,6,472.314,4.972,508.016
755.6,73.17,86.3,0.0,0.1,6,472.461,4.964,505.096
755.6,73.33,86.3,0.0,0.2,6,472.680,4.950,500.707
755.6,73.42,86.3,0.0,0.3,6,472.826,4.938,497.776
755.6,73.57,86.3,0.0,0.2,6,473.043,4.917,493.371
770.2,73.67,86.4,0.0,0.1,6,473.186,4.902,490.430
770.2,73.83,86.3,0.0,0.0,6,473.399,4.877,486.011
770.2,73.96,86.5,0.0,0.4,6,473.609,4.853,481.583
770.2,74.06,86.4,0.0,0.2,6,473.748,4.836,478.626
785.0,74.20,86.5,0.0,-0.8,6,473.955,4.814,474.183
785.0,74.30,86.5,0.0,-1.0,6,474.092,4.803,471.217
785.0,74.45,86.5,0.0,-1.9,6,474.302,4.784,466.760
785.0,74.54,86.5,0.0,-2.3,6,474.448,4.771,463.784
799.9,74.68,86.5,0.0,-2.7,6,474.682,4.753,459.313
799.9,74.77,86.5,0.0,-3.4,6,474.851,4.741,456.329
799.9,74.91,86.6,0.0,-4.0,6,475.129,4.722,451.848
799.9,75.00,86.6,0.0,-4.5,6,475.334,4.706,448.857
814.8,75.12,86.6,0.0,-4.5,6,475.675,4.682,444.367
814.8,75.20,86.6,0.0,-5.1,6,475.929,4.668,441.371
814.8,75.32,86.7,0.0,-6.2,6,476.347,4.642,436.875
814.8,75.41,86.6,0.0,-6.2,6,476.654,4.621,433.876
829.8,75.52,86.7,0.0,-6.3,6,477.167,4.595,429.377
829.8,75.58,86.7,0.0,-6.8,6,477.545,4.583,426.379
829.8,75.69,86.7,0.0,-7.2,6,478.165,4.563,421.884
844.9,75.80,86.7,0.0,-6.8,6,478.852,4.542,417.391
844.9,75.87,86.7,0.0,-7.0,6,479.351,4.531,414.399
844.9,75.97,86.7,0.0,-8.6,6,480.157,4.515,409.916
844.9,76.04,86.7,0.0,-9.2,6,480.735,4.503,406.931
859.9,76.13,86.8,0.0,-9.6,6,481.663,4.485,402.462
859.9,76.19,86.8,0.0,-9.9,6,482.324,4.471,399.488
859.9,76.27,86.8,0.0,-9.3,6,483.380,4.446,395.038
859.9,76.32,86.8,0.0,-9.3,6,484.127,4.426,392.079
875.0,76.42,86.8,0.0,-9.0,6,485.311,4.388,387.653
875.0,76.48,86.8,0.0,-8.7,6,486.144,4.358,384.711
875.0,76.54,86.8,0.0,-9.6,6,487.460,4.310,380.313
875.0,76.60,86.8,0.0,-9.1,6,488.382,4.276,377.392
890.2,76.68,86.8,0.0,-8.3,6,489.832,4.222,373.029
890.2,76.74,86.8,0.0,-7.9,6,490.843,4.185,370.132
890.2,76.82,86.9,0.0,-7.6,6,492.425,4.128,365.807
890.2,76.90,87.0,0.0,-7.8,6,494.087,4.070,361.505
905.9,76.96,87.1,0.0,-6.6,6,495.237,4.031,358.652
905.9,77.06,87.2,0.0,-3.4,6,497.024,3.974,354.391
905.9,77.13,87.3,0.0,-1.0,6,498.251,3.936,351.562
905.9,77.24,87.4,0.0,2.6,6,500.136,3.880,347.333
921.7,77.31,87.5,0.0,3.2,6,501.412,3.845,344.518
921.7,77.44,76.7,0.0,3.2,6,503.334,3.788,340.291
921.7,77.32,11.2,25.8,3.0,6,504.607,3.744,337.469
921.7,76.56,0.0,55.6,3.3,6,506.482,3.680,333.247
993.1,64.72,40.7,0.0,9.9,6,525.394,3.281,272.174
1110.3,59.90,0.0,82.5,-4.0,5,509.467,3.676,162.511
1110.3,59.04,0.0,79.3,-2.8,5,508.910,3.686,160.197
1110.3,57.79,0.0,70.9,-1.1,5,508.130,3.700,156.779
1122.2,56.99,0.0,63.3,-0.3,5,507.650,3.711,154.532
1122.2,55.94,0.0,50.3,-0.0,5,506.988,3.726,151.208
1122.2,55.34,0.0,39.4,0.4,5,506.585,3.736,149.018
1122.2,54.62,0.0,22.2,-0.9,5,506.043,3.749,145.764
1133.6,54.28,0.0,11.3,-3.5,5,505.722,3.757,143.609
1133.6,53.96,0.0,2.1,-9.0,5,505.299,3.766,140.390
1133.6,53.74,2.7,0.0,-14.8,5,504.945,3.772,137.178
1133.6,53.62,3.7,0.0,-17.5,5,504.744,3.774,135.040
1145.0,53.42,3.6,0.1,-19.5,5,504.496,3.775,131.838
1145.0,53.32,12.3,0.0,-20.3,5,504.367,3.772,129.707
1145.0,53.19,19.5,0.0,-21.5,5,504.227,3.761,126.515
1145.0,53.10,18.9,0.0,-20.0,5,504.174,3.751,124.389
1156.2,52.93,5.1,6.6,-17.2,5,504.165,3.737,121.208
1156.2,52.71,0.0,7.0,-14.9,5,504.207,3.730,119.095
1156.2,52.40,40.9,1.1,-10.0,0,504.347,3.728,115.945
1156.2,52.28,0.9,0.2,-7.7,4,504.488,3.728,113.856
1167.2,52.06,4.5,0.0,-6.0,4,504.750,3.716,110.737
1167.2,51.85,13.9,0.0,-6.2,4,504.971,3.709,108.670
1167.2,51.71,28.8,0.0,-4.4,4,505.380,3.709,105.591
1167.2,51.69,29.2,0.0,-4.2,4,505.687,3.701,103.546
1178.1,51.54,5.7,0.0,-6.1,4,506.214,3.689,100.493
1178.1,51.32,13.9,0.0,-7.2,4,506.810,3.670,97.464
1178.1,51.21,18.8,0.0,-8.5,4,507.253,3.659,95.462
1178.1,51.08,20.8,0.0,-13.0,4,507.981,3.642,92.481
1188.9,51.00,16.2,0.0,-15.7,4,508.502,3.625,90.507
1188.9,50.83,11.0,0.0,-20.2,4,509.350,3.601,87.572
1188.9,50.71,9.8,0.0,-24.8,4,509.955,3.583,85.633
1188.9,50.55,10.8,0.0,-30.1,4,510.915,3.551,82.751
1199.8,50.43,10.1,0.0,-32.6,4,511.590,3.527,80.847
1199.8,50.27,14.6,0.0,-34.5,4,512.654,3.488,78.020
1199.8,50.17,16.8,0.0,-34.4,4,513.398,3.460,76.154
1199.8,50.01,14.2,0.0,-33.6,4,514.570,3.417,73.387
1210.1,49.92,27.4,0.0,-32.2,4,515.389,3.387,71.564
1210.1,49.93,58.5,0.0,-28.8,4,516.677,3.342,68.860
1210.1,50.05,78.7,0.0,-25.7,4,517.577,3.314,67.076
1210.1,50.31,85.4,0.0,-20.3,4,518.995,3.275,64.421
1220.2,50.59,85.5,0.0,-14.9,4,520.494,3.242,61.792
1220.2,50.79,85.5,0.0,-9.6,4,521.537,3.221,60.053
1220.2,50.96,26.9,20.7,-1.8,4,523.160,3.191,57.467
1220.2,50.68,0.0,34.9,1.0,4,524.273,3.172,55.764
1230.3,49.92,0.0,63.2,5.2,4,525.960,3.144,53.257
1230.3,49.23,0.0,72.3,7.8,4,527.080,3.126,51.619
1230.3,48.08,0.0,77.5,9.7,4,528.730,3.098,49.207
1230.3,47.29,0.0,80.1,9.7,4,529.801,3.079,47.627
1240.0,46.06,0.0,83.2,9.1,4,531.355,3.051,45.294
1240.0,45.25,36.3,84.5,8.5,0,532.352,3.032,43.763
1240.0,44.12,0.0,53.5,7.3,3,533.788,3.005,41.497
1240.0,43.51,0.0,26.9,6.5,3,534.705,2.987,40.003
1249.0,42.98,0.0,5.8,5.0,3,536.021,2.958,37.769
1249.0,42.79,0.0,1.0,5.6,3,536.860,2.938,36.273
1249.0,42.58,1.3,0.0,10.4,3,538.063,2.906,34.011
1249.0,42.46,5.1,0.0,15.3,3,538.829,2.884,32.492
1257.5,42.32,9.1,0.0,22.4,3,539.924,2.850,30.197
1257.5,42.19,8.6,0.0,26.3,3,540.957,2.815,27.881
1257.5,42.09,7.6,0.0,27.2,3,541.612,2.790,26.328
1266.2,41.97,23.5,0.0,26.8,3,542.538,2.753,23.983
1266.2,41.99,46.9,0.0,25.5,3,543.117,2.728,22.407
1266.2,42.22,66.6,0.0,23.8,3,543.930,2.691,20.017
1266.2,42.38,56.3,0.0,24.3,3,544.436,2.667,18.403
1275.3,42.43,15.7,5.8,26.4,3,545.140,2.629,15.957
1275.3,42.26,0.0,5.3,28.1,3,545.569,2.602,14.318
1275.3,41.98,0.0,2.4,29.3,3,546.147,2.562,11.858
1275.3,41.84,24.8,0.0,29.5,3,546.489,2.536,10.217
1284.4,41.91,52.2,0.0,26.8,3,546.935,2.498,7.747
1284.4,42.04,52.7,0.0,24.6,3,547.192,2.473,6.088
1284.4,42.17,49.5,0.0,25.7,3,547.518,2.434,3.585
1284.4,42.26,45.5,0.0,26.9,3,547.698,2.406,1.906
1293.2,42.35,44.9,0.0,28.5,3,547.905,2.362,-0.622
1293.2,42.46,53.8,0.0,29.4,3,548.039,2.317,-3.162
1293.2,42.62,69.8,0.0,29.9,3,548.086,2.287,-4.862
1293.2,42.97,85.3,0.0,31.0,3,548.099,2.241,-7.428
1302.6,43.23,86.0,0.0,30.6,3,548.070,2.208,-9.151
1302.6,43.57,75.2,0.0,27.5,3,547.971,2.157,-11.751
1302.6,43.77,73.4,0.0,24.0,3,547.864,2.121,-13.494
1302.6,43.99,61.8,0.0,21.9,3,547.638,2.069,-16.116
1312.3,44.07,50.1,0.0,18.4,3,547.440,2.037,-17.866
1312.3,44.21,68.1,0.0,14.6,3,547.072,1.991,-20.488
1312.3,44.32,72.5,0.0,10.1,3,546.781,1.962,-22.233
1312.3,44.39,50.4,0.0,-0.4,3,546.278,1.918,-24.846
1322.1,44.50,45.7,0.0,-6.4,3,545.896,1.892,-26.582
1322.1,44.43,16.0,0.0,-22.8,3,545.254,1.858,-29.172
1322.1,44.36,15.4,0.0,-31.4,3,544.784,1.837,-30.885
1322.1,44.22,15.0,0.0,-27.8,3,544.028,1.805,-33.432
1331.9,44.08,14.8,0.0,-11.6,3,543.209,1.772,-35.952
1331.9,44.11,67.9,0.0,1.5,3,542.624,1.749,-37.615
1331.9,44.51,86.0,0.0,20.6,3,541.683,1.715,-40.099
1331.9,44.78,86.0,0.0,30.9,3,541.014,1.694,-41.755
1341.5,45.17,86.2,0.0,39.2,3,539.956,1.667,-44.236
1341.5,45.42,86.2,0.0,41.6,3,539.215,1.650,-45.888
1341.5,45.78,86.4,0.0,43.2,3,538.050,1.624,-48.363
1341.5,45.98,72.9,0.0,42.8,3,537.234,1.605,-50.006
1351.0,46.09,46.6,0.0,40.9,3,535.948,1.580,-52.451
1351.0,46.11,42.9,0.0,39.0,3,535.049,1.565,-54.061
1351.0,46.11,41.4,0.0,35.4,3,533.641,1.542,-56.442
1351.0,46.11,43.0,0.0,33.2,3,532.662,1.527,-58.005
1360.3,46.14,45.1,0.0,30.8,3,531.138,1.505,-60.314
1360.3,46.17,52.7,0.0,29.8,3,530.084,1.490,-61.830
1360.3,46.30,62.8,0.0,28.1,3,528.448,1.464,-64.070
1360.3,46.52,76.4,0.0,26.1,3,526.747,1.436,-66.273
1369.5,46.69,78.2,0.0,24.6,3,525.575,1.416,-67.721
1369.5,46.94,81.9,0.0,21.1,3,523.761,1.384,-69.866
1369.5,47.15,84.9,0.0,18.3,3,522.515,1.362,-71.274
1369.5,47.44,82.9,0.0,13.3,3,520.589,1.328,-73.357
1378.7,47.62,77.1,0.0,9.8,3,519.269,1.304,-74.724
1378.7,47.91,86.4,0.0,5.3,3,517.234,1.268,-76.741
1378.7,48.13,87.0,0.0,3.7,0,515.842,1.242,-78.064
1378.7,48.08,55.2,0.0,1.1,4,513.710,1.201,-80.011
1388.1,48.22,79.8,0.0,1.0,4,512.261,1.175,-81.279
1388.1,48.57,84.8,0.0,3.6,4,510.042,1.136,-83.150
1388.1,48.93,84.8,0.0,5.6,4,507.774,1.099,-84.996
1388.1,49.18,84.9,0.0,6.4,4,506.240,1.076,-86.218
1397.7,49.53,85.0,0.0,6.3,4,503.910,1.039,-88.044
1397.7,49.77,85.1,0.0,6.0,4,502.338,1.013,-89.256
1397.7,50.13,85.2,0.0,5.9,4,499.951,0.970,-91.066
1397.7,50.37,85.2,0.0,6.3,4,498.338,0.940,-92.265
1407.5,50.72,85.3,0.0,4.6,4,495.888,0.895,-94.050
1407.5,50.95,85.4,0.0,4.2,4,494.234,0.864,-95.231
1407.5,51.31,85.4,0.0,4.6,4,491.722,0.820,-96.991
1407.5,51.54,85.5,0.0,4.5,4,490.028,0.792,-98.156
1417.6,51.89,85.6,0.0,3.3,4,487.458,0.752,-99.894
1417.6,52.12,85.6,0.0,2.3,4,485.727,0.727,-101.046
1417.6,52.48,85.7,0.0,0.8,4,483.106,0.691,-102.769
1417.6,52.70,85.8,0.0,-0.1,4,481.344,0.668,-103.917
1473.4,57.31,86.7,0.0,-10.0,4,441.925,0.265,-132.047
1473.4,57.59,86.7,0.0,-8.5,4,439.342,0.250,-134.328
1473.4,57.87,86.8,0.0,-7.2,4,436.787,0.240,-136.666
1485.4,58.05,86.8,0.0,-7.5,4,435.098,0.235,-138.253
1485.4,58.33,86.9,0.0,-8.0,4,432.584,0.230,-140.677
1485.4,58.52,86.9,0.0,-7.9,4,430.922,0.226,-142.319
1485.4,58.79,87.0,0.0,-7.2,4,428.450,0.219,-144.823
1497.2,58.97,87.0,0.0,-7.0,4,426.816,0.215,-146.518
1497.2,59.23,87.0,0.0,-6.8,4,424.388,0.211,-149.102
1497.2,59.41,87.0,0.0,-6.8,0,422.784,0.209,-150.851
1497.2,59.35,85.2,0.0,-6.1,5,420.409,0.211,-153.507
1509.2,59.51,85.3,0.0,-5.8,5,418.847,0.215,-155.298
1509.2,59.76,85.4,0.0,-6.3,5,416.525,0.220,-158.020
1509.2,59.92,85.4,0.0,-6.5,5,414.991,0.221,-159.858
1509.2,60.17,85.4,0.0,-7.0,5,412.713,0.218,-162.648
1521.1,60.33,85.5,0.0,-7.2,5,411.210,0.214,-164.532
1521.1,60.58,85.6,0.0,-7.5,5,408.979,0.206,-167.392
1521.1,60.74,85.6,0.0,-7.5,5,407.510,0.197,-169.322
1521.1,60.96,85.6,0.0,-8.6,5,405.333,0.182,-172.252
1533.0,61.20,85.7,0.0,-6.6,5,403.193,0.167,-175.227
1533.0,61.35,85.7,0.0,-6.1,5,401.787,0.155,-177.234
1533.0,61.59,85.8,0.0,-5.3,5,399.705,0.134,-180.279
1533.0,61.75,85.9,0.0,-4.9,5,398.337,0.120,-182.331
1545.3,62.00,86.0,0.0,-4.2,5,396.312,0.098,-185.442
1545.3,62.16,86.1,0.0,-3.8,5,394.978,0.082,-187.536
1545.3,62.39,86.3,0.0,-3.3,5,392.999,0.063,-190.704
1545.3,62.55,86.4,0.0,-3.3,5,391.692,0.053,-192.834
1557.7,62.79,86.5,0.0,-2.8,5,389.748,0.038,-196.052
1557.7,62.96,86.6,0.0,-2.5,5,388.461,0.029,-198.212
1557.7,63.20,86.7,0.0,-4.0,5,386.542,0.018,-201.474
1557.7,63.35,86.8,0.0,-3.5,5,385.272,0.013,-203.662
1570.3,63.58,87.0,0.0,-0.7,5,383.379,0.008,-206.966
1570.3,63.74,87.1,0.0,-1.7,5,382.124,0.004,-209.181
1570.3,63.98,87.2,0.0,-3.0,5,380.250,-0.001,-212.523
1583.0,64.21,87.3,0.0,-3.4,5,378.390,-0.005,-215.888
1583.0,64.36,87.4,0.0,-3.1,5,377.157,-0.008,-218.144
1583.0,64.59,87.5,0.0,-2.4,5,375.321,-0.013,-221.548
1583.0,64.74,87.6,0.0,-1.9,5,374.106,-0.016,-223.831
1595.9,64.96,87.7,0.0,-0.8,5,372.297,-0.018,-227.276
1595.9,65.11,87.8,0.0,0.5,5,371.098,-0.019,-229.584
1595.9,65.34,87.9,0.0,1.1,5,369.305,-0.022,-233.062
1595.9,65.49,88.0,0.0,0.9,5,368.110,-0.025,-235.390
1609.0,65.71,88.1,0.0,0.4,5,366.312,-0.033,-238.891
1609.0,65.86,88.1,0.0,-0.0,5,365.110,-0.040,-241.231
1609.0,66.08,88.3,0.0,-0.5,5,363.300,-0.051,-244.750
1609.0,66.22,88.4,0.0,-0.6,5,362.089,-0.061,-247.103
1622.2,66.43,88.5,0.0,-0.7,5,360.270,-0.075,-250.642
1622.2,66.58,88.5,0.0,-0.8,5,359.055,-0.085,-253.009
1622.2,66.80,88.6,0.0,-1.1,5,357.233,-0.100,-256.570
1622.2,66.94,88.7,0.0,-1.0,5,356.018,-0.110,-258.953
1635.5,67.15,88.8,0.0,-0.5,5,354.195,-0.126,-262.538
1635.5,67.36,88.9,0.0,-0.5,5,352.372,-0.142,-266.138
1635.5,67.50,89.0,0.0,-0.1,5,351.157,-0.153,-268.545
1635.5,67.70,89.1,0.0,-0.1,5,349.332,-0.169,-272.167
1649.0,67.84,89.2,0.0,-0.0,5,348.114,-0.180,-274.588
1649.0,68.04,89.3,0.0,0.1,5,346.283,-0.196,-278.229
1649.0,68.17,89.3,0.0,0.1,5,345.060,-0.208,-280.663
1649.0,68.38,89.4,0.0,-0.1,5,343.220,-0.225,-284.323
1662.6,68.50,89.5,0.0,-0.1,5,341.991,-0.238,-286.769
1662.6,68.70,89.6,0.0,0.1,5,340.143,-0.259,-290.446
1662.6,68.82,89.7,0.0,0.1,5,338.909,-0.273,-292.904
1662.6,69.02,89.7,0.0,0.0,5,337.053,-0.295,-296.599
1676.4,69.15,89.8,0.0,0.2,5,335.812,-0.311,-299.068
1676.4,69.34,89.8,0.0,0.5,5,333.948,-0.339,-302.780
1676.4,69.46,90.0,0.0,-0.2,5,332.701,-0.353,-305.260
1676.4,69.64,90.0,0.0,-0.7,5,330.829,-0.373,-308.988
1690.3,69.83,90.2,0.0,-0.8,0,328.952,-0.396,-312.728
1690.3,69.75,0.0,0.0,-0.4,0,327.702,-0.413,-315.224
1690.3,69.86,89.1,0.0,-0.6,6,325.831,-0.438,-318.970
1690.3,69.97,89.2,0.0,-0.1,6,324.585,-0.453,-321.473
1704.2,70.15,89.3,0.0,-0.3,6,322.715,-0.476,-325.238
1704.2,70.27,89.3,0.0,-0.4,6,321.469,-0.491,-327.754
1704.2,70.45,89.4,0.0,-0.6,6,319.599,-0.515,-331.538
1704.2,70.56,89.5,0.0,-0.6,6,318.353,-0.531,-334.068
1718.3,70.73,89.6,0.0,-0.4,6,316.483,-0.554,-337.871
1718.3,70.85,89.6,0.0,-0.2,6,315.236,-0.570,-340.413
1718.3,71.01,89.7,0.0,-0.1,6,313.366,-0.595,-344.236
1718.3,71.13,89.8,0.0,-0.1,6,312.119,-0.611,-346.790
1732.5,71.29,89.8,0.0,-0.2,6,310.248,-0.635,-350.631
1732.5,71.41,89.9,0.0,-0.2,6,309.000,-0.652,-353.197
1732.5,71.58,90.0,0.0,-0.2,6,307.126,-0.677,-357.055
1732.5,71.68,90.0,0.0,-0.2,6,305.876,-0.695,-359.633
1746.8,71.85,90.1,0.0,-0.2,6,303.999,-0.724,-363.508
1746.8,72.01,90.1,0.0,-0.2,6,302.119,-0.754,-367.393
1746.8,72.13,90.2,0.0,-0.2,6,300.864,-0.775,-369.988
1746.8,72.28,90.3,0.0,-0.1,6,298.981,-0.806,-373.889
1761.2,72.39,90.3,0.0,-0.1,6,297.724,-0.828,-376.495
1761.2,72.55,90.4,0.0,-0.1,6,295.836,-0.861,-380.411
1761.2,72.66,90.4,0.0,-0.1,6,294.576,-0.884,-383.027
1761.2,72.82,90.5,0.0,-0.0,6,292.683,-0.917,-386.960
1775.7,72.92,90.5,0.0,-0.0,6,291.420,-0.939,-389.586
1775.7,73.07,90.6,0.0,0.0,6,289.522,-0.971,-393.533
1775.7,73.17,90.7,0.0,-0.0,6,288.256,-0.994,-396.169
1775.7,73.33,90.7,0.0,0.0,6,286.353,-1.028,-400.131
1790.3,73.43,90.8,0.0,0.1,6,285.082,-1.052,-402.776
1790.3,73.58,90.8,0.0,0.1,6,283.172,-1.086,-406.751
1790.3,73.68,90.9,0.0,0.1,6,281.896,-1.106,-409.405
1790.3,73.83,90.9,0.0,0.1,6,279.978,-1.132,-413.393
1805.1,73.94,91.0,0.0,0.2,6,278.697,-1.151,-416.056
1805.1,74.09,91.0,0.0,0.2,6,276.771,-1.180,-420.057
1805.1,74.23,91.1,0.0,0.1,6,274.840,-1.208,-424.065
1805.1,74.33,91.1,0.0,0.2,6,273.549,-1.228,-426.741
1819.9,74.47,91.2,0.0,0.3,6,271.608,-1.257,-430.760
1819.9,74.57,91.2,0.0,0.3,6,270.310,-1.278,-433.444
1819.9,74.71,91.3,0.0,0.3,6,268.359,-1.309,-437.474
1819.9,74.81,91.3,0.0,0.4,6,267.054,-1.329,-440.165
1834.8,74.95,91.4,0.0,0.4,6,265.092,-1.358,-444.206
1834.8,75.04,91.4,0.0,0.2,6,263.780,-1.377,-446.904
1834.8,75.18,91.5,0.0,0.3,6,261.805,-1.406,-450.954
1834.8,75.27,91.5,0.0,0.4,6,260.484,-1.424,-453.658
1849.8,75.41,91.6,0.0,0.5,6,258.496,-1.451,-457.717
1849.8,75.50,91.6,0.0,0.5,6,257.167,-1.468,-460.427
1849.8,75.64,91.6,0.0,0.4,6,255.166,-1.494,-464.496
1849.8,75.73,91.7,0.0,0.4,6,253.828,-1.513,-467.211
1864.9,75.86,91.7,0.0,0.4,6,251.813,-1.539,-471.287
1864.9,75.95,91.8,0.0,0.4,6,250.465,-1.557,-474.008
1864.9,76.08,91.8,0.0,0.5,6,248.437,-1.584,-478.092
1880.1,76.20,91.9,0.0,0.5,6,246.400,-1.610,-482.181
1880.1,76.29,91.9,0.0,0.5,6,245.037,-1.626,-484.910
1880.1,76.42,91.9,0.0,0.3,6,242.987,-1.651,-489.007
1880.1,76.50,92.0,0.0,0.2,6,241.616,-1.667,-491.740
1895.4,76.62,92.0,0.0,0.3,6,239.552,-1.690,-495.844
1895.4,76.71,92.1,0.0,0.4,6,238.172,-1.705,-498.583
1895.4,76.83,92.1,0.0,0.5,6,236.097,-1.729,-502.695
1895.4,76.92,92.1,0.0,0.6,6,234.710,-1.744,-505.439
1910.8,77.03,92.2,0.0,0.5,6,232.625,-1.768,-509.560
1910.8,77.12,92.2,0.0,0.3,6,231.231,-1.784,-512.310
1910.8,77.23,92.3,0.0,0.2,6,229.134,-1.807,-516.438
1910.8,77.32,92.3,0.0,0.2,6,227.733,-1.823,-519.193
1926.2,77.44,92.3,0.0,0.1,6,225.625,-1.849,-523.330
1926.2,77.55,92.4,0.0,0.1,6,223.512,-1.875,-527.471
1926.2,77.62,92.4,0.0,0.1,6,222.100,-1.890,-530.234
1926.2,77.74,92.5,0.0,0.0,6,219.978,-1.911,-534.384
1941.8,77.81,92.5,0.0,-0.0,6,218.561,-1.927,-537.153
1941.8,77.94,92.5,0.0,-0.2,6,216.432,-1.953,-541.313
1941.8,78.01,92.6,0.0,-0.3,6,215.012,-1.974,-544.089
1941.8,78.12,92.6,0.0,-0.3,6,212.881,-2.011,-548.260
1957.4,78.20,92.6,0.0,-0.3,6,211.460,-2.037,-551.045
1957.4,78.31,92.7,0.0,-0.5,6,209.330,-2.081,-555.228
1957.4,78.38,92.7,0.0,-0.7,6,207.911,-2.112,-558.022
1957.4,78.48,92.7,0.0,-0.8,0,205.783,-2.159,-562.219
1973.0,78.38,0.0,0.0,-0.7,0,204.368,-2.192,-565.019
1973.0,78.42,92.0,0.0,-0.5,7,202.251,-2.242,-569.218
1973.0,78.49,92.1,0.0,-0.5,7,200.843,-2.277,-572.022
1973.0,78.60,92.1,0.0,-0.7,7,198.734,-2.329,-576.236
1988.7,78.71,92.1,0.0,-0.6,7,196.629,-2.383,-580.459
1988.7,78.78,92.2,0.0,-0.5,7,195.228,-2.419,-583.280
1988.7,78.88,92.2,0.0,-0.3,7,193.129,-2.473,-587.518
1988.7,78.95,92.2,0.0,-0.1,7,191.732,-2.507,-590.348
2004.5,79.06,92.2,0.0,-0.0,7,189.638,-2.562,-594.600
2004.5,79.14,92.2,0.0,-0.0,7,188.242,-2.601,-597.439
2004.5,79.23,92.3,0.0,0.1,7,186.148,-2.658,-601.703
2004.5,79.30,92.3,0.0,0.3,7,184.750,-2.695,-604.549
2020.3,79.40,92.3,0.0,0.6,7,182.650,-2.752,-608.821
2020.3,79.46,92.4,0.0,0.7,7,181.247,-2.787,-611.671
2020.3,79.56,92.4,0.0,0.8,7,179.135,-2.840,-615.947
2020.3,79.63,92.4,0.0,0.9,7,177.721,-2.875,-618.800
2036.2,79.72,92.5,0.0,1.0,7,175.589,-2.927,-623.078
2036.2,79.78,92.5,0.0,1.0,7,174.160,-2.957,-625.930
2036.2,79.87,92.5,0.0,1.0,7,172.004,-2.998,-630.206
2036.2,79.94,92.5,0.0,0.9,7,170.558,-3.024,-633.057
2052.2,80.04,92.6,0.0,0.8,7,168.376,-3.062,-637.331
2052.2,80.13,92.6,0.0,0.8,7,166.178,-3.096,-641.604
2052.2,80.19,92.6,0.0,0.7,7,164.704,-3.116,-644.451
2052.2,80.28,92.7,0.0,0.7,7,162.481,-3.144,-648.721
2068.2,80.34,92.7,0.0,0.7,7,160.991,-3.160,-651.567
2068.2,80.43,92.7,0.0,0.7,7,158.746,-3.178,-655.836
2068.2,80.49,92.7,0.0,0.7,7,157.243,-3.188,-658.681
2068.2,80.58,92.8,0.0,0.6,7,154.979,-3.198,-662.949
2084.3,80.63,92.8,0.0,0.5,7,153.463,-3.201,-665.795
2084.3,80.73,92.8,0.0,0.8,7,151.180,-3.203,-670.063
2084.3,80.78,92.8,0.0,1.0,7,149.652,-3.203,-672.909
2084.3,80.86,92.8,0.0,0.9,7,147.353,-3.197,-677.179
2100.4,80.92,92.9,0.0,0.6,7,145.815,-3.192,-680.025
2100.4,81.01,92.9,0.0,0.4,7,143.497,-3.181,-684.295
2100.4,81.06,92.9,0.0,0.6,7,141.946,-3.170,-687.140
2100.4,81.13,92.9,0.0,0.9,7,139.610,-3.151,-691.408
2116.5,81.22,93.0,0.0,1.1,7,137.263,-3.126,-695.676
2116.5,81.27,93.0,0.0,1.2,7,135.692,-3.106,-698.521
2116.5,81.34,93.0,0.0,1.3,7,133.326,-3.073,-702.787
2116.5,81.40,93.0,0.0,1.5,7,131.740,-3.048,-705.629
2132.8,81.47,93.1,0.0,1.9,7,129.349,-3.008,-709.890
2132.8,81.52,93.1,0.0,2.2,7,127.745,-2.978,-712.727
2132.8,81.59,93.1,0.0,2.6,7,125.322,-2.926,-716.978
2132.8,81.63,93.1,0.0,2.6,7,123.693,-2.889,-719.807
2149.0,81.70,93.1,0.0,2.7,7,121.229,-2.826,-724.042
2149.0,81.74,93.1,0.0,2.8,7,119.570,-2.782,-726.858
2149.0,81.81,93.2,0.0,2.2,7,117.057,-2.708,-731.072
2149.0,81.67,26.3,26.2,2.4,7,115.366,-2.654,-733.871
2165.3,80.82,0.0,73.7,2.3,7,112.821,-2.568,-738.034
2165.3,79.94,0.0,83.5,1.8,7,111.129,-2.507,-740.771
2165.3,78.50,0.0,89.7,1.0,7,108.609,-2.413,-744.804
2165.3,77.50,0.0,90.9,0.8,7,106.942,-2.349,-747.444
2181.2,75.99,0.0,91.0,1.2,7,104.464,-2.253,-751.327
2181.2,74.48,0.0,91.9,1.9,7,102.013,-2.160,-755.121
2181.2,73.50,0.0,93.3,2.5,0,100.394,-2.099,-757.599
2196.1,72.02,0.0,95.3,2.4,6,97.986,-2.016,-761.245
2196.1,70.89,0.0,87.8,1.1,6,96.397,-1.965,-763.622
2196.1,69.44,0.0,88.5,-0.1,6,94.026,-1.884,-767.102
2196.1,68.50,0.0,91.7,0.5,6,92.452,-1.831,-769.369
2209.9,66.99,0.0,90.2,0.6,6,90.107,-1.754,-772.691
2209.9,66.00,0.0,89.9,1.5,6,88.555,-1.702,-774.853
2209.9,64.56,0.0,91.2,3.1,0,86.245,-1.625,-778.019
2209.9,63.61,32.2,91.5,3.1,0,84.717,-1.575,-780.079
2222.8,62.16,0.0,91.8,2.2,5,82.446,-1.503,-783.094
2222.8,61.18,0.0,91.0,1.9,5,80.945,-1.458,-785.053
2222.8,59.76,0.0,91.5,1.4,5,78.713,-1.393,-787.916
2222.8,58.80,0.0,89.7,1.4,5,77.238,-1.351,-789.774
2234.6,57.38,0.0,86.9,1.6,5,75.045,-1.292,-792.484
2234.6,56.02,40.9,90.3,2.1,0,72.871,-1.236,-795.105
2234.6,55.16,0.0,90.2,2.3,4,71.431,-1.200,-796.801
2234.6,53.80,0.0,77.1,2.4,4,69.285,-1.147,-799.269
2245.6,52.99,0.0,61.8,2.1,4,67.863,-1.113,-800.864
2245.6,52.03,0.0,33.1,0.8,4,65.731,-1.062,-803.183
2245.6,51.54,0.0,21.5,-0.5,4,64.304,-1.028,-804.685
2245.6,51.01,0.0,11.9,-0.9,4,62.144,-0.977,-806.875
2255.8,50.74,0.0,9.8,0.8,4,60.687,-0.944,-808.295
2255.8,50.41,0.0,8.5,5.9,4,58.473,-0.892,-810.370
2255.8,50.19,0.0,7.9,10.2,4,56.979,-0.858,-811.719
2255.8,49.90,0.0,6.2,15.9,4,54.717,-0.805,-813.693
2265.7,49.71,0.0,6.0,17.8,4,53.196,-0.771,-814.980
2265.7,49.43,0.0,5.2,18.2,4,50.893,-0.722,-816.862
2265.7,49.25,0.0,4.7,17.0,4,49.342,-0.689,-818.083
2265.7,48.98,0.0,2.2,15.2,4,46.991,-0.639,-819.858
2275.6,48.83,0.0,1.3,14.4,4,45.405,-0.606,-821.004
2275.6,48.59,0.0,0.1,14.7,4,43.002,-0.557,-822.667
2275.6,48.38,3.5,0.0,15.3,4,40.567,-0.509,-824.259
2275.6,48.25,9.2,0.0,16.1,4,38.927,-0.477,-825.281
2285.5,48.10,10.9,0.0,17.8,4,36.441,-0.428,-826.754
2285.5,47.99,10.2,0.0,19.1,4,34.766,-0.395,-827.697
2285.5,47.82,9.3,0.0,20.4,4,32.232,-0.346,-829.053
2285.5,47.71,10.2,0.0,20.9,4,30.528,-0.314,-829.917
2295.5,47.54,10.1,0.0,20.8,4,27.951,-0.265,-831.152
2295.5,47.43,12.8,0.0,20.4,4,26.220,-0.233,-831.934
2295.5,47.29,13.3,0.0,19.3,4,23.605,-0.184,-833.044
2295.5,47.18,15.1,0.0,19.4,4,21.849,-0.150,-833.740
2305.4,47.04,11.1,0.0,20.5,4,19.198,-0.099,-834.722
2305.4,46.93,8.7,0.0,22.0,4,17.422,-0.066,-835.336
2305.4,46.75,7.5,0.0,22.6,4,14.746,-0.020,-836.195
2305.4,46.63,9.9,0.0,23.2,4,12.955,0.011,-836.726
2315.3,46.46,10.1,0.0,20.3,4,10.260,0.058,-837.456
2315.3,46.29,7.5,0.0,19.8,4,7.555,0.107,-838.107
2315.3,46.17,5.7,0.0,19.8,4,5.747,0.140,-838.497
2315.3,45.99,6.4,0.0,19.9,4,3.032,0.189,-839.019
2325.0,45.86,4.6,0.0,19.6,4,1.221,0.220,-839.325
2325.0,45.67,4.4,0.0,19.4,4,-1.496,0.267,-839.720
2325.0,45.54,3.4,0.0,20.4,4,-3.307,0.297,-839.942
2325.0,45.34,5.7,0.0,20.1,4,-6.020,0.341,-840.211
2334.7,45.21,4.7,0.0,18.4,4,-7.826,0.369,-840.349
2334.7,45.04,4.3,0.0,17.0,4,-10.529,0.410,-840.494
2334.7,44.92,9.1,0.0,17.0,4,-12.327,0.436,-840.550
2334.7,44.91,57.2,0.0,16.6,4,-15.020,0.474,-840.573
2344.0,45.06,71.3,0.0,16.0,4,-16.819,0.497,-840.552
2344.0,44.96,4.2,26.3,16.2,4,-19.521,0.531,-840.463
2344.0,44.59,0.0,27.7,18.2,4,-21.311,0.551,-840.368
2344.0,44.12,9.8,1.2,19.1,4,-23.964,0.579,-840.174
2353.6,44.06,44.3,0.0,17.9,4,-25.719,0.595,-840.008
2353.6,44.30,83.1,0.0,16.1,4,-28.351,0.618,-839.702
2353.6,44.61,81.5,0.0,14.9,4,-30.991,0.636,-839.331
2353.6,44.79,81.8,0.0,14.5,4,-32.756,0.647,-839.044
2363.1,45.11,83.7,0.0,15.2,4,-35.407,0.663,-838.554
2363.1,45.31,83.6,0.0,16.3,4,-37.177,0.674,-838.186
2363.1,45.62,83.1,0.0,17.9,4,-39.835,0.691,-837.574
2363.1,45.81,78.9,0.0,19.3,4,-41.607,0.702,-837.125
2372.8,46.07,71.6,0.0,20.6,4,-44.265,0.717,-836.395
2372.8,46.22,70.5,0.0,21.4,4,-46.034,0.726,-835.870
2372.8,46.47,76.1,0.0,22.4,4,-48.683,0.738,-835.026
2372.8,46.63,76.9,0.0,22.1,4,-50.444,0.744,-834.424
2382.6,46.89,78.6,0.0,21.3,4,-53.078,0.755,-833.460
2382.6,47.07,79.1,0.0,20.9,4,-54.828,0.761,-832.776
2382.6,47.35,81.5,0.0,20.3,4,-57.443,0.770,-831.690
2382.6,47.54,83.1,0.0,20.0,4,-59.180,0.773,-830.927
2392.5,47.83,85.2,0.0,19.9,4,-61.774,0.775,-829.722
2392.5,48.04,85.4,0.0,19.9,4,-63.495,0.776,-828.878
2392.5,48.33,85.5,0.0,20.9,4,-66.062,0.775,-827.549
2402.4,48.63,82.1,0.0,22.5,4,-68.611,0.772,-826.147
2402.4,48.80,78.0,0.0,23.5,4,-70.297,0.768,-825.172
2402.4,49.04,78.4,0.0,25.0,4,-72.806,0.762,-823.649
2402.4,49.20,81.9,0.0,25.9,4,-74.463,0.756,-822.594
2412.3,49.48,84.2,0.0,26.3,4,-76.925,0.747,-820.951
2412.3,49.66,84.3,0.0,26.3,4,-78.550,0.740,-819.816
2412.3,49.90,74.0,0.0,26.2,4,-80.962,0.727,-818.055
2412.3,50.02,61.6,0.0,25.9,4,-82.550,0.717,-816.841
2422.2,50.14,67.5,0.0,26.7,4,-84.896,0.702,-814.965
2422.2,50.28,82.4,0.0,27.5,4,-86.437,0.690,-813.678
2422.2,50.56,84.7,0.0,28.1,4,-88.717,0.671,-811.691
2422.2,50.72,79.6,0.0,28.7,4,-90.215,0.656,-810.328
2432.1,50.94,78.8,0.0,30.0,4,-92.429,0.632,-808.231
2432.1,51.07,73.8,0.0,29.9,4,-93.880,0.614,-806.797
2432.1,51.17,27.4,0.0,29.8,4,-96.015,0.588,-804.593
2432.1,51.01,14.3,0.0,30.7,4,-98.089,0.561,-802.335
2441.9,50.90,14.2,0.0,30.6,4,-99.435,0.542,-800.804
2441.9,50.73,14.1,0.0,29.0,4,-101.398,0.512,-798.471
2441.9,50.66,51.6,0.0,27.2,4,-102.668,0.491,-796.892
2441.9,50.90,87.3,0.0,24.9,4,-104.526,0.459,-794.479
2451.6,51.09,87.4,0.0,23.9,4,-105.737,0.435,-792.838
2451.6,51.38,87.6,0.0,22.7,4,-107.512,0.396,-790.329
2451.6,51.57,87.7,0.0,21.2,4,-108.666,0.369,-788.625
2451.6,51.85,87.8,0.0,21.3,4,-110.357,0.325,-786.023
2461.7,51.92,88.4,0.0,18.7,4,-111.457,0.292,-784.264
2461.7,52.16,35.6,0.0,6.5,4,-113.065,0.234,-781.589
2461.7,52.22,64.8,0.0,0.7,4,-114.105,0.194,-779.778
2461.7,52.43,85.6,0.0,-4.9,4,-115.613,0.135,-777.028
2471.9,52.63,88.2,0.0,-5.7,4,-116.593,0.094,-775.170
2471.9,52.91,88.5,0.0,-4.3,4,-118.026,0.024,-772.350
2471.9,53.19,88.5,0.0,-6.2,4,-118.963,-0.029,-770.447
2471.9,53.55,88.4,0.0,-6.9,4,-120.342,-0.112,-767.560
2482.6,53.88,88.6,0.0,-4.0,4,-121.708,-0.199,-764.643
2482.6,54.11,88.7,0.0,-2.0,4,-122.624,-0.257,-762.689
2482.6,54.44,88.8,0.0,-1.7,4,-124.017,-0.345,-759.748
2482.6,54.70,88.9,0.0,-1.9,4,-124.957,-0.410,-757.780
2493.7,55.00,89.1,0.0,-3.3,4,-126.391,-0.513,-754.820
2493.7,55.23,89.1,0.0,-3.3,4,-127.364,-0.581,-752.843
2493.7,55.57,89.2,0.0,-3.5,4,-128.849,-0.683,-749.871
2493.7,55.80,89.3,0.0,-3.8,4,-129.856,-0.751,-747.887
2505.0,56.13,89.4,0.0,-4.7,4,-131.393,-0.855,-744.904
2505.0,56.35,89.5,0.0,-4.3,4,-132.435,-0.924,-742.913
2505.0,56.64,89.6,0.0,-3.7,4,-134.028,-1.025,-739.923
2505.0,56.87,89.7,0.0,-3.3,4,-135.108,-1.092,-737.928
2516.6,57.20,89.8,0.0,-3.1,4,-136.755,-1.202,-734.931
2516.6,57.42,89.9,0.0,-3.2,4,-137.870,-1.281,-732.931
2516.6,57.73,90.0,0.0,-2.9,4,-139.571,-1.405,-729.928
2516.6,58.02,90.1,0.0,-3.2,4,-141.302,-1.536,-726.922
2528.3,58.24,90.1,0.0,-3.4,4,-142.473,-1.626,-724.916
2528.3,58.54,90.2,0.0,-3.4,4,-144.253,-1.769,-721.903
2528.3,58.74,90.3,0.0,-3.6,4,-145.459,-1.868,-719.894
2528.3,59.04,90.4,0.0,-1.8,4,-147.295,-2.015,-716.879
2540.2,59.25,90.5,0.0,-1.9,4,-148.537,-2.114,-714.869
2540.2,59.55,90.6,0.0,-2.9,4,-150.424,-2.264,-711.850
2540.2,59.75,90.6,0.0,-3.8,0,-151.698,-2.364,-709.835
2540.2,59.72,89.3,0.0,-3.5,5,-153.628,-2.513,-706.819
2552.2,59.90,89.4,0.0,-2.9,5,-154.928,-2.609,-704.814
2552.2,60.17,89.5,0.0,-2.3,5,-156.906,-2.747,-701.808
2552.2,60.36,89.5,0.0,-2.1,5,-158.241,-2.838,-699.803
2552.2,60.63,89.6,0.0,-2.0,5,-160.267,-2.972,-696.795
2564.3,60.81,89.7,0.0,-2.4,5,-161.633,-3.060,-694.789
2564.3,61.08,89.8,0.0,-2.0,5,-163.702,-3.187,-691.777
2564.3,61.34,89.8,0.0,-1.4,5,-165.794,-3.307,-688.762
2564.3,61.52,89.9,0.0,-1.2,5,-167.201,-3.381,-686.750
2576.6,61.78,90.0,0.0,-1.3,5,-169.329,-3.484,-683.726
2576.6,61.95,90.1,0.0,-1.3,5,-170.758,-3.547,-681.708
2576.6,62.21,90.2,0.0,-1.1,5,-172.919,-3.633,-678.675
2576.6,62.37,90.2,0.0,-1.0,5,-174.370,-3.684,-676.651
2640.4,66.05,91.4,0.0,-1.0,5,-210.621,-3.956,-628.342
2640.4,66.26,91.4,0.0,-1.2,5,-213.064,-3.934,-625.214
2653.6,66.41,91.5,0.0,-1.4,5,-214.702,-3.919,-623.127
2653.6,66.61,91.5,0.0,-1.9,5,-217.173,-3.895,-619.995
2653.6,66.76,91.6,0.0,-2.0,5,-218.831,-3.881,-617.905
2653.6,66.97,91.6,0.0,-2.3,5,-221.334,-3.859,-614.771
2666.8,67.17,91.7,0.0,-1.4,5,-223.860,-3.842,-611.639
2666.8,67.32,91.7,0.0,-1.5,5,-225.556,-3.834,-609.551
2666.8,67.52,91.8,0.0,-1.6,5,-228.117,-3.828,-606.421
2666.8,67.65,91.8,0.0,-1.6,5,-229.836,-3.827,-604.334
2680.3,67.85,91.9,0.0,-1.5,5,-232.431,-3.830,-601.206
2680.3,67.98,90.7,0.0,-1.3,5,-234.171,-3.835,-599.120
2680.3,67.88,5.2,30.2,-1.3,5,-236.794,-3.848,-595.996
2680.3,67.42,0.0,61.4,-1.3,5,-238.542,-3.860,-593.927
2693.9,66.30,0.0,81.2,-0.8,5,-241.140,-3.883,-590.866
2693.9,65.42,0.0,85.9,-0.3,5,-242.850,-3.901,-588.860
2693.9,64.04,0.0,89.8,0.0,5,-245.379,-3.933,-585.909
2693.9,63.09,0.0,90.0,0.1,5,-247.039,-3.956,-583.981
2707.0,61.66,0.0,89.9,0.0,5,-249.488,-3.995,-581.147
2707.0,60.71,0.0,89.9,0.0,5,-251.093,-4.021,-579.297
2707.0,59.30,0.0,90.2,0.0,5,-253.459,-4.062,-576.579
2719.1,57.91,0.0,88.1,0.1,5,-255.775,-4.103,-573.930
2719.1,57.00,0.0,90.1,0.1,5,-257.291,-4.131,-572.201
2719.1,55.60,0.0,90.0,0.0,5,-259.524,-4.172,-569.663
2719.1,54.69,0.0,91.4,-0.4,0,-260.985,-4.199,-568.008
2730.2,53.31,0.0,92.0,-0.8,4,-263.134,-4.240,-565.580
2730.2,52.38,0.0,92.0,-1.3,4,-264.539,-4.268,-563.999
2730.2,50.98,0.0,91.6,-1.9,4,-266.606,-4.310,-561.684
2730.2,50.07,0.0,92.3,-2.4,4,-267.957,-4.337,-560.178
2740.4,48.65,0.0,90.8,-2.6,4,-269.943,-4.377,-557.978
2740.4,47.73,0.0,90.7,-2.5,4,-271.241,-4.403,-556.551
2740.4,46.37,0.0,90.3,-2.3,4,-273.151,-4.439,-554.469
2740.4,45.48,39.5,89.6,-1.9,0,-274.401,-4.462,-553.121
2749.6,44.18,0.0,89.4,-1.9,3,-276.244,-4.495,-551.157
2749.6,43.30,0.0,88.6,-2.2,3,-277.450,-4.517,-549.887
2749.6,42.02,0.0,87.4,-1.6,3,-279.226,-4.550,-548.041
2749.6,40.73,0.0,85.9,-0.5,3,-280.965,-4.581,-546.266
2758.0,39.91,0.0,84.0,0.5,0,-282.105,-4.601,-545.123
2758.0,38.76,0.0,80.7,1.2,2,-283.791,-4.628,-543.469
2758.0,38.01,0.0,75.7,0.5,2,-284.901,-4.646,-542.406
2758.0,36.88,0.0,67.3,8.3,2,-286.541,-4.672,-540.868
2765.6,36.16,0.0,63.7,6.7,2,-287.617,-4.689,-539.877
2765.6,35.18,0.0,60.0,1.9,2,-289.209,-4.713,-538.444
2765.6,34.21,0.0,58.5,-3.5,2,-290.782,-4.737,-537.078
2765.6,33.60,0.0,59.6,-6.5,2,-291.821,-4.752,-536.206
2772.5,32.66,0.0,60.1,-9.8,2,-293.368,-4.774,-534.954
2772.5,32.04,0.0,59.1,-8.2,2,-294.389,-4.788,-534.158
2772.5,31.14,0.0,51.2,-11.1,2,-295.906,-4.807,-533.019
2772.5,30.31,0.0,43.9,-5.2,2,-297.407,-4.825,-531.947
2778.6,29.81,0.0,41.0,-0.9,2,-298.400,-4.836,-531.268
2778.6,29.10,0.0,39.5,-6.6,2,-299.881,-4.852,-530.301
2778.6,28.67,0.0,39.5,-12.1,2,-300.863,-4.862,-529.691
2778.6,28.02,0.0,39.6,-11.8,0,-302.329,-4.875,-528.828
2784.2,27.59,46.6,42.0,-11.1,0,-303.301,-4.883,-528.286
2784.2,26.90,0.0,37.5,-9.8,1,-304.745,-4.893,-527.516
2784.2,26.27,0.0,31.0,-10.2,1,-306.167,-4.903,-526.792
2784.2,25.90,0.0,30.3,-11.9,1,-307.104,-4.909,-526.332
2789.5,25.38,0.0,23.2,-15.7,1,-308.496,-4.916,-525.675
2789.5,25.09,0.0,17.5,-18.5,1,-309.415,-4.920,-525.258
2789.5,24.74,0.0,10.5,-24.1,1,-310.788,-4.925,-524.665
2789.5,24.55,0.0,12.1,-27.1,1,-311.701,-4.927,-524.292
2795.1,24.25,0.0,9.2,-29.7,1,-313.069,-4.929,-523.769
2795.1,24.07,0.0,5.1,-30.1,1,-313.980,-4.930,-523.446
2795.1,23.85,0.0,6.7,-26.7,1,-315.347,-4.928,-523.000
2795.1,23.70,0.0,3.7,-31.5,1,-316.258,-4.927,-522.728
2801.1,23.47,0.0,3.8,-40.7,1,-317.626,-4.923,-522.362
2801.1,23.31,0.0,1.0,-50.8,1,-318.537,-4.916,-522.150
2801.1,23.18,21.6,0.0,-57.1,1,-319.904,-4.903,-521.881
2801.1,23.24,39.6,0.0,-59.1,1,-320.820,-4.898,-521.728
2806.9,23.57,48.3,0.0,-61.1,1,-322.209,-4.897,-521.532
2806.9,23.70,49.4,0.0,-59.4,1,-323.148,-4.893,-521.436
2806.9,23.83,30.1,0.0,-57.4,1,-324.570,-4.888,-521.336
2812.6,23.82,4.2,6.3,-54.3,1,-326.000,-4.890,-521.284
2812.6,23.69,0.0,6.0,-50.6,1,-326.951,-4.897,-521.277
2812.6,23.33,2.0,0.0,-48.8,1,-328.360,-4.896,-521.331
2812.6,23.19,7.0,0.0,-47.1,1,-329.287,-4.891,-521.407
2817.9,23.02,11.3,0.0,-47.5,1,-330.663,-4.883,-521.573
2817.9,22.93,11.9,0.0,-49.1,1,-331.571,-4.878,-521.719
2817.9,22.80,15.3,0.0,-54.4,1,-332.916,-4.870,-521.989
2817.9,22.73,16.8,0.0,-58.4,1,-333.801,-4.864,-522.204
2822.7,22.65,21.2,0.0,-65.1,1,-335.110,-4.854,-522.578
2822.7,22.66,29.1,0.0,-69.1,1,-335.970,-4.846,-522.862
2822.7,22.73,29.5,0.0,-73.1,1,-337.245,-4.832,-523.338
2822.7,22.78,29.9,0.0,-73.2,1,-338.086,-4.822,-523.686
2888.1,31.36,48.6,0.0,12.7,2,-390.686,-4.462,-543.484
2888.1,31.62,53.5,0.0,19.3,2,-392.557,-4.465,-543.228
2888.1,31.80,53.2,0.0,24.4,2,-393.808,-4.467,-543.022
2888.1,32.07,54.7,0.0,30.7,2,-395.690,-4.470,-542.662
2895.6,32.25,56.2,0.0,33.0,2,-396.947,-4.471,-542.389
2895.6,32.52,57.3,0.0,33.6,2,-398.835,-4.472,-541.933
2895.6,32.70,59.1,0.0,31.3,2,-400.095,-4.474,-541.596
2895.6,33.02,59.0,0.0,25.3,2,-401.986,-4.478,-541.039
2902.2,33.22,55.2,0.0,21.6,2,-403.247,-4.483,-540.633
2902.2,33.46,48.3,0.0,16.2,2,-405.134,-4.493,-539.972
2902.2,33.68,48.4,0.0,11.9,2,-407.013,-4.507,-539.248
2902.2,33.82,46.1,0.0,9.9,2,-408.259,-4.517,-538.729
2908.7,34.02,47.0,0.0,7.6,2,-410.116,-4.536,-537.899
2908.7,34.15,48.3,0.0,6.7,2,-411.346,-4.550,-537.312
2908.7,34.39,52.0,0.0,6.9,2,-413.178,-4.574,-536.380
2908.7,34.58,60.5,0.0,7.7,2,-414.391,-4.592,-535.724
2915.1,34.95,69.3,0.0,10.7,2,-416.201,-4.621,-534.689
2915.1,35.23,73.8,0.0,16.2,2,-417.401,-4.641,-533.964
2915.1,35.53,25.8,0.0,23.1,2,-419.192,-4.670,-532.821
2915.1,35.67,68.6,0.0,26.2,2,-420.372,-4.691,-532.026
2921.9,36.07,47.6,0.0,28.3,2,-422.128,-4.721,-530.782
2921.9,36.28,69.3,0.0,28.5,2,-423.288,-4.741,-529.919
2921.9,36.72,82.2,0.0,31.8,2,-425.012,-4.769,-528.572
2921.9,37.05,83.6,0.0,32.0,2,-426.154,-4.786,-527.638
2929.0,37.53,86.2,0.0,28.3,2,-427.850,-4.811,-526.181
2929.0,37.81,85.6,0.0,26.5,2,-428.970,-4.826,-525.173
2929.0,38.11,55.4,0.0,19.4,2,-430.626,-4.849,-523.609
2929.0,38.32,84.5,0.0,14.8,2,-431.710,-4.863,-522.533
2936.4,38.60,52.8,0.0,4.8,2,-433.307,-4.883,-520.866
2936.4,38.84,59.2,0.0,-2.3,2,-434.865,-4.900,-519.145
2936.4,39.02,69.0,0.0,-5.2,2,-435.887,-4.911,-517.970
2936.4,39.38,77.0,0.0,-4.9,2,-437.397,-4.926,-516.168
2944.1,39.69,86.9,0.0,-1.6,2,-438.393,-4.937,-514.940
2944.1,40.23,87.0,0.0,4.0,2,-439.879,-4.957,-513.062
2944.1,40.55,84.7,0.0,8.2,2,-440.866,-4.970,-511.783
2944.1,40.96,83.1,0.0,12.8,2,-442.334,-4.987,-509.829
2951.9,41.24,85.9,0.0,14.1,0,-443.306,-4.997,-508.503
2951.9,41.25,84.4,0.0,14.0,3,-444.741,-5.014,-506.486
2951.9,41.50,85.5,0.0,12.5,3,-445.678,-5.022,-505.124
2951.9,41.93,85.6,0.0,9.4,3,-447.063,-5.032,-503.040
2959.9,42.19,85.7,0.0,7.7,3,-447.971,-5.037,-501.625
2959.9,42.50,46.2,0.0,6.7,3,-449.309,-5.046,-499.465
2959.9,42.68,73.7,0.0,7.4,3,-450.183,-5.053,-498.003
2959.9,43.08,85.7,0.0,9.1,3,-451.459,-5.057,-495.769
2968.3,43.37,85.8,0.0,10.3,3,-452.288,-5.056,-494.252
2968.3,43.69,54.6,0.0,10.9,3,-453.504,-5.059,-491.942
2968.3,43.84,63.0,0.0,10.2,3,-454.297,-5.067,-490.382
2968.3,44.22,85.9,0.0,8.7,3,-455.450,-5.078,-488.007
2976.6,44.48,86.0,0.0,8.9,3,-456.193,-5.083,-486.397
2976.6,44.87,86.1,0.0,9.6,3,-457.274,-5.091,-483.944
2976.6,45.30,86.3,0.0,9.7,3,-458.315,-5.104,-481.448
2985.3,45.72,86.3,0.0,10.5,3,-459.312,-5.121,-478.907
2985.3,45.99,86.4,0.0,11.3,3,-459.952,-5.134,-477.188
2985.3,46.38,86.5,0.0,12.9,3,-460.873,-5.157,-474.576
2985.3,46.77,86.6,0.0,13.4,3,-461.749,-5.184,-471.923
2994.3,47.17,86.7,0.0,13.9,3,-462.578,-5.214,-469.230
2994.3,47.56,86.7,0.0,14.2,3,-463.357,-5.247,-466.498
2994.3,47.93,86.8,0.0,14.0,3,-464.085,-5.282,-463.728
3003.6,48.31,86.9,0.0,15.4,3,-464.759,-5.321,-460.922
3003.6,48.42,86.9,0.0,16.1,3,-464.971,-5.334,-459.979
3003.6,48.89,87.1,0.0,17.2,0,-465.755,-5.390,-456.167
3003.6,48.86,0.0,0.0,16.8,0,-466.103,-5.418,-454.243
3013.2,49.04,85.3,0.0,15.5,4,-466.564,-5.460,-451.346
3013.2,49.25,85.4,0.0,14.9,4,-466.833,-5.487,-449.399
3013.2,49.67,85.7,0.0,15.7,4,-467.277,-5.541,-445.469
3013.2,49.98,85.8,0.0,17.7,4,-467.530,-5.580,-442.492
3022.9,50.19,86.0,0.0,19.4,4,-467.660,-5.607,-440.493
3022.9,50.49,86.1,0.0,21.3,4,-467.796,-5.646,-437.477
3022.9,50.80,86.3,0.0,23.2,4,-467.863,-5.684,-434.440
3022.9,51.00,86.4,0.0,23.8,4,-467.869,-5.710,-432.405
3032.9,51.09,86.5,0.0,24.0,4,-467.860,-5.723,-431.384
3032.9,51.19,86.5,0.0,24.0,4,-467.843,-5.736,-430.362
3032.9,51.75,86.9,0.0,21.0,4,-467.561,-5.808,-424.193
3043.3,52.12,87.1,0.0,15.6,4,-467.196,-5.851,-420.056
3043.3,52.38,87.3,0.0,11.7,4,-466.825,-5.879,-416.943
3043.3,52.57,87.4,0.0,9.4,4,-466.532,-5.895,-414.865
3043.3,52.85,87.5,0.0,7.1,4,-466.022,-5.918,-411.745
3054.7,53.05,87.6,0.0,6.7,4,-465.638,-5.933,-409.662
3054.7,53.34,87.7,0.0,8.7,4,-464.999,-5.956,-406.536
3054.7,53.75,87.8,0.0,13.3,4,-464.036,-5.995,-402.364
3065.9,53.94,87.8,0.0,16.0,4,-463.507,-6.017,-400.277
3065.9,54.24,88.0,0.0,18.4,4,-462.655,-6.049,-397.146
3065.9,54.51,88.1,0.0,18.5,4,-461.732,-6.078,-394.018
3065.9,54.79,88.3,0.0,15.6,4,-460.734,-6.101,-390.895
3077.0,55.07,88.5,0.0,11.9,4,-459.663,-6.122,-387.779
3077.0,55.36,88.6,0.0,8.4,4,-458.521,-6.143,-384.671
3077.0,55.54,88.7,0.0,8.1,4,-457.718,-6.157,-382.604
3088.0,55.83,88.7,0.0,7.5,4,-456.455,-6.176,-379.512
3088.0,56.02,88.8,0.0,9.2,4,-455.572,-6.186,-377.456
3088.0,56.30,88.9,0.0,12.2,4,-454.191,-6.197,-374.383
3088.0,56.50,89.0,0.0,12.8,4,-453.235,-6.204,-372.340
3099.1,56.79,89.1,0.0,10.6,4,-451.751,-6.214,-369.284
3099.1,56.98,89.2,0.0,8.8,4,-450.728,-6.222,-367.252
3099.1,57.27,89.3,0.0,7.3,4,-449.146,-6.236,-364.212
3099.1,57.45,89.3,0.0,6.7,4,-448.058,-6.245,-362.192
3110.3,57.74,89.4,0.0,7.0,4,-446.378,-6.257,-359.173
3110.3,58.03,89.6,0.0,7.5,4,-444.646,-6.269,-356.164
3110.3,58.20,89.7,0.0,7.6,4,-443.461,-6.276,-354.164
3110.3,58.49,89.8,0.0,7.5,4,-441.642,-6.284,-351.174
3121.8,58.66,89.8,0.0,8.0,4,-440.401,-6.288,-349.187
3121.8,59.01,0.0,0.0,8.1,0,-437.208,-6.299,-344.241
3121.8,58.94,88.6,0.0,6.8,5,-435.898,-6.303,-342.280
3133.6,59.20,88.7,0.0,5.4,5,-433.894,-6.305,-339.358
3133.6,59.72,88.9,0.0,2.0,5,-429.748,-6.306,-333.553
3145.5,60.04,88.9,0.0,2.3,5,-426.889,-6.296,-329.711
3145.5,60.30,89.2,0.0,2.5,5,-423.971,-6.281,-325.882
3145.5,60.51,89.2,0.0,1.4,5,-422.493,-6.275,-323.970
3157.6,60.92,89.3,0.0,-0.2,5,-418.753,-6.256,-319.189
3157.6,61.15,89.5,0.0,0.2,5,-416.485,-6.243,-316.314
3157.6,61.40,89.5,0.0,0.3,5,-414.207,-6.231,-313.429
3169.9,61.66,89.6,0.0,-1.0,5,-411.920,-6.220,-310.531
3169.9,61.81,89.6,0.0,-2.1,5,-410.393,-6.211,-308.590
3169.9,62.08,89.7,0.0,-2.6,5,-408.100,-6.198,-305.665
3169.9,62.33,89.9,0.0,-2.5,5,-405.808,-6.185,-302.720
3182.4,62.56,89.9,0.0,-1.7,5,-403.520,-6.169,-299.753
3182.4,62.81,90.0,0.0,0.2,5,-401.237,-6.152,-296.765
3182.4,63.05,90.1,0.0,1.3,5,-398.957,-6.133,-293.756
3182.4,63.20,90.2,0.0,0.9,5,-397.435,-6.121,-291.742
3194.9,63.44,90.2,0.0,-1.0,5,-395.145,-6.102,-288.711
3194.9,63.83,90.4,0.0,-1.2,5,-391.313,-6.065,-283.632
3207.6,64.06,90.4,0.0,-0.6,5,-389.009,-6.045,-280.565
3207.6,64.21,90.5,0.0,-0.0,5,-387.471,-6.030,-278.512
3207.6,64.44,90.6,0.0,-0.9,5,-385.161,-6.007,-275.421
3207.6,64.66,90.6,0.0,-1.1,5,-382.846,-5.983,-272.317
3220.5,64.81,90.7,0.0,-0.6,5,-381.301,-5.965,-270.240
3220.5,65.26,90.8,0.0,-0.2,5,-376.653,-5.910,-263.972
3220.5,65.48,90.9,0.0,-0.1,5,-374.321,-5.883,-260.819
3233.5,65.62,91.0,0.0,-0.0,5,-372.764,-5.865,-258.710
3233.5,65.83,91.0,0.0,-0.1,5,-370.423,-5.835,-255.538
3233.5,66.04,91.1,0.0,0.3,5,-368.075,-5.801,-252.354
3246.7,66.26,91.2,0.0,0.6,5,-365.720,-5.765,-249.160
3246.7,66.40,91.2,0.0,1.0,5,-364.145,-5.740,-247.026
3246.7,66.60,91.3,0.0,0.8,5,-361.775,-5.701,-243.817
3246.7,66.81,91.4,0.0,0.6,5,-359.393,-5.659,-240.601
3260.1,67.14,91.5,0.0,0.4,5,-355.399,-5.581,-235.226
3260.1,67.35,91.5,0.0,0.3,5,-352.987,-5.535,-231.992
3260.1,67.56,91.6,0.0,0.2,5,-350.565,-5.490,-228.751
3273.5,67.62,91.6,0.0,0.2,5,-349.755,-5.477,-227.669
3273.5,67.69,91.7,0.0,0.1,5,-348.944,-5.464,-226.586
3273.5,68.07,91.8,0.0,-0.1,5,-344.058,-5.386,-220.069
3287.1,68.27,91.8,0.0,-0.3,5,-341.602,-5.344,-216.799
3287.1,68.38,91.9,0.0,-0.1,5,-339.961,-5.315,-214.615
3287.1,68.64,92.0,0.0,0.3,5,-336.669,-5.253,-210.233
3287.1,68.84,92.0,0.0,0.0,5,-334.193,-5.205,-206.936
3300.8,68.95,92.0,0.0,-0.1,5,-332.539,-5.174,-204.733
3300.8,69.19,92.1,0.0,-0.3,5,-329.220,-5.110,-200.315
3300.8,69.37,92.2,0.0,-0.4,5,-326.724,-5.058,-196.991
3314.6,69.50,92.2,0.0,-0.2,5,-325.057,-5.023,-194.770
3314.6,69.67,92.3,0.0,-0.1,5,-322.552,-4.967,-191.431
3314.6,69.76,0.0,0.0,-0.1,0,-320.043,-4.911,-188.083
3314.6,69.75,91.4,0.0,-0.2,6,-317.537,-4.855,-184.735
3328.6,69.86,91.4,0.0,-0.3,6,-315.865,-4.818,-182.500
3328.6,70.03,91.5,0.0,-0.3,6,-313.353,-4.761,-179.139
3328.6,70.19,91.5,0.0,-0.3,6,-310.837,-4.706,-175.769
3342.6,70.36,91.6,0.0,-0.2,6,-308.317,-4.650,-172.389
3342.6,70.51,91.6,0.0,-0.2,6,-305.793,-4.594,-169.000
3342.6,70.62,91.7,0.0,-0.2,6,-304.109,-4.555,-166.736
3356.7,70.89,91.8,0.0,-0.3,6,-299.891,-4.458,-161.056
3356.7,70.95,91.8,0.0,-0.3,6,-299.046,-4.438,-159.917
3356.7,71.15,91.8,0.0,-0.4,6,-295.664,-4.357,-155.351
3356.7,71.32,91.8,0.0,-0.4,6,-293.122,-4.297,-151.915
3371.0,71.48,91.9,0.0,-0.2,6,-290.578,-4.236,-148.469
3371.0,71.62,92.0,0.0,-0.1,6,-288.032,-4.175,-145.014
3371.0,71.78,92.0,0.0,-0.1,6,-285.482,-4.113,-141.549
3371.0,71.88,92.0,0.0,-0.2,6,-283.780,-4.073,-139.235
3385.3,72.04,92.1,0.0,0.4,6,-281.222,-4.013,-135.757
3385.3,72.18,92.1,0.0,-0.0,6,-278.659,-3.953,-132.273
3385.3,72.29,92.1,0.0,-0.1,6,-276.946,-3.913,-129.946
3399.8,72.48,92.2,0.0,1.3,6,-273.513,-3.830,-125.284
3399.8,72.48,92.2,0.0,1.3,6,-273.513,-3.830,-125.284
3399.8,72.78,92.3,0.0,0.5,6,-268.335,-3.705,-118.274
3414.3,72.93,92.3,0.0,0.6,6,-265.729,-3.643,-114.766
3414.3,73.07,92.4,0.0,-0.0,6,-263.112,-3.580,-111.255
3414.3,73.16,92.4,0.0,-1.0,6,-261.361,-3.537,-108.914
3429.0,73.39,92.5,0.0,-1.4,6,-256.975,-3.427,-103.046
3429.0,73.53,92.5,0.0,-0.8,6,-254.346,-3.359,-99.508
3429.0,73.68,92.6,0.0,-0.8,6,-251.724,-3.290,-95.956
3429.0,73.82,92.6,0.0,-1.0,6,-249.106,-3.223,-92.390
3443.7,73.92,92.6,0.0,-0.9,6,-247.363,-3.179,-90.004
3443.7,74.05,92.6,0.0,-0.7,6,-244.752,-3.114,-86.416
3443.7,74.18,92.7,0.0,0.1,6,-242.145,-3.049,-82.814
3443.7,74.27,92.7,0.0,0.9,6,-240.407,-3.006,-80.407
3458.5,74.40,92.7,0.0,2.0,6,-237.800,-2.942,-76.789
3458.5,74.49,92.7,0.0,1.9,6,-236.058,-2.900,-74.374
3458.5,74.62,92.8,0.0,1.4,6,-233.435,-2.835,-70.752
3473.4,74.75,92.8,0.0,2.2,6,-230.797,-2.770,-67.131
3473.4,74.87,92.8,0.0,3.6,6,-228.139,-2.702,-63.515
3473.4,74.93,45.7,17.3,4.6,6,-225.455,-2.632,-59.909
3473.4,74.63,0.0,46.0,4.8,6,-223.653,-2.585,-57.520
3488.4,73.59,0.0,71.2,4.6,6,-220.944,-2.514,-53.988
3488.4,71.68,0.0,49.2,4.3,6,-216.446,-2.398,-48.286
3488.4,70.79,0.0,34.4,5.1,6,-213.742,-2.331,-44.976
3502.8,70.53,0.0,29.1,6.3,6,-212.838,-2.308,-43.890
3502.8,69.74,0.0,9.4,4.1,6,-209.188,-2.219,-39.630
3502.8,69.38,0.0,1.1,6.0,6,-206.412,-2.152,-36.515
3502.8,69.21,15.1,0.0,7.9,6,-204.538,-2.107,-34.473
3516.6,69.04,22.6,0.0,9.4,6,-201.692,-2.039,-31.457
3516.6,68.93,19.9,0.0,9.5,6,-199.770,-1.995,-29.477
3516.6,68.69,8.9,24.5,10.4,6,-196.851,-1.930,-26.556
3530.2,68.12,0.0,74.8,9.9,6,-193.896,-1.863,-23.706
3530.2,66.95,47.9,3.8,8.5,6,-189.932,-1.772,-20.042
3530.2,66.99,89.5,0.0,9.0,6,-186.921,-1.705,-17.386
3530.2,67.08,89.5,0.0,11.2,6,-184.882,-1.664,-15.645
3543.4,67.20,83.7,0.0,15.8,6,-181.777,-1.610,-13.079
3543.4,67.23,60.2,0.0,20.2,6,-178.620,-1.565,-10.570
3543.4,67.24,76.2,0.0,21.9,6,-175.413,-1.531,-8.122
3556.9,67.35,89.8,0.0,21.2,6,-171.056,-1.495,-4.963
3556.9,67.40,89.9,0.0,19.8,6,-168.837,-1.478,-3.433
3556.9,67.47,89.9,0.0,19.4,6,-165.460,-1.451,-1.206
3570.8,67.54,89.7,0.0,20.5,6,-162.024,-1.421,0.936
3570.8,67.52,65.2,0.0,21.1,6,-158.529,-1.384,2.987
3570.8,67.51,65.4,0.0,21.3,6,-156.172,-1.357,4.302
3570.8,67.46,84.3,0.0,22.9,6,-152.599,-1.321,6.208
3585.2,67.56,89.9,0.0,23.0,6,-148.985,-1.293,8.035
3585.2,67.56,89.9,0.0,23.0,6,-148.985,-1.293,8.035
3585.2,67.46,55.0,0.0,28.4,6,-142.857,-1.240,10.871
3585.2,67.32,40.3,0.0,34.6,6,-139.131,-1.205,12.441
3599.6,67.11,36.0,0.0,41.0,6,-135.376,-1.169,13.912
3599.6,66.95,38.0,0.0,46.2,6,-131.597,-1.132,15.288
3599.6,66.81,28.6,0.0,47.9,6,-129.066,-1.107,16.154
3613.3,66.57,24.4,0.0,48.5,6,-125.255,-1.072,17.379
3613.3,66.48,23.8,0.0,48.1,6,-123.982,-1.060,17.766
3613.3,66.12,22.9,0.0,44.5,6,-118.875,-1.014,19.200
3613.3,65.78,23.5,0.0,42.8,6,-113.750,-0.968,20.455
3626.7,65.57,14.3,0.0,42.4,6,-111.183,-0.946,21.014
3626.7,65.25,14.1,0.0,42.5,6,-107.330,-0.910,21.761
3626.7,64.84,13.9,0.0,45.3,6,-102.193,-0.861,22.595
3639.5,64.53,13.8,0.0,47.1,6,-98.345,-0.823,23.103
3639.5,64.32,13.8,0.0,47.8,6,-95.784,-0.797,23.383
3639.5,64.03,13.7,0.0,47.5,6,-91.948,-0.754,23.721
3639.5,63.83,13.7,0.0,46.3,6,-89.396,-0.725,23.893
3652.0,63.55,18.8,0.0,42.3,6,-85.579,-0.682,24.070
3652.0,63.39,26.3,0.0,38.9,6,-83.041,-0.652,24.134
3652.0,63.19,40.3,0.0,32.9,6,-79.244,-0.608,24.149
3652.0,63.12,55.3,0.0,28.9,6,-76.718,-0.577,24.104
3664.5,63.05,60.9,0.0,23.2,6,-72.937,-0.528,23.953
3664.5,63.05,76.5,0.0,19.6,6,-70.420,-0.496,23.799
3664.5,63.15,89.7,0.0,15.4,6,-66.648,-0.449,23.491
3664.5,63.26,90.0,0.0,11.3,6,-62.877,-0.403,23.094
3677.1,63.37,90.0,0.0,8.3,6,-60.365,-0.372,22.779
3677.1,63.50,90.1,0.0,6.2,6,-56.599,-0.318,22.231
3677.1,63.58,90.2,0.0,5.8,6,-54.090,-0.281,21.824
3677.1,63.79,90.2,0.0,4.7,6,-50.326,-0.230,21.163
3689.7,63.93,90.2,0.0,1.9,6,-47.816,-0.200,20.691
3689.7,64.11,90.3,0.0,-2.2,6,-44.049,-0.157,19.943
3689.7,64.24,90.3,0.0,-3.7,6,-41.535,-0.128,19.425
3689.7,64.43,89.9,0.0,-4.3,6,-37.757,-0.086,18.638
3702.5,64.55,89.6,0.0,-4.6,6,-35.231,-0.059,18.118
3702.5,64.74,90.5,0.0,-3.7,6,-31.428,-0.021,17.356
3702.5,64.87,90.5,0.0,-4.6,6,-28.884,0.003,16.863
3702.5,65.03,90.6,0.0,-6.7,6,-25.053,0.035,16.150
3715.4,65.18,90.6,0.0,-9.0,6,-22.490,0.053,15.694
3715.4,65.35,90.7,0.0,-9.1,6,-18.630,0.078,15.048
3715.4,65.49,90.8,0.0,-6.9,6,-14.750,0.102,14.458
3715.4,65.61,90.8,0.0,-6.0,6,-12.153,0.118,14.099
3728.6,65.76,90.9,0.0,-5.8,6,-8.244,0.144,13.613
3728.6,65.87,90.9,0.0,-8.1,6,-5.627,0.161,13.325
3728.6,66.03,91.0,0.0,-10.3,6,-1.689,0.187,12.947
3728.6,66.13,91.0,0.0,-10.9,6,0.945,0.207,12.735
3741.9,66.28,91.0,0.0,-12.0,6,4.909,0.241,12.479
3741.9,66.42,91.1,0.0,-12.0,6,8.884,0.279,12.301
3741.9,66.50,91.2,0.0,-11.9,6,11.541,0.307,12.228
3755.5,66.62,91.2,0.0,-11.1,6,15.535,0.352,12.185
3755.5,66.72,91.3,0.0,-11.3,6,18.202,0.385,12.204
3755.5,66.85,91.3,0.0,-11.1,6,22.207,0.438,12.302
3755.5,66.95,91.3,0.0,-10.5,6,24.880,0.476,12.416
3769.4,67.07,91.4,0.0,-9.5,6,28.892,0.540,12.660
3769.4,67.15,91.4,0.0,-9.0,6,31.568,0.583,12.868
3769.4,67.31,91.5,0.0,-11.3,6,35.584,0.639,13.238
3769.4,67.40,91.5,0.0,-13.2,6,38.262,0.671,13.526
3783.2,67.51,91.5,0.0,-14.6,6,42.277,0.723,14.032
3783.2,67.58,91.5,0.0,-15.6,6,44.951,0.760,14.419
3783.2,67.70,91.6,0.0,-16.0,6,48.956,0.815,15.070
3783.2,67.78,91.6,0.0,-15.7,6,51.622,0.853,15.552
3797.2,67.89,91.7,0.0,-15.3,6,55.612,0.908,16.347
3797.2,67.94,91.7,0.0,-14.3,6,58.266,0.946,16.928
3797.2,68.05,91.7,0.0,-12.2,6,62.234,1.005,17.873
3797.2,68.13,91.8,0.0,-10.2,6,66.185,1.063,18.908
3811.3,68.20,92.0,0.0,-8.1,6,68.809,1.103,19.649
3811.3,68.34,91.9,0.0,-5.7,6,72.729,1.162,20.832
3811.3,68.37,91.9,0.0,-4.9,6,75.331,1.201,21.672
3811.3,68.47,92.0,0.0,-5.5,6,79.214,1.260,23.002
3825.4,68.58,91.9,0.0,-6.4,6,81.791,1.297,23.936
3825.4,68.69,91.9,0.0,-8.2,6,85.635,1.355,25.408
3825.4,68.74,92.0,0.0,-9.6,6,88.185,1.394,26.435
3825.4,68.89,92.0,0.0,-11.2,6,91.988,1.456,28.043
3839.3,68.98,92.0,0.0,-11.9,6,94.509,1.496,29.157
3839.3,69.10,92.1,0.0,-11.9,6,98.269,1.558,30.893
3839.3,69.18,92.1,0.0,-11.3,6,100.760,1.601,32.094
3839.3,69.30,92.1,0.0,-10.4,6,104.471,1.666,33.959
3853.1,69.37,92.2,0.0,-9.8,6,106.927,1.710,35.245
3853.1,69.49,92.2,0.0,-9.6,6,110.585,1.776,37.238
3853.1,69.63,92.2,0.0,-9.8,6,114.209,1.841,39.306
3853.1,69.71,92.2,0.0,-10.2,6,116.606,1.885,40.726
3867.0,69.83,92.3,0.0,-10.8,6,120.173,1.950,42.916
3867.0,69.91,92.3,0.0,-11.3,6,122.531,1.992,44.415
3867.0,70.03,92.3,0.0,-11.6,6,126.038,2.052,46.721
3867.0,70.11,92.3,0.0,-11.2,6,128.356,2.091,48.297
3880.9,70.23,92.4,0.0,-11.1,6,131.798,2.149,50.720
3880.9,70.31,92.4,0.0,-11.1,6,134.071,2.185,52.372
3880.9,70.42,92.4,0.0,-10.8,6,137.446,2.236,54.909
3880.9,70.51,92.5,0.0,-10.9,6,139.671,2.268,56.639
3894.9,70.62,92.5,0.0,-10.8,6,142.972,2.312,59.288
3894.9,70.70,92.5,0.0,-10.9,6,145.150,2.336,61.090
3894.9,70.81,92.6,0.0,-9.6,6,148.379,2.365,63.845
3894.9,70.90,92.6,0.0,-7.7,6,150.506,2.381,65.718
3909.1,71.02,92.6,0.0,-5.1,6,153.657,2.401,68.580
3909.1,71.12,92.6,0.0,-3.7,6,155.733,2.413,70.522
3909.1,71.25,92.6,0.0,-2.6,6,158.813,2.429,73.481
3909.1,71.39,77.5,0.0,-2.1,6,161.858,2.444,76.486
3923.3,71.34,22.0,15.3,-1.8,6,163.874,2.454,78.509
3923.3,70.68,0.0,68.0,-0.8,6,166.867,2.468,81.549
3923.3,69.88,0.0,80.0,0.0,6,168.833,2.480,83.562
3923.3,68.54,0.0,88.4,0.7,6,171.730,2.498,86.542
3937.2,67.58,0.0,89.4,0.9,6,173.626,2.510,88.497
3937.2,66.14,0.0,91.1,0.7,6,176.420,2.531,91.381
3937.2,65.16,0.0,91.4,0.5,6,178.250,2.544,93.268
3937.2,63.74,37.7,92.4,0.4,0,180.947,2.563,96.044
3950.3,62.80,0.0,94.2,0.3,5,182.713,2.577,97.858
3950.3,61.30,0.0,91.1,0.4,5,185.317,2.596,100.522
3950.3,60.36,0.0,92.2,0.5,5,187.022,2.609,102.261
3950.3,58.92,0.0,91.4,0.5,5,189.534,2.625,104.814
3962.5,57.97,0.0,91.3,0.3,5,191.178,2.634,106.478
3962.5,56.53,0.0,90.9,0.2,5,193.600,2.647,108.918
3962.5,55.13,0.0,91.3,0.4,5,195.969,2.661,111.289
3962.5,54.20,37.2,91.5,0.6,0,197.521,2.671,112.832
3973.6,52.80,0.0,92.2,0.7,4,199.805,2.687,115.090
3973.6,51.84,0.0,91.4,1.0,4,201.300,2.700,116.557
3973.6,50.44,0.0,91.2,1.3,4,203.501,2.723,118.699
3973.6,49.49,0.0,90.9,1.9,4,204.941,2.739,120.087
3983.9,48.11,0.0,91.0,2.3,4,207.062,2.764,122.111
3983.9,47.20,0.0,90.7,2.7,4,208.449,2.781,123.421
3983.9,45.84,41.9,89.2,3.6,0,210.492,2.805,125.326
3983.9,44.99,0.0,88.1,3.7,3,211.831,2.821,126.557
3993.2,43.67,0.0,85.6,3.7,3,213.804,2.843,128.344
3993.2,42.84,0.0,83.4,3.2,3,215.098,2.856,129.495
3993.2,41.61,0.0,80.0,1.5,3,217.006,2.873,131.165
3993.2,40.83,0.0,71.5,0.2,3,218.260,2.883,132.239
4001.7,39.77,0.0,56.7,-2.1,3,220.115,2.896,133.790
4001.7,38.85,0.0,47.3,-4.5,0,221.951,2.905,135.272
4001.7,38.35,44.5,43.4,-5.2,0,223.170,2.910,136.221
4009.4,37.60,0.0,39.2,-4.8,2,224.995,2.915,137.588
4009.4,37.10,0.0,35.9,-3.5,2,226.208,2.918,138.462
4009.4,36.42,0.0,31.7,0.5,2,228.023,2.919,139.716
4009.4,36.01,0.0,30.5,4.4,2,229.232,2.918,140.516
4016.7,35.42,0.0,29.8,9.6,2,231.043,2.916,141.662
4016.7,35.04,0.0,29.3,13.0,2,232.249,2.913,142.394
4016.7,34.49,0.0,29.3,16.6,2,234.052,2.908,143.444
4016.7,34.12,0.0,28.4,17.3,2,235.251,2.903,144.113
4023.5,33.59,0.0,27.3,17.3,2,237.045,2.896,145.069
4023.5,33.24,0.0,25.3,17.1,2,238.238,2.890,145.674
4023.5,32.78,0.0,17.9,17.2,2,240.023,2.881,146.532
4023.5,32.52,0.0,13.8,17.9,2,241.212,2.875,147.071
4029.8,32.19,0.0,9.9,20.1,2,242.999,2.865,147.832
4029.8,32.00,0.0,7.4,22.1,2,244.191,2.859,148.307
4029.8,31.75,0.0,4.1,25.4,2,245.985,2.849,148.970
4029.8,31.62,0.0,3.6,23.8,2,247.185,2.842,149.380
4035.9,31.42,0.0,4.6,21.9,2,248.990,2.831,149.946
4035.9,31.21,0.0,5.0,25.9,2,250.799,2.820,150.455
4035.9,31.06,0.0,10.5,26.4,2,252.006,2.812,150.762
4035.9,30.78,0.0,8.1,23.3,2,253.816,2.800,151.172
4042.0,30.61,0.0,5.4,21.7,2,255.020,2.792,151.412
4042.0,30.41,0.0,6.1,20.5,2,256.824,2.780,151.723
4042.0,30.27,0.0,4.2,21.2,2,258.025,2.773,151.897
4042.0,30.09,0.7,0.2,23.4,2,259.823,2.763,152.112
4048.3,30.00,6.1,0.0,25.4,2,261.020,2.757,152.224
4048.3,29.87,2.8,0.0,27.7,2,262.812,2.748,152.345
4048.3,29.79,7.3,0.0,31.8,2,264.005,2.743,152.394
4048.3,29.70,11.1,0.0,38.4,2,265.789,2.737,152.415
4055.8,29.64,11.0,0.0,41.5,2,266.976,2.735,152.393
4055.8,29.58,19.9,0.0,45.8,2,268.750,2.733,152.303
4055.8,29.57,21.4,0.0,49.5,2,269.929,2.732,152.206
4055.8,29.53,23.7,0.0,56.5,2,271.690,2.733,152.003
4062.7,29.46,15.2,0.0,63.4,2,273.440,2.735,151.733
4062.7,29.39,15.7,0.0,68.0,2,274.597,2.738,151.515
4062.7,29.26,13.4,0.0,72.7,2,276.313,2.746,151.129
4062.7,29.16,12.3,0.0,78.4,2,277.443,2.753,150.835
4071.0,29.01,13.0,0.0,89.2,2,279.117,2.765,150.338
4071.0,28.89,12.7,0.0,94.0,2,280.216,2.774,149.971
4071.0,28.69,11.4,0.0,96.5,2,281.834,2.791,149.367
4071.0,28.56,11.3,0.0,97.5,2,282.892,2.805,148.928
4077.8,28.34,11.2,0.0,97.6,2,284.443,2.831,148.216
4077.8,28.21,11.2,0.0,97.0,2,285.453,2.850,147.708
4077.8,28.03,11.1,0.0,96.4,2,286.933,2.881,146.897
4077.8,27.91,11.1,0.0,95.9,2,287.895,2.902,146.326
4084.9,27.72,11.0,0.0,94.9,2,289.301,2.934,145.427
4084.9,27.59,11.0,0.0,93.3,2,290.212,2.956,144.800
4084.9,27.41,10.9,0.0,88.7,2,291.538,2.990,143.819
4084.9,27.30,10.9,0.0,85.5,2,292.395,3.013,143.138
4090.4,27.13,10.8,0.0,82.9,2,293.637,3.049,142.080
4090.4,26.95,11.0,0.0,79.1,2,294.828,3.086,140.979
4090.4,26.85,11.5,0.0,75.8,2,295.593,3.110,140.222
4090.4,26.72,13.2,0.0,69.7,0,296.696,3.145,139.054
4095.6,26.63,47.6,0.0,65.3,0,297.402,3.167,138.254
4095.6,26.46,18.9,0.0,56.9,1,298.414,3.197,137.024
4095.6,26.44,29.0,0.0,49.7,1,299.057,3.216,136.185
4095.6,26.52,31.6,0.0,35.7,1,299.978,3.242,134.892
4100.6,26.57,25.9,0.0,24.5,1,300.564,3.259,134.007
4100.6,26.63,27.4,0.0,8.1,1,301.401,3.280,132.649
4100.6,26.72,37.4,0.0,0.1,1,301.935,3.294,131.725
4100.6,27.03,56.5,0.0,-4.3,1,302.705,3.312,130.311
4105.7,27.35,71.2,0.0,-2.9,1,303.202,3.324,129.345
4105.7,27.95,76.4,0.0,2.2,1,303.935,3.340,127.858
4105.7,28.38,76.8,0.0,5.9,1,304.416,3.351,126.840
4105.7,28.98,76.6,0.0,11.3,1,305.129,3.365,125.275
4111.2,29.58,75.2,0.0,13.9,1,305.830,3.379,123.666
4111.2,29.96,75.5,0.0,14.8,1,306.289,3.388,122.568
4111.2,30.52,76.9,0.0,15.4,1,306.961,3.401,120.884
4111.2,30.88,76.9,0.0,15.3,1,307.396,3.410,119.737
4117.1,31.43,78.6,0.0,14.7,1,308.028,3.422,117.979
4117.1,31.79,79.8,0.0,14.2,1,308.433,3.430,116.782
4117.1,32.31,75.6,0.0,13.8,1,309.014,3.441,114.949
4117.1,32.52,0.0,0.0,13.5,0,309.380,3.448,113.704
4123.5,32.63,78.7,0.0,13.1,2,309.886,3.459,111.820
4123.5,32.97,83.8,0.0,13.0,2,310.198,3.467,110.546
4123.5,33.51,84.9,0.0,13.1,2,310.633,3.480,108.600
4123.5,33.88,85.1,0.0,13.3,2,310.901,3.488,107.280
4130.2,34.43,85.2,0.0,13.6,2,311.268,3.503,105.266
4130.2,34.78,85.3,0.0,13.6,2,311.489,3.514,103.900
4130.2,35.31,85.3,0.0,13.6,2,311.780,3.532,101.819
4130.2,35.64,76.1,0.0,15.4,2,311.948,3.545,100.410
4137.1,36.01,57.3,0.0,13.4,2,312.156,3.567,98.271
4137.1,36.17,21.1,10.1,10.2,2,312.307,3.590,96.110
4137.1,35.99,0.7,26.8,8.4,2,312.377,3.607,94.667
4144.2,35.39,0.0,40.8,6.0,2,312.443,3.635,92.525
4144.2,34.90,0.0,52.3,4.5,2,312.465,3.655,91.118
4144.2,34.02,0.0,63.2,3.1,2,312.474,3.688,89.048
4144.2,33.36,0.0,68.3,0.7,2,312.469,3.711,87.699
4150.7,32.30,0.0,71.0,-4.2,2,312.450,3.746,85.728
4150.7,31.59,0.0,72.0,-7.1,2,312.436,3.770,84.449
4150.7,30.50,0.0,71.7,-9.9,2,312.419,3.805,82.585
4150.7,29.78,0.0,66.1,-11.2,2,312.413,3.827,81.378
4156.5,28.79,0.0,47.7,-12.7,2,312.418,3.860,79.621
4156.5,28.29,0.0,38.3,-13.9,2,312.433,3.882,78.479
4156.5,27.67,0.0,28.3,-16.2,0,312.477,3.911,76.801
4156.5,27.37,50.6,24.0,-18.0,0,312.525,3.930,75.700
4161.9,26.93,0.0,19.5,-20.0,1,312.625,3.955,74.074
4161.9,26.64,0.0,16.7,-21.8,1,312.711,3.971,73.006
4161.9,26.27,0.0,13.4,-24.2,1,312.875,3.993,71.426
4161.9,25.94,0.0,10.9,-26.1,1,313.079,4.013,69.873
4167.0,25.73,0.0,10.4,-27.2,1,313.238,4.026,68.852
4167.0,25.44,0.0,10.1,-28.6,1,313.513,4.044,67.341
4167.0,25.24,0.0,9.3,-28.8,1,313.720,4.055,66.348
4167.0,24.97,0.0,8.7,-30.5,1,314.067,4.070,64.882
4172.0,24.78,0.0,8.7,-33.4,1,314.323,4.079,63.921
4172.0,24.50,0.0,9.0,-37.3,1,314.744,4.090,62.503
4172.0,24.31,0.0,7.8,-38.7,1,315.050,4.097,61.576
4172.0,24.05,0.0,5.2,-38.2,1,315.550,4.106,60.213
4176.8,23.90,0.0,4.7,-38.3,1,315.909,4.110,59.324
4176.8,23.67,0.0,4.7,-38.7,1,316.488,4.115,58.019
4176.8,23.52,0.0,4.5,-39.0,1,316.899,4.117,57.170
4176.8,23.32,0.0,1.8,-38.3,1,317.555,4.119,55.927
4181.3,23.20,0.0,2.2,-37.9,1,318.017,4.119,55.119
4181.3,23.02,0.0,2.8,-38.1,1,318.746,4.117,53.940
4181.3,22.89,0.0,3.5,-38.5,1,319.256,4.116,53.176
4181.3,22.70,0.0,1.7,-39.4,1,320.053,4.111,52.064
4185.6,22.53,0.0,2.7,-38.6,1,320.888,4.105,50.994
4185.6,22.41,0.0,4.2,-38.6,1,321.464,4.101,50.304
4185.6,22.21,0.0,5.8,-39.2,1,322.356,4.093,49.305
4185.6,22.06,0.0,7.0,-39.9,1,322.967,4.088,48.664
4212.0,24.06,51.1,0.0,-52.4,1,345.188,3.841,39.564
4212.0,24.27,50.5,0.0,-54.0,1,346.154,3.833,39.592
4212.0,24.55,48.1,0.0,-55.7,1,347.615,3.822,39.687
4217.6,24.74,47.3,0.0,-58.6,1,348.596,3.815,39.785
4217.6,24.99,43.3,0.0,-60.9,1,350.074,3.805,39.986
4217.6,25.13,32.9,0.0,-62.2,1,351.554,3.798,40.254
4217.6,25.21,32.9,0.0,-63.6,1,352.537,3.793,40.468
4223.5,25.30,30.9,0.0,-63.5,1,354.005,3.787,40.845
4223.5,25.35,30.7,0.0,-61.5,1,354.976,3.784,41.134
4223.5,25.47,36.2,0.0,-57.9,1,356.421,3.780,41.619
4223.5,25.60,41.5,0.0,-54.5,1,357.376,3.779,41.978
4230.4,25.91,66.9,0.0,-48.7,1,358.801,3.778,42.571
4230.4,26.21,59.4,0.0,-43.0,1,359.750,3.778,43.002
4230.4,26.59,57.3,0.0,-34.4,1,361.169,3.781,43.703
4230.4,26.85,53.5,0.0,-29.2,1,362.111,3.784,44.207
4236.1,27.27,64.9,0.0,-21.8,1,363.516,3.790,45.018
4236.1,27.59,63.1,0.0,-18.7,1,364.450,3.796,45.592
4236.1,28.05,64.1,0.0,-17.0,1,365.846,3.807,46.505
4236.1,28.36,62.5,0.0,-17.4,1,366.774,3.815,47.145
4241.7,28.82,61.2,0.0,-19.7,1,368.162,3.828,48.152
4241.7,29.10,61.5,0.0,-25.1,1,369.084,3.837,48.853
4241.7,29.53,63.4,0.0,-23.1,1,370.459,3.850,49.948
4247.4,29.99,66.7,0.0,-22.7,1,371.824,3.863,51.098
4247.4,30.31,70.4,0.0,-27.7,1,372.728,3.871,51.895
4247.4,30.81,77.4,0.0,-26.1,1,374.074,3.882,53.139
4247.4,31.17,72.8,0.0,-22.0,1,374.964,3.890,54.001
4253.2,31.67,79.3,0.0,-22.9,1,376.285,3.900,55.344
4253.2,32.00,73.4,0.0,-24.6,1,377.155,3.907,56.273
4253.2,32.34,0.0,0.0,-27.0,0,378.438,3.918,57.717
4253.2,32.29,72.7,0.0,-28.5,2,379.268,3.924,58.707
4259.3,32.66,69.4,0.0,-29.1,2,380.475,3.932,60.235
4259.3,32.91,70.4,0.0,-29.2,2,381.260,3.937,61.285
4259.3,33.25,61.3,0.0,-27.6,2,382.404,3.943,62.907
4259.3,33.45,62.1,0.0,-26.7,2,383.143,3.946,64.017
4302.4,41.43,87.0,0.0,-3.6,0,397.327,3.914,100.635
4302.4,41.45,0.0,0.0,-4.2,0,397.738,3.911,102.242
4302.4,41.77,85.1,0.0,-3.1,3,398.338,3.908,104.662
4302.4,42.06,85.3,0.0,-3.3,3,398.731,3.908,106.291
4310.6,42.52,85.4,0.0,-4.0,3,399.311,3.907,108.761
4310.6,42.82,85.4,0.0,-3.7,3,399.693,3.902,110.423
4310.6,43.28,85.6,0.0,-3.5,3,400.255,3.896,112.944
4310.6,43.59,85.6,0.0,-3.9,3,400.621,3.894,114.642
4319.1,44.03,85.8,0.0,-4.6,3,401.159,3.890,117.214
4319.1,44.33,85.9,0.0,-5.2,3,401.508,3.888,118.946
4319.1,44.77,86.0,0.0,-6.1,3,402.017,3.885,121.569
4319.1,45.21,86.1,0.0,-6.8,3,402.505,3.883,124.223
4327.9,45.50,86.1,0.0,-7.0,3,402.818,3.882,126.009
4327.9,45.93,86.3,0.0,-6.9,3,403.265,3.878,128.715
4327.9,46.21,86.4,0.0,-6.7,3,403.548,3.875,130.535
4327.9,46.64,86.4,0.0,-7.1,3,403.945,3.870,133.291
4337.0,46.91,86.5,0.0,-8.2,3,404.192,3.866,135.145
4337.0,47.31,86.6,0.0,-9.6,3,404.533,3.861,137.950
4337.0,47.59,86.7,0.0,-9.7,3,404.738,3.858,139.837
4337.0,47.99,86.7,0.0,-10.1,3,405.012,3.852,142.690
4346.4,48.25,86.8,0.0,-10.0,3,405.171,3.848,144.608
4346.4,48.63,87.0,0.0,-9.3,3,405.370,3.841,147.506
4346.4,48.88,87.1,0.0,-8.6,3,405.475,3.836,149.453
4346.4,49.27,87.3,0.0,-9.1,3,405.591,3.830,152.395
4356.0,49.40,0.0,0.0,-9.8,0,405.641,3.825,154.368
4356.0,49.48,85.5,0.0,-10.0,4,405.672,3.818,157.331
4356.0,49.71,85.6,0.0,-9.9,4,405.664,3.813,159.314
4356.0,50.05,85.8,0.0,-10.1,4,405.606,3.806,162.306
4365.8,50.38,86.0,0.0,-11.2,4,405.493,3.799,165.316
4365.8,50.60,86.1,0.0,-11.9,4,405.387,3.794,167.332
4365.8,50.92,86.3,0.0,-12.2,4,405.178,3.786,170.370
4365.8,51.14,86.4,0.0,-12.6,4,405.005,3.781,172.403
4375.8,51.47,86.6,0.0,-13.2,4,404.694,3.773,175.465
4375.8,51.68,86.7,0.0,-13.3,4,404.451,3.767,177.513
4375.8,51.99,86.9,0.0,-13.9,4,404.032,3.758,180.594
4375.8,52.20,87.0,0.0,-14.8,4,403.714,3.753,182.653
4386.1,52.51,87.1,0.0,-15.5,4,403.182,3.744,185.748
4386.1,52.71,87.2,0.0,-15.6,4,402.788,3.738,187.815
4386.1,53.00,87.4,0.0,-15.0,4,402.136,3.729,190.918
4386.1,53.20,87.5,0.0,-14.4,4,401.660,3.724,192.987
4396.7,53.48,87.7,0.0,-14.7,4,400.884,3.717,196.091
4396.7,53.67,87.8,0.0,-13.9,4,400.324,3.712,198.159
4396.7,53.96,87.9,0.0,-12.3,4,399.418,3.706,201.258
4396.7,54.14,88.0,0.0,-12.5,4,398.769,3.705,203.320
4407.9,54.43,88.1,0.0,-13.9,4,397.731,3.703,206.407
4407.9,54.71,88.2,0.0,-16.0,4,396.619,3.700,209.486
4407.9,54.89,88.3,0.0,-16.4,4,395.835,3.699,211.532
4407.9,55.16,88.4,0.0,-15.5,4,394.593,3.702,214.590
4419.8,55.35,88.5,0.0,-14.5,4,393.721,3.706,216.621
4419.8,55.61,88.6,0.0,-14.0,4,392.353,3.712,219.655
4419.8,55.80,88.7,0.0,-13.7,4,391.399,3.716,221.668
4419.8,56.06,88.8,0.0,-14.1,4,389.905,3.724,224.672
4431.6,56.23,88.9,0.0,-13.9,4,388.868,3.731,226.664
4431.6,56.50,89.1,0.0,-14.2,4,387.254,3.739,229.636
4431.6,56.69,89.1,0.0,-13.6,4,386.141,3.742,231.607
4431.6,56.95,89.2,0.0,-12.7,4,384.415,3.743,234.546
4442.9,57.21,89.3,0.0,-13.0,4,382.620,3.743,237.462
4442.9,57.47,89.4,0.0,-10.9,4,380.754,3.744,240.352
4442.9,57.64,89.5,0.0,-11.4,4,379.470,3.746,242.262
4454.2,57.89,89.6,0.0,-12.5,4,377.486,3.751,245.103
4454.2,58.07,89.6,0.0,-13.4,4,376.125,3.756,246.981
4454.2,58.32,89.7,0.0,-14.3,4,374.029,3.765,249.773
4454.2,58.49,89.8,0.0,-13.9,4,372.596,3.771,251.618
4465.7,58.74,89.9,0.0,-10.1,4,370.393,3.781,254.358
4465.7,58.90,90.0,0.0,-8.1,4,368.889,3.788,256.167
4465.7,59.16,90.1,0.0,-6.9,4,366.583,3.798,258.854
4465.7,59.33,90.1,0.0,-6.9,0,365.015,3.805,260.631
4477.4,59.27,88.7,0.0,-6.2,5,362.625,3.813,263.266
4477.4,59.43,88.8,0.0,-5.6,5,361.008,3.817,265.004
4477.4,59.67,88.9,0.0,-5.4,5,358.545,3.823,267.592
4477.4,59.84,88.9,0.0,-5.7,5,356.879,3.825,269.305
4489.3,60.09,89.1,0.0,-6.1,5,354.345,3.825,271.858
4489.3,60.34,88.6,0.0,-6.1,5,351.769,3.825,274.391
4489.3,60.49,86.4,0.0,-6.5,5,350.029,3.826,276.067
4489.3,60.71,88.6,0.0,-6.5,5,347.385,3.829,278.563
4501.4,60.83,89.4,0.0,-6.6,5,345.601,3.832,280.214
4501.4,61.06,89.5,0.0,-4.3,5,342.890,3.840,282.668
4501.4,61.22,89.6,0.0,-3.4,5,341.060,3.846,284.291
4501.4,61.49,89.7,0.0,-1.6,5,338.284,3.851,286.709
4513.6,61.68,89.7,0.0,-0.2,5,336.415,3.849,288.313
4513.6,61.89,89.8,0.0,1.0,5,333.585,3.845,290.706
4513.6,62.03,89.8,0.0,0.6,5,331.683,3.844,292.296
4513.6,62.29,89.9,0.0,-0.1,5,328.816,3.845,294.681
4526.0,62.48,89.9,0.0,0.2,5,326.895,3.843,296.275
4526.0,62.73,90.0,0.0,0.9,5,324.006,3.841,298.674
4526.0,62.87,90.1,0.0,1.1,5,322.074,3.840,300.279
4526.0,63.11,90.2,0.0,0.8,5,319.170,3.838,302.697
4538.5,63.26,90.2,0.0,0.5,5,317.231,3.838,304.317
4538.5,63.50,90.3,0.0,-0.2,5,314.317,3.841,306.760
4538.5,63.74,90.4,0.0,0.0,5,311.396,3.848,309.217
4538.5,63.90,90.4,0.0,0.2,5,309.444,3.852,310.861
4551.2,64.13,90.5,0.0,0.3,5,306.508,3.858,313.337
4551.2,64.28,90.6,0.0,0.4,5,304.545,3.862,314.993
4551.2,64.51,90.6,0.0,0.1,5,301.594,3.869,317.486
4551.2,64.66,90.7,0.0,0.3,5,299.621,3.874,319.154
4564.1,64.90,90.8,0.0,0.5,5,296.655,3.879,321.665
4564.1,65.05,90.8,0.0,0.4,5,294.673,3.882,323.346
4564.1,65.27,90.9,0.0,0.4,5,291.694,3.883,325.876
4564.1,65.42,90.9,0.0,0.8,5,289.704,3.880,327.570
4577.1,65.64,91.0,0.0,0.8,5,286.714,3.873,330.122
4577.1,65.78,91.1,0.0,0.9,5,284.717,3.869,331.831
4577.1,66.00,91.1,0.0,0.6,5,281.718,3.860,334.406
4577.1,66.15,91.1,0.0,0.3,5,279.716,3.854,336.131
4590.3,66.35,91.2,0.0,0.2,5,276.710,3.851,338.731
4590.3,66.49,91.3,0.0,0.3,5,274.703,3.851,340.472
4590.3,66.70,91.4,0.0,0.3,5,271.687,3.852,343.094
4590.3,66.93,91.4,0.0,0.3,5,268.665,3.854,345.728
4603.7,67.06,91.4,0.0,0.1,5,266.647,3.856,347.490
4603.7,67.27,91.5,0.0,-0.0,5,263.613,3.863,350.142
4603.7,67.41,91.5,0.0,-0.1,5,261.586,3.871,351.916
4603.7,67.61,91.6,0.0,0.1,5,258.539,3.884,354.584
4617.1,67.74,91.7,0.0,0.1,5,256.503,3.894,356.367
4617.1,67.92,91.8,0.0,0.2,5,253.442,3.908,359.048
4617.1,68.06,91.8,0.0,0.1,5,251.396,3.916,360.841
4617.1,68.26,91.8,0.0,0.2,5,248.321,3.933,363.536
4630.7,68.39,91.9,0.0,0.3,5,246.266,3.944,365.338
4630.7,68.59,91.9,0.0,0.2,5,243.176,3.955,368.046
4630.7,68.72,92.0,0.0,-0.0,5,241.112,3.962,369.857
4630.7,68.90,92.0,0.0,-0.1,5,238.008,3.972,372.579
4644.5,69.03,92.1,0.0,0.0,5,235.935,3.977,374.399
4644.5,69.22,92.1,0.0,0.2,5,232.818,3.979,377.135
4644.5,69.41,92.2,0.0,0.1,5,229.693,3.978,379.878
4644.5,69.53,92.2,0.0,0.0,5,227.605,3.976,381.711
4658.3,69.71,92.3,0.0,0.0,5,224.467,3.972,384.468
4658.3,69.83,92.3,0.0,0.0,5,222.371,3.969,386.310
4658.3,69.92,0.0,0.0,0.2,0,219.220,3.965,389.078
4658.3,69.86,91.4,0.0,0.2,6,217.121,3.961,390.923
4672.3,70.04,91.5,0.0,-0.1,6,213.968,3.954,393.693
4672.3,70.15,91.5,0.0,-0.2,6,211.863,3.949,395.545
4672.3,70.32,91.6,0.0,-0.1,6,208.699,3.941,398.328
4672.3,70.44,91.6,0.0,0.1,6,206.586,3.936,400.187
4686.3,70.61,91.7,0.0,0.1,6,203.409,3.930,402.982
4686.3,70.72,91.7,0.0,0.1,6,201.288,3.927,404.849
4686.3,70.89,91.7,0.0,0.1,6,198.099,3.922,407.655
4686.3,71.00,91.8,0.0,0.0,6,195.969,3.919,409.530
4700.5,71.17,91.8,0.0,0.1,6,192.768,3.913,412.348
4700.5,71.28,91.8,0.0,0.0,6,190.631,3.909,414.231
4700.5,71.44,91.9,0.0,0.0,6,187.419,3.904,417.062
4714.7,71.61,91.9,0.0,0.1,6,184.200,3.899,419.900
4714.7,71.71,92.0,0.0,0.2,6,182.050,3.897,421.796
4714.7,71.88,92.0,0.0,0.2,6,178.820,3.893,424.645
4714.7,71.99,92.0,0.0,0.2,6,176.664,3.891,426.549
4729.1,72.14,92.1,0.0,0.2,6,173.424,3.885,429.412
4729.1,72.25,92.1,0.0,0.3,6,171.260,3.880,431.324
4729.1,72.41,92.2,0.0,0.2,6,168.010,3.874,434.200
4729.1,72.51,92.2,0.0,0.2,6,165.840,3.871,436.121
4743.6,72.66,92.2,0.0,0.1,6,162.581,3.869,439.010
4743.6,72.77,92.3,0.0,0.1,6,160.406,3.868,440.940
4743.6,72.92,92.3,0.0,0.2,6,157.138,3.867,443.841
4743.6,73.02,92.3,0.0,0.2,6,154.956,3.868,445.780
4758.2,73.17,92.4,0.0,0.2,6,151.679,3.872,448.694
4758.2,73.28,92.4,0.0,0.1,6,149.491,3.875,450.641
4758.2,73.42,92.4,0.0,0.0,6,146.205,3.878,453.569
4758.2,73.57,92.5,0.0,0.1,6,142.914,3.880,456.503
4772.9,73.67,92.5,0.0,0.1,6,140.717,3.882,458.464
4772.9,73.82,92.5,0.0,0.1,6,137.417,3.885,461.410
4772.9,73.91,92.6,0.0,0.1,6,135.213,3.887,463.378
4772.9,74.05,92.6,0.0,0.1,6,131.904,3.888,466.336
4787.6,74.15,92.6,0.0,0.1,6,129.694,3.890,468.311
4787.6,74.29,92.7,0.0,0.1,6,126.375,3.893,471.279
4787.6,74.38,92.7,0.0,0.0,6,124.158,3.894,473.262
4787.6,74.53,92.7,0.0,0.0,6,120.829,3.896,476.240
4802.5,74.62,92.7,0.0,0.0,6,118.606,3.897,478.229
4802.5,74.76,92.8,0.0,-0.0,6,115.267,3.897,481.217
4802.5,74.85,92.8,0.0,-0.0,6,113.038,3.896,483.213
4802.5,74.99,92.8,0.0,0.0,6,109.689,3.893,486.211
4817.5,75.08,92.9,0.0,0.0,6,107.452,3.890,488.212
4817.5,75.22,92.9,0.0,0.0,6,104.092,3.883,491.219
4817.5,75.31,92.9,0.0,0.0,6,101.849,3.877,493.226
4817.5,75.44,92.9,0.0,0.0,6,98.479,3.869,496.241
4832.6,75.58,93.0,0.0,0.0,6,95.102,3.859,499.262
4832.6,75.67,93.0,0.0,0.0,6,92.848,3.851,501.278
4832.6,75.79,93.0,0.0,-0.0,6,89.461,3.835,504.307
4832.6,75.89,93.1,0.0,-0.1,6,87.200,3.824,506.330
4847.7,76.02,93.1,0.0,-0.2,6,83.804,3.805,509.368
4847.7,76.10,93.1,0.0,-0.2,6,81.536,3.791,511.396
4847.7,76.23,93.2,0.0,-0.0,6,78.131,3.771,514.443
4847.7,76.31,93.2,0.0,0.0,6,75.857,3.756,516.477
4862.9,76.44,93.2,0.0,-0.0,6,72.441,3.734,519.531
4862.9,76.53,93.2,0.0,-0.1,6,70.160,3.719,521.570
4862.9,76.65,93.3,0.0,-0.1,6,66.734,3.696,524.632
4862.9,76.73,93.3,0.0,-0.1,6,64.446,3.679,526.676
4878.3,76.86,93.3,0.0,-0.1,6,61.009,3.653,529.745
4878.3,76.94,93.3,0.0,-0.2,6,58.715,3.634,531.793
4878.3,77.06,93.4,0.0,-0.5,6,55.268,3.603,534.868
4878.3,77.14,93.4,0.0,-0.5,6,52.965,3.581,536.920
4893.7,77.26,93.4,0.0,-0.5,6,49.506,3.546,539.999
4893.7,77.38,93.4,0.0,0.1,6,46.038,3.508,543.080
4893.7,77.46,93.5,0.0,0.6,6,43.721,3.482,545.135
4893.7,77.58,93.5,0.0,0.6,6,40.242,3.439,548.221
4909.1,77.65,93.5,0.0,0.4,6,37.920,3.408,550.281
4909.1,77.76,93.6,0.0,-0.0,6,34.436,3.356,553.379
4909.1,77.84,93.6,0.0,-0.2,6,32.113,3.318,555.449
4909.1,77.95,93.7,0.0,0.1,6,28.627,3.261,558.562
4924.7,78.03,93.6,0.0,0.2,6,26.302,3.222,560.641
4924.7,78.15,93.6,0.0,0.3,6,22.812,3.164,563.766
4924.7,78.22,93.7,0.0,0.2,6,20.483,3.124,565.853
4924.7,78.33,93.7,0.0,0.2,6,16.988,3.063,568.989
4940.3,78.41,93.7,0.0,0.1,6,14.655,3.022,571.083
4940.3,78.34,0.0,0.0,-0.3,0,11.156,2.963,574.226
4940.3,78.35,93.0,0.0,-0.3,7,8.826,2.924,576.320
4940.3,78.45,93.0,0.0,-0.4,7,5.326,2.868,579.462
4956.0,78.53,93.1,0.0,-0.7,7,2.989,2.832,581.558
4956.0,78.63,93.1,0.0,-0.9,7,-0.522,2.773,584.704
4956.0,78.72,67.7,5.7,-0.9,7,-4.043,2.711,587.849
4956.0,78.55,6.6,36.7,-0.8,7,-6.393,2.671,589.941
4971.7,77.61,0.0,76.5,-1.0,7,-9.901,2.612,593.055
4971.7,76.73,0.0,85.0,-1.1,7,-12.214,2.573,595.101
4971.7,75.31,0.0,90.1,-1.0,7,-15.637,2.519,598.120
4971.7,74.33,0.0,86.4,-0.8,7,-17.886,2.484,600.096
4987.0,72.92,0.0,91.4,-0.7,0,-21.212,2.435,603.007
4987.0,71.95,29.5,92.6,-0.8,0,-23.398,2.400,604.912
4987.0,70.46,0.0,92.3,-0.6,6,-26.627,2.347,607.714
4987.0,69.48,0.0,92.0,-0.6,6,-28.746,2.312,609.545
5001.3,67.99,0.0,91.0,-0.7,6,-31.877,2.262,612.233
5001.3,67.03,0.0,91.5,-1.0,6,-33.932,2.230,613.988
5001.3,65.58,0.0,91.9,-1.3,6,-36.967,2.185,616.563
5001.3,64.61,0.0,92.0,-1.5,0,-38.959,2.155,618.243
5014.6,63.19,0.0,93.3,-1.4,5,-41.901,2.110,620.706
5014.6,62.20,0.0,92.0,-1.3,5,-43.831,2.081,622.310
5014.6,60.77,0.0,91.6,-1.4,5,-46.679,2.037,624.658
5026.9,59.32,0.0,91.3,-2.2,5,-49.473,1.994,626.937
5026.9,58.37,0.0,91.0,-2.9,5,-51.306,1.965,628.416
5026.9,56.95,0.0,91.4,-3.9,5,-54.014,1.924,630.574
5026.9,56.01,0.0,91.2,-4.2,5,-55.791,1.897,631.972
5038.3,54.62,38.6,92.0,-4.4,0,-58.417,1.858,634.006
5038.3,53.73,0.0,91.5,-4.3,4,-60.143,1.833,635.319
5038.3,52.36,0.0,84.4,-3.5,4,-62.694,1.794,637.226
5038.3,51.47,0.0,73.9,-2.2,4,-64.370,1.769,638.454
5048.7,50.34,0.0,55.5,-0.2,4,-66.856,1.732,640.230
5048.7,49.71,0.0,48.9,0.9,4,-68.501,1.708,641.370
5048.7,48.85,0.0,41.7,1.0,4,-70.958,1.672,643.017
5048.7,48.35,0.0,43.3,-0.2,4,-72.592,1.649,644.073
5058.4,47.56,0.0,45.5,-3.0,4,-75.034,1.616,645.596
5058.4,47.02,0.0,45.1,-5.6,4,-76.656,1.594,646.571
5058.4,46.27,0.0,39.1,-9.1,4,-79.078,1.561,647.976
5058.4,45.59,0.0,32.2,-10.8,4,-81.487,1.529,649.315
5067.5,45.19,0.0,25.5,-10.9,4,-83.089,1.507,650.171
5067.5,44.71,0.0,20.2,-11.8,4,-85.488,1.475,651.405
5067.5,44.42,0.0,16.5,-12.4,4,-87.087,1.453,652.194
5067.5,44.06,0.0,18.6,-12.6,4,-89.488,1.419,653.326
5076.2,43.77,0.0,28.6,-12.8,4,-91.090,1.397,654.046
5076.2,43.21,41.9,37.0,-13.3,0,-93.491,1.364,655.073
5076.2,42.80,0.0,31.6,-12.6,3,-95.085,1.343,655.721
5076.2,42.23,0.0,17.1,-11.5,3,-97.466,1.311,656.636
5084.9,41.97,0.0,11.8,-11.7,3,-99.050,1.291,657.208
5084.9,41.65,0.0,6.4,-13.7,3,-101.426,1.260,658.012
5084.9,41.48,0.0,4.5,-15.3,3,-103.011,1.239,658.512
5084.9,41.25,0.0,1.2,-17.5,3,-105.393,1.208,659.209
5093.3,41.12,0.0,0.2,-18.4,3,-106.984,1.188,659.638
5093.3,40.94,0.2,0.0,-20.0,3,-109.374,1.158,660.228
5093.3,40.75,0.4,0.3,-20.5,3,-111.768,1.128,660.754
5093.3,40.63,0.0,0.6,-20.2,3,-113.365,1.108,661.067
5101.8,40.43,0.0,0.6,-20.1,3,-115.762,1.079,661.482
5101.8,40.30,0.0,0.6,-20.2,3,-117.359,1.061,661.720
5101.8,40.11,0.0,0.8,-19.9,3,-119.753,1.033,662.020
5101.8,39.98,0.0,1.2,-19.1,3,-121.347,1.015,662.180
5110.2,39.79,0.0,1.9,-18.3,3,-123.733,0.991,662.362
5110.2,39.66,0.0,1.7,-18.6,3,-125.320,0.976,662.444
5110.2,39.46,0.0,2.1,-16.3,3,-127.693,0.954,662.510
5110.2,39.33,0.0,1.9,-17.0,3,-129.269,0.940,662.518
5118.4,39.14,0.0,2.4,-17.9,3,-131.623,0.919,662.477
5118.4,39.01,0.0,3.2,-18.1,3,-133.185,0.905,662.414
5118.4,38.81,0.0,3.0,-20.0,3,-135.515,0.884,662.269
5118.4,38.67,0.0,2.5,-20.1,3,-137.060,0.871,662.137
5126.7,38.48,0.4,0.1,-22.0,3,-139.361,0.852,661.889
5126.7,38.37,3.5,0.0,-21.3,3,-140.885,0.839,661.689
5126.7,38.21,2.3,0.0,-18.2,3,-143.155,0.821,661.336
5126.7,38.05,0.7,0.1,-18.2,3,-145.405,0.803,660.920
5134.9,37.94,0.1,0.1,-20.3,3,-146.893,0.791,660.611
5134.9,37.77,2.2,0.0,-24.2,3,-149.105,0.775,660.096
5134.9,37.66,2.8,0.0,-26.1,3,-150.566,0.764,659.719
5134.9,37.49,4.0,0.0,-28.2,3,-152.735,0.748,659.102
5142.8,37.39,4.5,0.0,-29.1,3,-154.165,0.737,658.656
5142.8,37.23,3.3,0.0,-30.4,3,-156.284,0.722,657.935
5142.8,37.10,0.3,1.5,-30.9,3,-157.678,0.712,657.419
5142.8,36.88,0.0,3.5,-30.9,3,-159.739,0.697,656.592
5151.0,36.72,0.0,0.6,-30.1,3,-161.089,0.689,656.005
5151.0,36.55,9.9,0.0,-28.2,3,-163.079,0.679,655.072
5151.0,36.43,13.0,0.0,-26.2,3,-164.381,0.674,654.412
5151.0,36.34,17.3,0.0,-22.3,3,-166.297,0.670,653.368
5158.8,36.27,13.6,0.0,-20.1,3,-167.551,0.671,652.635
5158.8,36.17,14.4,0.0,-17.7,3,-169.397,0.669,651.488
5158.8,36.03,3.6,0.1,-20.0,3,-171.200,0.664,650.287
5158.8,35.90,8.8,0.0,-21.8,3,-172.374,0.661,649.455
5167.0,35.82,27.9,0.0,-24.5,3,-174.096,0.655,648.165
5167.0,35.79,36.3,0.0,-25.9,3,-175.213,0.655,647.268
5167.0,35.85,42.2,0.0,-31.1,3,-176.846,0.658,645.872
5167.0,35.93,46.5,0.0,-35.1,3,-177.911,0.660,644.909
5175.1,36.07,51.0,0.0,-40.4,3,-179.472,0.665,643.417
5175.1,36.16,46.1,0.0,-44.7,3,-180.489,0.667,642.392
5175.1,36.20,35.7,0.0,-52.8,3,-181.975,0.672,640.809
5175.1,36.19,28.7,0.0,-56.9,3,-182.937,0.675,639.727
5182.7,36.10,16.6,0.0,-61.2,3,-184.333,0.682,638.067
5182.7,36.01,15.6,0.0,-62.7,3,-185.230,0.688,636.938
5182.7,35.88,14.8,0.0,-63.5,3,-186.527,0.698,635.214
5182.7,35.81,23.2,0.0,-61.9,3,-187.358,0.705,634.046
5190.3,35.73,21.9,0.0,-60.4,3,-188.557,0.715,632.265
5190.3,35.67,21.0,0.0,-58.7,3,-189.323,0.722,631.060
5190.3,35.55,15.5,0.0,-56.0,3,-190.419,0.733,629.225
5197.3,35.42,18.0,0.0,-52.3,3,-191.450,0.746,627.362
5197.3,35.37,20.9,0.0,-48.9,3,-192.101,0.754,626.105
5197.3,35.31,27.9,0.0,-43.2,3,-193.026,0.765,624.197
5197.3,35.31,34.3,0.0,-38.9,3,-193.606,0.771,622.910
5204.2,35.37,49.8,0.0,-31.6,3,-194.426,0.778,620.956
5204.2,35.48,53.5,0.0,-25.7,3,-194.938,0.782,619.635
5204.2,35.61,44.4,0.0,-15.8,3,-195.655,0.787,617.626
5204.2,35.68,42.3,0.0,-9.2,3,-196.099,0.788,616.272
5211.0,35.78,42.0,0.0,-1.4,3,-196.714,0.790,614.218
5211.0,35.87,55.1,0.0,1.6,3,-197.089,0.791,612.836
5211.0,36.12,63.4,0.0,2.7,3,-197.602,0.793,610.739
5211.0,36.34,75.6,0.0,0.3,3,-197.913,0.795,609.324
5218.0,36.74,79.2,0.0,-5.8,3,-198.336,0.798,607.174
5218.0,37.02,80.3,0.0,-10.2,3,-198.591,0.800,605.721
5218.0,37.45,81.6,0.0,-15.1,3,-198.937,0.803,603.515
5218.0,37.73,82.8,0.0,-16.1,3,-199.146,0.807,602.027
5225.5,38.18,83.9,0.0,-17.2,3,-199.426,0.813,599.768
5225.5,38.59,84.3,0.0,-12.9,3,-199.662,0.820,597.478
5225.5,38.90,84.3,0.0,-9.3,3,-199.796,0.826,595.935
5225.5,39.36,84.5,0.0,-5.0,3,-199.959,0.836,593.594
5233.3,39.65,84.6,0.0,-3.5,3,-200.046,0.844,592.017
5233.3,40.12,84.6,0.0,-1.4,3,-200.146,0.858,589.626
5233.3,40.36,59.0,0.0,-0.0,3,-200.197,0.868,588.017
5233.3,40.50,31.0,3.5,2.2,3,-200.261,0.885,585.592
5241.4,40.40,4.8,26.5,4.1,3,-200.301,0.897,583.973
5241.4,39.75,0.0,56.1,6.2,3,-200.367,0.912,581.566
5241.4,39.16,0.0,51.5,7.4,3,-200.419,0.923,579.987
5241.4,38.35,0.0,43.2,9.3,3,-200.514,0.940,577.662
5249.2,37.87,0.0,38.6,10.5,3,-200.591,0.951,576.139
5249.2,37.24,0.0,27.5,12.2,3,-200.734,0.968,573.890
5249.2,36.91,0.0,22.8,13.1,3,-200.850,0.979,572.411
5249.2,36.47,0.0,15.5,14.7,3,-201.058,0.995,570.219
5256.7,36.24,0.0,11.2,16.0,3,-201.221,1.005,568.773
5256.7,35.95,0.0,6.8,17.8,3,-201.504,1.019,566.626
5256.7,35.72,0.0,6.0,19.4,3,-201.837,1.032,564.502
5256.7,35.56,0.0,7.8,19.1,0,-202.090,1.042,563.098
5264.0,35.35,0.0,7.9,16.9,2,-202.513,1.056,561.013
5264.0,35.16,0.0,6.9,16.0,2,-202.824,1.065,559.637
5264.0,34.91,0.0,6.2,16.4,2,-203.333,1.080,557.597
5264.0,34.73,0.0,20.5,16.7,2,-203.702,1.090,556.254
5271.5,34.23,0.0,28.0,17.6,2,-204.293,1.107,554.270
5271.5,33.87,0.0,28.0,18.0,2,-204.711,1.119,552.973
5271.5,33.15,0.0,46.7,18.3,2,-205.368,1.136,551.069
5271.5,32.64,0.0,36.4,17.6,2,-205.824,1.148,549.834
5278.6,32.02,0.0,23.3,16.1,2,-206.538,1.166,548.030
5278.6,31.70,0.0,17.1,15.2,2,-207.036,1.178,546.857
5278.6,31.32,0.0,12.6,15.8,2,-207.818,1.198,545.135
5278.6,31.11,0.0,11.2,17.4,2,-208.362,1.212,544.010
5286.0,30.80,0.0,16.0,20.4,2,-209.211,1.233,542.358
5286.0,30.55,0.0,18.1,22.3,2,-209.796,1.246,541.279
5286.0,30.17,0.0,13.9,24.0,2,-210.702,1.266,539.698
5286.0,29.84,0.0,10.4,25.0,2,-211.643,1.284,538.163
5292.7,29.65,0.0,9.4,25.6,2,-212.290,1.297,537.164
5292.7,29.39,0.0,4.2,26.7,2,-213.293,1.315,535.705
5292.7,29.25,0.0,3.1,27.7,2,-213.983,1.327,534.756
5292.7,29.06,0.0,1.3,29.4,2,-215.051,1.344,533.371
5299.6,28.94,1.2,0.0,30.5,2,-215.786,1.355,532.473
5299.6,28.79,2.0,0.0,32.5,2,-216.921,1.371,531.165
5299.6,28.69,1.6,0.0,34.2,2,-217.700,1.381,530.320
5299.6,28.53,4.2,0.0,36.6,2,-218.901,1.395,529.093
5305.7,28.44,9.2,0.0,37.8,2,-219.722,1.404,528.303
5305.7,28.34,10.5,0.0,39.4,2,-220.987,1.417,527.162
5305.7,28.27,9.2,0.0,40.4,2,-221.851,1.425,526.430
5305.7,28.20,20.0,0.0,41.9,2,-223.179,1.437,525.378
5311.6,28.19,23.9,0.0,42.8,2,-224.085,1.444,524.707
5311.6,28.20,25.5,0.0,44.4,2,-225.476,1.454,523.744
5311.6,28.22,30.2,0.0,45.6,2,-226.424,1.460,523.132
5311.6,28.27,28.9,0.0,48.0,2,-227.877,1.468,522.260
5317.5,28.29,24.8,0.0,51.9,2,-229.365,1.475,521.444
5317.5,28.28,24.1,0.0,54.6,2,-230.374,1.479,520.932
5317.5,28.28,24.8,0.0,58.3,2,-231.911,1.484,520.214
5317.5,28.26,22.9,0.0,60.8,2,-232.950,1.487,519.768
5323.3,28.26,28.4,0.0,64.6,2,-234.529,1.491,519.149
5323.3,28.26,25.1,0.0,67.0,2,-235.594,1.492,518.771
5323.3,28.19,16.9,0.0,69.8,2,-237.207,1.495,518.255
5323.3,28.13,15.4,0.0,71.0,2,-238.291,1.496,517.947
5329.1,28.03,14.3,0.0,72.7,2,-239.926,1.497,517.540
5329.1,27.95,13.5,0.0,73.8,2,-241.021,1.497,517.305
5329.1,27.82,12.6,0.0,75.2,2,-242.667,1.496,517.009
5329.1,27.72,12.6,0.0,75.1,2,-243.767,1.496,516.849
5335.0,27.60,12.5,0.0,74.3,2,-245.416,1.493,516.665
5335.0,27.51,12.4,0.0,73.9,2,-246.515,1.491,516.580
5335.0,27.39,12.5,0.0,73.0,2,-248.161,1.488,516.509
5335.0,27.31,12.9,0.0,72.2,2,-249.255,1.485,516.499
5340.6,27.20,17.3,0.0,70.7,2,-250.890,1.480,516.539
5340.6,27.11,15.1,0.0,68.7,2,-252.516,1.474,516.644
5340.6,27.05,15.5,0.0,66.8,2,-253.594,1.470,516.750
5346.1,26.97,18.4,0.0,62.6,2,-255.200,1.463,516.964
5346.1,26.94,21.5,0.0,59.4,2,-256.264,1.458,517.142
5346.1,26.96,33.5,0.0,54.2,2,-257.848,1.449,517.463
5346.1,27.04,44.1,0.0,51.3,2,-258.898,1.443,517.711
5351.7,27.22,51.8,0.0,47.0,2,-260.468,1.432,518.137
5351.7,27.40,59.5,0.0,43.8,2,-261.513,1.424,518.456
5351.7,27.69,61.2,0.0,38.0,2,-263.077,1.410,518.986
5351.7,27.89,54.6,0.0,33.7,2,-264.117,1.400,519.376
5357.4,28.16,55.8,0.0,27.4,2,-265.672,1.384,520.014
5357.4,28.35,56.3,0.0,24.2,2,-266.703,1.373,520.475
5357.4,28.66,56.2,0.0,22.6,2,-268.242,1.356,521.220
5357.4,28.86,54.5,0.0,23.6,2,-269.262,1.344,521.751
5363.3,29.13,53.7,0.0,26.3,2,-270.780,1.326,522.599
5363.3,29.33,54.7,0.0,28.2,2,-271.785,1.314,523.196
5363.3,29.61,54.4,0.0,31.8,2,-273.280,1.295,524.138
5363.3,29.89,55.1,0.0,34.5,2,-274.760,1.276,525.134
5369.7,30.08,57.2,0.0,35.3,2,-275.737,1.262,525.829
5369.7,30.38,58.5,0.0,34.8,2,-277.186,1.241,526.919
5369.7,30.58,59.7,0.0,34.0,2,-278.139,1.227,527.679
5369.7,30.91,63.1,0.0,33.2,2,-279.549,1.205,528.868
5376.1,31.15,62.5,0.0,32.6,2,-280.474,1.190,529.693
5376.1,31.48,61.1,0.0,32.1,2,-281.840,1.167,530.982
5376.1,31.70,61.6,0.0,32.2,2,-282.734,1.150,531.874
5376.1,32.00,60.5,0.0,32.1,2,-284.047,1.126,533.262
5382.8,32.21,60.1,0.0,31.0,2,-284.901,1.109,534.220
5382.8,32.53,61.0,0.0,29.6,2,-286.150,1.084,535.707
5382.8,32.74,60.5,0.0,29.4,2,-286.959,1.069,536.730
5382.8,33.06,60.9,0.0,29.3,2,-288.138,1.045,538.312
5390.3,33.28,61.9,0.0,29.6,2,-288.900,1.030,539.398
5390.3,33.63,66.1,0.0,30.3,2,-290.005,1.006,541.072
5390.3,33.87,65.4,0.0,31.1,2,-290.717,0.990,542.218
5390.3,34.21,65.0,0.0,32.2,2,-291.746,0.966,543.981
5397.6,34.55,64.3,0.0,32.0,2,-292.726,0.942,545.795
5397.6,34.78,64.9,0.0,32.6,2,-293.349,0.927,547.033
5397.6,35.11,64.1,0.0,33.8,2,-294.238,0.905,548.930
5397.6,35.34,64.6,0.0,34.9,2,-294.801,0.891,550.221
5405.7,35.66,64.1,0.0,36.2,2,-295.600,0.868,552.195
5405.7,35.87,62.8,0.0,37.2,2,-296.100,0.853,553.534
5405.7,36.13,55.6,0.0,39.6,2,-296.799,0.831,555.578
5405.7,36.27,55.3,0.0,38.3,2,-297.228,0.818,556.960
5413.4,36.55,63.6,0.0,34.6,2,-297.815,0.799,559.063
5413.4,36.76,70.8,0.0,32.1,2,-298.169,0.788,560.486
5413.4,37.17,82.6,0.0,27.5,2,-298.649,0.771,562.650
5413.4,37.45,68.7,0.0,22.5,2,-298.933,0.760,564.114
5421.7,37.82,83.4,0.0,15.4,2,-299.305,0.744,566.340
5421.7,38.11,74.9,0.0,10.8,2,-299.515,0.735,567.844
5421.7,38.54,83.7,0.0,6.3,2,-299.777,0.722,570.127
5421.7,38.86,86.6,0.0,5.4,2,-299.917,0.715,571.667
5429.9,39.37,86.6,0.0,5.6,2,-300.078,0.704,574.007
5429.9,39.88,86.7,0.0,8.6,2,-300.184,0.696,576.382
5429.9,40.22,86.8,0.0,11.0,2,-300.225,0.692,577.982
5429.9,40.70,87.0,0.0,13.2,2,-300.247,0.687,580.409
5437.9,41.03,85.8,0.0,14.2,2,-300.235,0.683,582.043
5437.9,41.35,0.0,0.0,14.1,0,-300.175,0.678,584.516
5437.9,41.33,75.4,0.0,13.7,3,-300.104,0.674,586.167
5437.9,41.70,80.7,0.0,13.5,3,-299.951,0.668,588.652
5446.1,41.99,84.8,0.0,13.5,3,-299.817,0.663,590.320
5446.1,42.42,85.5,0.0,16.8,3,-299.569,0.655,592.839
5446.1,42.70,85.6,0.0,17.8,3,-299.370,0.650,594.529
5446.1,43.13,85.7,0.0,17.3,3,-299.021,0.639,597.080
5454.3,43.36,51.3,0.0,19.3,3,-298.753,0.631,598.789
5454.3,43.33,14.5,0.0,21.9,3,-298.298,0.619,601.351
5454.3,43.25,14.4,0.0,23.5,3,-297.959,0.608,603.049
5454.3,43.50,85.7,0.0,22.0,3,-297.397,0.590,605.587
5462.8,43.75,85.3,0.0,21.1,3,-296.984,0.576,607.282
5462.8,44.14,84.1,0.0,18.5,3,-296.305,0.557,609.829
5462.8,44.52,82.9,0.0,12.3,3,-295.555,0.534,612.379
5462.8,44.78,81.8,0.0,10.7,3,-295.017,0.516,614.082
5471.5,45.12,80.1,0.0,5.3,3,-294.154,0.487,616.636
5471.5,45.36,79.7,0.0,1.4,3,-293.541,0.466,618.338
5471.5,45.74,76.8,0.0,-2.0,3,-292.572,0.431,620.893
5471.5,46.00,75.1,0.0,-1.4,3,-291.896,0.407,622.598
5480.5,46.32,73.4,0.0,1.9,3,-290.843,0.373,625.158
5480.5,46.53,73.3,0.0,3.6,3,-290.121,0.351,626.868
5480.5,46.82,74.8,0.0,5.3,3,-289.018,0.311,629.442
5480.5,47.07,72.7,0.0,4.8,3,-288.271,0.277,631.164
5489.8,47.36,74.2,0.0,3.5,3,-287.126,0.229,633.754
5489.8,47.55,75.7,0.0,2.0,3,-286.348,0.196,635.485
5489.8,47.93,77.8,0.0,1.5,3,-285.158,0.143,638.089
5489.8,48.13,78.9,0.0,2.9,3,-284.348,0.106,639.830
5499.2,48.50,76.6,0.0,4.7,3,-283.108,0.056,642.450
5499.2,48.73,77.0,0.0,5.4,3,-282.266,0.025,644.202
5499.2,49.04,76.1,0.0,4.3,3,-280.980,-0.019,646.837
5508.9,49.37,76.5,0.0,4.1,3,-279.665,-0.060,649.479
5508.9,49.62,77.8,0.0,3.4,3,-278.772,-0.087,651.245
5508.9,49.80,0.0,0.0,2.8,0,-277.411,-0.127,653.900
5508.9,49.80,75.3,0.0,2.4,4,-276.492,-0.158,655.667
5518.8,50.06,74.6,0.0,2.8,4,-275.090,-0.194,658.313
5518.8,50.26,74.2,0.0,3.1,4,-274.140,-0.210,660.080
5518.8,50.53,74.7,0.0,4.1,4,-272.691,-0.224,662.733
5518.8,50.73,73.2,0.0,4.9,4,-271.713,-0.233,664.505
5528.9,50.99,71.9,0.0,5.5,4,-270.225,-0.248,667.169
5528.9,51.19,72.1,0.0,5.0,4,-269.218,-0.260,668.946
5528.9,51.43,72.6,0.0,4.6,4,-267.680,-0.279,671.613
5528.9,51.61,72.7,0.0,3.9,4,-266.635,-0.290,673.389
5539.2,51.88,72.7,0.0,3.6,4,-265.039,-0.307,676.051
5539.2,52.05,72.9,0.0,3.8,4,-263.956,-0.317,677.824
5539.2,52.30,73.0,0.0,4.9,4,-262.305,-0.331,680.483
5539.2,52.48,73.3,0.0,5.8,4,-261.186,-0.339,682.255
5549.6,52.73,73.6,0.0,5.9,4,-259.481,-0.349,684.911
5549.6,52.99,73.9,0.0,4.4,4,-257.741,-0.356,687.562
5549.6,53.16,74.0,0.0,3.4,4,-256.562,-0.359,689.326
5549.6,53.41,74.0,0.0,2.2,4,-254.767,-0.363,691.971
5560.2,53.59,74.2,0.0,1.6,4,-253.554,-0.367,693.734
5560.2,53.84,74.5,0.0,1.5,4,-251.712,-0.372,696.378
5560.2,54.02,74.7,0.0,1.4,4,-250.472,-0.376,698.143
5560.2,54.27,74.9,0.0,1.9,4,-248.594,-0.382,700.793
5570.8,54.44,75.4,0.0,2.3,4,-247.332,-0.387,702.563
5570.8,54.70,75.6,0.0,2.6,4,-245.420,-0.394,705.221
5570.8,54.87,75.9,0.0,2.8,4,-244.134,-0.400,706.995
5570.8,55.11,76.3,0.0,3.1,4,-242.185,-0.407,709.656
5581.7,55.29,76.5,0.0,3.4,4,-240.872,-0.412,711.431
5581.7,55.54,76.9,0.0,3.8,4,-238.880,-0.417,714.092
5581.7,55.70,77.2,0.0,4.0,4,-237.537,-0.420,715.865
5581.7,55.95,77.6,0.0,4.3,4,-235.498,-0.423,718.522
5592.8,56.12,77.8,0.0,4.5,4,-234.122,-0.425,720.291
5592.8,56.36,78.1,0.0,4.7,4,-232.031,-0.427,722.939
5592.8,56.61,78.4,0.0,4.9,4,-229.908,-0.428,725.581
5592.8,56.77,78.6,0.0,4.9,4,-228.475,-0.429,727.338
5604.1,57.01,79.0,0.0,4.9,4,-226.295,-0.428,729.964
5604.1,57.17,79.3,0.0,4.9,4,-224.822,-0.426,731.709
5604.1,57.42,80.1,0.0,4.9,4,-222.584,-0.422,734.317
5604.1,57.58,80.3,0.0,4.9,4,-221.072,-0.418,736.050
5615.8,57.82,80.7,0.0,5.2,4,-218.773,-0.410,738.637
5615.8,57.97,81.1,0.0,5.2,4,-217.221,-0.402,740.355
5615.8,58.21,81.9,0.0,4.9,4,-214.863,-0.387,742.921
5615.8,58.37,82.1,0.0,4.8,4,-213.270,-0.376,744.623
5627.6,58.60,82.5,0.0,4.7,4,-210.852,-0.357,747.166
5627.6,58.77,82.7,0.0,4.4,4,-209.219,-0.343,748.852
5627.6,59.01,83.2,0.0,4.3,4,-206.741,-0.321,751.370
5627.6,59.16,83.6,0.0,4.1,4,-205.070,-0.304,753.041
5639.6,59.40,84.3,0.0,4.3,4,-202.534,-0.277,755.534
5639.6,59.57,87.4,0.0,4.5,4,-200.826,-0.259,757.190
5639.6,59.60,0.0,0.0,4.8,0,-198.239,-0.234,759.661
5639.6,59.66,78.4,0.0,4.4,5,-196.502,-0.219,761.294
5651.7,59.85,77.4,0.0,4.1,5,-193.871,-0.197,763.729
5651.7,60.04,77.2,0.0,4.5,5,-191.210,-0.180,766.148
5651.7,60.17,77.2,0.0,4.7,5,-189.419,-0.173,767.752
5651.7,60.36,77.3,0.0,4.4,5,-186.707,-0.167,770.142
5663.9,60.48,77.4,0.0,4.4,5,-184.880,-0.164,771.724
5663.9,60.66,77.7,0.0,4.5,5,-182.114,-0.159,774.080
5663.9,60.79,77.8,0.0,4.6,5,-180.252,-0.154,775.639
5663.9,60.97,78.2,0.0,5.4,5,-177.433,-0.147,777.960
5676.3,61.10,78.2,0.0,5.5,5,-175.536,-0.143,779.497
5676.3,61.28,78.3,0.0,5.6,5,-172.665,-0.139,781.784
5676.3,61.41,78.3,0.0,5.8,5,-170.732,-0.139,783.296
5676.3,61.59,78.4,0.0,6.0,5,-167.806,-0.142,785.543
5688.8,61.71,78.7,0.0,6.0,5,-165.835,-0.144,787.024
5688.8,61.89,79.0,0.0,5.6,5,-162.848,-0.144,789.221
5688.8,62.00,79.1,0.0,5.5,5,-160.837,-0.142,790.667
5688.8,62.19,79.1,0.0,6.1,5,-157.789,-0.139,792.809
5701.5,62.36,79.0,0.0,6.4,5,-154.706,-0.138,794.920
5701.5,62.49,79.2,0.0,6.0,5,-152.631,-0.138,796.308
5701.5,62.65,79.7,0.0,5.5,5,-149.489,-0.135,798.361
5701.5,62.77,79.9,0.0,5.2,5,-147.374,-0.129,799.710
5714.2,62.94,80.0,0.0,6.3,5,-144.174,-0.122,801.706
5714.2,63.08,79.7,0.0,6.7,5,-142.024,-0.119,803.020
5714.2,63.24,80.5,0.0,6.7,5,-138.772,-0.116,804.964
5714.2,63.35,80.7,0.0,6.5,5,-136.586,-0.115,806.241
5727.1,63.54,80.6,0.0,5.7,5,-133.277,-0.112,808.122
5727.1,63.63,80.5,0.0,6.6,5,-131.052,-0.110,809.355
5727.1,63.83,80.7,0.0,7.0,5,-127.688,-0.110,811.172
5727.1,63.93,81.3,0.0,6.9,5,-125.427,-0.109,812.360
5740.1,64.09,81.2,0.0,7.0,5,-122.006,-0.105,814.106
5740.1,64.20,81.8,0.0,7.1,5,-119.708,-0.104,815.246
5740.1,64.38,82.0,0.0,7.1,5,-116.231,-0.100,816.917
5740.1,64.48,82.2,0.0,7.5,5,-113.896,-0.098,818.007
5753.1,64.65,82.3,0.0,7.7,5,-110.366,-0.096,819.602
5753.1,64.81,82.5,0.0,7.9,5,-106.805,-0.092,821.151
5753.1,64.92,82.8,0.0,7.8,5,-104.413,-0.087,822.155
5766.2,65.08,83.1,0.0,7.7,5,-100.799,-0.081,823.620
5766.2,65.19,83.0,0.0,7.7,5,-98.373,-0.077,824.570
5766.2,65.35,83.5,0.0,7.6,5,-94.708,-0.071,825.951
5766.2,65.46,83.5,0.0,7.8,5,-92.249,-0.066,826.843
5779.3,65.62,83.6,0.0,7.6,5,-88.537,-0.062,828.139
5779.3,65.72,83.9,0.0,7.1,5,-86.046,-0.059,828.973
5779.3,65.88,84.5,0.0,6.8,5,-82.287,-0.052,830.178
5779.3,65.99,85.3,0.0,7.0,5,-79.766,-0.048,830.951
5792.4,66.15,87.1,0.0,7.1,5,-75.962,-0.041,832.067
5792.4,66.28,88.1,0.0,7.1,5,-73.411,-0.036,832.782
5792.4,66.46,89.2,0.0,7.4,5,-69.565,-0.029,833.811
5792.4,66.58,89.7,0.0,6.8,5,-66.986,-0.023,834.467
5805.6,66.76,90.6,0.0,5.0,5,-63.098,-0.014,835.406
5805.6,66.89,91.0,0.0,4.6,5,-60.493,-0.007,836.005
5805.6,67.08,91.6,0.0,4.0,5,-56.567,0.005,836.863
5805.6,67.28,91.7,0.0,3.7,5,-52.620,0.021,837.677
5818.9,67.41,91.8,0.0,3.6,5,-49.977,0.032,838.198
5818.9,67.61,91.8,0.0,3.5,5,-45.997,0.052,838.951
5818.9,67.73,91.9,0.0,3.6,5,-43.334,0.067,839.434
5818.9,67.93,91.9,0.0,3.7,5,-39.325,0.090,840.132
5832.4,68.06,92.0,0.0,3.8,5,-36.643,0.104,840.581
5832.4,68.24,92.0,0.0,3.7,5,-32.606,0.126,841.227
5832.4,68.37,92.1,0.0,3.7,5,-29.906,0.142,841.640
5832.4,68.55,92.1,0.0,2.5,5,-25.842,0.166,842.234
5846.1,68.68,92.1,0.0,1.9,5,-23.123,0.185,842.611
5846.1,68.86,92.2,0.0,1.6,5,-19.034,0.215,843.155
5846.1,68.99,92.2,0.0,1.2,5,-16.300,0.233,843.506
5846.1,69.18,92.3,0.0,0.7,5,-12.187,0.257,844.015
5859.9,69.29,92.3,0.0,0.4,5,-9.438,0.276,844.346
5859.9,69.47,92.4,0.0,0.3,5,-5.304,0.303,844.834
5859.9,69.59,92.5,0.0,0.2,5,-2.542,0.322,845.155
5859.9,69.77,92.5,0.0,0.0,5,1.611,0.350,845.634
4.6,69.74,0.0,0.0,-0.1,0,5.771,0.373,846.111
