opponent,v3,Max Laxague,0,1771610890225
Game,version,date,track,car,event,laptime [s],S1 [s],S2 [s],S3 [s],S4+ [s]
LMU,1.2,2026-02-20 18:08:10,Silverstone Grand Prix Circuit - ELMS,Peugeot TotalEnergies #93:LM (Hyper),Live,106.973,0,0,0
Tracklen [m],TotalLaps
5973.6,1
,
,
lapdistance [m],speed [m/s],throttle [%],brake [%],steer [%],gear [int],world_x [m],world_y [m],world_z [m]
25.6,73.73,59.0,0.0,0.0,6,30.960,0.491,850.330
25.6,73.40,59.1,0.0,0.2,6,35.327,0.525,850.695
25.6,73.69,59.1,0.0,0.2,6,38.245,0.547,850.945
40.2,73.62,59.1,0.0,-0.2,6,42.641,0.590,851.312
40.2,73.75,59.1,0.0,-0.4,6,47.043,0.638,851.677
40.2,73.75,59.2,0.0,-0.6,6,49.981,0.662,851.921
55.0,73.89,59.2,0.0,-0.8,6,54.390,0.703,852.292
55.0,74.12,59.3,0.0,-1.0,6,57.335,0.730,852.548
55.0,74.15,59.3,0.0,-1.0,6,61.763,0.772,852.940
55.0,74.31,59.3,0.0,-1.0,6,64.718,0.802,853.213
69.8,74.48,59.3,0.0,-1.0,6,69.163,0.848,853.633
69.8,74.47,59.4,0.0,-1.0,6,72.127,0.877,853.921
69.8,74.63,59.5,0.0,-0.8,6,76.576,0.914,854.359
69.8,74.78,59.4,0.0,-0.8,6,79.550,0.940,854.651
84.7,74.93,59.4,0.0,-0.6,6,84.019,0.979,855.091
84.7,74.95,59.4,0.0,-0.4,6,87.003,1.007,855.388
84.7,75.09,59.5,0.0,-0.2,6,91.483,1.042,855.834
84.7,75.25,59.6,0.0,-0.2,6,94.473,1.060,856.131
99.7,75.30,59.6,0.0,-0.2,6,98.968,1.094,856.578
99.7,75.46,59.7,0.0,-0.2,6,101.970,1.114,856.876
99.7,75.63,59.6,0.0,-0.2,6,106.484,1.149,857.324
99.7,75.76,59.7,0.0,0.0,6,111.001,1.188,857.777
114.8,75.82,59.8,0.0,0.2,6,114.016,1.202,858.079
114.8,76.02,59.7,0.0,0.2,6,118.551,1.239,858.529
114.8,76.05,59.8,0.0,0.2,6,121.578,1.256,858.827
114.8,76.27,59.8,0.0,0.2,6,126.125,1.282,859.269
130.0,76.32,59.9,0.0,0.4,6,129.160,1.298,859.564
130.0,76.50,59.8,0.0,0.6,6,133.722,1.331,860.001
130.0,76.44,59.8,0.0,0.6,6,136.767,1.351,860.289
130.0,76.62,59.9,0.0,0.4,6,141.339,1.380,860.714
145.4,76.67,60.0,0.0,0.2,6,144.393,1.397,860.995
145.4,76.69,60.0,0.0,-0.2,6,148.974,1.427,861.423
145.4,76.96,60.0,0.0,-0.4,6,152.031,1.449,861.716
145.4,77.09,59.9,0.0,-0.4,6,156.633,1.479,862.165
160.7,77.07,60.0,0.0,-0.4,6,159.703,1.494,862.472
160.7,77.20,60.0,0.0,-0.4,6,164.308,1.518,862.938
160.7,77.39,60.0,0.0,-0.4,6,167.383,1.542,863.252
160.7,77.36,60.0,0.0,-0.4,6,172.003,1.573,863.725
176.1,77.53,60.1,0.0,-0.4,6,175.084,1.589,864.041
176.1,77.00,0.0,0.0,-0.4,0,179.712,1.619,864.518
176.1,76.97,0.0,0.0,-0.4,0,182.777,1.644,864.837
176.1,77.67,88.9,0.0,-0.2,7,187.390,1.667,865.324
191.6,77.76,87.0,0.0,-0.2,7,192.028,1.698,865.814
191.6,77.83,85.7,0.0,-0.2,7,195.126,1.715,866.140
191.6,77.87,83.8,0.0,0.0,7,199.778,1.747,866.632
191.6,78.03,82.6,0.0,0.0,7,202.880,1.761,866.963
207.2,78.13,80.6,0.0,0.2,7,207.540,1.786,867.463
207.2,78.22,79.3,0.0,0.2,7,210.649,1.800,867.795
207.2,78.35,77.4,0.0,0.4,7,215.318,1.825,868.291
207.2,78.43,76.2,0.0,0.4,7,218.437,1.857,868.619
222.8,78.42,74.3,0.0,0.4,7,223.120,1.889,869.105
222.8,78.58,73.0,0.0,0.4,7,226.241,1.911,869.425
222.8,78.66,71.1,0.0,0.4,7,230.929,1.939,869.899
222.8,78.74,69.8,0.0,0.4,7,234.061,1.965,870.212
238.6,78.90,67.9,0.0,0.2,7,238.768,1.998,870.676
238.6,77.79,36.8,28.6,0.2,7,241.899,2.020,870.983
238.6,75.31,7.9,66.7,0.2,0,246.470,2.039,871.432
238.6,73.45,0.0,79.4,0.2,6,250.866,2.064,871.863
253.8,72.66,0.0,81.0,0.2,6,253.735,2.088,872.142
253.8,70.91,0.0,85.7,-0.2,6,257.967,2.109,872.557
253.8,69.76,0.0,85.7,-0.2,6,260.729,2.114,872.833
253.8,68.60,0.0,81.0,0.0,6,264.791,2.135,873.248
267.7,67.43,0.0,77.8,0.0,6,267.458,2.152,873.523
267.7,66.27,0.0,74.6,0.2,6,271.400,2.172,873.927
267.7,65.69,0.0,71.4,0.2,6,273.999,2.183,874.189
267.7,64.51,7.9,68.3,0.6,0,277.859,2.200,874.568
280.7,63.68,0.0,66.7,0.6,5,280.402,2.211,874.809
280.7,62.78,0.0,63.5,0.8,5,284.175,2.225,875.158
280.7,61.92,0.0,60.3,1.4,5,286.660,2.233,875.378
280.7,61.37,0.0,57.1,2.0,5,290.352,2.241,875.687
293.2,60.65,0.0,52.4,3.3,5,292.787,2.251,875.871
293.2,59.65,0.0,49.2,4.5,5,296.400,2.264,876.108
293.2,59.51,0.0,44.4,5.7,5,298.789,2.269,876.226
293.2,59.13,89.9,41.3,6.8,0,302.361,2.275,876.313
305.1,58.41,0.0,41.3,7.8,4,305.907,2.300,876.312
305.1,57.70,0.0,41.3,9.0,4,308.241,2.310,876.275
305.1,56.92,0.0,39.7,10.4,4,311.689,2.321,876.135
305.1,56.53,0.0,39.7,11.4,4,313.959,2.331,875.983
316.5,55.91,0.0,36.5,11.7,4,317.332,2.355,875.711
316.5,55.43,0.0,33.3,12.5,4,319.555,2.365,875.503
316.5,54.93,0.0,30.2,12.7,4,322.848,2.380,875.114
316.5,54.73,0.0,27.0,12.9,4,325.022,2.399,874.808
327.3,54.33,0.0,19.0,13.7,4,328.262,2.417,874.293
327.3,54.19,0.0,11.1,14.1,4,330.403,2.428,873.909
327.3,54.17,0.0,0.0,14.9,4,333.595,2.447,873.245
327.3,54.07,0.0,0.0,15.7,4,335.711,2.468,872.757
338.0,53.94,0.0,0.0,16.6,4,338.869,2.479,871.979
338.0,53.78,0.0,0.0,17.2,4,342.003,2.496,871.136
338.0,53.72,0.0,0.0,17.6,4,344.075,2.501,870.536
348.7,53.46,0.0,0.0,18.2,4,347.153,2.516,869.580
348.7,53.32,0.0,0.0,18.4,4,349.184,2.531,868.904
348.7,53.05,0.0,0.0,19.0,4,352.193,2.539,867.833
348.7,52.91,0.0,0.0,19.2,4,354.174,2.547,867.076
359.5,52.73,0.0,0.0,19.2,4,357.103,2.559,865.872
359.5,52.50,0.0,0.0,19.4,4,359.032,2.571,865.032
359.5,52.28,0.0,0.0,19.8,4,361.885,2.588,863.720
359.5,52.14,0.0,0.0,20.2,4,363.759,2.598,862.806
370.2,51.86,0.0,0.0,20.4,4,366.534,2.616,861.384
370.2,51.71,0.0,0.0,20.4,4,368.352,2.624,860.399
370.2,51.55,0.0,0.0,20.7,4,371.043,2.639,858.876
370.2,51.49,0.0,0.0,20.9,4,372.815,2.656,857.830
380.7,51.35,0.0,0.0,20.9,4,375.443,2.673,856.214
380.7,51.24,0.0,0.0,21.1,4,377.167,2.681,855.101
380.7,51.20,18.6,0.0,21.1,4,379.703,2.694,853.373
380.7,51.43,41.6,0.0,21.1,4,382.197,2.717,851.578
391.2,51.61,48.8,0.0,21.1,4,383.848,2.724,850.347
391.2,51.87,56.5,0.0,20.9,4,386.304,2.741,848.448
391.2,52.04,56.9,0.0,20.7,4,387.924,2.755,847.147
391.2,52.19,58.0,0.0,20.2,4,390.325,2.772,845.140
401.8,52.34,58.4,0.0,19.6,4,391.905,2.779,843.768
401.8,52.50,58.2,0.0,18.4,4,394.240,2.794,841.659
401.8,52.63,58.5,0.0,17.4,4,395.774,2.810,840.221
401.8,52.90,57.2,0.0,15.3,4,398.040,2.825,838.014
412.6,52.99,57.4,0.0,13.9,4,399.530,2.834,836.509
412.6,53.25,57.1,0.0,11.9,4,401.724,2.850,834.201
412.6,53.36,59.4,0.0,10.0,4,403.161,2.868,832.630
412.6,53.66,60.9,0.0,9.0,4,405.281,2.881,830.228
423.3,53.85,64.0,0.0,8.0,4,406.672,2.886,828.595
423.3,53.91,65.0,0.0,7.2,4,408.733,2.909,826.112
423.3,54.18,63.1,0.0,7.2,4,410.757,2.921,823.585
423.3,54.54,61.9,0.0,7.4,4,412.092,2.926,821.870
434.1,55.11,60.1,0.0,8.4,4,414.083,2.932,819.247
434.1,55.38,58.8,0.0,8.6,4,415.399,2.945,817.461
434.1,55.62,58.9,0.0,9.6,4,417.353,2.958,814.748
434.1,55.82,59.0,0.0,9.6,4,418.632,2.967,812.914
445.0,56.12,59.2,0.0,9.2,4,420.485,2.971,810.106
445.0,56.34,59.2,0.0,8.8,4,421.691,2.990,808.204
445.0,56.66,59.2,0.0,8.8,4,423.484,3.007,805.322
445.0,56.75,59.3,0.0,8.8,4,424.659,3.016,803.380
456.0,57.10,59.5,0.0,8.4,4,426.358,3.032,800.419
456.0,57.31,59.5,0.0,7.8,4,427.459,3.053,798.414
456.0,57.54,59.5,0.0,7.6,4,429.084,3.073,795.374
456.0,57.73,59.6,0.0,8.2,4,430.145,3.094,793.327
467.3,58.06,59.7,0.0,8.4,4,431.697,3.113,790.222
467.3,58.25,59.7,0.0,9.2,4,432.709,3.140,788.129
467.3,58.46,59.8,0.0,9.8,4,434.180,3.161,784.956
467.3,58.58,59.8,0.0,10.6,4,435.586,3.181,781.734
478.9,58.88,59.8,0.0,10.8,4,436.499,3.196,779.570
478.9,58.49,59.4,0.0,10.6,4,437.809,3.219,776.295
478.9,59.35,59.3,0.0,10.0,4,438.632,3.236,774.083
478.9,59.15,59.2,0.0,9.6,4,439.854,3.258,770.742
490.5,59.45,89.8,0.0,9.2,5,440.643,3.279,768.518
490.5,59.64,87.8,0.0,8.0,5,441.753,3.299,765.139
490.5,59.89,86.4,0.0,7.4,5,442.451,3.311,762.866
490.5,60.19,84.4,0.0,6.5,5,443.462,3.345,759.421
502.2,60.56,83.0,0.0,5.7,5,444.109,3.361,757.107
502.2,60.16,81.0,0.0,4.9,5,445.063,3.387,753.622
502.2,60.28,79.7,0.0,4.3,5,445.691,3.404,751.296
502.2,61.10,77.7,0.0,3.9,5,446.617,3.431,747.781
514.2,61.05,76.3,0.0,3.7,5,447.222,3.456,745.420
514.2,60.89,74.5,0.0,3.7,5,448.105,3.480,741.861
514.2,60.88,73.2,0.0,3.9,5,448.680,3.502,739.474
514.2,61.75,71.1,0.0,3.9,5,449.521,3.527,735.887
526.3,61.66,69.3,0.0,3.5,5,450.331,3.549,732.283
526.3,62.08,68.0,0.0,3.3,5,450.853,3.568,729.870
526.3,62.16,66.0,0.0,2.5,5,451.626,3.604,726.221
526.3,62.26,64.8,0.0,2.3,5,452.134,3.621,723.776
538.7,62.70,62.9,0.0,2.2,5,452.883,3.647,720.099
538.7,62.83,61.6,0.0,2.2,5,453.381,3.670,717.639
538.7,63.04,59.8,0.0,2.2,5,454.117,3.699,713.936
538.7,63.17,58.6,0.0,2.2,5,454.597,3.707,711.460
551.2,63.49,57.9,0.0,2.2,5,455.309,3.736,707.728
551.2,63.57,58.0,0.0,2.2,5,455.784,3.762,705.231
551.2,63.86,58.1,0.0,2.2,5,456.488,3.793,701.475
551.2,63.95,58.3,0.0,2.2,5,456.950,3.802,698.962
563.9,64.21,58.4,0.0,2.2,5,457.632,3.834,695.181
563.9,64.48,58.4,0.0,2.2,5,458.082,3.858,692.647
563.9,64.58,58.4,0.0,2.2,5,458.747,3.892,688.833
563.9,64.75,58.7,0.0,2.2,5,459.177,3.908,686.283
576.7,64.98,58.6,0.0,2.2,5,459.806,3.937,682.445
576.7,65.12,58.7,0.0,2.2,5,460.422,3.968,678.586
576.7,65.31,58.8,0.0,2.2,5,460.823,3.991,676.006
589.6,65.54,58.8,0.0,2.2,5,461.410,4.024,672.123
589.6,65.79,58.8,0.0,2.2,5,461.795,4.047,669.525
589.6,65.89,58.9,0.0,2.2,5,462.353,4.072,665.614
589.6,66.09,58.9,0.0,2.2,5,462.715,4.095,662.998
602.7,66.33,59.0,0.0,2.2,5,463.244,4.125,659.060
602.7,66.49,59.0,0.0,2.2,5,463.588,4.150,656.426
602.7,66.59,59.1,0.0,2.2,5,464.089,4.185,652.464
602.7,66.87,59.1,0.0,2.2,5,464.414,4.203,649.815
616.0,66.99,59.2,0.0,2.3,5,464.886,4.235,645.829
616.0,67.16,59.2,0.0,2.3,5,465.192,4.257,643.165
616.0,67.40,59.2,0.0,2.3,5,465.637,4.294,639.154
616.0,67.56,59.3,0.0,2.3,5,465.922,4.318,636.471
629.4,67.77,59.3,0.0,2.3,5,466.330,4.350,632.437
629.4,67.84,59.4,0.0,2.3,5,466.591,4.367,629.739
629.4,68.06,59.5,0.0,2.3,5,466.965,4.406,625.678
629.4,68.13,59.5,0.0,2.3,5,467.203,4.427,622.963
643.0,68.42,59.5,0.0,2.3,5,467.544,4.458,618.882
643.0,68.64,59.6,0.0,2.3,5,467.864,4.489,614.785
643.0,68.65,59.6,0.0,2.3,5,468.066,4.513,612.047
643.0,68.91,59.7,0.0,2.3,5,468.351,4.544,607.929
656.7,69.05,59.7,0.0,2.2,5,468.531,4.569,605.174
656.7,69.19,59.8,0.0,2.2,5,468.787,4.600,601.034
656.7,69.53,59.8,0.0,2.0,5,468.949,4.622,598.266
656.7,69.58,59.8,0.0,1.8,5,469.183,4.653,594.102
670.6,69.66,59.9,0.0,1.6,5,469.332,4.675,591.321
670.6,69.97,59.9,0.0,1.4,5,469.549,4.705,587.140
670.6,69.96,59.9,0.0,1.2,5,469.690,4.726,584.346
670.6,70.21,59.9,0.0,1.0,5,469.898,4.753,580.149
684.6,70.33,59.9,0.0,1.0,5,470.034,4.765,577.342
684.6,70.51,60.0,0.0,0.8,5,470.235,4.791,573.122
684.6,70.63,60.0,0.0,0.8,5,470.431,4.816,568.895
684.6,70.76,60.0,0.0,0.8,5,470.559,4.829,566.071
698.7,71.00,60.0,0.0,0.6,5,470.746,4.848,561.830
698.7,71.03,60.1,0.0,0.6,5,470.867,4.860,558.992
698.7,70.53,0.0,0.0,0.4,0,471.047,4.871,554.730
698.7,71.12,90.1,0.0,0.4,6,471.167,4.884,551.908
712.9,71.31,88.2,0.0,0.2,6,471.343,4.895,547.646
712.9,71.53,86.9,0.0,0.2,6,471.460,4.899,544.794
712.9,71.62,85.0,0.0,0.2,6,471.640,4.909,540.504
712.9,71.69,83.7,0.0,0.2,6,471.763,4.912,537.638
727.2,71.94,81.8,0.0,0.2,6,471.949,4.922,533.330
727.2,72.06,80.5,0.0,0.2,6,472.074,4.920,530.453
727.2,72.25,78.6,0.0,0.2,6,472.261,4.922,526.130
727.2,72.28,77.4,0.0,0.0,6,472.386,4.918,523.242
741.7,72.44,75.5,0.0,-0.2,6,472.573,4.919,518.900
741.7,72.54,74.2,0.0,-0.4,6,472.700,4.915,516.001
741.7,72.73,72.3,0.0,-0.8,6,472.899,4.911,511.646
741.7,72.83,71.1,0.0,-0.8,6,473.038,4.908,508.739
756.3,73.02,69.2,0.0,-0.8,6,473.254,4.892,504.368
756.3,73.07,67.9,0.0,-0.8,6,473.404,4.887,501.447
756.3,73.26,66.0,0.0,-1.2,6,473.636,4.869,497.062
756.3,73.45,64.2,0.0,-2.0,6,473.887,4.846,492.670
771.0,73.49,62.9,0.0,-2.3,6,474.072,4.831,489.738
771.0,73.55,61.0,0.0,-2.5,6,474.379,4.810,485.329
771.0,73.87,59.8,0.0,-2.5,6,474.600,4.791,482.388
771.0,73.98,59.2,0.0,-2.2,6,474.957,4.767,477.968
785.7,74.03,59.2,0.0,-2.0,6,475.206,4.745,475.016
785.7,74.24,59.3,0.0,-1.8,6,475.593,4.726,470.587
785.7,74.22,59.3,0.0,-1.8,6,475.857,4.711,467.628
785.7,74.48,59.4,0.0,-1.8,6,476.265,4.687,463.187
800.6,74.50,59.4,0.0,-1.8,6,476.551,4.670,460.222
800.6,74.77,59.4,0.0,-1.8,6,476.996,4.653,455.767
800.6,74.78,59.4,0.0,-1.8,6,477.306,4.638,452.791
800.6,74.92,59.5,0.0,-2.0,6,477.796,4.611,448.326
815.5,74.99,59.5,0.0,-2.2,6,478.138,4.594,445.345
815.5,75.26,59.5,0.0,-2.2,6,478.671,4.569,440.870
815.5,75.26,59.6,0.0,-2.3,6,479.042,4.554,437.883
815.5,75.49,59.6,0.0,-2.9,6,479.624,4.525,433.401
830.5,75.52,59.7,0.0,-3.1,6,480.039,4.507,430.411
830.5,75.71,59.7,0.0,-3.1,6,480.692,4.487,425.923
830.5,75.78,59.8,0.0,-2.7,6,481.373,4.471,421.436
830.5,75.98,59.7,0.0,-2.7,6,481.846,4.461,418.441
845.5,75.95,59.8,0.0,-2.9,6,482.574,4.441,413.943
845.5,76.05,59.9,0.0,-3.7,6,483.075,4.425,410.944
845.5,76.28,59.8,0.0,-5.3,6,483.866,4.414,406.445
845.5,76.25,59.9,0.0,-6.1,6,484.430,4.397,403.446
860.7,76.37,60.0,0.0,-6.8,6,485.357,4.373,398.963
860.7,76.55,60.0,0.0,-6.8,6,486.032,4.352,395.983
860.7,76.51,60.0,0.0,-6.8,6,487.117,4.316,391.519
860.7,76.70,60.0,0.0,-6.8,6,487.892,4.290,388.554
875.8,76.78,60.0,0.0,-6.8,6,489.131,4.255,384.120
875.8,76.91,60.0,0.0,-6.8,6,490.008,4.226,381.177
875.8,76.87,60.0,0.0,-6.8,6,491.389,4.179,376.776
875.8,76.97,60.1,0.0,-6.5,6,492.356,4.149,373.853
891.3,77.10,60.1,0.0,-5.1,6,493.880,4.085,369.491
891.3,77.18,60.1,0.0,-4.1,6,494.932,4.050,366.590
891.3,77.38,60.1,0.0,-2.3,6,496.542,3.994,362.245
907.5,77.46,60.0,0.0,-1.4,6,498.161,3.944,357.894
907.5,77.97,60.1,0.0,-1.4,6,499.226,3.904,354.980
907.5,77.41,60.0,0.0,-1.6,6,500.798,3.866,350.576
907.5,77.95,60.2,0.0,-2.0,6,501.850,3.839,347.641
923.6,77.88,60.0,0.0,-2.2,6,503.457,3.791,343.250
923.6,77.32,60.1,0.0,-2.2,6,504.543,3.748,340.337
923.6,78.28,59.8,0.0,-2.2,6,506.185,3.670,335.980
923.6,78.07,60.1,0.0,-2.2,6,507.291,3.631,333.064
939.8,78.26,49.4,0.0,-2.2,6,508.937,3.586,328.678
939.8,78.10,38.4,0.0,-2.0,6,510.047,3.539,325.762
939.8,77.90,30.6,0.0,-0.8,6,511.751,3.480,321.414
939.8,77.80,27.7,0.0,0.2,6,512.901,3.453,318.525
955.4,77.48,24.7,0.0,1.8,6,514.613,3.415,314.199
955.4,77.32,24.8,0.0,3.1,6,515.720,3.389,311.313
955.4,76.93,17.3,0.0,5.3,6,517.295,3.356,306.976
955.4,76.37,17.4,0.0,6.5,6,518.745,3.337,302.627
970.5,76.36,26.8,0.0,7.0,6,519.638,3.327,299.716
970.5,76.29,29.9,0.0,8.2,6,520.877,3.309,295.317
970.5,76.10,17.7,0.0,9.4,6,521.631,3.298,292.361
970.5,75.65,0.0,0.0,11.5,6,522.668,3.280,287.916
985.3,75.49,0.0,0.0,12.9,6,523.311,3.269,284.954
985.3,75.25,0.0,0.0,13.9,6,524.196,3.249,280.508
985.3,75.12,0.0,0.0,14.3,6,524.722,3.231,277.534
985.3,74.95,0.0,0.0,14.7,6,525.432,3.222,273.067
1001.3,74.75,0.0,0.0,14.9,6,525.853,3.211,270.091
1001.3,74.53,0.0,0.0,15.1,6,526.386,3.188,265.631
1001.3,74.32,0.0,0.0,15.1,6,526.664,3.172,262.661
1001.3,74.14,0.0,0.0,15.3,6,526.997,3.173,258.215
1017.7,73.85,0.0,0.0,15.5,6,527.178,3.180,255.253
1017.7,73.57,0.0,0.0,16.2,6,527.402,3.173,250.849
1017.7,72.63,0.0,0.0,17.0,6,527.507,3.153,246.463
1017.7,72.81,0.0,0.0,17.4,6,527.509,3.151,243.547
1033.2,72.31,0.0,0.0,17.8,6,527.454,3.158,239.210
1033.2,72.09,0.0,0.0,17.4,6,527.360,3.154,236.337
1033.2,71.67,0.0,0.0,17.0,6,527.117,3.156,232.050
1033.2,71.58,0.0,0.0,16.8,6,526.892,3.169,229.206
1047.7,71.06,0.0,0.0,16.4,6,526.481,3.190,224.956
1047.7,70.81,0.0,0.0,16.0,6,526.136,3.196,222.138
1047.7,70.82,17.8,0.0,15.1,6,525.512,3.205,217.931
1047.7,70.82,29.6,0.0,14.5,6,525.046,3.224,215.131
1061.6,70.65,23.1,0.0,13.9,6,524.305,3.258,210.937
1061.6,70.33,0.0,0.0,13.1,6,523.767,3.273,208.153
1061.6,70.12,0.0,0.0,11.5,6,522.849,3.299,204.022
1061.6,70.21,0.0,0.0,10.2,6,522.172,3.327,201.290
1075.6,69.92,0.0,0.0,7.6,6,521.102,3.365,197.207
1075.6,68.91,0.0,31.7,5.5,6,519.971,3.402,193.175
1075.6,67.71,0.0,54.0,3.9,6,519.198,3.419,190.544
1075.6,66.35,4.8,68.3,1.6,0,518.025,3.457,186.713
1089.4,65.35,0.0,73.0,0.2,5,517.234,3.480,184.225
1089.4,64.06,0.0,76.2,-0.8,5,516.040,3.506,180.576
1089.4,62.95,0.0,81.0,-1.2,5,515.244,3.526,178.196
1089.4,61.59,0.0,81.0,-1.6,5,514.061,3.542,174.708
1102.1,60.75,0.0,81.0,-1.8,5,513.292,3.560,172.425
1102.1,59.62,0.0,76.2,-1.8,5,512.197,3.582,169.039
1102.1,58.91,0.0,73.0,-1.8,5,511.503,3.596,166.805
1102.1,57.80,43.5,69.8,-2.3,4,510.516,3.607,163.495
1113.9,57.12,0.0,66.7,-2.9,4,509.893,3.613,161.313
1113.9,55.92,0.0,61.9,-3.1,4,509.007,3.634,158.078
1113.9,55.31,0.0,54.0,-3.1,4,508.446,3.644,155.953
1113.9,54.44,0.0,49.2,-3.1,4,507.647,3.661,152.795
1125.1,53.65,0.0,44.4,-4.7,4,506.896,3.675,149.672
1125.1,53.07,0.0,44.4,-7.0,4,506.425,3.681,147.603
1125.1,52.50,0.0,44.4,-11.0,4,505.788,3.699,144.518
1125.1,51.87,0.0,42.9,-13.3,4,505.406,3.704,142.470
1136.0,51.24,0.0,36.5,-15.3,4,504.906,3.714,139.421
1136.0,51.26,0.0,28.6,-16.2,4,504.631,3.716,137.393
1136.0,51.07,0.0,11.1,-17.4,4,504.279,3.723,134.338
1136.0,51.13,0.0,0.0,-17.8,4,504.086,3.721,132.292
1146.7,51.13,0.0,0.0,-18.4,4,503.868,3.722,129.208
1146.7,50.88,0.0,0.0,-18.8,4,503.761,3.712,127.151
1146.7,50.73,0.0,0.0,-19.4,4,503.659,3.697,124.079
1146.7,50.69,0.0,0.0,-19.8,4,503.643,3.688,122.035
1157.4,50.69,0.0,0.0,-20.7,4,503.656,3.683,118.971
1157.4,50.47,0.0,0.0,-21.1,4,503.699,3.677,116.934
1157.4,50.43,0.0,0.0,-21.3,4,503.851,3.667,113.895
1168.0,50.15,0.0,0.0,-21.7,4,504.092,3.662,110.873
1168.0,49.97,0.0,0.0,-21.9,4,504.296,3.653,108.875
1168.0,49.68,0.0,0.0,-22.3,4,504.678,3.644,105.908
1168.0,49.51,0.0,0.0,-22.3,4,504.976,3.643,103.949
1178.4,49.26,0.0,0.0,-22.9,4,505.475,3.632,101.033
1178.4,49.17,0.0,0.0,-22.9,4,505.848,3.618,99.103
1178.4,49.08,0.0,0.0,-23.3,4,506.474,3.604,96.228
1178.4,48.98,0.0,0.0,-23.5,4,506.919,3.593,94.319
1188.7,48.66,0.0,0.0,-23.9,4,507.622,3.574,91.475
1188.7,48.59,0.0,0.0,-23.9,4,508.145,3.554,89.602
1188.7,48.52,0.0,0.0,-23.7,4,508.999,3.540,86.822
1188.7,48.31,1.6,0.0,-23.7,4,509.587,3.521,84.978
1198.9,48.51,28.5,0.0,-23.5,4,510.522,3.487,82.239
1198.9,48.61,35.8,0.0,-23.5,4,511.200,3.463,80.425
1198.9,48.60,37.5,0.0,-23.3,4,512.261,3.430,77.709
1198.9,48.59,38.2,0.0,-22.9,4,512.984,3.402,75.904
1208.9,48.62,43.3,0.0,-21.7,4,514.127,3.355,73.226
1208.9,48.82,44.6,0.0,-20.2,4,515.346,3.312,70.575
1208.9,48.86,43.9,0.0,-19.4,4,516.195,3.280,68.816
1208.9,49.00,43.9,0.0,-17.0,4,517.519,3.243,66.192
1218.8,49.11,43.1,0.0,-15.7,4,518.440,3.217,64.456
1218.8,49.33,42.0,0.0,-13.3,4,519.892,3.190,61.875
1218.8,49.50,36.0,0.0,-11.5,4,520.905,3.166,60.169
1218.8,49.48,27.0,0.0,-9.0,4,522.480,3.140,57.636
1228.7,49.49,21.5,0.0,-8.2,4,523.554,3.116,55.963
1228.7,48.79,0.0,9.5,-5.9,4,525.177,3.085,53.491
1228.7,47.97,0.0,27.0,-4.9,4,526.254,3.071,51.882
1228.7,46.86,0.0,36.5,-3.7,4,527.844,3.041,49.543
1238.2,46.26,0.0,38.1,-2.9,4,528.891,3.025,48.029
1238.2,45.37,0.0,41.3,-1.6,3,530.440,2.998,45.807
1238.2,44.67,0.0,42.9,-0.8,3,531.454,2.982,44.349
1238.2,43.90,0.0,42.9,1.6,3,532.935,2.954,42.186
1247.1,43.17,0.0,39.7,5.3,3,534.367,2.925,40.034
1247.1,42.85,0.0,38.1,7.8,3,535.282,2.909,38.592
1247.1,42.50,0.0,27.0,10.8,3,536.584,2.883,36.395
1247.1,43.15,0.0,7.9,14.7,3,537.413,2.859,34.890
1255.6,42.82,0.0,19.0,16.4,3,538.212,2.838,33.351
1256.3,42.24,0.0,23.8,19.6,3,539.342,2.805,31.032
1256.3,41.95,0.0,20.6,20.5,3,540.397,2.769,28.710
1256.3,41.81,0.0,15.9,20.9,3,541.063,2.746,27.159
1264.4,41.88,0.0,0.0,21.7,3,542.006,2.707,24.822
1264.4,41.72,0.0,0.0,22.3,3,542.595,2.682,23.249
1264.4,41.42,0.0,0.0,23.1,3,543.414,2.650,20.883
1264.4,41.22,0.0,0.0,23.7,3,543.922,2.627,19.308
1272.9,41.05,0.0,0.0,24.3,3,544.618,2.584,16.941
1272.9,41.03,0.0,0.0,24.9,3,545.239,2.550,14.558
1272.9,41.40,27.9,0.0,25.2,3,545.614,2.524,12.956
1272.9,41.50,20.1,0.0,26.2,3,546.136,2.486,10.515
1282.0,41.41,15.5,0.0,26.6,3,546.464,2.459,8.877
1282.0,41.40,21.7,0.0,27.0,3,546.895,2.424,6.421
1282.0,41.43,29.2,0.0,27.4,3,547.137,2.398,4.780
1282.0,41.37,24.8,0.0,27.6,3,547.430,2.356,2.312
1291.1,41.25,9.9,0.0,27.6,3,547.583,2.325,0.666
1291.1,40.84,0.0,0.0,28.4,3,547.762,2.282,-1.785
1291.1,40.73,0.0,0.0,28.6,3,547.850,2.257,-3.407
1291.1,40.94,29.3,0.0,28.8,3,547.914,2.211,-5.837
1300.1,41.04,34.7,0.0,28.8,3,547.914,2.188,-7.467
1300.1,41.31,48.3,0.0,29.2,3,547.861,2.135,-9.929
1300.1,41.57,52.3,0.0,29.2,3,547.751,2.088,-12.409
1300.1,41.70,51.6,0.0,29.2,3,547.647,2.052,-14.072
1308.8,41.92,51.7,0.0,29.2,3,547.456,2.003,-16.575
1308.8,42.15,50.9,0.0,29.2,3,547.299,1.976,-18.249
1308.8,42.32,49.7,0.0,29.2,3,547.002,1.928,-20.765
1308.8,42.39,50.2,0.0,29.2,3,546.755,1.902,-22.442
1318.2,42.52,49.0,0.0,29.0,3,546.316,1.865,-24.947
1318.2,42.61,49.4,0.0,28.4,3,545.981,1.846,-26.612
1318.2,42.79,48.2,0.0,27.8,3,545.420,1.811,-29.102
1318.2,42.91,48.5,0.0,27.2,3,545.006,1.794,-30.759
1327.7,43.18,49.6,0.0,25.2,3,544.316,1.759,-33.237
1327.7,43.30,49.8,0.0,24.7,3,543.809,1.741,-34.887
1327.7,43.57,49.6,0.0,21.3,3,542.983,1.707,-37.354
1337.1,43.76,48.3,0.0,19.6,3,542.109,1.672,-39.822
1337.1,43.97,47.5,0.0,18.8,3,541.495,1.650,-41.463
1337.1,44.25,47.2,0.0,17.8,3,540.514,1.623,-43.920
1337.1,44.38,47.4,0.0,16.6,3,539.816,1.609,-45.549
1346.4,44.73,47.1,0.0,15.3,3,538.698,1.582,-47.978
1346.4,44.86,47.3,0.0,14.5,3,537.911,1.559,-49.588
1346.4,45.28,46.8,0.0,14.3,3,536.678,1.535,-51.994
1346.4,45.39,45.9,0.0,14.7,3,535.825,1.522,-53.594
1355.6,45.66,46.2,0.0,15.7,3,534.501,1.502,-55.980
1355.6,45.90,46.4,0.0,16.2,3,533.570,1.488,-57.554
1355.6,46.16,45.9,0.0,17.0,3,532.105,1.465,-59.889
1355.6,46.26,46.0,0.0,17.6,3,531.095,1.448,-61.434
1364.8,46.56,46.4,0.0,18.4,3,529.531,1.420,-63.733
1364.8,46.71,46.8,0.0,18.6,3,528.448,1.400,-65.251
1364.8,46.91,47.0,0.0,18.6,3,526.772,1.371,-67.501
1364.8,47.20,47.3,0.0,18.6,3,525.043,1.342,-69.725
1373.9,47.36,48.5,0.0,18.2,3,523.852,1.314,-71.188
1373.9,47.63,48.8,0.0,17.2,3,522.009,1.277,-73.356
1373.9,47.79,49.9,0.0,16.6,3,520.748,1.250,-74.785
1373.9,48.15,50.2,0.0,15.9,3,518.803,1.215,-76.900
1383.2,48.31,50.4,0.0,15.1,3,517.468,1.190,-78.288
1383.2,48.58,51.7,0.0,13.7,3,515.414,1.149,-80.343
1383.2,48.77,51.9,0.0,12.5,3,514.013,1.126,-81.691
1383.2,49.19,53.0,0.0,10.8,3,511.857,1.087,-83.680
1392.6,49.41,54.2,0.0,9.6,3,510.383,1.058,-84.987
1392.6,49.75,57.5,0.0,8.0,3,508.120,1.027,-86.913
1392.6,50.04,61.1,0.0,7.0,3,506.579,1.007,-88.177
1392.6,50.38,59.7,0.0,5.9,3,504.222,0.965,-90.054
1402.4,50.69,59.7,0.0,5.5,3,502.620,0.932,-91.286
1402.4,51.20,59.7,0.0,5.5,3,500.179,0.891,-93.125
1402.4,51.39,59.7,0.0,6.1,3,498.545,0.861,-94.368
1402.4,50.51,0.0,0.0,7.0,0,496.096,0.811,-96.216
1412.4,51.65,88.4,0.0,7.6,4,493.609,0.760,-98.012
1412.4,52.16,87.1,0.0,7.6,4,491.906,0.733,-99.182
1412.4,52.26,85.2,0.0,7.6,4,489.302,0.697,-100.910
1412.4,52.29,83.9,0.0,7.6,4,487.539,0.675,-102.043
1422.8,52.63,81.9,0.0,7.2,4,484.848,0.644,-103.715
1422.8,52.92,80.7,0.0,6.8,4,483.050,0.622,-104.812
1422.8,53.72,78.9,0.0,6.7,4,480.329,0.579,-106.463
1422.8,53.62,77.6,0.0,6.3,4,478.484,0.556,-107.556
1433.6,54.08,75.7,0.0,4.9,4,475.674,0.522,-109.159
1433.6,54.35,74.4,0.0,3.5,4,473.780,0.499,-110.218
1433.6,54.65,72.6,0.0,1.6,4,470.931,0.465,-111.824
1433.6,54.87,71.3,0.0,0.2,4,469.031,0.438,-112.915
1444.8,55.12,69.5,0.0,-2.0,4,466.189,0.409,-114.596
1444.8,55.31,68.3,0.0,-3.1,4,464.300,0.392,-115.744
1444.8,55.57,66.4,0.0,-5.3,4,461.474,0.370,-117.509
1444.8,55.97,64.6,0.0,-7.0,4,458.663,0.350,-119.332
1456.3,56.20,63.5,0.0,-8.0,4,456.804,0.327,-120.585
1456.3,56.48,61.7,0.0,-8.8,4,454.041,0.298,-122.534
1456.3,56.81,60.5,0.0,-9.2,4,452.214,0.281,-123.877
1456.3,57.00,59.4,0.0,-9.4,4,449.488,0.262,-125.935
1468.1,57.25,59.5,0.0,-9.6,4,447.686,0.251,-127.337
1468.1,57.66,59.5,0.0,-10.0,4,444.997,0.229,-129.487
1468.1,57.41,59.7,0.0,-10.0,4,443.236,0.217,-130.969
1468.1,58.02,59.7,0.0,-9.4,4,440.642,0.195,-133.265
1480.1,58.21,59.7,0.0,-9.0,4,438.925,0.192,-134.830
1480.1,58.37,59.7,0.0,-8.4,4,436.361,0.187,-137.210
1480.1,58.52,59.8,0.0,-8.2,4,434.673,0.178,-138.825
1480.1,58.93,59.8,0.0,-7.2,4,432.182,0.168,-141.308
1492.0,59.14,59.8,0.0,-6.7,4,430.536,0.162,-142.995
1492.0,59.35,59.8,0.0,-6.3,4,428.070,0.154,-145.556
1492.0,59.61,59.9,0.0,-6.1,4,425.619,0.154,-148.148
1492.0,59.84,59.9,0.0,-6.1,4,423.990,0.147,-149.891
1504.1,59.08,0.0,0.0,-6.1,0,421.563,0.147,-152.535
1504.1,59.89,89.8,0.0,-6.1,5,419.981,0.156,-154.304
1504.1,60.21,87.8,0.0,-6.1,5,417.642,0.159,-157.025
1504.1,60.49,86.4,0.0,-6.1,5,416.102,0.161,-158.877
1516.1,60.66,84.4,0.0,-5.9,5,413.813,0.153,-161.697
1516.1,60.85,83.1,0.0,-5.9,5,412.301,0.152,-163.598
1516.1,61.12,81.1,0.0,-5.9,5,410.040,0.153,-166.471
1516.1,61.21,79.8,0.0,-5.9,5,408.541,0.138,-168.405
1528.1,61.44,77.8,0.0,-5.7,5,406.331,0.128,-171.345
1528.1,61.65,76.5,0.0,-5.5,5,404.877,0.114,-173.329
1528.1,61.85,74.6,0.0,-5.3,5,402.717,0.102,-176.338
1528.1,61.92,73.3,0.0,-5.3,5,401.289,0.089,-178.361
1540.4,62.33,71.4,0.0,-5.3,5,399.178,0.066,-181.429
1540.4,62.56,69.4,0.0,-5.5,5,397.096,0.046,-184.541
1540.4,62.76,68.1,0.0,-6.3,5,395.718,0.029,-186.632
1552.8,62.85,66.4,0.0,-7.0,5,393.689,0.008,-189.806
1552.8,63.11,65.2,0.0,-7.0,5,392.372,0.003,-191.951
1552.8,63.23,63.2,0.0,-6.7,5,390.431,-0.014,-195.206
1552.8,63.37,62.1,0.0,-6.1,5,389.158,-0.025,-197.395
1565.5,63.79,60.2,0.0,-5.1,5,387.288,-0.038,-200.717
1565.5,63.84,58.9,0.0,-4.3,5,386.056,-0.049,-202.953
1565.5,64.10,58.3,0.0,-3.5,5,384.209,-0.057,-206.319
1565.5,64.25,58.4,0.0,-2.9,5,382.984,-0.060,-208.574
1578.3,64.48,58.5,0.0,-2.3,5,381.151,-0.064,-211.973
1578.3,64.55,58.6,0.0,-2.2,5,379.928,-0.072,-214.244
1578.3,64.87,58.6,0.0,-2.2,5,378.085,-0.071,-217.664
1578.3,64.96,58.7,0.0,-2.2,5,376.857,-0.078,-219.953
1591.2,65.29,58.7,0.0,-2.2,5,375.027,-0.083,-223.406
1591.2,65.50,58.8,0.0,-2.0,5,373.208,-0.079,-226.882
1591.2,65.69,58.8,0.0,-1.8,5,372.000,-0.085,-229.211
1591.2,65.90,58.9,0.0,-1.0,5,370.191,-0.086,-232.720
1604.3,65.96,58.9,0.0,-0.6,5,368.982,-0.096,-235.066
1604.3,66.30,59.0,0.0,-0.4,5,367.159,-0.102,-238.587
1604.3,66.39,59.0,0.0,-0.4,5,365.940,-0.105,-240.943
1604.3,66.72,59.0,0.0,-0.8,5,364.111,-0.119,-244.488
1617.6,66.75,59.1,0.0,-1.0,5,362.893,-0.123,-246.861
1617.6,66.86,59.1,0.0,-1.2,5,361.072,-0.142,-250.438
1617.6,67.14,59.2,0.0,-1.2,5,359.862,-0.146,-252.829
1617.6,67.33,59.2,0.0,-1.2,5,358.049,-0.163,-256.432
1631.0,67.60,59.3,0.0,-1.2,5,356.843,-0.173,-258.842
1631.0,67.74,59.3,0.0,-1.2,5,355.037,-0.191,-262.472
1631.0,67.78,59.4,0.0,-1.0,5,353.836,-0.199,-264.904
1631.0,68.15,59.5,0.0,-1.0,5,352.037,-0.223,-268.562
1644.6,68.31,59.5,0.0,-0.8,5,350.236,-0.239,-272.233
1644.6,68.36,59.5,0.0,-0.8,5,349.035,-0.248,-274.687
1644.6,68.62,59.6,0.0,-0.8,5,347.234,-0.264,-278.380
1644.6,68.74,59.6,0.0,-0.8,5,346.033,-0.279,-280.850
1658.3,68.92,59.7,0.0,-0.8,5,344.230,-0.297,-284.567
1658.3,69.02,59.7,0.0,-0.8,5,343.028,-0.307,-287.051
1658.3,69.27,59.8,0.0,-0.8,5,341.227,-0.327,-290.788
1658.3,69.41,59.8,0.0,-0.8,5,340.025,-0.346,-293.289
1672.1,69.64,59.8,0.0,-0.8,5,338.223,-0.370,-297.051
1672.1,69.72,59.9,0.0,-0.8,5,337.023,-0.390,-299.566
1672.1,70.00,59.9,0.0,-0.6,5,335.225,-0.412,-303.346
1672.1,69.77,0.0,0.0,-0.4,0,334.026,-0.428,-305.872
1686.0,70.11,89.4,0.0,-0.2,6,332.235,-0.446,-309.648
1686.0,70.19,88.1,0.0,-0.2,6,331.035,-0.463,-312.178
1686.0,70.34,86.2,0.0,-0.2,6,329.232,-0.497,-315.978
1686.0,70.58,84.2,0.0,-0.2,6,327.426,-0.518,-319.793
1700.1,70.58,82.9,0.0,-0.2,6,326.218,-0.534,-322.346
1700.1,70.78,82.2,0.0,-0.2,6,325.613,-0.541,-323.624
1700.1,70.78,82.2,0.0,-0.2,6,325.613,-0.541,-323.624
1700.1,71.08,78.5,0.0,0.0,6,321.984,-0.596,-331.315
1714.2,71.21,76.5,0.0,0.2,6,320.165,-0.619,-335.172
1714.2,71.34,74.7,0.0,0.2,6,318.339,-0.644,-339.042
1714.2,71.63,73.4,0.0,0.2,6,317.117,-0.659,-341.628
1714.2,71.71,71.5,0.0,0.2,6,315.280,-0.683,-345.515
1728.5,71.89,70.3,0.0,0.2,6,314.054,-0.700,-348.108
1728.5,71.99,68.4,0.0,0.2,6,312.211,-0.733,-352.004
1728.5,72.06,67.1,0.0,0.2,6,310.979,-0.749,-354.608
1728.5,72.23,65.2,0.0,0.2,6,309.126,-0.774,-358.525
1742.9,72.43,64.0,0.0,0.2,6,307.890,-0.791,-361.139
1742.9,72.57,62.1,0.0,0.2,6,306.031,-0.823,-365.069
1742.9,72.70,60.2,0.0,0.2,6,304.169,-0.850,-369.005
1742.9,72.84,58.9,0.0,0.2,6,302.924,-0.876,-371.635
1757.4,72.98,59.0,0.0,0.2,6,301.049,-0.902,-375.588
1757.4,73.01,59.0,0.0,0.2,6,299.799,-0.928,-378.227
1757.4,73.14,59.1,0.0,0.2,6,297.918,-0.961,-382.193
1757.4,73.33,59.1,0.0,0.2,6,296.664,-0.986,-384.839
1772.0,73.65,59.1,0.0,0.2,6,294.776,-1.017,-388.822
1772.0,73.67,59.1,0.0,0.2,6,293.514,-1.039,-391.483
1772.0,73.79,59.2,0.0,0.2,6,291.617,-1.070,-395.479
1772.0,73.90,59.2,0.0,0.2,6,290.349,-1.093,-398.147
1786.8,74.02,59.2,0.0,0.2,6,288.445,-1.127,-402.153
1786.8,74.18,59.2,0.0,0.2,6,287.173,-1.153,-404.828
1786.8,74.30,59.3,0.0,0.2,6,285.259,-1.184,-408.852
1786.8,74.44,59.3,0.0,0.2,6,283.981,-1.204,-411.538
1801.6,74.49,59.3,0.0,0.2,6,282.060,-1.235,-415.574
1801.6,74.59,59.4,0.0,0.4,6,280.778,-1.256,-418.266
1801.6,74.77,59.5,0.0,0.4,6,278.847,-1.289,-422.308
1801.6,74.88,59.4,0.0,0.4,6,277.554,-1.304,-425.008
1816.5,75.12,59.5,0.0,0.4,6,275.608,-1.329,-429.064
1816.5,75.17,59.6,0.0,0.4,6,273.653,-1.362,-433.127
1816.5,75.34,59.6,0.0,0.4,6,272.348,-1.387,-435.839
1831.6,75.46,59.6,0.0,0.4,6,270.383,-1.419,-439.914
1831.6,75.57,59.6,0.0,0.4,6,269.068,-1.435,-442.633
1831.6,75.62,59.7,0.0,0.4,6,267.093,-1.466,-446.717
1831.6,75.77,59.7,0.0,0.4,6,265.776,-1.487,-449.441
1846.7,75.91,59.8,0.0,0.4,6,263.791,-1.515,-453.534
1846.7,75.95,59.8,0.0,0.4,6,262.463,-1.536,-456.268
1846.7,76.12,59.8,0.0,0.6,6,260.466,-1.565,-460.370
1846.7,76.20,59.8,0.0,0.8,6,259.130,-1.579,-463.108
1861.9,76.34,59.9,0.0,0.8,6,257.117,-1.612,-467.219
1861.9,76.42,59.9,0.0,0.8,6,255.767,-1.629,-469.959
1861.9,76.62,59.9,0.0,0.8,6,253.732,-1.661,-474.077
1861.9,76.67,59.9,0.0,0.8,6,252.369,-1.676,-476.824
1877.2,76.80,59.9,0.0,0.8,6,250.318,-1.704,-480.951
1877.2,76.80,59.9,0.0,0.8,6,250.318,-1.704,-480.951
1877.2,76.80,59.9,0.0,0.8,6,250.318,-1.704,-480.951
1877.2,76.80,59.9,0.0,0.8,6,250.318,-1.704,-480.951
1877.2,76.80,59.9,0.0,0.8,6,250.318,-1.704,-480.951
1877.2,76.80,59.9,0.0,0.8,6,250.318,-1.704,-480.951
1877.2,76.80,59.9,0.0,0.8,6,250.318,-1.704,-480.951
1877.2,76.80,59.9,0.0,0.8,6,250.318,-1.704,-480.951
1877.2,76.80,59.9,0.0,0.8,6,250.318,-1.704,-480.951
1877.2,76.80,59.9,0.0,0.8,6,250.318,-1.704,-480.951
1877.2,76.80,59.9,0.0,0.8,6,250.318,-1.704,-480.951
1908.1,77.26,0.0,0.0,0.2,0,232.486,-1.905,-517.002
1923.7,77.94,88.3,0.0,0.2,7,229.735,-1.940,-522.571
1923.7,77.97,86.4,0.0,0.2,7,227.659,-1.964,-526.769
1923.7,78.03,85.1,0.0,0.2,7,226.273,-1.978,-529.570
1923.7,78.19,83.2,0.0,0.2,7,224.189,-2.005,-533.774
1939.3,78.31,81.9,0.0,0.2,7,222.798,-2.020,-536.579
1939.3,78.42,80.0,0.0,0.2,7,220.709,-2.047,-540.792
1939.3,78.47,78.7,0.0,0.2,7,219.312,-2.067,-543.606
1939.3,78.57,76.8,0.0,0.2,7,217.215,-2.094,-547.828
1955.0,78.66,75.6,0.0,0.2,7,215.815,-2.127,-550.646
1955.0,78.89,73.6,0.0,0.2,7,213.714,-2.166,-554.880
1955.0,78.89,72.4,0.0,0.2,7,212.310,-2.197,-557.706
1955.0,79.01,70.5,0.0,0.2,7,210.202,-2.241,-561.950
1970.7,79.11,68.6,0.0,0.4,7,208.092,-2.291,-566.198
1970.7,79.19,67.3,0.0,0.6,7,206.682,-2.325,-569.032
1970.7,79.31,65.5,0.0,1.4,7,204.552,-2.382,-573.281
1970.7,79.37,64.2,0.0,1.8,7,203.119,-2.412,-576.111
1986.6,79.43,62.3,0.0,2.0,7,200.938,-2.464,-580.347
1986.6,79.56,61.0,0.0,2.0,7,199.467,-2.504,-583.167
1986.6,79.67,59.2,0.0,1.6,7,197.246,-2.560,-587.392
1986.6,79.69,59.2,0.0,1.4,7,195.757,-2.597,-590.208
2002.5,79.79,59.2,0.0,1.0,7,193.515,-2.652,-594.434
2002.5,72.32,80.2,0.0,0.8,6,474.212,4.895,535.769
2002.5,72.50,78.4,0.0,0.8,6,474.248,4.894,531.423
2002.5,72.60,77.1,0.0,0.4,6,474.267,4.901,528.521
2018.5,72.75,75.3,0.0,0.0,6,474.293,4.899,524.158
2018.5,72.88,74.0,0.0,0.0,6,474.311,4.899,521.244
2018.5,73.03,72.1,0.0,0.2,6,474.341,4.897,516.869
2018.5,73.03,72.1,0.0,0.2,6,474.341,4.897,516.869
2018.5,73.03,72.1,0.0,0.2,6,474.341,4.897,516.869
2018.5,73.03,72.1,0.0,0.2,6,474.341,4.897,516.869
2031.7,73.50,67.1,0.0,-0.4,6,474.423,4.883,502.995
2031.7,73.53,66.5,0.0,-0.4,6,474.435,4.879,501.395
2031.7,73.53,66.5,0.0,-0.4,6,474.435,4.879,501.395
2031.7,73.53,66.5,0.0,-0.4,6,474.435,4.879,501.395
2031.7,73.53,66.5,0.0,-0.4,6,474.435,4.879,501.395
2031.7,73.53,66.5,0.0,-0.4,6,474.435,4.879,501.395
2031.7,73.53,66.5,0.0,-0.4,6,474.435,4.879,501.395
2031.7,73.53,66.5,0.0,-0.4,6,474.435,4.879,501.395
2031.7,73.53,66.5,0.0,-0.4,6,474.435,4.879,501.395
2031.7,73.53,66.5,0.0,-0.4,6,474.435,4.879,501.395
2031.7,73.53,66.5,0.0,-0.4,6,474.435,4.879,501.395
2031.7,73.53,66.5,0.0,-0.4,6,474.435,4.879,501.395
2083.1,74.91,60.9,0.0,-5.5,6,475.448,4.682,457.691
2083.1,75.07,60.3,0.0,-5.7,6,475.744,4.665,453.196
2099.3,75.18,60.2,0.0,-5.9,6,475.974,4.644,450.197
2099.3,75.25,60.3,0.0,-5.9,6,476.369,4.621,445.703
2099.3,75.32,60.3,0.0,-4.9,6,476.674,4.609,442.709
2099.3,75.46,60.3,0.0,-3.3,6,477.203,4.578,438.219
2115.6,75.59,60.2,0.0,-5.5,6,477.786,4.553,433.726
2115.6,75.59,60.3,0.0,-6.7,6,478.204,4.538,430.730
2115.6,75.72,60.4,0.0,-4.9,6,478.912,4.511,426.243
2115.6,75.85,60.3,0.0,-3.9,6,479.428,4.497,423.254
2132.0,75.92,60.3,0.0,-4.5,6,480.254,4.483,418.777
2132.0,76.03,60.3,0.0,-4.7,6,480.840,4.467,415.795
2132.0,76.17,60.3,0.0,-5.5,6,481.773,4.451,411.325
2132.0,76.20,60.4,0.0,-6.1,6,482.435,4.437,408.349
2148.4,76.36,60.4,0.0,-5.1,6,483.487,4.416,403.897
2148.4,76.40,60.4,0.0,-4.5,6,484.227,4.400,400.936
2148.4,76.52,60.4,0.0,-3.9,6,485.392,4.372,396.504
2148.4,76.62,60.4,0.0,-3.5,6,486.206,4.345,393.549
2164.9,76.75,60.4,0.0,-2.9,6,487.473,4.306,389.125
2164.9,76.78,60.4,0.0,-2.7,6,488.343,4.281,386.181
2164.9,76.92,60.4,0.0,-1.8,6,489.672,4.235,381.766
2164.9,77.02,60.4,0.0,-1.2,6,490.569,4.209,378.824
2181.4,77.13,60.4,0.0,-1.8,6,491.916,4.158,374.402
2181.4,77.26,60.4,0.0,-2.3,6,493.283,4.104,369.973
2181.4,77.33,60.4,0.0,-2.3,6,494.211,4.065,367.024
2197.2,77.39,60.2,0.0,-2.7,6,495.622,4.001,362.605
2197.2,77.63,60.7,0.0,-2.7,6,497.062,3.954,358.190
2197.2,77.47,61.5,0.0,-3.1,6,498.530,3.903,353.774
2197.2,77.58,61.8,1.6,-3.1,6,499.527,3.863,350.836
2211.8,77.30,38.6,25.4,-2.9,6,501.049,3.816,346.435
2211.8,76.74,17.7,41.3,-2.2,6,502.072,3.781,343.527
2211.8,75.65,0.0,57.1,-1.6,6,503.617,3.726,339.232
2211.8,75.01,0.0,58.7,-1.6,6,504.653,3.681,336.408
2225.3,73.83,0.0,66.7,0.4,6,506.214,3.621,332.229
2225.3,72.75,0.0,68.3,1.2,6,507.761,3.581,328.121
2225.3,71.92,0.0,69.8,0.4,6,508.779,3.549,325.417
2225.3,70.84,0.0,69.8,0.2,6,510.281,3.507,321.409
2238.0,70.05,7.9,69.8,1.0,0,511.266,3.485,318.769
2238.0,68.93,0.0,69.8,1.8,5,512.718,3.450,314.865
2238.0,67.82,0.0,66.7,2.2,5,514.129,3.421,311.019
2238.0,67.10,0.0,61.9,2.7,5,515.044,3.402,308.480
2249.9,66.25,0.0,54.0,2.9,5,516.373,3.382,304.709
2249.9,65.63,0.0,50.8,2.5,5,517.228,3.368,302.212
2249.9,64.84,0.0,47.6,2.5,5,518.468,3.346,298.497
2249.9,64.30,0.0,46.0,3.3,5,519.266,3.337,296.039
2261.2,63.56,0.0,42.9,5.9,5,520.415,3.323,292.376
2261.2,63.07,0.0,42.9,6.8,5,521.142,3.308,289.946
2261.2,62.37,0.0,39.7,7.6,5,522.164,3.292,286.325
2261.2,61.96,0.0,30.2,6.7,5,522.796,3.281,283.921
2271.7,61.58,0.0,19.0,6.1,5,523.676,3.260,280.320
2271.7,61.58,0.0,19.0,6.1,5,523.676,3.260,280.320
2271.7,61.58,0.0,19.0,6.1,5,523.676,3.260,280.320
2271.7,61.58,0.0,19.0,6.1,5,523.676,3.260,280.320
2271.7,61.58,0.0,19.0,6.1,5,523.676,3.260,280.320
2271.7,61.58,0.0,19.0,6.1,5,523.676,3.260,280.320
2271.7,61.58,0.0,19.0,6.1,5,523.676,3.260,280.320
2271.7,61.58,0.0,19.0,6.1,5,523.676,3.260,280.320
2271.7,61.58,0.0,19.0,6.1,5,523.676,3.260,280.320
2271.7,61.58,0.0,19.0,6.1,5,523.676,3.260,280.320
2271.7,61.58,0.0,19.0,6.1,5,523.676,3.260,280.320
2271.7,61.58,0.0,19.0,6.1,5,523.676,3.260,280.320
2271.7,61.58,0.0,19.0,6.1,5,523.676,3.260,280.320
2271.7,61.58,0.0,19.0,6.1,5,523.676,3.260,280.320
2271.7,61.58,0.0,19.0,6.1,5,523.676,3.260,280.320
2271.7,61.58,0.0,19.0,6.1,5,523.676,3.260,280.320
2271.7,61.58,0.0,19.0,6.1,5,523.676,3.260,280.320
2271.7,61.58,0.0,19.0,6.1,5,523.676,3.260,280.320
2271.7,61.58,0.0,19.0,6.1,5,523.676,3.260,280.320
2271.7,61.58,0.0,19.0,6.1,5,523.676,3.260,280.320
2271.7,61.58,0.0,19.0,6.1,5,523.676,3.260,280.320
2271.7,61.58,0.0,19.0,6.1,5,523.676,3.260,280.320
2271.7,61.58,0.0,19.0,6.1,5,523.676,3.260,280.320
2271.7,61.58,0.0,19.0,6.1,5,523.676,3.260,280.320
2271.7,61.58,0.0,19.0,6.1,5,523.676,3.260,280.320
2271.7,61.58,0.0,19.0,6.1,5,523.676,3.260,280.320
2271.7,61.58,0.0,19.0,6.1,5,523.676,3.260,280.320
2271.7,61.58,0.0,19.0,6.1,5,523.676,3.260,280.320
2271.7,61.58,0.0,19.0,6.1,5,523.676,3.260,280.320
2271.7,61.58,0.0,19.0,6.1,5,523.676,3.260,280.320
2271.7,61.58,0.0,19.0,6.1,5,523.676,3.260,280.320
2271.7,61.58,0.0,19.0,6.1,5,523.676,3.260,280.320
2271.7,61.58,0.0,19.0,6.1,5,523.676,3.260,280.320
2271.7,61.58,0.0,19.0,6.1,5,523.676,3.260,280.320
2271.7,61.58,0.0,19.0,6.1,5,523.676,3.260,280.320
2271.7,61.58,0.0,19.0,6.1,5,523.676,3.260,280.320
2271.7,61.58,0.0,19.0,6.1,5,523.676,3.260,280.320
2271.7,61.58,0.0,19.0,6.1,5,523.676,3.260,280.320
2271.7,61.58,0.0,19.0,6.1,5,523.676,3.260,280.320
2271.7,61.58,0.0,19.0,6.1,5,523.676,3.260,280.320
2271.7,61.58,0.0,19.0,6.1,5,523.676,3.260,280.320
2271.7,61.58,0.0,19.0,6.1,5,523.676,3.260,280.320
2271.7,61.58,0.0,19.0,6.1,5,523.676,3.260,280.320
2271.7,61.58,0.0,19.0,6.1,5,523.676,3.260,280.320
2271.7,61.58,0.0,19.0,6.1,5,523.676,3.260,280.320
2271.7,61.58,0.0,19.0,6.1,5,523.676,3.260,280.320
2271.7,61.58,0.0,19.0,6.1,5,523.676,3.260,280.320
2271.7,61.58,0.0,19.0,6.1,5,523.676,3.260,280.320
2271.7,61.58,0.0,19.0,6.1,5,523.676,3.260,280.320
2271.7,61.58,0.0,19.0,6.1,5,523.676,3.260,280.320
2271.7,61.58,0.0,19.0,6.1,5,523.676,3.260,280.320
2271.7,61.58,0.0,19.0,6.1,5,523.676,3.260,280.320
2271.7,61.58,0.0,19.0,6.1,5,523.676,3.260,280.320
2271.7,61.58,0.0,19.0,6.1,5,523.676,3.260,280.320
2271.7,61.58,0.0,19.0,6.1,5,523.676,3.260,280.320
2271.7,61.58,0.0,19.0,6.1,5,523.676,3.260,280.320
2271.7,61.58,0.0,19.0,6.1,5,523.676,3.260,280.320
2271.7,61.58,0.0,19.0,6.1,5,523.676,3.260,280.320
2271.7,61.58,0.0,19.0,6.1,5,523.676,3.260,280.320
2271.7,61.58,0.0,19.0,6.1,5,523.676,3.260,280.320
2271.7,61.58,0.0,19.0,6.1,5,523.676,3.260,280.320
2271.7,61.58,0.0,19.0,6.1,5,523.676,3.260,280.320
2271.7,61.58,0.0,19.0,6.1,5,523.676,3.260,280.320
2271.7,61.58,0.0,19.0,6.1,5,523.676,3.260,280.320
2271.7,61.58,0.0,19.0,6.1,5,523.676,3.260,280.320
2271.7,61.58,0.0,19.0,6.1,5,523.676,3.260,280.320
2271.7,61.58,0.0,19.0,6.1,5,523.676,3.260,280.320
2271.7,61.58,0.0,19.0,6.1,5,523.676,3.260,280.320
2271.7,61.58,0.0,19.0,6.1,5,523.676,3.260,280.320
2271.7,61.58,0.0,19.0,6.1,5,523.676,3.260,280.320
2271.7,61.58,0.0,19.0,6.1,5,523.676,3.260,280.320
2271.7,61.58,0.0,19.0,6.1,5,523.676,3.260,280.320
2271.7,61.58,0.0,19.0,6.1,5,523.676,3.260,280.320
2271.7,61.58,0.0,19.0,6.1,5,523.676,3.260,280.320
2271.7,61.58,0.0,19.0,6.1,5,523.676,3.260,280.320
2271.7,61.58,0.0,19.0,6.1,5,523.676,3.260,280.320
2271.7,61.58,0.0,19.0,6.1,5,523.676,3.260,280.320
2271.7,61.58,0.0,19.0,6.1,5,523.676,3.260,280.320
2271.7,61.58,0.0,19.0,6.1,5,523.676,3.260,280.320
2271.7,61.58,0.0,19.0,6.1,5,523.676,3.260,280.320
2271.7,61.58,0.0,19.0,6.1,5,523.676,3.260,280.320
2271.7,48.19,68.5,0.0,-10.6,3,515.394,3.336,71.719
2271.7,48.88,73.5,0.0,-10.2,3,518.776,3.227,64.738
2444.0,49.19,75.3,0.0,-9.6,3,520.163,3.195,62.149
2444.0,49.51,75.6,0.0,-8.8,3,521.609,3.160,59.566
2444.0,49.69,75.8,0.0,-8.4,3,522.605,3.143,57.847
2453.2,49.96,74.5,0.0,-7.6,3,524.135,3.112,55.279
2453.2,50.12,74.7,0.0,-6.8,3,525.179,3.089,53.571
2453.2,50.36,68.9,0.0,-4.3,3,526.777,3.067,51.018
2453.2,50.44,56.8,3.2,-2.2,3,527.858,3.041,49.319
2462.9,49.76,18.6,27.0,1.0,3,529.474,3.015,46.778
2462.9,49.25,0.0,46.0,4.3,3,530.524,2.988,45.108
2462.9,48.25,0.0,54.0,8.0,3,532.057,2.956,42.623
2462.9,47.71,0.0,52.4,9.2,3,533.041,2.933,40.977
2472.9,46.92,0.0,49.2,9.2,3,534.454,2.901,38.518
2472.9,46.39,0.0,49.2,9.2,3,535.356,2.877,36.886
2472.9,45.71,0.0,46.0,10.4,3,536.651,2.844,34.445
2472.9,45.28,0.0,41.3,10.8,3,537.473,2.820,32.821
2483.3,44.73,0.0,33.3,10.4,3,538.646,2.787,30.386
2483.3,44.40,0.0,25.4,10.8,3,539.386,2.762,28.765
2483.3,44.11,0.0,12.7,11.0,3,540.435,2.719,26.324
2483.3,43.83,0.0,12.7,10.2,3,541.410,2.686,23.873
2494.0,43.61,0.0,9.5,10.2,3,542.025,2.655,22.235
2494.0,43.36,0.0,6.3,10.6,3,542.888,2.624,19.773
2494.0,43.27,0.0,3.2,11.4,3,543.425,2.595,18.124
2494.0,43.13,0.0,3.2,12.9,3,544.174,2.553,15.636
2505.1,42.97,0.0,3.2,14.1,3,544.641,2.530,13.978
2505.1,42.75,0.0,3.2,15.7,3,545.281,2.491,11.490
2505.1,42.65,0.0,3.2,16.0,3,545.662,2.463,9.827
2505.1,42.39,0.0,3.2,16.2,3,546.166,2.427,7.327
2516.3,42.24,0.0,3.2,16.0,3,546.458,2.407,5.659
2516.3,42.04,0.0,3.2,17.2,3,546.831,2.367,3.158
2516.3,41.89,0.0,3.2,18.4,3,547.044,2.342,1.496
2516.3,41.69,0.0,1.6,19.2,3,547.305,2.300,-0.994
2527.8,41.51,0.0,0.0,19.6,3,547.484,2.257,-3.483
2527.8,41.38,0.0,0.0,19.6,3,547.563,2.227,-5.139
2527.8,41.23,0.0,0.0,19.6,3,547.621,2.186,-7.617
2527.8,41.10,1.6,0.0,20.2,3,547.618,2.152,-9.262
2539.4,40.98,6.3,0.0,21.1,3,547.558,2.102,-11.719
2539.4,40.95,9.7,0.0,21.5,3,547.477,2.071,-13.353
2539.4,40.86,13.7,0.0,21.1,3,547.293,2.025,-15.795
2539.4,40.80,16.9,0.0,20.9,3,547.126,1.988,-17.421
2551.2,40.80,24.8,0.0,20.7,3,546.808,1.952,-19.848
2551.2,40.82,32.0,0.0,20.5,3,546.556,1.923,-21.457
2551.2,40.93,43.0,0.0,20.5,3,546.118,1.887,-23.866
2551.2,41.08,48.5,0.0,20.9,3,545.784,1.865,-25.469
2563.1,41.23,52.7,0.0,20.9,3,545.230,1.829,-27.875
2563.1,41.44,59.5,0.0,20.7,3,544.820,1.808,-29.477
2563.1,41.77,73.2,0.0,20.4,3,544.150,1.772,-31.875
2563.1,42.00,89.8,0.0,20.9,3,543.410,1.735,-34.276
2575.3,42.20,91.1,0.0,21.1,3,542.882,1.718,-35.876
2575.3,42.58,57.1,0.0,20.9,3,542.033,1.683,-38.273
2575.3,42.70,57.2,0.0,20.9,3,541.424,1.664,-39.865
2575.3,42.94,57.3,0.0,20.9,3,540.451,1.631,-42.241
2587.6,42.99,91.2,0.0,20.9,3,539.760,1.615,-43.812
2587.6,43.24,57.4,0.0,21.1,3,538.654,1.591,-46.150
2587.6,43.40,57.4,0.0,21.5,3,537.879,1.570,-47.697
2587.6,43.59,91.2,0.0,23.1,3,536.671,1.548,-50.004
2600.0,43.79,57.6,0.0,23.3,3,535.828,1.533,-51.532
2600.0,43.97,57.8,0.0,20.0,3,534.500,1.507,-53.799
2600.0,44.10,91.2,0.0,14.9,3,533.571,1.492,-55.293
2600.0,44.51,57.9,0.0,6.1,3,532.124,1.468,-57.521
2612.6,44.63,91.2,0.0,3.3,3,531.127,1.458,-58.996
2612.6,45.17,91.2,0.0,7.2,3,529.583,1.433,-61.206
2612.6,45.47,91.2,0.0,12.9,3,528.518,1.424,-62.672
2612.6,45.86,91.2,0.0,18.8,3,526.870,1.398,-64.860
2625.3,46.11,91.2,0.0,19.4,3,525.738,1.374,-66.311
2625.3,46.32,91.3,0.0,17.8,3,523.987,1.350,-68.460
2625.3,46.59,91.3,0.0,16.0,3,522.174,1.316,-70.577
2625.3,46.81,59.8,0.0,14.5,3,520.930,1.292,-71.971
2638.2,46.99,60.3,0.0,12.5,3,519.015,1.260,-74.030
2638.2,47.16,60.6,0.0,11.2,3,517.705,1.239,-75.378
2638.2,47.41,60.8,0.0,9.4,3,515.687,1.203,-77.369
2638.2,47.56,91.3,0.0,8.6,3,514.311,1.174,-78.676
2651.2,47.79,91.3,0.0,8.0,3,512.205,1.130,-80.607
2651.2,48.04,61.5,0.0,7.8,3,510.768,1.109,-81.872
2651.2,48.43,91.4,0.0,7.2,3,508.556,1.065,-83.736
2651.2,48.73,91.4,0.0,6.8,3,507.047,1.044,-84.959
2664.4,49.12,91.4,0.0,6.5,3,504.738,1.005,-86.767
2664.4,49.35,91.4,0.0,6.7,3,503.171,0.980,-87.959
2664.4,49.74,91.4,0.0,7.4,3,500.785,0.945,-89.737
2664.4,49.99,91.4,0.0,7.4,3,499.176,0.913,-90.914
2677.8,50.33,91.4,0.0,7.2,3,496.727,0.873,-92.659
2677.8,50.62,91.5,0.0,7.0,3,495.069,0.840,-93.811
2677.8,50.99,91.4,0.0,6.8,3,492.545,0.794,-95.524
2677.8,51.19,91.6,0.0,6.5,3,490.844,0.765,-96.654
2691.4,51.54,91.5,0.0,5.5,3,488.261,0.727,-98.328
2691.4,51.85,91.5,0.0,3.9,3,485.646,0.691,-99.990
2691.4,52.09,91.3,0.0,3.1,3,483.889,0.660,-101.098
2704.2,52.41,91.6,0.0,2.2,3,481.232,0.631,-102.761
2704.2,52.60,91.7,0.0,0.6,3,479.450,0.608,-103.873
2704.2,52.92,90.3,0.0,-3.1,3,476.768,0.569,-105.553
2704.2,53.06,88.9,0.0,-5.5,3,474.981,0.546,-106.691
2715.8,53.03,0.0,0.0,-7.0,0,472.312,0.517,-108.432
2715.8,53.59,90.7,0.0,-7.4,4,470.544,0.493,-109.612
2715.8,53.75,88.7,0.0,-7.4,4,467.897,0.463,-111.438
2715.8,53.98,87.5,0.0,-7.4,4,466.140,0.447,-112.683
2726.5,54.27,85.6,0.0,-7.6,4,463.516,0.417,-114.591
2726.5,54.49,84.3,0.0,-7.8,4,461.776,0.394,-115.892
2726.5,54.80,82.5,0.0,-7.2,4,459.179,0.365,-117.895
2726.5,55.07,81.2,0.0,-6.5,4,457.459,0.347,-119.262
2736.4,55.38,79.3,0.0,-6.8,4,454.890,0.324,-121.351
2736.4,55.56,78.1,0.0,-7.4,4,453.186,0.301,-122.767
2736.4,55.91,76.3,0.0,-7.6,4,450.648,0.270,-124.940
2736.4,56.09,75.0,0.0,-7.4,4,448.968,0.258,-126.423
2745.6,56.39,73.2,0.0,-6.5,4,446.469,0.238,-128.689
2745.6,56.62,71.9,0.0,-5.7,4,444.816,0.222,-130.229
2745.6,56.96,70.0,0.0,-5.3,4,442.344,0.198,-132.573
2745.6,57.26,68.1,0.0,-5.1,4,439.888,0.187,-134.955
2753.9,57.43,66.9,0.0,-5.1,4,438.258,0.175,-136.568
2753.9,57.70,65.0,0.0,-4.9,4,435.826,0.161,-139.021
2753.9,57.92,63.7,0.0,-4.7,4,434.211,0.156,-140.674
2753.9,58.20,61.9,0.0,-5.1,4,431.794,0.145,-143.180
2761.6,58.43,60.6,0.0,-5.5,4,430.191,0.147,-144.871
2761.6,58.68,60.0,0.0,-5.9,4,427.796,0.133,-147.444
2761.6,58.86,60.1,0.0,-5.9,4,426.213,0.125,-149.181
2761.6,59.14,60.1,0.0,-5.5,4,423.858,0.121,-151.821
2768.7,59.32,60.1,0.0,-5.3,4,422.300,0.124,-153.603
2768.7,59.60,60.0,0.0,-5.3,4,419.979,0.128,-156.308
2768.7,59.75,59.8,0.0,-5.3,4,418.441,0.129,-158.134
2768.7,60.05,59.7,0.0,-5.3,4,416.151,0.136,-160.905
2775.1,60.22,59.6,0.0,-5.1,4,414.633,0.131,-162.769
2775.1,60.46,59.3,0.0,-5.1,4,412.371,0.129,-165.593
2775.1,60.62,58.8,0.0,-5.1,4,410.876,0.130,-167.496
2775.1,60.86,58.2,0.0,-4.9,4,408.653,0.114,-170.385
2781.0,61.00,58.6,0.0,-5.1,4,407.183,0.106,-172.331
2781.0,51.98,91.3,0.0,10.0,4,-466.354,-5.899,-420.003
2781.0,52.28,64.0,0.0,7.4,4,-465.949,-5.919,-416.899
2781.0,52.46,91.3,0.0,5.9,4,-465.632,-5.937,-414.830
2786.4,52.74,91.3,0.0,3.7,4,-465.091,-5.958,-411.723
2786.4,52.91,90.0,0.0,3.5,4,-464.688,-5.973,-409.650
2786.4,53.22,88.2,0.0,4.1,4,-464.020,-5.992,-406.543
2786.4,53.43,86.9,0.0,4.7,4,-463.541,-6.013,-404.466
2791.8,53.69,85.0,0.0,6.5,4,-462.777,-6.034,-401.347
2791.8,53.87,83.7,0.0,6.5,4,-462.238,-6.058,-399.263
2791.8,54.34,81.8,0.0,15.5,4,-461.369,-6.102,-396.137
2791.8,54.43,80.6,0.0,17.2,4,-460.737,-6.132,-394.055
2797.6,54.77,78.7,0.0,14.9,4,-459.720,-6.152,-390.938
2797.6,54.95,77.5,0.0,11.9,4,-459.003,-6.166,-388.865
2797.6,55.27,75.6,0.0,8.8,4,-457.869,-6.181,-385.759
2797.6,55.48,74.4,0.0,8.0,4,-457.076,-6.197,-383.693
2805.0,55.80,72.5,0.0,7.6,4,-455.826,-6.212,-380.600
2805.0,55.98,71.3,0.0,7.6,4,-454.954,-6.226,-378.542
2805.0,56.29,69.4,0.0,7.4,4,-453.594,-6.237,-375.463
2805.0,56.58,67.5,0.0,7.2,4,-452.173,-6.251,-372.390
2811.2,56.77,66.3,0.0,6.8,4,-451.193,-6.259,-370.346
2811.2,57.09,64.4,0.0,7.0,4,-449.677,-6.269,-367.282
2811.2,57.30,63.1,0.0,7.2,4,-448.638,-6.279,-365.243
2811.2,57.56,61.2,0.0,7.4,4,-447.034,-6.293,-362.197
2817.3,57.78,60.0,0.0,7.0,4,-445.932,-6.301,-360.173
2817.3,58.06,60.0,0.0,5.5,4,-444.226,-6.317,-357.147
2817.3,58.30,60.0,0.0,4.9,4,-443.060,-6.324,-355.132
2817.3,58.55,60.0,0.0,4.9,4,-441.278,-6.334,-352.115
2823.1,58.73,60.1,0.0,5.7,4,-440.064,-6.344,-350.111
2823.1,59.01,60.1,0.0,5.7,4,-438.208,-6.353,-347.108
2823.1,59.21,60.1,0.0,5.5,4,-436.948,-6.360,-345.110
2823.1,59.46,60.1,0.0,5.1,4,-435.019,-6.366,-342.116
2828.7,59.62,59.9,0.0,4.7,4,-433.709,-6.372,-340.127
2828.7,59.92,59.7,0.0,3.7,4,-431.712,-6.377,-337.148
2828.7,60.20,59.4,0.0,3.1,4,-429.687,-6.374,-334.170
2828.7,59.88,0.0,0.0,2.9,0,-428.329,-6.370,-332.193
2834.3,60.31,90.1,0.0,2.7,5,-426.269,-6.365,-329.231
2834.3,60.47,88.8,0.0,2.3,5,-424.871,-6.356,-327.253
2834.3,60.94,86.8,0.0,2.5,5,-422.757,-6.340,-324.281
2834.3,61.17,85.5,0.0,2.5,5,-421.338,-6.331,-322.298
2840.0,61.16,83.6,0.0,1.8,5,-419.188,-6.313,-319.324
2840.0,61.16,82.4,0.0,1.6,5,-417.743,-6.307,-317.339
2840.0,61.77,80.4,0.0,1.4,5,-415.561,-6.291,-314.360
2840.0,61.98,79.2,0.0,1.6,5,-414.100,-6.283,-312.371
2846.1,61.71,77.4,0.0,1.4,5,-411.897,-6.267,-309.392
2846.1,62.53,76.1,0.0,1.2,5,-410.418,-6.254,-307.396
2846.1,62.36,74.2,0.0,1.2,5,-408.175,-6.240,-304.378
2852.4,62.44,72.3,0.0,1.2,5,-405.937,-6.228,-301.370
2852.4,63.09,71.1,0.0,1.2,5,-404.433,-6.223,-299.354
2852.4,63.36,69.3,0.0,0.4,5,-402.155,-6.205,-296.327
2852.4,63.21,68.0,0.0,0.4,5,-400.633,-6.191,-294.303
2858.8,63.26,66.2,0.0,1.4,5,-398.345,-6.172,-291.263
2858.8,63.58,65.0,0.0,0.8,5,-396.811,-6.157,-289.232
2858.8,63.80,63.1,0.0,0.6,5,-394.496,-6.138,-286.176
2858.8,63.84,61.9,0.0,0.8,5,-392.951,-6.128,-284.135
2866.2,64.28,60.0,0.0,0.8,5,-390.616,-6.104,-281.065
2866.2,64.36,60.1,0.0,0.6,5,-389.052,-6.088,-279.009
2866.2,64.70,60.1,0.0,0.4,5,-386.697,-6.066,-275.925
2866.2,64.73,60.1,0.0,0.2,5,-385.123,-6.052,-273.863
2872.9,65.14,60.1,0.0,0.0,5,-382.764,-6.026,-270.765
2872.9,65.19,60.1,0.0,-0.2,5,-381.184,-6.008,-268.686
2872.9,65.48,60.1,0.0,0.0,5,-378.811,-5.983,-265.562
2872.9,65.77,60.1,0.0,0.4,5,-376.430,-5.952,-262.426
2880.7,65.86,60.1,0.0,0.2,5,-374.837,-5.937,-260.330
2880.7,66.07,60.1,0.0,-0.4,5,-372.441,-5.906,-257.181
2880.7,66.21,60.1,0.0,-0.4,5,-370.841,-5.886,-255.072
2880.7,66.38,60.1,0.0,-0.2,5,-368.442,-5.857,-251.898
2887.2,66.59,60.1,0.0,-0.2,5,-366.839,-5.828,-249.777
2887.2,66.77,60.1,0.0,0.0,5,-364.426,-5.791,-246.587
2887.2,66.89,60.1,0.0,0.2,5,-362.816,-5.763,-244.453
2887.2,67.15,60.1,0.0,0.2,5,-360.390,-5.721,-241.246
2893.5,67.24,60.2,0.0,-0.2,5,-358.766,-5.694,-239.103
2893.5,67.45,60.2,0.0,-0.2,5,-356.331,-5.645,-235.881
2893.5,67.58,60.2,0.0,0.4,5,-354.705,-5.613,-233.727
2893.5,67.81,60.2,0.0,0.8,5,-352.256,-5.569,-230.494
2899.9,67.97,60.2,0.0,0.2,5,-349.788,-5.526,-227.252
2899.9,68.17,60.2,0.0,-0.2,5,-348.138,-5.502,-225.087
2899.9,68.29,60.2,0.0,0.2,5,-345.663,-5.456,-221.827
2899.9,68.00,0.0,0.0,0.8,0,-344.012,-5.433,-219.653
2905.7,68.79,0.0,0.0,0.8,6,-341.526,-5.388,-216.385
2905.7,68.49,90.8,0.0,-0.6,6,-339.859,-5.360,-214.198
2905.7,68.69,88.9,0.0,-0.6,6,-337.372,-5.318,-210.924
2905.7,68.85,87.6,0.0,0.4,6,-335.716,-5.287,-208.736
2911.5,69.02,85.7,0.0,0.8,6,-333.223,-5.240,-205.449
2911.5,69.13,84.4,0.0,-0.2,6,-331.552,-5.209,-203.253
2911.5,69.33,82.5,0.0,-0.8,6,-329.039,-5.160,-199.946
2911.5,69.50,81.2,0.0,0.2,6,-327.364,-5.118,-197.732
2917.6,69.60,79.3,0.0,1.2,6,-324.846,-5.071,-194.407
2917.6,69.79,78.0,0.0,1.0,6,-323.160,-5.036,-192.195
2917.6,69.88,76.1,0.0,-1.2,6,-320.623,-4.975,-188.866
2917.6,70.02,74.8,0.0,-0.8,6,-318.934,-4.944,-186.634
2923.8,70.19,72.9,0.0,0.6,6,-316.400,-4.881,-183.279
2923.8,70.38,71.1,0.0,-0.4,6,-313.852,-4.826,-179.920
2923.8,70.46,69.8,0.0,-1.4,6,-312.150,-4.795,-177.679
2923.8,70.58,67.9,0.0,-0.8,6,-309.604,-4.733,-174.298
2930.4,70.82,66.7,0.0,0.4,6,-307.905,-4.702,-172.033
2930.4,70.96,64.7,0.0,0.0,6,-305.345,-4.645,-168.639
2930.4,70.99,63.6,0.0,-1.0,6,-303.635,-4.605,-166.374
2930.4,71.30,61.7,0.0,-1.2,6,-301.073,-4.542,-162.963
2937.3,71.29,60.4,0.0,0.2,6,-299.363,-4.503,-160.680
2937.3,71.46,59.8,0.0,-0.2,6,-296.798,-4.447,-157.255
2937.3,71.55,59.9,0.0,-1.2,6,-295.082,-4.408,-154.969
2937.3,71.75,59.9,0.0,-0.8,6,-292.515,-4.346,-151.524
2944.3,71.82,59.9,0.0,-0.2,6,-290.805,-4.306,-149.221
2944.3,71.98,60.0,0.0,-0.6,6,-288.236,-4.246,-145.760
2944.3,72.09,60.0,0.0,-1.6,6,-286.520,-4.204,-143.446
2944.3,72.25,60.1,0.0,-0.6,6,-283.953,-4.141,-139.959
2951.7,72.41,60.1,0.0,0.0,6,-281.385,-4.080,-136.461
2951.7,72.47,60.1,0.0,-0.8,6,-279.670,-4.041,-134.127
2951.7,72.64,60.2,0.0,-1.4,6,-277.095,-3.977,-130.615
2951.7,72.85,60.2,0.0,-0.6,6,-275.380,-3.938,-128.262
2959.3,72.93,60.2,0.0,-0.2,6,-272.809,-3.874,-124.729
2959.3,73.00,60.2,0.0,-1.2,6,-271.091,-3.836,-122.372
2959.3,73.16,60.2,0.0,-1.8,6,-268.520,-3.765,-118.824
2959.3,73.27,60.2,0.0,-0.8,6,-266.810,-3.725,-116.449
2967.3,73.39,60.2,0.0,-0.4,6,-264.242,-3.663,-112.872
2967.3,73.51,60.2,0.0,-1.6,6,-262.529,-3.616,-110.485
2967.3,73.62,60.2,0.0,-2.0,6,-259.967,-3.552,-106.895
2967.3,73.73,60.2,0.0,-1.0,6,-258.268,-3.511,-104.490
2975.4,73.88,60.2,0.0,-0.8,6,-255.716,-3.442,-100.869
2975.4,74.01,60.2,0.0,-1.4,6,-254.011,-3.394,-98.449
2975.4,74.10,60.2,0.0,-1.0,6,-251.462,-3.331,-94.811
2984.0,74.23,60.2,0.0,0.0,6,-248.918,-3.263,-91.163
2984.0,74.35,60.2,0.0,0.2,6,-247.217,-3.215,-88.729
2984.0,74.39,60.2,0.0,-0.8,6,-244.660,-3.149,-85.076
2984.0,74.47,60.2,0.0,-0.8,6,-242.957,-3.106,-82.633
2992.8,74.60,60.2,0.0,1.4,6,-240.402,-3.045,-78.952
2992.8,74.77,60.2,0.0,1.0,6,-238.691,-2.999,-76.506
2992.8,75.14,60.2,0.0,-0.8,6,-236.113,-2.936,-72.827
2992.8,74.74,60.2,0.0,0.0,6,-234.392,-2.889,-70.367
3001.9,74.90,60.2,0.0,2.2,6,-231.826,-2.818,-66.683
3001.9,75.48,60.2,0.0,1.8,6,-230.093,-2.765,-64.222
3001.9,74.77,60.3,0.0,0.2,6,-227.472,-2.701,-60.550
3001.9,75.69,60.3,0.0,2.3,6,-225.725,-2.659,-58.095
3011.4,75.22,60.4,0.0,7.4,6,-223.097,-2.587,-54.424
3011.4,75.42,60.3,0.0,9.6,6,-221.315,-2.538,-51.995
3011.4,75.57,60.3,0.0,10.4,6,-218.570,-2.473,-48.397
3011.4,75.46,60.4,0.0,12.9,6,-216.687,-2.414,-46.033
3021.1,75.46,60.4,0.0,17.4,6,-213.805,-2.343,-42.545
3021.1,75.15,60.4,0.0,21.9,6,-210.859,-2.266,-39.108
3021.1,75.53,60.4,0.0,24.7,6,-208.854,-2.222,-36.845
3021.1,75.77,60.4,0.0,26.0,6,-205.771,-2.150,-33.498
3031.3,75.52,49.6,0.0,26.6,6,-203.677,-2.104,-31.308
3031.3,75.36,24.6,0.0,25.8,6,-200.489,-2.028,-28.093
3031.3,75.11,11.7,0.0,26.2,6,-198.333,-1.981,-25.996
3031.3,74.67,0.0,0.0,27.0,6,-195.051,-1.913,-22.930
3041.9,74.41,0.0,0.0,27.0,6,-192.827,-1.862,-20.943
3041.9,74.04,0.0,0.0,27.6,6,-189.448,-1.785,-18.042
3041.9,73.88,0.0,0.0,27.8,6,-187.165,-1.734,-16.160
3041.9,73.55,0.0,3.2,27.8,6,-183.702,-1.676,-13.408
3053.1,73.20,0.0,11.1,28.0,6,-181.373,-1.633,-11.622
3053.1,72.62,0.0,15.9,28.4,6,-177.861,-1.595,-9.019
3053.1,72.26,0.0,15.9,28.2,6,-175.507,-1.576,-7.334
3053.1,71.65,0.0,17.5,27.2,6,-171.956,-1.546,-4.881
3064.7,71.07,0.0,17.5,25.6,6,-168.380,-1.522,-2.532
3064.7,70.66,0.0,14.3,24.5,6,-165.979,-1.502,-1.029
3064.7,70.21,0.0,9.5,23.9,6,-162.352,-1.466,1.135
3064.7,69.93,0.0,7.9,23.5,6,-159.917,-1.446,2.517
3075.6,69.49,0.0,3.2,22.3,6,-156.239,-1.407,4.500
3075.6,69.35,0.0,0.0,21.7,6,-153.771,-1.383,5.766
3075.6,69.04,0.0,0.0,21.5,6,-150.045,-1.356,7.596
3075.6,68.80,4.8,0.0,22.7,6,-147.548,-1.332,8.767
3086.3,68.66,20.4,0.0,22.3,6,-143.775,-1.308,10.420
3086.3,68.59,26.3,0.0,21.7,6,-141.236,-1.281,11.468
3086.3,68.49,52.0,0.0,20.2,6,-137.405,-1.249,12.968
3086.3,68.53,62.3,0.0,20.2,6,-133.542,-1.213,14.368
3097.1,68.57,72.6,0.0,20.0,6,-130.948,-1.185,15.254
3097.1,68.74,78.0,0.0,20.5,6,-127.024,-1.147,16.506
3097.1,68.77,77.6,0.0,20.9,6,-124.385,-1.125,17.292
3097.1,68.83,76.6,0.0,21.5,6,-120.403,-1.092,18.398
3108.2,68.90,76.1,0.0,21.7,6,-117.737,-1.067,19.081
3108.2,69.07,74.2,0.0,21.3,6,-113.709,-1.032,20.020
3108.2,69.07,72.9,0.0,21.7,6,-111.009,-1.007,20.598
3108.2,69.12,69.8,0.0,23.1,6,-106.938,-0.971,21.389
3119.5,69.16,63.8,0.0,22.7,6,-102.843,-0.933,22.066
3119.5,69.31,65.4,0.0,22.1,6,-100.104,-0.903,22.468
3119.5,69.33,65.9,0.0,22.3,6,-95.983,-0.859,23.000
3119.5,69.43,64.7,0.0,21.7,6,-93.224,-0.833,23.299
3131.1,69.54,62.8,0.0,19.2,6,-89.071,-0.785,23.656
3131.1,69.59,61.5,0.0,17.2,6,-86.295,-0.752,23.841
3131.1,69.67,59.6,0.0,14.9,6,-82.125,-0.696,24.037
3131.1,69.77,59.7,0.0,14.5,6,-79.340,-0.664,24.111
3142.9,69.85,59.7,0.0,15.9,6,-75.155,-0.614,24.137
3142.9,69.87,59.7,0.0,16.4,6,-72.360,-0.571,24.096
3142.9,69.99,59.7,0.0,17.4,6,-68.169,-0.520,23.950
3142.9,70.03,59.7,0.0,17.2,6,-65.375,-0.483,23.800
3154.9,70.16,59.7,0.0,16.2,6,-61.182,-0.426,23.504
3154.9,70.30,59.7,0.0,13.9,6,-56.995,-0.372,23.105
3154.9,70.41,59.7,0.0,11.7,6,-54.205,-0.337,22.793
3167.0,70.37,59.8,0.0,7.2,6,-50.015,-0.269,22.253
3167.0,70.55,59.6,0.0,6.7,6,-47.224,-0.238,21.863
3167.0,70.60,59.7,0.0,7.2,6,-43.039,-0.186,21.218
3167.0,70.69,59.9,0.0,6.3,6,-40.252,-0.157,20.735
3179.3,71.42,59.9,0.0,3.5,6,-36.080,-0.099,19.943
3179.3,71.12,59.6,0.0,3.9,6,-33.288,-0.067,19.402
3179.3,71.12,59.6,0.0,5.1,6,-29.104,-0.039,18.574
3179.3,71.36,59.8,0.0,2.9,6,-26.316,-0.037,17.989
3191.7,71.50,59.8,0.0,-4.9,6,-22.129,-0.006,17.090
3191.7,71.57,59.7,0.0,-7.6,6,-19.327,0.014,16.519
3191.7,71.70,59.9,0.0,-7.0,6,-15.107,0.032,15.734
3191.7,71.77,60.1,0.0,-7.6,6,-12.278,0.048,15.261
3204.3,71.86,60.1,0.0,-11.5,6,-8.018,0.074,14.624
3204.3,71.89,60.1,0.0,-13.7,6,-5.167,0.091,14.250
3204.3,71.98,60.2,0.0,-16.2,6,-0.879,0.126,13.775
3204.3,72.04,60.2,0.0,-17.8,6,3.423,0.162,13.405
3217.1,72.02,60.2,0.0,-18.4,6,6.298,0.188,13.222
3217.1,72.13,60.2,0.0,-18.2,6,10.618,0.232,13.033
3217.1,72.17,60.2,0.0,-17.8,6,13.501,0.264,12.965
3217.1,72.14,60.2,0.0,-17.2,6,17.824,0.317,12.964
3230.0,72.22,60.2,0.0,-16.6,6,20.708,0.352,13.024
3230.0,72.26,60.2,0.0,-15.9,6,25.037,0.422,13.199
3230.0,72.42,60.2,0.0,-15.3,6,27.924,0.469,13.377
3230.0,72.28,60.2,0.0,-15.1,6,32.248,0.543,13.729
3243.1,72.30,60.2,0.0,-15.3,6,35.131,0.577,14.010
3243.1,72.74,60.2,0.0,-16.6,6,39.452,0.639,14.476
3243.1,72.57,60.2,0.0,-17.0,6,42.341,0.675,14.837
3243.1,72.41,60.3,0.0,-17.4,6,46.651,0.727,15.452
3256.4,72.76,60.2,0.0,-17.0,6,50.947,0.782,16.187
3256.4,73.04,60.2,0.0,-16.6,6,53.809,0.828,16.730
3256.4,72.72,60.2,0.0,-17.0,6,58.089,0.883,17.621
3256.4,72.89,60.2,0.0,-17.6,6,60.928,0.926,18.264
3269.7,72.96,60.2,0.0,-17.4,6,65.165,0.988,19.334
3269.7,73.06,60.2,0.0,-17.0,6,67.980,1.030,20.103
3269.7,73.08,60.2,0.0,-17.0,6,72.188,1.087,21.334
3269.7,73.11,60.2,0.0,-16.8,6,74.976,1.135,22.212
3283.2,73.18,60.2,0.0,-16.4,6,79.133,1.197,23.607
3283.2,73.19,60.2,0.0,-16.4,6,81.886,1.237,24.593
3283.2,73.29,60.2,0.0,-16.2,6,85.985,1.298,26.160
3283.2,73.29,60.2,0.0,-15.7,6,88.701,1.347,27.258
3296.9,73.30,60.3,0.0,-14.7,6,92.744,1.411,28.991
3296.9,73.37,60.2,0.0,-14.7,6,95.414,1.451,30.203
3296.9,73.46,60.3,0.0,-15.5,6,99.392,1.515,32.095
3296.9,73.49,60.2,0.0,-15.7,6,103.319,1.587,34.089
3310.7,73.54,60.2,0.0,-15.3,6,105.911,1.626,35.475
3310.7,73.57,60.2,0.0,-13.9,6,109.762,1.697,37.626
3310.7,73.60,60.2,0.0,-12.9,6,112.299,1.743,39.111
3310.7,73.67,60.2,0.0,-11.4,6,116.062,1.813,41.421
3324.6,73.73,60.2,0.0,-10.8,6,118.543,1.860,43.010
3324.6,73.80,60.2,0.0,-9.6,6,122.220,1.918,45.472
3324.6,73.88,60.2,0.0,-8.2,6,124.644,1.962,47.161
3324.6,73.91,60.2,0.0,-7.2,6,128.237,2.022,49.756
3338.6,7.04,30.3,0.0,1.6,2,186.343,1.869,844.875
3338.6,7.10,30.3,0.0,1.6,2,186.765,1.869,844.898
3338.6,7.17,30.3,0.0,1.4,2,187.049,1.870,844.915
3338.6,7.23,30.3,0.0,1.4,2,187.481,1.877,844.940
3352.7,7.29,30.3,0.0,1.4,2,187.771,1.877,844.956
3352.7,7.39,30.3,0.0,1.6,2,188.211,1.877,844.981
3352.7,7.45,30.3,0.0,1.6,2,188.657,1.877,845.004
3366.9,7.54,30.3,0.0,1.4,2,189.107,1.877,845.028
3366.9,7.60,30.3,0.0,1.4,2,189.408,1.885,845.044
3366.9,7.67,30.3,0.0,1.4,2,189.866,1.885,845.070
3366.9,7.73,30.3,0.0,1.6,2,190.174,1.885,845.087
3381.2,7.82,30.3,0.0,1.6,2,190.640,1.885,845.112
3381.2,7.85,30.3,0.0,1.4,2,190.955,1.885,845.128
3381.2,7.95,30.3,0.0,1.4,2,191.431,1.893,845.153
3381.2,8.01,30.3,0.0,1.4,2,191.751,1.893,845.169
3395.7,8.10,37.2,0.0,1.4,2,192.233,1.893,845.192
3395.7,8.20,37.2,0.0,1.4,2,192.558,1.893,845.208
3395.7,8.35,51.3,0.0,1.6,2,193.053,1.901,845.232
3395.7,8.48,60.7,0.0,1.6,2,193.388,1.901,845.247
3410.2,8.76,76.3,0.0,1.6,2,193.907,1.901,845.271
3410.2,9.04,86.6,0.0,1.6,2,194.442,1.901,845.294
3410.2,9.26,89.8,0.0,1.6,2,194.810,1.909,845.310
3410.2,9.51,90.2,0.0,1.8,2,195.376,1.909,845.333
3424.9,9.70,90.1,0.0,1.2,2,195.761,1.909,845.349
3424.9,9.92,89.9,0.0,-1.4,2,196.349,1.910,845.375
3424.9,10.11,89.9,0.0,-3.7,2,196.750,1.917,845.398
3424.9,10.34,89.9,0.0,-7.8,2,197.367,1.918,845.435
3439.6,10.56,89.9,0.0,-9.8,2,197.786,1.918,845.465
3439.6,10.85,90.0,0.0,-11.4,2,198.426,1.926,845.517
3439.6,10.98,90.0,0.0,-11.4,2,198.861,1.926,845.551
3439.6,11.23,90.1,0.0,-10.8,2,199.525,1.926,845.607
3454.5,11.39,90.1,0.0,-10.4,2,199.977,1.926,845.648
3454.5,11.65,90.0,0.0,-9.4,2,200.666,1.934,845.713
3454.5,11.87,90.0,0.0,-8.2,2,201.134,1.934,845.758
3454.5,12.09,90.0,0.0,-6.8,2,201.850,1.942,845.826
3469.4,12.34,90.0,0.0,-6.1,2,202.582,1.942,845.898
3469.4,12.50,90.0,0.0,-5.7,2,203.077,1.943,845.948
3469.4,12.76,90.0,0.0,-4.9,2,203.832,1.951,846.026
3469.4,12.91,90.0,0.0,-4.3,2,204.342,1.951,846.080
3483.4,13.17,90.0,0.0,-3.7,2,205.118,1.959,846.162
3483.4,13.33,90.1,0.0,-3.5,2,205.646,1.959,846.220
3483.4,9.10,0.0,0.0,40.8,1,196.281,1.916,846.779
3483.4,9.12,0.0,0.0,34.1,1,196.718,1.920,846.651
3496.5,9.13,0.0,0.0,26.6,1,197.156,1.923,846.521
3496.5,9.14,0.0,0.0,18.3,1,197.593,1.927,846.390
3496.5,9.16,0.0,0.0,9.5,1,198.032,1.930,846.260
3496.5,9.17,0.0,0.0,0.5,1,198.472,1.933,846.133
3509.0,9.18,0.0,0.0,-8.1,1,198.913,1.937,846.008
3509.0,9.19,0.0,0.0,-15.8,1,199.356,1.940,845.889
3509.0,9.20,0.0,0.0,-24.1,1,199.891,1.944,845.752
3509.0,9.21,0.0,0.0,-31.3,1,200.339,1.947,845.646
3521.3,9.21,0.0,0.0,-37.9,1,200.788,1.950,845.547
3521.3,9.22,0.0,0.0,-44.2,1,201.240,1.953,845.456
3521.3,9.23,0.0,0.0,-49.8,1,201.694,1.956,845.375
3521.3,9.24,0.0,0.0,-55.0,1,202.150,1.959,845.303
3533.7,9.24,0.0,0.0,-59.2,1,202.608,1.962,845.242
3533.7,9.25,0.0,0.0,-63.2,1,203.068,1.965,845.192
3533.7,9.25,0.0,0.0,-66.6,1,203.529,1.968,845.154
3533.7,9.26,0.0,0.0,-69.5,1,203.990,1.971,845.126
3545.8,9.27,0.0,0.0,-72.2,1,204.453,1.974,845.111
3545.8,9.27,0.0,0.0,-74.6,1,204.917,1.976,845.108
3545.8,9.28,0.0,2.0,-75.7,1,205.380,1.979,845.117
3545.8,9.24,0.0,9.8,-75.0,1,205.843,1.982,845.138
3558.2,9.17,0.0,14.6,-71.4,1,206.302,1.985,845.171
3558.2,9.07,0.0,16.9,-66.0,1,206.756,1.987,845.213
3558.2,8.96,0.0,21.0,-59.4,1,207.204,1.990,845.262
3558.2,8.82,0.0,24.1,-52.6,1,207.646,1.993,845.315
3571.0,8.67,0.0,26.3,-45.8,1,208.079,1.995,845.372
3571.0,8.51,0.0,27.8,-38.8,1,208.505,1.998,845.431
3571.0,8.35,0.0,28.5,-31.7,1,208.922,2.000,845.491
3571.0,8.15,0.0,30.0,-22.8,1,209.412,2.003,845.563
3584.5,7.98,0.0,31.3,-15.7,1,209.811,2.006,845.621
3584.5,7.80,0.0,32.2,-9.5,1,210.201,2.008,845.676
3584.5,7.57,0.0,32.2,-5.1,1,210.582,2.010,845.729
3584.5,7.33,0.0,32.2,-2.9,1,210.951,2.012,845.779
3598.0,7.09,0.0,32.2,-2.4,1,211.309,2.015,845.827
3598.0,6.85,0.0,32.2,-2.5,1,211.654,2.017,845.874
3598.0,6.60,0.0,31.5,-2.7,1,211.987,2.019,845.920
3598.0,6.37,0.0,31.5,-2.9,1,212.308,2.021,845.964
3611.7,6.13,0.0,31.5,-2.9,1,212.618,2.022,846.007
3611.7,5.89,0.0,31.5,-3.0,1,212.915,2.024,846.048
3611.7,5.66,0.0,30.7,-3.0,1,213.201,2.026,846.088
3611.7,5.43,0.0,29.3,-3.0,1,213.476,2.028,846.126
3625.1,5.21,0.0,29.3,-3.1,1,213.739,2.029,846.164
3625.1,4.99,0.0,28.5,-3.2,1,213.991,2.031,846.199
3625.1,4.78,0.0,27.8,-3.2,1,214.233,2.032,846.233
3625.1,4.57,0.0,27.8,-3.2,1,214.464,2.034,846.267
3638.1,4.32,0.0,27.8,-3.3,1,214.728,2.035,846.304
3638.1,4.11,0.0,27.0,-3.3,1,214.937,2.037,846.334
3638.1,3.90,0.0,27.0,-3.2,1,215.135,2.038,846.363
3651.1,3.70,0.0,27.0,-3.2,1,215.323,2.039,846.390
3651.1,3.49,0.0,27.0,-3.3,1,215.501,2.040,846.416
3651.1,3.29,0.0,27.0,-3.3,1,215.668,2.041,846.440
3651.1,3.09,0.0,26.3,-3.3,1,215.826,2.042,846.463
4186.8,3.25,37.9,0.0,-0.5,1,217.767,2.053,846.750
4186.8,3.62,65.9,0.0,-0.4,1,217.937,2.054,846.775
4186.8,4.00,47.3,0.0,-0.3,1,218.126,2.055,846.803
4192.0,4.24,22.2,0.0,-0.2,1,218.330,2.056,846.833
4192.0,4.35,3.5,0.0,-0.2,1,218.543,2.057,846.864
4192.0,4.35,0.0,0.0,-0.2,1,218.758,2.059,846.895
4192.0,4.34,0.0,0.0,-0.2,1,218.973,2.061,846.927
4197.4,4.33,0.0,0.0,-0.2,1,219.188,2.062,846.958
4197.4,4.32,0.0,0.0,-0.2,1,219.402,2.064,846.989
4197.4,4.31,0.0,0.0,-0.2,1,219.615,2.065,847.021
4197.4,4.30,0.0,0.0,-0.2,1,219.871,2.067,847.058
4202.8,4.29,0.0,0.0,-0.2,1,220.041,2.068,847.083
4202.8,4.28,0.0,0.0,-0.2,1,220.296,2.070,847.120
4202.8,4.27,0.0,0.0,-0.2,1,220.507,2.071,847.151
4202.8,4.26,0.0,0.0,-0.2,1,220.718,2.072,847.182
4208.5,4.25,0.0,0.0,-0.2,1,220.929,2.074,847.213
4208.5,4.24,0.0,0.0,-0.2,1,221.139,2.075,847.244
4208.5,4.23,0.0,0.0,-0.2,1,221.349,2.077,847.274
4208.5,4.22,0.0,0.0,-0.2,1,221.558,2.078,847.305
4215.0,4.21,0.0,0.0,-0.2,1,221.767,2.079,847.336
4215.0,4.21,0.0,0.0,-0.2,1,221.975,2.080,847.366
4215.0,4.20,0.0,0.0,-0.2,1,222.183,2.082,847.397
4215.0,4.19,0.0,0.0,-0.2,1,222.390,2.083,847.427
4220.6,4.18,0.0,0.0,-0.2,1,222.597,2.084,847.457
4220.6,4.17,0.0,0.0,-0.2,1,222.804,2.085,847.488
4220.6,4.16,0.0,0.0,-0.2,1,223.009,2.087,847.518
4220.6,4.15,0.0,0.0,-0.2,1,223.215,2.088,847.548
4225.9,4.14,0.0,0.0,-0.2,1,223.461,2.090,847.584
4225.9,4.13,0.0,0.0,-0.2,1,223.665,2.091,847.614
4225.9,4.12,0.0,0.0,-0.2,1,223.869,2.092,847.644
4230.8,4.11,0.0,0.0,-0.2,1,224.073,2.093,847.674
4230.8,4.10,0.0,0.0,-0.2,1,224.276,2.094,847.704
4230.8,4.09,0.0,0.0,-0.2,1,224.478,2.096,847.734
4230.8,4.08,0.0,0.0,-0.2,1,224.680,2.097,847.763
4235.4,4.07,0.0,0.0,-0.2,1,224.882,2.098,847.793
4235.4,4.06,0.0,0.0,-0.2,1,225.083,2.099,847.823
4235.4,4.05,0.0,0.0,-0.2,1,225.284,2.100,847.852
4235.4,4.04,0.0,0.0,-0.2,1,225.484,2.102,847.882
4240.0,4.03,0.0,0.0,-0.2,1,225.684,2.103,847.911
4240.0,4.03,0.0,0.0,-0.2,1,225.883,2.104,847.941
4240.0,4.02,0.0,0.0,-0.2,1,226.082,2.105,847.970
4240.0,4.01,0.0,0.0,-0.2,1,226.280,2.106,847.999
4244.6,4.00,0.0,0.0,-0.2,1,226.478,2.107,848.028
4244.6,3.99,0.0,0.0,-0.2,1,226.676,2.108,848.057
4244.6,3.98,0.0,0.0,-0.2,1,226.873,2.110,848.086
4244.6,3.97,0.0,0.0,-0.2,1,227.070,2.111,848.115
4249.3,3.96,0.0,0.0,-0.2,1,227.305,2.112,848.150
4249.3,3.95,0.0,0.0,-0.2,1,227.500,2.113,848.179
4249.3,3.94,0.0,0.0,-0.2,1,227.696,2.114,848.208
4249.3,3.93,0.0,0.0,-0.2,1,227.890,2.115,848.237
4254.2,3.92,0.0,0.0,-0.2,1,228.085,2.117,848.265
4254.2,3.91,0.0,0.0,-0.2,1,228.278,2.118,848.294
4254.2,3.90,0.0,0.0,-0.2,1,228.472,2.119,848.322
4254.2,3.89,0.0,0.0,-0.2,1,228.665,2.120,848.351
4259.4,3.89,0.0,0.0,-0.2,1,228.857,2.121,848.379
4259.4,3.88,0.0,0.0,-0.2,1,229.049,2.122,848.407
4259.4,3.87,0.0,0.0,-0.2,1,229.240,2.123,848.436
4259.4,3.86,0.0,0.0,-0.2,1,229.432,2.124,848.464
4265.2,3.85,0.0,0.0,-0.2,1,229.622,2.125,848.492
4265.2,3.84,0.0,0.0,-0.2,1,229.812,2.126,848.520
4265.2,3.83,0.0,0.0,-0.2,1,230.002,2.127,848.548
4265.2,3.82,0.0,0.0,-0.2,1,230.191,2.128,848.576
4271.4,3.81,0.0,0.0,-0.2,1,230.380,2.129,848.604
4271.4,3.80,0.0,0.0,-0.2,1,230.606,2.131,848.638
4271.4,3.79,0.0,0.0,-0.2,1,230.794,2.132,848.666
4271.4,3.78,0.0,0.0,-0.2,1,230.982,2.133,848.693
4277.9,3.78,0.0,0.0,-0.2,1,231.169,2.134,848.721
4277.9,3.77,0.0,0.0,-0.2,1,231.355,2.135,848.748
4277.9,3.76,0.0,0.0,-0.2,1,231.541,2.136,848.776
4277.9,3.75,0.0,0.0,-0.2,1,231.727,2.137,848.804
4284.8,3.74,0.0,0.0,-0.2,1,231.912,2.138,848.831
4284.8,3.73,0.0,0.0,-0.2,1,232.097,2.139,848.859
4284.8,3.72,0.0,0.0,-0.2,1,232.281,2.140,848.886
4284.8,3.71,0.0,0.0,-0.2,1,232.465,2.141,848.913
4292.1,3.70,0.0,0.0,-0.2,1,232.648,2.142,848.940
4292.1,3.70,0.0,0.0,-0.2,1,232.831,2.143,848.967
4292.1,3.69,0.0,0.0,-0.2,1,233.014,2.144,848.994
4292.1,3.68,0.0,0.0,-0.2,1,233.196,2.145,849.021
4299.7,3.67,0.0,0.0,-0.2,1,233.378,2.146,849.048
4299.7,3.66,0.0,0.0,-0.2,1,233.595,2.147,849.081
4299.7,3.65,0.0,0.0,-0.2,1,233.776,2.148,849.107
4299.7,3.64,0.0,0.0,-0.2,1,233.956,2.149,849.134
4307.7,3.63,0.0,0.0,-0.2,1,234.136,2.151,849.161
4307.7,3.62,0.0,0.0,-0.2,1,234.315,2.152,849.188
4307.7,3.61,0.0,0.0,-0.2,1,234.494,2.153,849.214
4307.7,3.60,0.0,0.0,-0.2,1,234.672,2.154,849.241
4316.0,3.60,0.0,0.0,-0.2,1,234.850,2.155,849.267
4316.0,3.59,0.0,0.0,-0.2,1,235.028,2.156,849.294
4316.0,3.58,0.0,0.0,-0.2,1,235.063,2.156,849.299
4316.0,3.58,0.0,0.0,-0.2,1,235.063,2.156,849.299
4324.5,3.56,0.0,0.0,-0.2,1,235.558,2.159,849.372
4324.5,3.55,0.0,0.0,-0.2,1,235.769,2.160,849.404
4324.5,3.54,0.0,0.0,-0.2,1,235.944,2.161,849.430
4324.5,3.53,0.0,0.0,-0.2,1,236.119,2.162,849.456
4333.4,3.52,0.0,0.0,-0.2,1,236.294,2.163,849.482
4333.4,3.51,0.0,0.0,-0.2,1,236.468,2.164,849.508
4333.4,3.50,0.0,0.0,-0.2,1,236.641,2.165,849.533
4333.4,3.50,0.0,0.0,-0.2,1,236.814,2.166,849.559
4342.5,3.49,0.0,0.0,-0.2,1,236.987,2.167,849.585
4342.5,3.48,0.0,0.0,-0.2,1,237.159,2.168,849.611
4342.5,3.47,0.0,0.0,-0.2,1,237.331,2.169,849.636
4342.5,3.46,0.0,0.0,-0.2,1,237.502,2.170,849.662
4351.9,3.45,0.0,0.0,-0.2,1,237.673,2.171,849.687
4351.9,3.44,0.0,0.0,-0.2,1,237.844,2.172,849.712
4351.9,3.43,0.0,0.0,-0.2,1,238.014,2.173,849.738
4351.9,3.44,9.4,0.0,-0.2,1,238.183,2.174,849.763
4361.6,3.47,26.3,0.0,-0.2,1,238.388,2.175,849.794
4361.6,3.55,36.9,0.0,-0.3,1,238.561,2.176,849.820
4361.6,3.67,40.5,0.0,-0.1,1,238.740,2.177,849.846
4371.5,3.85,42.0,0.0,0.0,1,238.925,2.178,849.874
4371.5,4.11,45.7,0.0,0.3,1,239.122,2.179,849.903
4371.5,4.43,25.1,0.0,0.7,1,239.333,2.180,849.934
4371.5,4.81,26.2,0.0,1.0,1,239.561,2.181,849.968
4381.7,5.22,28.2,0.0,1.2,1,239.809,2.183,850.005
4381.7,5.58,62.0,0.0,1.5,1,240.078,2.184,850.044
4381.7,5.85,69.6,0.0,1.8,1,240.360,2.185,850.085
4381.7,6.12,78.6,0.0,2.2,1,240.656,2.187,850.129
4392.0,6.38,85.8,0.0,2.4,1,240.966,2.189,850.173
4392.0,6.63,89.2,0.0,2.0,1,241.288,2.191,850.220
4392.0,6.90,92.8,0.0,1.1,1,241.622,2.193,850.268
4392.0,7.17,96.5,0.0,-0.3,1,241.971,2.195,850.318
4402.9,7.51,51.0,0.0,-2.1,1,242.406,2.197,850.382
4402.9,7.80,100.0,0.0,-3.1,1,242.785,2.199,850.438
4402.9,8.10,100.0,0.0,-3.7,1,243.178,2.201,850.498
4402.9,8.40,100.0,0.0,-3.9,1,243.586,2.204,850.560
4414.7,8.72,100.0,0.0,-3.4,1,244.009,2.206,850.625
4414.7,9.04,100.0,0.0,-2.7,1,244.448,2.208,850.692
4414.7,9.38,100.0,0.0,-1.5,1,244.903,2.211,850.762
4414.7,9.72,100.0,0.0,0.2,1,245.375,2.213,850.835
4426.4,10.06,100.0,0.0,2.1,1,245.864,2.216,850.909
4426.4,10.41,100.0,0.0,4.2,1,246.370,2.218,850.984
4426.4,10.77,100.0,0.0,5.7,1,246.894,2.220,851.060
4426.4,11.13,100.0,0.0,6.2,1,247.436,2.223,851.137
4438.0,11.50,100.0,0.0,5.8,1,247.997,2.226,851.215
4438.0,11.94,100.0,0.0,4.8,1,248.693,2.229,851.310
4438.0,12.32,100.0,0.0,3.6,1,249.294,2.231,851.392
4438.0,12.70,100.0,0.0,2.5,1,249.914,2.234,851.475
4449.2,13.09,100.0,0.0,1.4,1,250.554,2.237,851.561
4449.2,13.49,100.0,0.0,0.6,1,251.212,2.240,851.650
4449.2,13.89,100.0,0.0,0.3,1,251.891,2.242,851.741
4449.2,14.29,100.0,0.0,0.4,1,252.589,2.245,851.835
4460.6,14.71,100.0,0.0,0.5,1,253.307,2.248,851.932
4460.6,15.12,100.0,0.0,0.4,1,254.047,2.251,852.031
4460.6,15.54,94.7,0.0,0.5,1,254.807,2.254,852.133
4460.6,15.97,48.4,0.0,0.7,1,255.588,2.257,852.237
4472.3,16.23,32.7,0.0,1.1,1,256.386,2.260,852.343
4472.3,16.39,21.4,0.0,1.5,1,257.195,2.263,852.450
4472.3,16.48,15.3,0.0,1.7,1,258.010,2.266,852.556
4472.3,16.53,12.3,0.0,1.7,1,258.829,2.269,852.662
4484.1,16.56,11.0,0.0,0.9,1,259.814,2.273,852.789
4484.1,16.58,9.9,0.0,-0.1,1,260.636,2.276,852.894
4484.1,16.58,10.0,0.0,-1.3,1,261.458,2.279,853.001
4484.1,16.58,9.4,0.0,-2.5,1,262.280,2.282,853.108
4496.2,16.59,8.7,0.0,-3.1,1,263.102,2.285,853.217
4496.2,16.59,8.9,0.0,-3.2,1,263.924,2.288,853.329
4496.2,16.59,8.8,0.0,-2.9,1,264.746,2.291,853.441
4496.2,16.59,9.2,0.0,-2.5,1,265.567,2.294,853.555
4508.4,16.59,9.4,0.0,-2.1,1,266.388,2.297,853.670
4508.4,16.59,9.3,0.0,-1.8,1,267.210,2.300,853.786
4508.4,16.59,9.2,0.0,-1.4,1,268.031,2.303,853.902
4508.4,16.59,9.0,0.0,-1.1,1,268.852,2.306,854.019
4520.8,16.59,9.2,0.0,-1.2,1,269.673,2.310,854.137
4520.8,16.59,9.2,0.0,-1.7,1,270.494,2.313,854.254
4520.8,16.59,9.3,0.0,-2.3,1,271.315,2.317,854.373
4520.8,16.59,9.3,0.0,-2.8,1,272.300,2.321,854.517
4533.3,16.59,9.1,0.0,-2.8,1,273.120,2.325,854.639
4533.3,16.59,8.9,0.0,-2.4,1,273.940,2.328,854.763
4533.3,16.59,9.1,0.0,-1.7,1,274.760,2.332,854.887
4533.3,16.59,9.3,0.0,-0.8,1,275.580,2.336,855.011
4545.9,16.59,9.2,0.0,0.4,1,276.400,2.340,855.136
4545.9,16.59,9.4,0.0,1.4,1,277.220,2.344,855.260
4545.9,16.59,8.8,0.0,1.8,1,278.040,2.348,855.382
4545.9,16.59,9.3,0.0,1.6,1,278.861,2.352,855.504
4558.8,16.59,9.1,0.0,1.5,1,279.681,2.356,855.624
4558.8,16.59,9.2,0.0,1.3,1,280.502,2.360,855.745
4558.8,16.59,8.8,0.0,1.0,1,281.323,2.364,855.864
4558.8,16.59,9.3,0.0,0.6,1,282.143,2.369,855.984
4571.9,16.59,9.0,0.0,0.3,1,282.964,2.373,856.103
4571.9,16.59,9.4,0.0,0.1,1,283.785,2.378,856.222
4571.9,16.59,9.2,0.0,0.2,1,284.770,2.383,856.366
4585.1,16.59,9.3,0.0,0.3,1,285.590,2.386,856.485
4585.1,16.59,9.1,0.0,0.3,1,286.411,2.390,856.604
4585.1,16.59,9.2,0.0,0.4,1,287.232,2.394,856.723
4585.1,16.59,9.3,0.0,0.4,1,288.053,2.397,856.842
4598.4,16.59,8.8,0.0,0.4,1,288.874,2.400,856.960
4598.4,16.59,9.4,0.0,0.4,1,289.695,2.405,857.079
4598.4,16.59,9.1,0.0,0.4,1,290.515,2.410,857.198
4598.4,16.59,9.2,0.0,0.3,1,291.336,2.415,857.316
4611.9,16.59,9.3,0.0,0.2,1,292.157,2.417,857.435
4611.9,16.59,9.3,0.0,0.1,1,292.978,2.420,857.554
4611.9,16.59,9.0,0.0,0.1,1,293.799,2.425,857.673
4611.9,16.59,9.1,0.0,0.2,1,294.620,2.427,857.792
4625.5,16.59,9.1,0.0,0.4,1,295.440,2.428,857.910
4625.5,16.59,9.2,0.0,0.6,1,296.261,2.428,858.028
4625.5,16.59,9.0,0.0,0.8,1,297.247,2.429,858.170
4625.5,16.59,9.1,0.0,1.1,1,298.068,2.430,858.287
4639.3,16.59,9.3,0.0,1.4,1,298.889,2.431,858.404
4639.3,16.59,8.9,0.0,1.6,1,299.710,2.431,858.519
4639.3,16.59,9.1,0.0,1.9,1,300.532,2.432,858.634
4639.3,16.59,8.8,0.0,2.1,1,301.353,2.433,858.748
4653.1,16.59,9.0,0.0,2.4,1,302.175,2.434,858.861
4653.1,16.59,9.2,0.0,2.7,1,302.997,2.434,858.972
4653.1,16.71,100.0,0.0,3.0,1,303.820,2.435,859.082
4653.1,17.16,100.0,0.0,3.5,1,304.659,2.437,859.193
4667.1,17.62,100.0,0.0,4.1,1,305.522,2.437,859.305
4667.1,18.05,100.0,0.0,4.8,1,306.407,2.438,859.417
4667.1,18.50,100.0,0.0,5.3,1,307.314,2.440,859.528
4667.1,18.97,100.0,0.0,5.7,1,308.244,2.443,859.639
4681.2,19.41,100.0,0.0,5.8,1,309.198,2.445,859.748
4681.2,19.95,100.0,0.0,5.8,1,310.371,2.449,859.877
4681.2,20.41,47.8,0.0,5.9,1,311.375,2.453,859.982
4681.2,20.86,68.3,0.0,6.4,1,312.402,2.457,860.085
4695.4,21.21,37.0,0.0,7.6,1,313.450,2.462,860.183
4695.4,21.35,16.7,0.0,9.1,1,314.510,2.467,860.276
4695.4,21.37,6.0,0.0,10.8,1,315.575,2.473,860.362
4695.4,21.30,0.1,0.0,12.7,1,316.639,2.480,860.440
4709.8,21.22,0.0,0.0,14.5,1,317.700,2.486,860.506
4709.8,21.14,0.0,0.0,16.0,1,318.758,2.493,860.560
4709.8,21.05,0.0,0.0,17.3,1,319.812,2.499,860.601
4709.8,20.97,0.0,0.0,18.4,1,320.862,2.505,860.628
4724.2,20.88,0.0,0.0,19.5,1,321.908,2.510,860.641
4724.2,20.80,0.0,0.0,20.8,1,322.950,2.515,860.639
4724.2,20.70,0.0,0.0,22.4,1,324.194,2.519,860.614
4724.2,20.61,0.0,0.0,23.7,1,325.226,2.522,860.575
4738.7,20.53,0.0,0.0,24.7,1,326.253,2.524,860.518
4738.7,20.44,0.0,0.0,25.6,1,327.274,2.527,860.442
4738.7,20.36,0.0,0.0,26.2,1,328.290,2.530,860.346
4738.7,20.27,0.0,0.0,26.4,1,329.299,2.534,860.232
4753.4,20.18,0.0,0.0,26.3,1,330.301,2.540,860.098
4753.4,20.10,0.0,0.0,26.1,1,331.296,2.548,859.946
4753.4,20.01,0.0,0.0,26.0,1,332.284,2.559,859.775
4753.4,19.92,0.0,0.0,26.1,1,333.264,2.572,859.587
4768.2,19.83,0.0,0.0,26.6,1,334.236,2.589,859.381
4768.2,19.74,0.0,0.0,27.3,1,335.200,2.608,859.157
4768.2,19.65,0.0,0.0,27.9,1,336.154,2.630,858.916
4768.2,19.56,0.0,0.0,28.1,1,337.099,2.654,858.658
4783.0,19.47,0.0,0.0,28.1,1,338.035,2.680,858.382
4783.0,19.36,0.0,0.0,27.7,1,339.145,2.711,858.030
4783.0,19.27,0.0,0.0,27.6,1,340.059,2.737,857.718
4783.0,19.19,0.0,0.0,27.6,1,340.962,2.761,857.391
4798.0,19.10,0.0,0.0,27.9,1,341.856,2.784,857.049
4798.0,19.01,0.0,0.0,27.9,1,342.738,2.805,856.692
4798.0,18.92,2.3,0.0,27.6,1,343.610,2.824,856.319
4798.0,18.90,17.5,0.0,26.8,1,344.472,2.842,855.931
4813.0,19.01,35.7,0.0,26.0,1,345.328,2.859,855.526
4813.0,19.22,48.7,0.0,25.4,1,346.185,2.876,855.103
4813.0,19.49,54.5,0.0,24.7,1,347.046,2.892,854.661
4813.0,19.81,58.7,0.0,24.0,1,347.912,2.909,854.199
4828.2,20.15,62.3,0.0,23.3,1,348.786,2.925,853.716
4828.2,20.50,62.3,0.0,22.8,1,349.668,2.940,853.211
4828.2,20.91,62.3,0.0,22.8,1,350.736,2.957,852.576
4828.2,21.19,62.3,0.0,22.9,1,351.453,2.968,852.134
4843.4,21.61,60.9,0.0,23.0,1,352.535,2.981,851.442
4843.4,21.94,54.9,0.0,22.8,1,353.441,2.991,850.838
4843.4,22.23,49.1,0.0,22.4,1,354.348,2.998,850.209
4858.7,22.50,48.4,0.0,21.9,1,355.255,3.004,849.554
4858.7,22.76,48.4,0.0,21.0,1,356.160,3.008,848.876
4858.7,23.03,49.7,0.0,19.6,1,357.064,3.011,848.173
4858.7,23.31,51.9,0.0,17.7,1,357.969,3.012,847.449
4874.2,23.62,55.4,0.0,16.0,1,358.874,3.012,846.703
4874.2,23.93,56.8,0.0,14.6,1,359.782,3.012,845.936
4874.2,24.25,56.1,0.0,13.7,1,360.694,3.010,845.148
4874.2,24.57,55.4,0.0,13.5,1,361.609,3.007,844.341
4889.6,24.87,55.4,0.0,13.6,1,362.527,3.002,843.513
4889.6,25.18,55.4,0.0,13.8,1,363.448,2.995,842.666
4889.6,25.49,56.1,0.0,13.7,1,364.372,2.987,841.799
4889.6,25.81,58.8,0.0,13.4,1,365.297,2.978,840.911
4905.1,26.21,60.9,0.0,13.1,1,366.409,2.966,839.817
4905.1,26.55,61.6,0.0,13.1,1,367.338,2.957,838.880
4905.1,26.89,61.6,0.0,13.0,1,368.267,2.952,837.921
4905.1,27.23,61.6,0.0,12.7,1,369.198,2.950,836.939
4920.8,27.57,62.3,0.0,12.2,1,370.130,2.952,835.935
4920.8,27.92,64.3,0.0,11.4,1,371.063,2.959,834.908
4920.8,28.28,66.5,0.0,10.1,1,371.999,2.970,833.860
4920.8,28.65,69.9,0.0,8.7,1,372.938,2.983,832.791
4936.5,29.05,73.3,0.0,7.5,1,373.882,2.997,831.701
4936.5,29.45,78.2,0.0,6.7,1,374.833,3.012,830.590
4936.5,29.89,84.2,0.0,6.0,1,375.790,3.024,829.457
4936.5,30.32,91.3,0.0,5.3,1,376.756,3.034,828.302
4952.3,30.73,96.4,0.0,4.6,1,377.728,3.041,827.125
4952.3,31.24,51.0,0.0,3.8,1,378.902,3.047,825.684
4952.3,31.70,100.0,0.0,3.3,1,379.887,3.050,824.457
4952.3,32.15,51.0,0.0,3.1,1,380.878,3.052,823.205
4968.1,32.61,100.0,0.0,3.0,1,381.875,3.053,821.930
4968.1,32.70,0.0,0.0,2.8,2,382.874,3.054,820.636
4968.1,33.14,55.8,0.0,2.2,2,383.873,3.055,819.328
4968.1,33.61,100.0,0.0,1.5,2,384.881,3.055,817.998
4983.8,34.06,100.0,0.0,0.8,2,385.897,3.054,816.645
4983.8,34.52,100.0,0.0,0.6,2,386.923,3.051,815.272
4983.8,35.01,100.0,0.0,0.4,2,387.962,3.049,813.878
4983.8,35.47,100.0,0.0,0.1,2,389.013,3.049,812.464
4998.2,35.94,100.0,0.0,-0.3,2,390.077,3.049,811.030
4998.2,36.41,100.0,0.0,-0.5,2,391.155,3.051,809.577
4998.2,36.86,100.0,0.0,-0.5,2,392.247,3.054,808.107
4998.2,37.32,100.0,0.0,-0.3,2,393.353,3.059,806.618
5024.1,40.08,100.0,0.0,0.5,2,400.532,3.117,797.000
5024.1,40.60,100.0,0.0,1.5,2,401.982,3.135,795.061
5024.1,41.02,100.0,0.0,2.2,2,403.201,3.151,793.426
5035.9,41.44,100.0,0.0,2.9,2,404.430,3.166,791.770
5035.9,41.85,100.0,0.0,3.7,2,405.665,3.181,790.094
5042.2,42.01,100.0,0.0,3.9,2,406.160,3.187,789.418
5042.2,42.65,100.0,0.0,4.4,2,408.149,3.213,786.677
5047.0,42.93,0.0,0.0,4.1,0,409.395,3.230,784.936
5047.0,43.12,100.0,0.0,3.9,3,410.636,3.249,783.182
5047.0,43.53,100.0,0.0,3.9,3,411.878,3.268,781.407
5047.0,43.90,100.0,0.0,4.3,3,413.120,3.287,779.608
5057.4,44.34,100.0,0.0,4.8,3,414.610,3.309,777.420
5057.4,44.70,100.0,0.0,5.7,3,415.852,3.328,775.573
5057.4,45.06,98.3,0.0,7.2,3,417.093,3.347,773.703
5067.2,45.39,85.8,0.0,8.6,3,418.329,3.368,771.810
5067.2,45.66,73.6,0.0,9.4,3,419.557,3.390,769.892
5067.2,45.90,71.2,0.0,9.8,3,420.773,3.412,767.953
5067.2,46.13,71.2,0.0,10.2,3,421.976,3.432,765.992
5076.3,46.34,67.4,0.0,10.6,3,423.166,3.449,764.010
5076.3,46.53,54.1,0.0,10.6,3,424.339,3.465,762.006
5076.3,46.66,40.2,0.0,10.1,3,425.492,3.480,759.982
5076.3,46.73,31.8,0.0,9.6,3,426.624,3.495,757.940
5085.1,46.76,28.9,0.0,9.3,3,427.732,3.512,755.882
5085.1,46.80,28.9,0.0,9.6,3,428.816,3.527,753.809
5085.1,46.82,29.6,0.0,10.0,3,429.875,3.540,751.722
5085.1,46.85,29.6,0.0,9.7,3,430.904,3.552,749.618
5093.6,46.89,29.6,0.0,8.9,3,431.903,3.568,747.498
5093.6,46.94,31.1,0.0,8.5,3,432.874,3.585,745.363
5093.6,47.00,38.1,0.0,9.0,3,434.006,3.601,742.783
5093.6,47.08,47.9,0.0,9.2,3,434.921,3.614,740.616
5101.9,47.21,57.9,0.0,8.8,3,435.809,3.628,738.433
5101.9,47.40,67.5,0.0,8.1,3,436.674,3.643,736.232
5101.9,47.63,75.1,0.0,7.9,3,437.519,3.659,734.012
5101.9,47.89,82.8,0.0,8.3,3,438.347,3.676,731.772
5109.8,48.18,89.4,0.0,8.5,3,439.159,3.692,729.512
5109.8,48.49,94.4,0.0,8.2,3,439.956,3.709,727.230
5109.8,48.82,100.0,0.0,7.3,3,440.737,3.725,724.926
5109.8,49.14,100.0,0.0,5.7,3,441.501,3.741,722.599
5117.4,49.48,100.0,0.0,4.6,3,442.251,3.758,720.251
5117.4,49.50,0.0,0.0,4.2,4,442.988,3.774,717.888
5117.4,49.85,100.0,0.0,4.3,4,443.715,3.790,715.511
5117.4,50.15,100.0,0.0,4.5,4,444.429,3.808,713.115
5125.1,50.51,100.0,0.0,4.4,4,445.274,3.830,710.216
5125.1,50.79,100.0,0.0,4.7,4,445.972,3.848,707.782
5125.1,51.08,100.0,0.0,4.9,4,446.661,3.866,705.330
5125.1,51.37,100.0,0.0,4.8,4,447.341,3.884,702.860
5132.6,51.66,100.0,0.0,4.7,4,448.012,3.902,700.373
5132.6,51.95,100.0,0.0,4.6,4,448.674,3.920,697.869
5132.6,52.24,100.0,0.0,4.8,4,449.327,3.939,695.348
5132.6,52.52,100.0,0.0,4.9,4,449.971,3.958,692.809
5140.1,52.80,100.0,0.0,4.9,4,450.605,3.977,690.254
5140.1,53.08,100.0,0.0,4.9,4,451.228,3.997,687.681
5140.1,53.36,100.0,0.0,5.0,4,451.841,4.017,685.091
5140.1,53.64,100.0,0.0,5.1,4,452.443,4.037,682.485
5147.7,53.91,100.0,0.0,5.3,4,453.034,4.056,679.862
5147.7,54.19,100.0,0.0,5.3,4,453.612,4.075,677.222
5147.7,54.46,100.0,0.0,5.2,4,454.178,4.094,674.565
5147.7,54.73,100.0,0.0,5.1,4,454.731,4.114,671.892
5155.4,55.06,100.0,0.0,5.1,4,455.378,4.137,668.662
5155.4,55.32,100.0,0.0,5.1,4,455.903,4.157,665.953
5155.4,55.59,100.0,0.0,5.0,4,456.415,4.177,663.228
5155.4,55.86,100.0,0.0,4.7,4,456.915,4.197,660.487
5162.7,56.11,100.0,0.0,4.5,4,457.402,4.217,657.730
5162.7,56.38,100.0,0.0,4.2,4,457.877,4.239,654.958
5162.7,56.64,100.0,0.0,4.1,4,458.342,4.261,652.171
5162.7,56.90,100.0,0.0,3.8,4,458.797,4.282,649.369
5170.4,57.15,100.0,0.0,3.3,4,459.241,4.304,646.553
5170.4,57.41,100.0,0.0,2.9,4,459.678,4.327,643.723
5170.4,57.66,100.0,0.0,2.7,4,460.107,4.349,640.878
5170.4,57.91,100.0,0.0,2.4,4,460.529,4.371,638.020
5177.6,58.16,100.0,0.0,2.0,4,460.945,4.393,635.148
5177.6,58.40,100.0,0.0,1.6,4,461.357,4.415,632.263
5177.6,58.64,100.0,0.0,1.4,4,461.764,4.437,629.365
5177.6,58.94,100.0,0.0,1.3,4,462.249,4.463,625.872
5185.1,59.17,100.0,0.0,1.2,4,462.650,4.484,622.946
5185.1,59.40,100.0,0.0,0.9,4,463.048,4.506,620.009
5185.1,59.64,100.0,0.0,0.7,4,463.445,4.529,617.059
5185.1,59.87,100.0,0.0,0.7,4,463.841,4.551,614.098
5192.3,60.10,100.0,0.0,1.2,4,464.236,4.573,611.125
5192.3,60.32,100.0,0.0,1.6,4,464.630,4.595,608.140
5192.3,60.54,100.0,0.0,2.0,4,465.020,4.617,605.144
5192.3,60.66,0.0,0.0,1.8,0,465.406,4.639,602.136
5199.6,60.77,100.0,0.0,1.6,5,465.785,4.661,599.127
5199.6,60.98,100.0,0.0,1.3,5,466.159,4.683,596.106
5199.6,61.23,100.0,0.0,2.2,5,466.602,4.709,592.467
5206.7,61.44,100.0,0.0,3.5,5,466.967,4.730,589.422
5206.7,61.64,100.0,0.0,4.1,5,467.323,4.750,586.365
5206.7,61.85,100.0,0.0,3.8,5,467.668,4.769,583.297
5206.7,62.06,100.0,0.0,3.3,5,468.000,4.788,580.217
5214.0,62.27,100.0,0.0,3.0,5,468.321,4.806,577.125
5214.0,62.47,100.0,0.0,2.9,5,468.634,4.823,574.023
5214.0,62.68,100.0,0.0,2.9,5,468.937,4.838,570.909
5214.0,62.88,100.0,0.0,2.9,5,469.231,4.851,567.783
5221.5,63.08,100.0,0.0,2.7,5,469.515,4.863,564.647
5221.5,63.28,100.0,0.0,2.4,5,469.790,4.874,561.500
5221.5,63.48,100.0,0.0,2.1,5,470.058,4.886,558.342
5221.5,63.68,100.0,0.0,1.7,5,470.318,4.897,555.174
5229.4,63.88,100.0,0.0,1.5,5,470.573,4.907,551.995
5229.4,64.08,100.0,0.0,1.5,5,470.823,4.915,548.805
5229.4,64.32,100.0,0.0,1.6,5,471.117,4.923,544.965
5229.4,64.47,100.0,0.0,1.6,5,471.309,4.927,542.396
5237.7,64.70,100.0,0.0,1.6,5,471.591,4.932,538.531
5237.7,64.90,100.0,0.0,1.7,5,471.821,4.935,535.299
5237.7,65.09,100.0,0.0,2.1,5,472.045,4.937,532.057
5237.7,65.28,100.0,0.0,2.4,5,472.263,4.939,528.805
5246.3,65.47,100.0,0.0,2.7,5,472.474,4.938,525.543
5246.3,65.65,100.0,0.0,2.7,5,472.676,4.935,522.271
5246.3,65.85,100.0,0.0,2.5,5,472.868,4.932,518.989
5246.3,66.03,100.0,0.0,2.3,5,473.052,4.928,515.697
5254.3,66.22,100.0,0.0,2.1,5,473.227,4.924,512.395
5254.3,66.41,100.0,0.0,1.7,5,473.394,4.918,509.084
5254.3,66.59,100.0,0.0,1.0,5,473.555,4.910,505.763
5254.3,66.77,100.0,0.0,0.1,5,473.712,4.900,502.432
5261.8,66.96,100.0,0.0,-0.6,5,473.867,4.888,499.093
5261.8,67.17,100.0,0.0,-1.0,5,474.056,4.871,495.073
5261.8,67.35,100.0,0.0,-1.2,5,474.216,4.855,491.714
5261.8,67.53,100.0,0.0,-1.5,5,474.381,4.837,488.345
5268.9,67.70,100.0,0.0,-2.0,5,474.553,4.817,484.969
5268.9,67.88,100.0,0.0,-2.4,5,474.732,4.798,481.584
5268.9,67.84,0.0,0.0,-2.6,6,474.921,4.781,478.196
5268.9,68.01,100.0,0.0,-2.4,6,475.120,4.764,474.805
5276.0,68.17,100.0,0.0,-2.3,6,475.333,4.750,471.407
5276.0,68.33,100.0,0.0,-2.7,6,475.556,4.735,468.002
5276.0,68.48,100.0,0.0,-3.8,6,475.790,4.718,464.590
5276.0,68.62,100.0,0.0,-4.7,6,476.039,4.700,461.172
5282.5,68.77,100.0,0.0,-5.1,6,476.306,4.684,457.747
5282.5,68.92,100.0,0.0,-5.7,6,476.595,4.669,454.317
5282.5,69.07,100.0,0.0,-6.3,6,476.905,4.651,450.881
5282.5,69.27,100.0,0.0,-6.7,6,477.380,4.622,446.062
5289.6,69.41,100.0,0.0,-6.2,6,477.755,4.603,442.615
5289.6,69.58,100.0,0.0,-6.2,6,478.161,4.587,439.164
5289.6,69.71,88.6,0.0,-6.8,6,478.591,4.565,435.709
5289.6,69.77,57.3,0.0,-7.0,6,479.050,4.544,432.252
5296.0,69.76,24.3,8.4,-6.3,6,479.540,4.525,428.798
5296.0,69.55,4.9,16.7,-4.9,6,480.059,4.507,425.354
5296.0,69.23,0.0,24.5,-3.6,6,480.611,4.495,421.928
5296.0,68.86,0.0,30.0,-2.6,6,481.197,4.484,418.526
5302.3,68.46,0.0,32.5,-2.1,6,481.812,4.470,415.149
5302.3,68.05,0.0,32.5,-2.1,6,482.453,4.456,411.797
5302.3,67.65,0.0,32.5,-2.4,6,483.118,4.443,408.470
5302.3,67.27,0.0,32.5,-3.2,5,483.802,4.429,405.167
5308.4,66.85,0.0,32.5,-3.7,5,484.506,4.411,401.889
5308.4,66.44,0.0,32.5,-3.3,5,485.230,4.393,398.637
5308.4,65.95,0.0,32.5,-2.8,5,486.125,4.368,394.767
5314.9,65.54,0.0,32.5,-2.9,5,486.894,4.345,391.572
5314.9,65.13,0.0,31.7,-3.2,5,487.680,4.319,388.401
5314.9,64.73,0.0,29.4,-3.5,5,488.485,4.289,385.256
5314.9,64.35,0.0,28.5,-3.5,5,489.308,4.260,382.137
5320.9,63.98,0.0,27.8,-3.6,5,490.151,4.230,379.041
5320.9,63.61,0.0,27.0,-3.8,5,491.013,4.196,375.971
5320.9,63.25,0.0,26.3,-3.8,5,491.896,4.161,372.925
5320.9,62.89,0.0,26.3,-3.6,5,492.800,4.124,369.904
5327.1,62.52,0.0,26.3,-3.5,5,493.724,4.085,366.909
5327.1,62.17,0.0,25.6,-3.4,5,494.670,4.047,363.938
5327.1,61.83,0.0,25.6,-3.6,5,495.634,4.009,360.993
5327.1,61.46,0.0,25.6,-3.7,5,496.618,3.972,358.072
5333.3,61.12,0.0,25.6,-3.7,5,497.622,3.938,355.177
5333.3,60.78,0.0,25.6,-3.9,5,498.643,3.903,352.306
5333.3,60.34,0.0,26.3,-3.9,5,499.894,3.860,348.894
5333.3,60.00,0.0,26.3,-3.5,5,500.957,3.829,346.080
5340.1,59.66,100.0,26.3,-3.7,0,502.036,3.797,343.291
5340.1,59.34,0.0,25.6,-4.1,4,503.133,3.759,340.526
5340.1,58.98,0.0,25.6,-4.0,4,504.246,3.718,337.786
5340.1,58.61,0.0,25.6,-2.9,4,505.376,3.676,335.072
5346.6,58.26,0.0,25.6,-1.1,4,506.522,3.638,332.384
5346.6,57.91,0.0,25.6,1.0,4,507.677,3.605,329.720
5346.6,57.56,0.0,25.6,2.7,4,508.833,3.575,327.076
5346.6,57.21,0.0,24.7,4.4,4,509.982,3.546,324.446
5353.0,56.87,0.0,22.5,5.9,4,511.113,3.518,321.829
5353.0,56.56,0.0,19.5,7.0,4,512.222,3.491,319.219
5353.0,56.25,0.0,17.1,7.3,4,513.300,3.466,316.613
5353.0,55.98,0.0,13.4,6.7,4,514.344,3.444,314.009
5359.6,55.73,0.0,11.2,6.2,4,515.351,3.424,311.404
5359.6,55.45,0.0,8.9,5.8,4,516.513,3.399,308.278
5359.6,55.24,0.0,7.5,5.1,4,517.440,3.383,305.671
5359.6,55.04,0.0,6.7,5.0,4,518.333,3.370,303.062
5365.7,54.84,0.0,6.0,5.6,4,519.194,3.359,300.454
5365.7,54.65,0.0,6.0,7.3,4,520.024,3.349,297.846
5365.7,54.44,0.0,6.7,9.1,4,520.821,3.338,295.237
5365.7,54.23,0.0,6.7,10.2,4,521.582,3.327,292.630
5372.0,54.03,0.0,6.7,10.6,4,522.303,3.317,290.021
5372.0,53.82,0.0,6.7,10.9,4,522.983,3.306,287.412
5372.0,53.61,0.0,5.2,11.2,4,523.619,3.292,284.802
5372.0,53.43,0.0,1.3,11.7,4,524.209,3.278,282.193
5378.4,53.26,0.0,0.0,11.9,4,524.751,3.265,279.581
5378.4,53.11,0.0,0.0,12.3,4,525.244,3.253,276.968
5378.4,52.95,0.0,0.0,12.7,4,525.687,3.242,274.354
5378.4,52.79,0.0,0.0,12.8,4,526.078,3.235,271.740
5385.2,52.62,0.0,0.0,13.7,4,526.485,3.225,268.604
5385.2,52.45,0.0,0.0,14.7,4,526.774,3.213,265.994
5385.2,52.29,0.0,0.0,15.1,4,527.014,3.201,263.386
5385.2,52.13,0.0,0.0,14.5,4,527.204,3.193,260.783
5391.6,51.97,0.0,0.0,13.9,4,527.345,3.191,258.185
5391.6,51.83,6.9,0.0,14.0,4,527.438,3.191,255.592
5391.6,51.73,14.6,0.0,14.3,4,527.484,3.192,253.003
5391.6,51.67,22.9,0.0,14.1,4,527.484,3.192,250.419
5398.1,51.65,34.5,0.0,14.1,4,527.437,3.191,247.836
5398.1,51.67,42.8,0.0,14.0,4,527.343,3.189,245.255
5398.1,51.73,49.9,0.0,13.9,4,527.201,3.189,242.674
5398.1,51.85,57.8,0.0,14.2,4,526.973,3.188,239.575
5405.3,51.96,66.2,0.0,14.4,4,526.736,3.185,236.991
5405.3,52.11,72.3,0.0,13.7,4,526.456,3.185,234.404
5405.3,52.28,77.3,0.0,12.6,4,526.130,3.190,231.815
5405.3,52.48,81.3,0.0,11.9,4,525.762,3.199,229.222
5412.1,52.69,85.4,0.0,12.0,4,525.352,3.212,226.625
5412.1,52.92,89.8,0.0,12.3,4,524.904,3.225,224.023
5412.1,53.15,93.3,0.0,12.3,4,524.417,3.239,221.417
5412.1,53.40,95.3,0.0,11.8,4,523.889,3.254,218.806
5419.0,53.65,97.4,0.0,11.2,4,523.320,3.270,216.190
5419.0,53.91,98.1,0.0,10.7,4,522.711,3.289,213.571
5419.0,54.17,98.1,0.0,10.3,4,522.060,3.310,210.949
5419.0,54.43,98.1,0.0,9.6,4,521.370,3.332,208.323
5426.3,54.74,98.1,0.0,8.6,4,520.491,3.358,205.168
5426.3,55.01,98.1,0.0,7.4,4,519.719,3.381,202.535
5426.3,55.27,96.0,0.0,5.5,4,518.914,3.405,199.898
5433.4,55.53,79.9,0.1,3.4,4,518.081,3.429,197.256
5433.4,55.64,48.8,12.5,1.9,4,517.227,3.452,194.611
5433.4,55.55,23.6,20.6,0.3,4,516.364,3.474,191.968
5433.4,55.31,9.6,26.3,-1.4,4,515.500,3.497,189.334
5440.7,54.98,3.1,29.3,-3.0,4,514.640,3.518,186.714
5440.7,54.60,0.0,29.2,-4.1,4,513.790,3.537,184.110
5440.7,54.22,0.0,29.3,-4.6,4,512.957,3.555,181.520
5440.7,53.84,0.0,29.3,-4.7,4,512.145,3.571,178.943
5448.2,53.46,0.0,28.5,-4.7,4,511.358,3.587,176.379
5448.2,53.10,0.0,27.2,-5.0,4,510.597,3.602,173.826
5448.2,52.74,0.0,25.6,-5.6,4,509.864,3.616,171.284
5448.2,52.39,0.0,24.6,-6.3,4,509.161,3.632,168.752
5455.9,51.99,0.0,24.6,-7.3,4,508.359,3.650,165.725
5455.9,51.64,0.0,24.6,-8.3,4,507.725,3.661,163.213
5455.9,51.30,0.0,24.6,-8.9,4,507.127,3.671,160.711
5455.9,50.95,0.0,23.8,-9.3,4,506.568,3.680,158.216
5463.9,50.61,0.0,23.8,-9.2,4,506.049,3.689,155.731
5463.9,50.28,100.0,23.8,-9.2,0,505.571,3.699,153.255
5463.9,49.98,0.0,23.1,-9.4,3,505.132,3.708,150.787
5463.9,49.64,0.0,20.0,-9.5,3,504.733,3.715,148.329
5472.0,49.33,0.0,17.8,-9.3,3,504.375,3.723,145.882
5472.0,49.05,0.0,15.5,-9.1,3,504.056,3.730,143.443
5472.0,48.78,0.0,12.4,-9.2,3,503.774,3.735,141.014
5472.0,48.53,0.0,11.6,-9.8,3,503.530,3.739,138.593
5480.5,48.30,0.0,10.2,-10.9,3,503.324,3.742,136.182
5480.5,48.01,0.0,9.9,-11.9,3,503.127,3.744,133.299
5480.5,47.79,0.0,8.4,-12.5,3,503.007,3.745,130.907
5480.5,47.58,0.0,6.9,-12.9,3,502.926,3.743,128.524
5489.4,47.39,0.0,4.5,-13.4,3,502.882,3.737,126.150
5489.4,47.20,0.0,0.3,-13.7,3,502.879,3.726,123.786
5489.4,47.05,0.0,0.0,-13.7,3,502.921,3.716,121.430
5489.4,46.90,0.0,0.0,-13.7,3,503.009,3.708,119.083
5498.5,46.75,0.0,0.0,-13.8,3,503.142,3.700,116.746
5498.5,46.60,0.0,0.0,-14.0,3,503.321,3.692,114.419
5498.5,46.45,0.0,0.0,-14.3,3,503.545,3.686,112.104
5498.5,46.31,0.0,0.0,-14.9,3,503.812,3.679,109.800
5508.0,46.16,0.0,0.0,-15.7,3,504.122,3.671,107.509
5508.0,46.00,0.0,0.0,-15.7,3,504.478,3.663,105.233
5508.0,45.86,0.0,0.0,-15.9,3,504.878,3.657,102.972
5508.0,45.73,0.0,0.0,-16.7,3,505.319,3.648,100.725
5517.7,45.54,0.0,0.0,-17.7,3,505.900,3.630,98.049
5517.7,45.37,0.0,0.0,-16.9,3,506.435,3.618,95.841
5517.7,45.24,0.0,0.0,-16.5,3,507.014,3.607,93.651
5517.7,45.11,0.0,0.0,-17.1,3,507.632,3.592,91.478
5527.7,44.94,0.0,0.0,-16.9,3,508.288,3.573,89.325
5527.7,44.80,0.0,0.0,-16.2,3,508.988,3.556,87.193
5527.7,44.68,0.0,0.0,-16.1,3,509.728,3.539,85.082
5527.7,44.54,0.0,0.0,-16.2,3,510.502,3.515,82.991
5537.9,44.38,0.0,0.0,-16.1,3,511.314,3.488,80.922
5537.9,44.25,0.0,0.0,-15.9,3,512.164,3.462,78.876
5537.9,44.12,0.0,0.0,-15.7,3,513.051,3.433,76.853
5537.9,43.98,0.0,0.0,-15.4,3,513.973,3.402,74.853
5548.4,43.85,3.6,0.0,-15.0,3,514.932,3.371,72.878
5548.4,43.74,6.7,0.0,-14.7,3,515.926,3.339,70.927
5548.4,43.64,8.1,0.0,-14.2,3,516.956,3.308,69.001
5548.4,43.54,8.1,0.0,-13.6,3,518.240,3.273,66.722
5559.1,43.46,8.1,0.0,-12.6,3,519.348,3.247,64.852
5559.1,43.38,8.1,0.0,-11.4,3,520.491,3.223,63.006
5559.1,43.31,8.1,0.0,-9.8,3,521.665,3.201,61.185
5559.1,43.23,8.1,0.0,-7.7,3,522.869,3.180,59.387
5570.0,43.18,8.1,0.0,-4.7,3,524.097,3.160,57.611
5570.0,43.11,8.1,0.0,-1.2,3,525.345,3.139,55.851
5570.0,43.05,8.2,0.0,2.4,3,526.607,3.120,54.105
5570.0,42.99,8.7,0.0,6.2,3,527.872,3.102,52.366
5581.1,42.94,10.1,0.0,9.4,3,529.131,3.083,50.625
5581.1,42.88,10.1,0.0,12.2,3,530.374,3.063,48.876
5581.1,42.82,10.1,0.0,14.5,3,531.592,3.043,47.114
5581.1,42.76,10.1,0.0,16.5,3,532.780,3.023,45.335
5592.4,42.69,10.1,0.0,18.3,3,533.934,3.003,43.538
5592.4,42.61,7.1,0.0,19.9,3,535.051,2.982,41.721
5592.4,42.49,3.4,0.0,21.8,3,536.339,2.955,39.517
5603.9,42.36,1.2,0.0,22.7,3,537.367,2.931,37.661
5603.9,42.22,0.0,0.0,22.7,3,538.351,2.905,35.789
5603.9,42.08,0.0,0.0,22.1,3,539.289,2.878,33.902
5603.9,41.96,100.0,0.0,21.2,0,540.181,2.851,32.001
5615.6,41.85,0.0,0.0,20.4,2,541.029,2.822,30.084
5615.6,41.69,0.0,0.0,19.6,2,541.830,2.793,28.156
5615.6,41.54,0.0,0.0,18.7,2,542.585,2.762,26.217
5615.6,41.39,0.0,0.0,18.3,2,543.295,2.730,24.270
5627.5,41.24,0.0,0.0,18.2,2,543.958,2.698,22.314
5627.5,41.09,0.0,0.0,18.1,2,544.575,2.667,20.351
5627.5,40.94,0.0,0.0,18.4,2,545.146,2.637,18.381
5627.5,40.81,0.0,0.0,19.3,2,545.672,2.607,16.407
5639.7,40.66,0.0,0.0,20.1,2,546.155,2.575,14.428
5639.7,40.51,0.0,0.0,20.9,2,546.593,2.543,12.448
5639.7,40.33,0.0,0.0,21.2,2,547.058,2.504,10.068
5639.7,40.17,0.0,0.0,21.0,2,547.393,2.473,8.084
5652.1,40.03,0.0,0.0,21.1,2,547.680,2.443,6.099
5652.1,39.90,0.0,0.0,21.9,2,547.923,2.412,4.116
5652.1,39.75,0.0,0.0,22.7,2,548.122,2.378,2.135
5652.1,39.59,0.0,0.0,23.4,2,548.276,2.343,0.158
5664.6,39.45,0.0,0.0,23.5,2,548.382,2.308,-1.815
5664.6,39.30,0.0,0.0,23.5,2,548.441,2.274,-3.782
5664.6,39.15,0.0,0.0,23.8,2,548.454,2.239,-5.743
5664.6,39.01,0.0,0.0,24.2,2,548.420,2.203,-7.696
5677.3,38.84,0.0,0.0,25.3,2,548.322,2.159,-10.029
5677.3,38.70,0.0,0.0,26.2,2,548.193,2.119,-11.962
5677.3,38.53,0.0,0.0,26.3,2,548.019,2.078,-13.885
5677.3,38.39,0.0,0.0,26.1,2,547.796,2.039,-15.794
5690.3,38.25,5.8,0.0,25.4,2,547.526,2.003,-17.691
5690.3,38.17,16.7,0.0,24.9,2,547.208,1.969,-19.574
5690.3,38.18,28.0,0.0,24.8,2,546.842,1.938,-21.447
5690.3,38.23,33.8,0.0,24.8,2,546.430,1.908,-23.311
5703.3,38.32,38.9,0.0,24.8,2,545.973,1.879,-25.169
5703.3,38.42,43.6,0.0,24.7,2,545.472,1.851,-27.021
5703.3,38.55,46.5,0.0,24.2,2,544.928,1.825,-28.866
5703.3,38.72,48.7,0.0,24.1,2,544.340,1.799,-30.706
5716.6,38.89,50.1,0.0,24.4,2,543.712,1.773,-32.542
5716.6,39.06,52.9,0.0,24.6,2,543.044,1.745,-34.372
5716.6,39.24,54.3,0.0,23.7,2,542.334,1.717,-36.197
5716.6,39.48,57.2,0.0,21.6,2,541.428,1.684,-38.377
5730.1,39.69,58.6,0.0,19.9,2,540.627,1.659,-40.187
5730.1,39.90,61.4,0.0,19.0,2,539.784,1.635,-41.989
5730.1,40.15,63.6,0.0,18.5,2,538.896,1.616,-43.783
5730.1,40.42,65.7,0.0,18.7,2,537.967,1.599,-45.570
5743.6,40.68,67.7,0.0,19.5,2,537.002,1.578,-47.352
5743.6,40.93,69.8,0.0,19.4,2,536.001,1.552,-49.130
5743.6,41.19,70.6,0.0,17.3,2,534.957,1.529,-50.897
5743.6,41.48,71.3,0.0,14.4,2,533.868,1.510,-52.653
5757.3,41.77,72.0,0.0,12.3,2,532.738,1.495,-54.401
5757.3,42.07,72.0,0.0,11.5,2,531.569,1.479,-56.141
5757.3,42.36,72.7,0.0,11.5,2,530.363,1.463,-57.873
5757.3,42.67,74.3,0.0,11.9,2,529.122,1.447,-59.599
5771.1,42.98,75.7,0.0,12.4,2,527.846,1.432,-61.318
5771.1,43.35,76.4,0.0,12.6,2,526.271,1.410,-63.375
5771.1,43.66,77.0,0.0,12.6,2,524.924,1.391,-65.083
5771.1,43.93,77.7,0.0,12.6,2,523.542,1.370,-66.782
5784.9,44.17,79.1,0.0,12.7,2,522.129,1.348,-68.471
5784.9,44.24,0.0,0.0,12.9,0,520.685,1.325,-70.147
5784.9,44.50,81.1,0.0,12.7,3,519.215,1.300,-71.806
5784.9,44.77,82.5,0.0,12.5,3,517.710,1.275,-73.453
5798.7,45.06,83.2,0.0,12.4,3,516.168,1.249,-75.086
5798.7,45.35,83.2,0.0,12.6,3,514.592,1.220,-76.706
5798.7,45.63,83.2,0.0,12.6,3,512.981,1.187,-78.311
5798.7,45.91,83.2,0.0,12.1,3,511.336,1.152,-79.902
5812.5,46.20,83.2,0.0,11.5,3,509.654,1.117,-81.474
5812.5,46.49,83.9,0.0,10.9,3,507.936,1.084,-83.029
5812.5,46.84,83.9,0.0,9.8,3,505.828,1.047,-84.871
5826.4,47.15,83.9,0.0,9.6,3,504.035,1.019,-86.390
5826.4,47.44,85.2,0.0,9.9,3,502.213,0.988,-87.897
5826.4,47.74,87.3,0.0,10.2,3,500.363,0.956,-89.394
5826.4,48.05,88.6,0.0,10.1,3,498.485,0.922,-90.879
5840.5,48.43,91.4,0.0,9.9,3,496.192,0.880,-92.645
5840.5,48.75,92.7,0.0,9.9,3,494.250,0.843,-94.103
5840.5,49.07,94.8,0.0,9.7,3,492.277,0.805,-95.548
5840.5,49.40,96.1,0.0,9.1,3,490.273,0.770,-96.977
5854.7,49.73,98.3,0.0,8.4,3,488.238,0.738,-98.392
5854.7,50.05,100.0,0.0,7.4,3,486.176,0.706,-99.795
5854.7,50.38,100.0,0.0,5.9,3,484.085,0.676,-101.186
5854.7,50.70,100.0,0.0,3.5,3,481.970,0.647,-102.568
5869.1,51.03,100.0,0.0,0.5,3,479.833,0.620,-103.946
5869.1,51.40,100.0,0.0,-3.0,3,477.247,0.587,-105.606
5869.1,51.69,100.0,0.0,-5.3,3,475.081,0.559,-107.003
5869.1,51.97,100.0,0.0,-7.0,3,472.910,0.532,-108.419
5883.6,52.23,100.0,0.0,-8.5,3,470.738,0.507,-109.858
5883.6,52.44,100.0,0.0,-9.8,3,468.568,0.482,-111.320
5883.6,52.60,100.0,0.0,-10.6,3,466.405,0.458,-112.809
5883.6,52.69,0.0,0.0,-11.0,0,464.252,0.433,-114.325
28.9,52.84,100.0,0.0,-10.8,4,462.116,0.408,-115.868
