opponent,v3,Kacper Marianski,0,1771610985033
Game,version,date,track,car,event,laptime [s],S1 [s],S2 [s],S3 [s],S4+ [s]
LMU,1.2,2026-02-20 18:09:45,Silverstone Grand Prix Circuit - ELMS,499P Custom Team 2025 #397 (Hyper),Live,103.997,0,0,0
Tracklen [m],TotalLaps
5973.6,1
,
,
lapdistance [m],speed [m/s],throttle [%],brake [%],steer [%],gear [int],world_x [m],world_y [m],world_z [m]
10.5,70.55,58.9,0.0,1.6,5,-25.084,0.099,844.942
10.5,71.07,59.3,0.0,1.4,5,-22.274,0.126,845.274
10.5,70.88,58.8,0.0,1.8,5,-18.041,0.150,845.758
25.1,71.58,59.3,0.0,2.0,5,-15.216,0.171,846.072
25.1,70.94,0.0,0.0,2.0,0,-10.956,0.199,846.524
25.1,71.40,88.8,0.0,2.0,6,-8.121,0.212,846.810
25.1,71.44,86.9,0.0,1.4,6,-3.866,0.249,847.215
39.7,71.36,85.0,0.0,1.0,6,0.408,0.265,847.609
39.7,71.86,83.7,0.0,1.0,6,3.259,0.282,847.868
39.7,71.81,81.8,0.0,1.0,6,7.560,0.311,848.252
39.7,72.09,80.5,0.0,1.0,6,10.426,0.324,848.505
54.4,71.92,78.7,0.0,1.0,6,14.728,0.351,848.873
54.4,72.41,77.4,0.0,0.8,6,17.605,0.377,849.116
54.4,72.38,75.5,0.0,0.6,6,21.925,0.409,849.483
54.4,72.60,74.2,0.0,0.6,6,24.816,0.433,849.728
69.3,72.63,72.3,0.0,0.4,6,29.154,0.473,850.089
69.3,72.69,71.1,0.0,0.2,6,32.051,0.490,850.331
69.3,72.88,69.2,0.0,-0.2,6,36.402,0.530,850.694
69.3,73.01,67.9,0.0,-0.2,6,39.309,0.560,850.938
84.2,73.14,66.0,0.0,-0.2,6,43.680,0.603,851.308
84.2,73.26,64.2,0.0,-0.2,6,48.053,0.648,851.676
84.2,73.39,62.9,0.0,-0.2,6,50.975,0.672,851.924
99.2,73.49,61.0,0.0,-0.4,6,55.363,0.717,852.296
99.2,73.65,59.8,0.0,-0.4,6,58.298,0.746,852.549
99.2,73.76,58.5,0.0,-0.6,6,62.707,0.788,852.932
99.2,73.85,58.6,0.0,-0.6,6,65.649,0.813,853.193
114.3,74.02,58.7,0.0,-0.6,6,70.065,0.855,853.590
114.3,74.09,58.7,0.0,-0.6,6,73.012,0.885,853.859
114.3,74.23,58.7,0.0,-0.6,6,77.443,0.927,854.268
114.3,74.32,58.6,0.0,-0.8,6,80.402,0.957,854.543
129.4,74.43,58.7,0.0,-1.0,6,84.844,0.993,854.962
129.4,74.54,58.8,0.0,-1.0,6,87.808,1.017,855.248
129.4,74.65,58.8,0.0,-1.0,6,92.258,1.049,855.688
129.4,74.75,58.9,0.0,-0.8,6,95.231,1.070,855.987
144.8,74.92,58.8,0.0,-0.6,6,99.700,1.107,856.440
144.8,75.06,58.9,0.0,-0.4,6,104.175,1.139,856.901
144.8,75.09,59.0,0.0,-0.6,6,107.161,1.162,857.210
144.8,75.23,59.0,0.0,-0.6,6,111.648,1.194,857.680
160.1,75.33,59.0,0.0,-0.6,6,114.645,1.211,857.999
160.1,75.49,59.0,0.0,-0.4,6,119.143,1.241,858.478
160.1,75.59,59.1,0.0,-0.4,6,122.146,1.261,858.801
160.1,75.72,59.0,0.0,-0.2,6,126.656,1.288,859.289
175.5,75.78,59.1,0.0,0.0,6,129.665,1.310,859.615
175.5,75.88,59.1,0.0,0.0,6,134.191,1.327,860.107
175.5,76.01,59.2,0.0,0.0,6,137.211,1.348,860.434
175.5,76.01,59.3,0.0,0.0,6,141.746,1.376,860.925
191.0,76.17,59.3,0.0,0.2,6,144.771,1.399,861.253
191.0,76.29,59.2,0.0,0.2,6,149.323,1.431,861.745
191.0,76.47,59.3,0.0,0.2,6,153.882,1.464,862.236
191.0,76.53,59.3,0.0,0.0,6,156.925,1.474,862.563
206.5,76.70,59.3,0.0,0.0,6,161.493,1.503,863.057
206.5,76.69,59.3,0.0,-0.2,6,164.541,1.520,863.386
206.5,76.86,59.4,0.0,0.0,6,169.118,1.542,863.882
206.5,76.95,59.4,0.0,0.4,6,172.178,1.567,864.216
222.1,77.06,59.4,0.0,0.8,6,176.772,1.599,864.710
222.1,77.14,59.4,0.0,1.0,6,179.839,1.621,865.032
222.1,77.25,59.4,0.0,0.8,6,184.444,1.651,865.510
222.1,77.34,59.4,0.0,0.6,6,187.519,1.664,865.825
237.9,77.49,59.4,0.0,0.8,6,192.141,1.699,866.292
237.9,77.57,59.4,0.0,1.2,6,195.226,1.714,866.601
237.9,77.68,59.4,0.0,1.6,6,199.857,1.744,867.058
237.9,77.74,59.5,0.0,1.4,6,202.948,1.760,867.358
253.6,77.89,59.5,0.0,0.8,6,207.587,1.785,867.806
253.6,77.96,59.5,0.0,0.4,6,212.242,1.812,868.254
253.6,78.03,59.5,0.0,0.2,6,215.349,1.832,868.557
253.6,78.10,59.5,0.0,0.4,6,220.010,1.859,869.017
269.2,78.20,59.5,0.0,0.4,6,223.118,1.883,869.326
269.2,78.27,60.0,0.0,0.6,6,227.785,1.912,869.794
269.2,78.30,56.3,7.9,0.6,6,230.903,1.936,870.105
269.2,77.65,30.0,33.3,1.0,6,235.563,1.979,870.573
283.8,76.81,0.0,57.1,1.2,6,238.636,2.003,870.879
283.8,75.59,0.0,77.8,0.8,6,243.180,2.030,871.317
283.8,74.70,0.0,88.9,0.4,6,246.167,2.045,871.598
283.8,72.86,0.0,98.4,0.6,6,250.573,2.076,872.007
297.5,71.82,0.0,100.0,0.8,6,253.453,2.084,872.268
297.5,70.37,0.0,96.8,0.8,6,257.703,2.104,872.649
297.5,69.29,0.0,95.2,0.4,6,260.483,2.121,872.892
297.5,67.87,7.9,88.9,0.4,0,264.585,2.137,873.246
310.3,66.63,0.0,84.1,1.2,5,268.609,2.166,873.587
310.3,65.78,0.0,82.5,1.2,5,271.252,2.173,873.804
310.3,64.60,0.0,76.2,0.8,5,275.151,2.194,874.112
310.3,63.78,0.0,74.6,0.8,5,277.713,2.200,874.309
322.5,62.66,0.0,69.8,1.6,5,281.496,2.215,874.587
322.5,62.01,0.0,65.1,3.1,5,283.985,2.224,874.756
322.5,61.05,0.0,58.7,5.3,5,287.676,2.233,874.976
322.5,60.49,0.0,55.6,6.3,5,290.109,2.242,875.089
334.3,59.76,0.0,46.0,6.7,5,293.716,2.263,875.205
334.3,59.35,0.0,41.3,6.8,5,296.101,2.270,875.236
334.3,58.85,0.0,31.7,8.6,5,299.651,2.283,875.221
334.3,58.65,0.0,25.4,9.4,5,302.004,2.295,875.170
346.0,58.37,0.0,15.9,10.0,5,305.513,2.309,875.025
346.0,58.09,3.2,11.1,9.6,5,307.838,2.319,874.875
346.0,57.98,11.8,0.0,9.6,5,311.309,2.337,874.585
357.7,57.83,15.0,0.0,10.4,5,314.765,2.365,874.210
357.7,57.70,16.3,0.0,10.6,5,317.060,2.379,873.915
357.7,57.66,20.1,0.0,11.4,5,320.487,2.402,873.408
357.7,57.58,19.8,0.0,11.7,5,322.762,2.420,873.030
369.1,57.54,19.4,0.0,12.1,5,326.159,2.433,872.394
369.1,57.45,19.1,0.0,12.7,5,328.414,2.455,871.926
369.1,57.27,13.5,0.0,14.5,5,331.774,2.469,871.167
369.1,57.14,10.2,0.0,15.9,5,333.998,2.484,870.623
380.6,56.96,6.3,0.0,17.4,5,337.306,2.498,869.744
380.6,56.88,3.2,0.0,18.0,5,339.493,2.506,869.112
380.6,56.64,3.2,0.0,18.4,5,342.745,2.529,868.099
380.6,56.51,3.2,0.0,19.0,5,344.892,2.537,867.385
392.0,56.32,4.8,0.0,19.4,5,348.081,2.553,866.250
392.0,56.16,4.8,0.0,19.4,5,350.182,2.561,865.448
392.0,55.93,7.9,0.0,19.6,5,353.296,2.577,864.185
392.0,55.81,7.9,0.0,20.0,5,356.373,2.594,862.853
403.5,55.73,7.9,0.0,20.2,5,358.401,2.611,861.923
403.5,55.48,7.9,0.0,20.7,5,361.402,2.626,860.474
403.5,55.32,6.3,0.0,21.1,5,363.377,2.642,859.474
403.5,55.12,4.8,0.0,21.7,5,366.299,2.656,857.915
415.3,54.98,1.6,0.0,21.9,5,368.225,2.672,856.844
415.3,54.76,0.0,0.0,21.9,5,371.066,2.689,855.179
415.3,54.70,0.0,0.0,21.9,5,372.931,2.705,854.035
415.3,54.48,0.0,0.0,21.9,4,375.687,2.721,852.262
426.8,54.20,0.0,0.0,22.1,4,378.390,2.737,850.439
426.8,54.07,0.0,0.0,22.1,4,380.159,2.752,849.191
426.8,53.88,1.6,0.0,22.1,4,382.764,2.772,847.275
426.8,53.76,4.8,0.0,22.3,4,384.473,2.779,845.967
438.3,53.65,16.9,0.0,22.3,4,386.989,2.796,843.961
438.3,53.61,28.2,0.0,22.3,4,388.635,2.804,842.589
438.3,53.65,40.1,0.0,21.9,4,391.063,2.820,840.478
438.3,53.66,48.2,0.0,21.7,4,392.652,2.835,839.036
449.7,53.88,56.8,0.0,20.9,4,395.003,2.848,836.830
449.7,54.07,70.4,0.0,18.6,4,396.552,2.866,835.327
449.7,54.32,75.8,0.0,15.3,4,398.845,2.883,833.022
449.7,54.54,75.3,0.0,12.7,4,400.349,2.890,831.447
461.3,54.80,73.4,0.0,9.2,4,402.578,2.906,829.039
461.3,55.00,72.2,0.0,7.2,4,404.043,2.922,827.405
461.3,55.26,70.3,0.0,4.7,4,406.213,2.938,824.915
461.3,55.62,68.4,0.0,4.3,4,408.363,2.950,822.378
473.1,55.83,67.2,0.0,5.9,4,409.792,2.957,820.663
473.1,56.12,65.4,0.0,8.8,4,411.915,2.973,818.058
473.1,56.29,64.2,0.0,9.6,4,413.310,2.981,816.296
473.1,56.59,62.5,0.0,9.8,4,415.368,2.997,813.609
485.1,56.79,61.3,0.0,10.4,4,416.716,3.003,811.788
485.1,57.02,59.5,0.0,11.9,4,418.704,3.015,809.010
485.1,57.18,59.0,0.0,12.9,4,420.007,3.025,807.135
485.1,57.39,59.1,0.0,12.3,4,421.913,3.035,804.277
497.2,57.60,59.1,0.0,10.6,4,423.149,3.041,802.337
497.2,57.89,59.1,0.0,7.6,4,424.963,3.054,799.389
497.2,58.08,59.1,0.0,6.1,4,426.149,3.073,797.395
497.2,58.34,59.1,0.0,5.9,4,427.887,3.088,794.368
509.4,58.52,59.1,0.0,6.7,4,429.027,3.106,792.329
509.4,58.80,59.2,0.0,8.2,4,430.708,3.130,789.241
509.4,59.02,59.2,0.0,9.6,4,432.341,3.152,786.105
509.4,59.20,59.2,0.0,10.8,4,433.406,3.172,783.993
521.9,59.43,58.7,0.0,11.2,4,434.949,3.194,780.787
521.9,59.57,58.6,0.0,10.8,4,435.942,3.207,778.624
521.9,59.76,58.3,0.0,10.4,4,437.385,3.231,775.354
521.9,59.90,58.2,0.0,9.8,4,438.311,3.245,773.153
534.5,59.57,0.0,0.0,8.6,0,439.650,3.269,769.822
534.5,60.26,88.5,0.0,7.6,5,440.512,3.287,767.581
534.5,60.22,86.5,0.0,7.6,5,441.764,3.313,764.191
534.5,60.42,85.2,0.0,8.0,5,442.568,3.329,761.913
547.3,60.59,83.2,0.0,7.0,5,443.714,3.349,758.467
547.3,60.78,81.9,0.0,6.3,5,444.447,3.363,756.152
547.3,61.04,79.9,0.0,5.7,5,445.503,3.400,752.659
560.3,61.23,77.9,0.0,5.1,5,446.514,3.417,749.135
560.3,61.44,76.6,0.0,4.7,5,447.166,3.434,746.772
560.3,61.59,74.7,0.0,4.7,5,448.110,3.471,743.206
560.3,61.30,73.4,0.0,5.3,5,448.722,3.486,740.815
573.4,62.32,71.5,0.0,5.7,5,449.606,3.516,737.218
573.4,62.20,69.6,0.0,4.3,5,450.452,3.546,733.592
573.4,62.50,68.3,0.0,2.9,5,450.994,3.565,731.156
573.4,62.50,66.4,0.0,1.4,5,451.773,3.589,727.487
586.5,62.60,65.1,0.0,1.2,5,452.283,3.605,725.035
586.5,62.96,63.2,0.0,2.3,5,453.042,3.639,721.346
586.5,63.11,61.9,0.0,3.3,5,453.542,3.663,718.877
586.5,63.36,60.1,0.0,3.5,5,454.267,3.688,715.155
599.9,63.49,58.7,0.0,3.3,5,454.736,3.709,712.660
599.9,63.70,57.6,0.0,2.5,5,455.417,3.734,708.908
599.9,63.90,57.8,0.0,2.0,5,456.079,3.762,705.139
599.9,64.07,57.9,0.0,1.8,5,456.512,3.780,702.617
613.4,64.32,58.0,0.0,1.8,5,457.154,3.807,698.818
613.4,64.48,57.8,0.0,2.2,5,457.578,3.834,696.275
613.4,64.67,58.1,0.0,2.2,5,458.196,3.858,692.453
613.4,64.84,58.0,0.0,2.0,5,458.599,3.880,689.896
640.8,65.93,58.3,0.0,1.8,5,461.601,4.053,669.195
640.8,66.09,58.3,0.0,1.8,5,461.948,4.069,666.575
640.8,66.31,58.4,0.0,1.8,5,462.455,4.107,662.637
654.8,66.42,58.4,0.0,1.8,5,462.785,4.122,660.004
654.8,66.64,58.5,0.0,1.8,5,463.269,4.156,656.046
654.8,66.74,58.5,0.0,1.6,5,463.584,4.181,653.397
654.8,66.97,58.6,0.0,1.6,5,464.045,4.212,649.409
668.8,67.22,58.6,0.0,1.6,5,464.495,4.250,645.409
668.8,67.27,58.6,0.0,1.6,5,464.787,4.273,642.738
668.8,67.52,58.7,0.0,1.6,5,465.213,4.304,638.721
668.8,67.63,58.8,0.0,1.6,5,465.490,4.328,636.033
682.9,67.82,58.8,0.0,1.8,5,465.894,4.359,631.989
682.9,67.93,58.9,0.0,2.0,5,466.154,4.383,629.285
682.9,68.12,58.9,0.0,2.0,5,466.529,4.413,625.222
682.9,68.26,59.0,0.0,2.0,5,466.768,4.435,622.506
697.2,68.45,59.0,0.0,1.8,5,467.110,4.468,618.420
697.2,68.59,59.1,0.0,1.6,5,467.329,4.490,615.688
697.2,68.76,59.1,0.0,1.2,5,467.648,4.523,611.578
697.2,68.91,59.1,0.0,1.2,5,467.856,4.546,608.835
711.5,69.15,59.2,0.0,1.2,5,468.157,4.577,604.707
711.5,69.26,59.2,0.0,1.2,5,468.448,4.608,600.564
711.5,69.41,59.2,0.0,1.2,5,468.635,4.630,597.798
726.1,69.55,59.2,0.0,1.2,5,468.908,4.663,593.639
726.1,69.70,59.2,0.0,1.0,5,469.084,4.685,590.863
726.1,69.88,59.3,0.0,1.0,5,469.342,4.715,586.688
726.1,69.94,59.3,0.0,1.0,5,469.508,4.729,583.895
740.7,70.15,59.3,0.0,1.0,5,469.751,4.759,579.695
740.7,70.30,59.3,0.0,0.8,5,469.908,4.773,576.890
740.7,70.54,59.4,0.0,0.8,5,470.141,4.794,572.676
740.7,70.57,59.4,0.0,0.8,5,470.292,4.809,569.863
755.4,70.75,59.4,0.0,0.8,5,470.509,4.832,565.629
755.4,70.80,59.4,0.0,0.8,5,470.651,4.845,562.800
755.4,71.02,59.4,0.0,1.0,5,470.856,4.859,558.551
755.4,71.17,59.3,0.0,1.0,5,470.990,4.874,555.711
770.2,70.88,0.0,0.0,0.8,6,471.182,4.888,551.457
770.2,71.25,88.8,0.0,0.8,6,471.304,4.894,548.615
770.2,71.37,86.9,0.0,0.6,6,471.480,4.908,544.336
770.2,71.52,85.0,0.0,0.6,6,471.651,4.913,540.051
785.1,71.68,83.7,0.0,0.6,6,471.762,4.920,537.193
785.1,71.83,81.8,0.0,0.6,6,471.925,4.919,532.895
785.1,71.92,80.5,0.0,0.6,6,472.031,4.926,530.021
785.1,72.08,78.6,0.0,0.4,6,472.185,4.922,525.703
800.0,72.17,77.3,0.0,0.4,6,472.285,4.929,522.819
800.0,72.29,75.5,0.0,0.4,6,472.434,4.919,518.489
800.0,72.45,74.2,0.0,0.4,6,472.530,4.918,515.597
800.0,72.57,72.3,0.0,0.2,6,472.674,4.917,511.249
815.0,72.73,71.1,0.0,0.2,6,472.771,4.908,508.342
815.0,72.85,69.2,0.0,0.0,6,472.912,4.896,503.979
815.0,72.88,67.9,0.0,-0.2,6,473.008,4.887,501.067
815.0,73.10,66.0,0.0,-0.4,6,473.152,4.874,496.690
830.1,73.20,64.8,0.0,-0.6,6,473.251,4.858,493.762
830.1,73.36,62.9,0.0,-0.8,6,473.408,4.839,489.366
830.1,73.52,61.0,0.0,-1.2,6,473.573,4.815,484.964
830.1,73.56,59.8,0.0,-1.2,6,473.690,4.801,482.025
845.2,73.79,58.6,0.0,-1.0,6,473.874,4.775,477.610
845.2,38.83,0.0,15.9,21.7,3,261.307,2.803,155.430
845.2,38.18,0.0,30.2,21.1,3,263.573,2.804,155.890
845.2,37.90,0.0,36.5,20.9,3,265.068,2.805,156.158
860.4,37.17,0.0,39.7,22.1,3,267.289,2.808,156.501
860.4,36.63,0.0,41.3,22.9,3,268.751,2.812,156.690
860.4,36.01,91.5,41.3,22.7,0,270.920,2.823,156.912
860.4,35.61,0.0,41.3,22.3,2,272.347,2.834,157.024
875.6,34.90,0.0,41.3,22.1,2,274.459,2.847,157.140
875.6,34.57,0.0,42.9,21.9,2,275.845,2.864,157.181
875.6,33.88,0.0,44.4,21.9,2,277.897,2.887,157.194
875.6,33.11,0.0,49.2,22.3,2,279.906,2.916,157.154
891.0,32.55,0.0,50.8,22.3,2,281.216,2.933,157.100
891.0,31.89,0.0,44.4,22.7,2,283.143,2.959,156.974
891.0,31.54,0.0,34.9,23.3,2,284.405,2.984,156.862
891.0,31.08,0.0,25.4,25.6,2,286.269,3.015,156.650
907.1,30.73,0.0,23.8,28.0,2,287.494,3.040,156.479
907.1,30.24,0.0,23.8,30.9,2,289.298,3.072,156.171
907.1,30.00,0.0,20.6,31.5,2,290.481,3.101,155.943
907.1,29.74,0.0,4.8,32.3,2,292.225,3.137,155.549
923.2,29.65,0.0,0.0,32.7,2,293.375,3.160,155.245
923.2,29.37,0.0,0.0,34.6,2,295.076,3.201,154.748
923.2,29.27,0.0,0.0,36.4,2,296.190,3.226,154.388
923.2,29.07,0.0,0.0,39.5,2,297.838,3.268,153.812
939.4,28.99,0.0,0.0,42.7,2,298.932,3.290,153.419
939.4,28.86,0.0,3.2,45.8,2,300.550,3.299,152.794
939.4,28.54,0.0,3.2,47.2,2,302.140,3.312,152.139
939.4,28.50,0.0,3.2,47.2,2,303.181,3.322,151.673
954.4,28.24,0.0,1.6,46.4,2,304.719,3.329,150.946
954.4,28.11,0.0,0.0,47.0,2,305.715,3.329,150.424
954.4,28.03,0.0,0.0,47.4,2,307.180,3.339,149.593
954.4,27.95,0.0,0.0,47.7,2,308.137,3.343,149.017
968.4,27.65,0.0,0.0,49.9,2,309.548,3.349,148.126
968.4,27.64,0.0,0.0,50.7,2,310.461,3.350,147.507
968.4,27.39,0.0,0.0,51.5,2,311.791,3.356,146.544
968.4,27.26,0.0,0.0,50.9,2,312.655,3.355,145.876
981.8,27.11,0.0,0.0,49.5,2,313.915,3.362,144.844
981.8,26.96,0.0,0.0,49.1,2,314.732,3.363,144.134
981.8,26.86,0.0,0.0,49.5,2,315.921,3.361,143.039
981.8,26.87,0.0,0.0,49.9,2,316.689,3.362,142.289
995.9,26.69,0.0,0.0,51.1,2,317.800,3.368,141.134
995.9,26.48,0.0,0.0,51.7,2,318.866,3.367,139.945
995.9,26.46,0.0,0.0,52.1,2,319.547,3.367,139.137
1010.9,26.24,0.0,0.0,52.4,2,320.529,3.367,137.903
1010.9,26.18,0.0,0.0,52.6,2,321.153,3.367,137.063
1010.9,26.00,0.0,0.0,53.0,2,322.045,3.368,135.780
1010.9,25.86,0.0,0.0,53.4,2,322.606,3.368,134.907
1025.5,25.78,0.0,0.0,53.2,2,323.406,3.369,133.580
1025.5,25.67,0.0,0.0,52.6,2,323.909,3.369,132.685
1025.5,25.56,0.0,0.0,48.3,2,324.620,3.368,131.325
1025.5,25.48,0.0,0.0,43.8,2,325.063,3.375,130.406
1039.5,25.50,11.7,0.0,36.0,2,325.680,3.374,129.011
1039.5,25.52,22.1,0.0,32.3,2,326.061,3.373,128.067
1039.5,25.74,50.8,0.0,29.2,2,326.604,3.365,126.632
1039.5,26.01,59.9,0.0,27.8,2,327.106,3.366,125.163
1053.0,26.30,61.5,0.0,26.0,2,327.420,3.366,124.166
1053.0,26.57,59.7,0.0,23.5,2,327.863,3.367,122.644
1053.0,26.78,59.8,0.0,22.7,2,328.136,3.367,121.613
1053.0,27.06,61.0,0.0,21.9,2,328.527,3.368,120.049
1066.4,27.16,62.1,0.0,22.5,2,328.768,3.368,118.995
1066.4,27.49,65.0,0.0,23.9,2,329.101,3.370,117.391
1066.4,27.68,64.4,0.0,24.5,2,329.301,3.371,116.306
1066.4,28.01,66.4,0.0,24.5,2,329.571,3.371,114.654
1079.9,28.29,68.1,0.0,23.5,2,329.732,3.379,113.538
1079.9,28.62,67.0,0.0,22.1,2,329.942,3.380,111.847
1079.9,28.85,67.2,0.0,20.4,2,330.062,3.380,110.705
1079.9,29.12,66.5,0.0,17.2,2,330.214,3.386,108.970
1093.5,29.31,66.2,0.0,16.8,2,330.298,3.387,107.805
1093.5,29.78,67.1,0.0,16.8,2,330.399,3.394,106.033
1093.5,30.14,67.2,0.0,16.8,2,330.462,3.395,104.236
1093.5,30.38,66.8,0.0,15.9,2,330.486,3.394,103.027
1106.3,30.69,67.5,0.0,14.7,2,330.498,3.403,101.197
1106.3,31.03,70.5,0.0,14.3,2,330.491,3.404,99.967
1106.3,31.33,72.4,0.0,15.9,2,330.449,3.412,98.099
1106.3,31.66,72.1,0.0,16.2,2,330.401,3.417,96.840
1118.3,31.97,71.5,0.0,15.9,2,330.299,3.428,94.934
1118.3,32.25,71.3,0.0,13.7,2,330.211,3.441,93.653
1118.3,32.66,71.3,0.0,11.5,2,330.051,3.454,91.712
1118.3,33.00,70.9,0.0,9.8,2,329.929,3.463,90.406
1129.9,33.28,67.9,0.0,8.2,2,329.730,3.479,88.428
1129.9,33.46,64.9,0.0,7.6,2,329.588,3.481,87.104
1129.9,33.77,59.3,0.0,6.7,2,329.360,3.497,85.099
1129.9,33.91,51.0,0.0,4.9,2,329.196,3.505,83.753
1141.2,34.15,51.0,0.0,2.9,2,328.947,3.526,81.730
1141.2,34.41,55.0,0.0,-2.3,2,328.695,3.538,79.688
1141.2,34.43,54.9,0.0,-3.9,2,328.534,3.551,78.320
1141.2,34.82,53.5,0.0,-8.0,2,328.307,3.563,76.245
1152.6,34.90,50.7,0.0,-11.7,2,328.173,3.569,74.851
1152.6,35.08,41.0,0.0,-21.3,2,328.005,3.600,72.750
1152.6,35.23,41.0,0.0,-25.0,2,327.930,3.619,71.340
1152.6,35.38,41.0,0.0,-30.3,2,327.862,3.641,69.219
1163.8,35.44,36.9,0.0,-35.0,2,327.849,3.656,67.799
1163.8,35.39,23.8,0.0,-34.8,2,327.881,3.689,65.674
1163.8,35.21,0.0,0.0,-33.7,2,327.932,3.714,64.262
1163.8,34.97,0.0,0.0,-34.1,2,328.058,3.744,62.158
1175.0,34.81,0.0,1.6,-34.6,2,328.163,3.757,60.766
1175.0,34.48,0.0,6.3,-36.4,2,328.372,3.778,58.698
1175.0,34.26,0.0,15.9,-35.6,2,328.556,3.784,57.336
1175.0,33.78,0.0,30.2,-31.9,2,328.878,3.805,55.322
1185.8,33.07,0.0,39.7,-29.0,2,329.233,3.820,53.348
1185.8,32.55,0.0,46.0,-25.4,2,329.491,3.836,52.061
1185.8,31.90,0.0,52.4,-15.5,2,329.912,3.850,50.177
1185.8,31.42,0.0,55.6,-8.2,2,330.212,3.859,48.947
1196.5,30.77,0.0,55.6,-0.6,2,330.684,3.877,47.142
1196.5,30.18,0.0,55.6,1.2,2,331.016,3.894,45.968
1196.5,29.51,0.0,54.0,-0.4,2,331.533,3.912,44.253
1196.5,28.96,0.0,54.0,-1.4,2,331.890,3.930,43.142
1207.2,28.24,0.0,52.4,-1.8,2,332.442,3.953,41.520
1207.2,27.82,0.0,50.8,2.5,2,332.815,3.968,40.463
1207.2,27.09,0.0,50.8,14.1,2,333.383,3.991,38.917
1207.2,26.65,0.0,50.8,21.7,2,333.765,4.007,37.913
1217.9,25.99,0.0,50.8,27.8,2,334.344,4.029,36.444
1217.9,25.54,0.0,50.8,28.4,2,334.730,4.043,35.490
1217.9,24.95,0.0,50.8,27.6,2,335.307,4.062,34.088
1217.9,24.47,0.0,54.0,26.0,2,335.689,4.077,33.176
1228.6,23.77,0.0,58.7,22.1,2,336.257,4.092,31.847
1228.6,23.08,0.0,63.5,17.0,2,336.808,4.109,30.558
1228.6,22.59,0.0,63.5,12.9,2,337.167,4.119,29.720
1239.2,21.84,0.0,63.5,7.2,2,337.691,4.137,28.494
1239.2,21.43,0.0,63.5,4.3,2,338.032,4.152,27.699
1239.2,21.00,0.0,66.7,2.7,2,338.532,4.154,26.530
1239.2,20.75,0.0,73.0,2.3,2,338.862,4.160,25.764
1249.2,20.06,0.0,81.0,1.6,2,339.347,4.165,24.636
1249.2,19.61,0.0,82.5,2.2,2,339.661,4.168,23.907
1249.2,18.97,0.0,84.1,3.1,2,340.114,4.171,22.845
1249.2,18.27,0.0,84.1,5.1,2,340.406,4.172,22.159
1258.8,17.66,0.0,82.5,7.4,2,340.826,4.184,21.173
1258.8,16.90,0.0,84.1,8.8,2,341.231,4.206,20.220
1258.8,16.72,0.0,87.3,10.2,2,341.494,4.214,19.602
1258.8,16.15,0.0,93.7,13.5,2,341.879,4.207,18.695
1268.4,15.90,0.0,96.8,15.9,2,342.128,4.196,18.102
1268.4,15.37,0.0,100.0,18.2,2,342.488,4.185,17.237
1268.4,15.23,0.0,100.0,16.4,2,342.722,4.171,16.673
1268.4,15.09,0.0,100.0,10.0,2,343.070,4.137,15.827
1278.4,14.50,0.0,100.0,4.7,2,343.296,4.101,15.275
1278.4,13.52,0.0,98.4,-1.2,2,343.612,4.047,14.495
1278.4,13.00,0.0,96.8,-3.5,2,343.807,4.035,14.006
1278.4,12.38,0.0,93.7,-3.5,2,344.087,4.024,13.306
1288.5,12.03,0.0,92.1,-1.8,2,344.264,4.015,12.854
1288.5,11.35,0.0,90.5,0.8,2,344.518,3.994,12.201
1288.5,10.87,0.0,88.9,2.0,2,344.680,3.979,11.789
1288.5,9.98,0.0,85.7,3.1,2,344.905,3.963,11.204
1298.3,9.06,0.0,82.5,5.1,2,345.109,3.948,10.673
1298.3,8.81,0.0,79.4,6.5,2,345.235,3.949,10.340
1298.3,8.27,0.0,74.6,7.2,2,345.417,3.949,9.858
1298.3,7.80,0.0,74.6,7.0,2,345.530,3.948,9.556
1308.1,6.73,0.0,71.4,6.1,2,345.726,3.941,9.018
1308.1,6.31,0.0,71.4,5.3,2,345.812,3.942,8.773
1308.1,5.55,0.0,69.8,3.9,2,345.931,3.934,8.436
1308.1,5.06,0.0,69.8,3.1,2,345.998,3.935,8.236
1317.8,4.35,0.0,69.8,2.2,2,346.080,3.927,7.969
1317.8,3.83,0.0,69.8,1.4,2,346.122,3.927,7.813
1317.8,3.10,0.0,69.8,0.8,0,346.163,3.927,7.611
1402.8,3.09,26.3,1.6,1.2,1,346.235,3.957,9.351
1402.8,3.19,26.3,1.6,1.0,1,346.239,3.957,9.476
1402.8,3.25,26.3,1.6,1.2,1,346.240,3.957,9.670
1413.0,3.34,26.3,1.6,1.4,1,346.241,3.965,9.802
1413.0,3.47,26.3,1.6,1.4,1,346.243,3.965,10.006
1413.0,3.53,26.3,1.6,1.6,1,346.246,3.964,10.146
1413.0,3.66,26.3,1.6,2.7,1,346.252,3.972,10.362
1423.5,3.72,26.3,1.6,4.1,1,346.253,3.972,10.509
1423.5,3.85,26.3,1.6,7.4,1,346.260,3.980,10.737
1423.5,3.91,26.3,1.6,12.7,1,346.267,3.981,10.971
1423.5,3.94,17.8,1.6,17.0,1,346.274,3.989,11.126
1434.5,3.82,0.0,1.6,23.1,1,346.285,3.997,11.357
1434.5,3.76,0.0,1.6,26.6,1,346.294,3.996,11.508
1434.5,3.70,0.0,1.6,29.9,1,346.307,4.004,11.732
1434.5,3.67,0.0,1.6,31.1,1,346.317,4.012,11.878
1445.8,3.52,0.0,4.8,31.7,1,346.334,4.020,12.093
1445.8,3.39,0.0,11.1,32.1,1,346.345,4.028,12.230
1555.2,3.14,86.5,3.2,11.5,1,346.465,4.098,13.715
1555.2,3.39,86.4,1.6,11.4,1,346.479,4.106,13.908
1555.2,3.55,86.4,0.0,11.4,1,346.489,4.115,14.047
1568.0,3.83,86.3,0.0,11.4,1,346.505,4.132,14.267
1568.0,4.03,86.3,0.0,11.4,1,346.518,4.141,14.424
1568.0,4.24,86.2,1.6,11.4,1,346.540,4.160,14.671
1568.0,4.36,86.4,4.8,11.4,1,346.555,4.168,14.843
1580.9,4.19,27.0,12.7,11.2,1,346.576,4.184,15.104
1580.9,3.81,0.0,22.2,11.0,1,346.591,4.192,15.260
1580.9,3.34,0.0,38.1,10.0,1,346.617,4.205,15.467
1689.4,3.29,62.6,0.0,22.3,1,346.776,4.239,16.734
1689.4,3.51,62.5,0.0,25.2,1,346.796,4.233,16.870
1689.4,3.82,61.8,0.0,28.6,1,346.827,4.226,17.085
1703.5,4.05,61.6,0.0,32.1,1,346.850,4.229,17.240
1703.5,4.37,61.2,0.0,34.8,1,346.887,4.234,17.487
1703.5,4.62,60.8,0.0,38.9,1,346.915,4.236,17.666
1703.5,5.00,59.9,0.0,42.5,1,346.961,4.243,17.951
1717.7,5.20,60.1,0.0,43.4,1,346.995,4.247,18.153
1717.7,5.33,57.8,0.0,46.0,1,347.050,4.247,18.464
1717.7,5.65,54.8,0.0,46.8,1,347.089,4.250,18.680
1717.7,5.97,45.2,0.0,46.4,1,347.151,4.249,19.024
1732.0,6.12,40.5,0.0,46.0,1,347.190,4.244,19.265
1732.0,6.61,17.3,0.0,44.8,1,347.253,4.232,19.640
1732.0,6.96,17.9,0.0,44.8,1,347.302,4.220,19.906
1732.0,7.39,31.5,0.0,45.6,1,347.380,4.208,20.328
1746.5,7.94,37.8,0.0,45.8,1,347.469,4.195,20.782
1746.5,7.98,78.6,0.0,45.8,1,347.543,4.191,21.090
1746.5,8.29,80.3,0.0,45.6,1,347.671,4.181,21.560
1746.5,8.50,78.1,0.0,44.8,1,347.758,4.184,21.885
1761.1,8.83,72.0,0.0,45.0,1,347.892,4.165,22.390
1761.1,9.06,72.6,0.0,45.0,1,347.992,4.156,22.735
1761.1,9.37,73.8,0.0,45.0,1,348.155,4.147,23.264
1761.1,9.62,78.0,0.0,44.8,1,348.271,4.139,23.626
1775.7,10.06,87.4,0.0,44.8,1,348.454,4.128,24.187
1775.7,10.24,53.8,0.0,45.0,1,348.590,4.122,24.572
1775.7,10.73,88.9,0.0,45.2,1,348.808,4.115,25.159
1775.7,10.94,86.9,0.0,46.2,1,348.966,4.106,25.563
1790.5,63.26,20.9,0.0,13.1,5,-183.685,-1.675,-14.409
1790.5,63.15,27.5,0.0,14.3,5,-180.686,-1.633,-12.087
1790.5,63.12,31.9,0.0,14.9,5,-178.666,-1.607,-10.572
1790.5,63.08,34.7,0.0,15.3,5,-175.597,-1.573,-8.354
1805.4,63.03,34.6,0.0,15.5,5,-173.529,-1.561,-6.910
1805.4,62.95,34.7,0.0,15.1,5,-170.392,-1.539,-4.807
1805.4,62.88,36.0,0.0,13.7,5,-167.209,-1.513,-2.780
1805.4,62.85,36.0,0.0,12.9,5,-165.062,-1.498,-1.473
1820.4,62.77,36.0,0.0,14.5,5,-161.813,-1.472,0.433
1820.4,62.72,36.0,0.0,15.5,5,-159.623,-1.454,1.659
1820.4,62.79,36.0,0.0,15.5,5,-156.298,-1.418,3.429
1820.4,62.62,36.0,0.0,15.5,5,-154.061,-1.389,4.568
1835.4,62.62,40.1,0.0,16.6,5,-150.693,-1.360,6.236
1835.4,62.50,40.1,0.0,18.2,5,-148.439,-1.328,7.314
1835.4,62.42,44.5,0.0,18.6,5,-145.035,-1.309,8.866
1835.4,62.48,50.1,0.0,17.4,5,-142.737,-1.294,9.846
1850.6,62.46,51.5,0.0,16.6,5,-139.254,-1.270,11.236
1850.6,62.47,51.5,0.0,16.4,5,-136.915,-1.252,12.109
1850.6,62.50,51.3,0.0,18.4,5,-133.386,-1.207,13.361
1865.8,62.47,51.2,0.0,20.4,5,-129.831,-1.183,14.539
1865.8,62.51,55.4,0.0,19.4,5,-127.444,-1.160,15.277
1865.8,62.64,67.9,0.0,18.2,5,-123.835,-1.129,16.325
1865.8,62.66,69.4,0.0,18.8,5,-121.416,-1.105,16.983
1881.1,62.76,68.1,0.0,19.4,5,-117.769,-1.072,17.899
1881.1,62.80,65.3,0.0,19.4,5,-115.325,-1.058,18.460
1881.1,62.89,59.7,0.0,20.9,5,-111.634,-1.020,19.243
1881.1,62.88,63.9,0.0,21.3,5,-109.162,-0.994,19.721
1896.5,63.02,75.3,0.0,19.6,5,-105.442,-0.962,20.359
1896.5,63.10,80.9,0.0,17.6,5,-102.947,-0.938,20.735
1896.5,63.35,88.8,0.0,15.7,5,-99.191,-0.899,21.237
1896.5,63.42,88.9,0.0,15.1,5,-96.675,-0.873,21.528
1912.0,63.63,89.9,0.0,13.9,5,-92.878,-0.833,21.893
1912.0,63.82,90.8,0.0,13.5,5,-90.336,-0.804,22.091
1912.0,63.99,91.6,0.0,14.5,5,-86.513,-0.761,22.329
1912.0,64.19,91.6,0.0,14.3,5,-82.673,-0.714,22.488
1927.6,64.33,91.6,0.0,13.7,5,-80.104,-0.682,22.551
1927.6,64.51,91.6,0.0,12.9,5,-76.237,-0.634,22.584
1927.6,64.67,91.6,0.0,12.5,5,-73.656,-0.601,22.563
1927.6,64.86,91.7,0.0,11.7,5,-69.774,-0.553,22.466
1943.2,64.98,91.7,0.0,11.5,5,-67.180,-0.516,22.362
1943.2,65.20,91.7,0.0,11.5,5,-63.279,-0.460,22.148
1943.2,65.33,91.7,0.0,11.0,5,-60.675,-0.427,21.964
1943.2,65.53,91.7,0.0,9.4,5,-56.765,-0.369,21.625
1958.9,65.73,91.7,0.0,9.0,5,-54.157,-0.331,21.359
1958.9,65.90,91.7,0.0,11.0,5,-50.238,-0.280,20.912
1958.9,66.10,91.7,0.0,11.9,5,-46.307,-0.227,20.404
1958.9,66.21,91.7,0.0,10.8,5,-43.687,-0.196,20.026
1974.6,66.43,91.7,0.0,8.4,5,-39.759,-0.150,19.403
1974.6,66.59,91.7,0.0,4.7,5,-37.139,-0.122,18.951
1974.6,66.84,91.7,0.0,3.1,5,-33.200,-0.079,18.237
1974.6,66.59,24.6,12.7,0.8,5,-30.575,-0.055,17.746
1990.4,65.79,0.0,39.7,-3.5,5,-26.671,-0.018,17.017
1990.4,65.26,0.0,49.2,-6.3,5,-24.096,-0.001,16.543
1990.4,64.30,0.0,55.6,-7.6,5,-20.273,0.018,15.872
1990.4,63.77,0.0,52.4,-6.7,5,-17.750,0.040,15.455
2006.3,63.00,0.0,44.4,-3.9,5,-13.993,0.063,14.883
2006.3,62.68,0.0,23.8,-3.3,5,-11.501,0.076,14.536
2006.3,62.44,0.0,6.3,-3.7,5,-7.778,0.102,14.065
2006.3,62.31,0.0,0.0,-7.6,5,-4.058,0.125,13.641
2022.3,62.15,0.0,0.0,-9.6,5,-1.583,0.143,13.390
2022.3,61.92,0.0,0.0,-11.2,5,2.129,0.176,13.071
2022.3,61.77,0.0,0.0,-10.8,5,4.598,0.194,12.904
2022.3,61.52,0.0,0.0,-11.0,5,8.292,0.235,12.720
2038.3,61.36,0.0,0.0,-11.7,5,10.747,0.258,12.644
2038.3,61.19,0.0,0.0,-12.1,4,14.424,0.299,12.602
2038.3,60.98,0.0,0.0,-11.2,4,16.870,0.325,12.620
2038.3,60.77,0.0,0.0,-8.2,4,20.520,0.373,12.718
2054.4,60.66,0.0,0.0,-6.7,4,22.944,0.407,12.831
2054.4,60.40,1.6,0.0,-6.1,4,26.567,0.457,13.064
2054.4,60.28,4.8,0.0,-6.5,4,28.972,0.499,13.262
2054.4,60.29,24.3,0.0,-8.8,4,32.573,0.558,13.609
2070.5,60.22,30.8,0.0,-10.4,4,34.968,0.597,13.868
2070.5,60.10,39.7,0.0,-11.7,4,38.549,0.644,14.306
2070.5,60.14,47.7,0.0,-11.7,4,40.931,0.677,14.634
2070.5,34.91,0.0,6.3,14.5,2,-201.226,0.872,577.288
2086.6,34.70,0.0,1.6,15.7,2,-201.246,0.892,575.199
2086.6,34.65,0.0,0.0,16.8,2,-201.288,0.899,573.811
2086.6,34.53,0.0,0.0,18.8,2,-201.404,0.916,571.739
2086.6,34.40,0.0,0.0,19.8,2,-201.517,0.931,570.363
2102.8,34.26,0.0,0.0,21.5,2,-201.740,0.945,568.314
2102.8,34.21,0.0,0.0,21.9,2,-201.924,0.948,566.958
2102.8,34.03,9.6,0.0,23.5,2,-202.258,0.965,564.937
2102.8,34.12,26.3,0.0,23.9,2,-202.521,0.972,563.597
2119.1,34.28,41.6,0.0,24.3,2,-202.972,0.984,561.596
2119.1,34.45,41.6,0.0,24.9,2,-203.489,0.991,559.600
2119.1,34.50,41.6,0.0,25.2,2,-203.872,0.999,558.273
2135.4,34.70,41.6,0.0,25.2,2,-204.504,1.017,556.298
2135.4,34.78,41.6,0.0,25.2,2,-204.966,1.023,554.988
2135.4,34.92,43.0,0.0,25.6,2,-205.712,1.040,553.037
2135.4,35.02,41.6,0.0,26.4,2,-206.244,1.048,551.744
2151.7,35.02,24.7,0.0,27.6,2,-207.096,1.065,549.821
2151.7,34.94,15.3,0.0,28.4,2,-207.700,1.073,548.557
2151.7,34.77,6.3,0.0,29.2,2,-208.653,1.086,546.698
2151.7,34.68,0.0,0.0,30.3,2,-209.323,1.107,545.483
2168.2,34.49,0.0,0.0,31.3,2,-210.382,1.122,543.700
2168.2,34.38,0.0,0.0,32.1,2,-211.120,1.136,542.533
2168.2,34.16,0.0,0.0,33.1,2,-212.269,1.160,540.826
2168.2,34.03,0.0,0.0,33.5,2,-213.062,1.167,539.716
2184.3,33.79,0.0,0.0,33.9,2,-214.293,1.183,538.098
2184.3,33.61,0.0,0.0,34.2,2,-215.576,1.206,536.534
2184.3,33.44,0.0,0.0,34.2,2,-216.457,1.212,535.523
2184.3,33.29,0.0,0.0,34.4,2,-217.814,1.229,534.051
2199.3,33.12,0.0,0.0,34.6,2,-218.744,1.244,533.102
2199.3,32.95,0.0,0.0,35.0,2,-220.172,1.258,531.725
2199.3,32.79,0.0,0.0,35.4,2,-221.147,1.266,530.841
2199.3,32.59,0.0,0.0,35.4,2,-222.639,1.274,529.562
2213.2,32.48,0.0,0.0,35.4,2,-223.656,1.290,528.747
2213.2,32.31,0.0,0.0,35.2,2,-225.206,1.296,527.575
2213.2,32.19,0.0,0.0,35.2,2,-226.259,1.308,526.830
2213.2,32.05,0.0,0.0,34.8,2,-227.860,1.319,525.759
2226.2,31.94,0.0,0.0,34.8,2,-228.943,1.325,525.078
2226.2,31.73,0.0,0.0,34.4,2,-230.589,1.333,524.112
2226.2,31.65,0.0,0.0,34.1,2,-231.699,1.332,523.501
2226.2,31.49,0.0,0.0,33.7,2,-233.386,1.343,522.642
2238.3,31.40,0.0,0.0,33.3,2,-234.525,1.351,522.105
2238.3,31.19,0.0,0.0,32.7,2,-236.246,1.356,521.361
2238.3,31.12,0.0,0.0,32.7,2,-237.402,1.357,520.904
2238.3,30.89,0.0,0.0,32.7,2,-239.150,1.363,520.276
2249.8,30.77,0.0,0.0,32.7,2,-240.323,1.364,519.897
2249.8,30.56,0.0,0.0,32.9,2,-242.091,1.369,519.387
2249.8,30.39,0.0,0.0,33.1,2,-243.869,1.378,518.951
2249.8,30.30,0.0,0.0,33.3,2,-245.055,1.377,518.699
2260.7,30.12,0.0,0.0,33.5,2,-246.836,1.376,518.379
2260.7,29.98,0.0,0.0,33.7,2,-248.024,1.384,518.204
2260.7,29.81,0.0,0.0,33.9,2,-249.806,1.384,518.003
2260.7,29.69,0.0,0.0,33.9,2,-250.991,1.383,517.910
2271.2,29.54,0.0,0.0,33.9,2,-252.765,1.382,517.826
2271.2,29.41,0.0,0.0,33.9,2,-253.945,1.383,517.808
2271.2,29.24,0.0,0.0,34.1,2,-255.704,1.382,517.846
2271.2,29.13,0.0,0.0,34.1,2,-256.871,1.382,517.908
2281.5,28.98,0.0,0.0,34.2,2,-258.607,1.382,518.058
2281.5,28.86,0.0,0.0,34.2,2,-259.753,1.373,518.196
2281.5,28.73,0.0,0.0,34.6,2,-261.459,1.372,518.456
2281.5,28.62,0.0,0.0,34.8,2,-262.586,1.363,518.666
2291.8,28.46,0.0,0.0,34.8,2,-264.259,1.362,519.035
2291.8,28.36,0.0,0.0,34.6,2,-265.362,1.353,519.317
2291.8,28.23,0.0,0.0,34.6,2,-266.991,1.345,519.793
2291.8,28.12,0.0,0.0,34.4,2,-268.061,1.338,520.146
2301.9,27.95,0.0,0.0,34.4,2,-269.638,1.330,520.728
2301.9,27.80,0.0,0.0,34.2,2,-271.182,1.320,521.370
2301.9,27.75,7.8,0.0,34.2,2,-272.191,1.312,521.834
2301.9,27.73,23.1,0.0,34.1,2,-273.678,1.296,522.580
2311.9,27.82,30.0,0.0,33.9,2,-274.654,1.287,523.109
2311.9,27.87,34.4,0.0,33.9,2,-276.094,1.278,523.953
2311.9,27.96,37.3,0.0,33.5,2,-277.037,1.262,524.550
2311.9,28.24,41.4,0.0,32.9,2,-278.432,1.246,525.493
2321.7,28.40,42.8,0.0,32.1,2,-279.353,1.237,526.156
2321.7,28.64,45.5,0.0,30.3,2,-280.708,1.224,527.194
2321.7,28.80,45.4,0.0,29.4,2,-281.598,1.207,527.918
2321.7,29.02,72.9,0.0,27.6,2,-282.908,1.191,529.049
2331.2,29.23,46.5,0.0,26.6,2,-283.766,1.175,529.835
2331.2,29.48,73.8,0.0,25.0,2,-285.032,1.159,531.064
2331.2,29.73,47.5,0.0,24.3,2,-285.859,1.143,531.914
2331.2,29.98,74.6,0.0,23.9,2,-287.070,1.128,533.229
2340.8,30.16,75.7,0.0,23.5,2,-287.857,1.112,534.137
2340.8,30.48,78.1,0.0,22.5,2,-289.013,1.097,535.543
2340.8,30.71,51.0,0.0,21.7,2,-289.765,1.080,536.509
2340.8,31.07,52.2,0.0,20.7,2,-290.862,1.058,538.000
2350.3,31.34,53.4,0.0,20.5,2,-291.922,1.042,539.540
2350.3,31.59,56.0,0.0,20.9,2,-292.605,1.026,540.593
2350.3,31.90,91.0,0.0,21.7,2,-293.597,1.004,542.218
2350.3,32.12,58.5,0.0,21.9,2,-294.238,0.996,543.328
2360.0,32.44,58.3,0.0,21.9,2,-295.157,0.975,545.026
2360.0,32.69,58.3,0.0,21.5,2,-295.745,0.961,546.188
2360.0,32.94,91.0,0.0,20.9,2,-296.584,0.940,547.965
2360.0,33.19,58.1,0.0,20.5,2,-297.115,0.929,549.173
2369.8,33.50,58.1,0.0,20.2,2,-297.873,0.912,551.022
2369.8,33.59,58.1,0.0,20.0,2,-298.347,0.897,552.277
2369.8,33.92,58.1,0.0,20.0,2,-299.012,0.879,554.187
2369.8,34.10,58.1,0.0,19.8,2,-299.422,0.864,555.484
2379.8,34.41,58.1,0.0,19.4,2,-299.988,0.851,557.457
2379.8,34.57,58.2,0.0,18.6,2,-300.335,0.834,558.791
2379.8,34.87,58.3,0.0,17.8,2,-300.803,0.821,560.818
2379.8,35.07,58.5,0.0,16.6,2,-301.084,0.810,562.186
2389.9,35.42,58.6,0.0,15.7,2,-301.452,0.794,564.265
2389.9,35.74,58.8,0.0,15.5,2,-301.759,0.780,566.376
2389.9,35.96,58.8,0.0,15.7,2,-301.929,0.771,567.798
2399.9,36.31,59.1,0.0,15.9,2,-302.134,0.754,569.953
2399.9,36.47,59.2,0.0,16.2,2,-302.236,0.750,571.404
2399.9,36.80,91.1,0.0,16.2,2,-302.337,0.734,573.597
2399.9,37.03,59.5,0.0,16.2,2,-302.369,0.724,575.072
2410.0,37.38,59.8,0.0,15.9,2,-302.365,0.718,577.301
2410.0,37.52,91.2,0.0,15.5,2,-302.326,0.709,578.798
2410.0,37.89,60.3,0.0,14.3,2,-302.218,0.695,581.057
2410.0,38.13,91.2,0.0,13.3,2,-302.108,0.687,582.570
2419.9,38.48,61.1,0.0,11.7,2,-301.892,0.671,584.854
2419.9,38.71,91.2,0.0,11.2,2,-301.712,0.664,586.390
2419.9,39.10,61.9,0.0,10.4,2,-301.394,0.655,588.700
2419.9,39.31,91.2,0.0,10.4,2,-301.147,0.645,590.248
2429.7,39.74,91.3,0.0,10.2,2,-300.722,0.631,592.581
2429.7,40.05,91.3,0.0,9.8,2,-300.405,0.625,594.146
2429.7,40.53,91.3,0.0,9.6,2,-299.881,0.609,596.502
2429.7,40.85,91.3,0.0,9.6,2,-299.501,0.595,598.083
2439.6,41.37,91.4,0.0,9.2,2,-298.884,0.588,600.469
2439.6,41.77,91.5,0.0,8.6,2,-298.208,0.560,602.871
2439.6,42.11,91.5,0.0,8.2,2,-297.729,0.547,604.479
2439.6,41.97,0.0,0.0,7.4,0,-296.976,0.525,606.885
2449.6,42.34,91.1,0.0,7.0,3,-296.452,0.505,608.490
2449.6,42.93,91.1,0.0,6.5,3,-295.615,0.481,610.909
2449.6,43.24,91.1,0.0,6.1,3,-295.036,0.463,612.531
2449.6,43.68,91.2,0.0,5.9,3,-294.141,0.435,614.983
2459.8,43.97,91.2,0.0,5.9,3,-293.527,0.421,616.624
2459.8,44.41,91.2,0.0,5.5,3,-292.576,0.382,619.096
2459.8,44.69,91.2,0.0,5.1,3,-291.920,0.365,620.751
2459.8,45.17,91.2,0.0,4.7,3,-290.914,0.327,623.251
2470.4,45.43,91.2,0.0,4.5,3,-290.230,0.293,624.928
2470.4,45.83,91.2,0.0,4.1,3,-289.179,0.260,627.455
2470.4,46.16,91.2,0.0,3.9,3,-288.460,0.228,629.147
2470.4,46.57,91.2,0.0,3.3,3,-287.365,0.185,631.703
2481.4,46.73,91.2,0.0,3.1,3,-286.624,0.157,633.417
2481.4,47.35,91.3,0.0,3.1,3,-285.491,0.112,636.003
2481.4,47.44,91.3,0.0,3.1,3,-284.337,0.063,638.604
2481.4,48.12,91.3,0.0,2.9,3,-283.556,0.032,640.345
2492.8,48.24,91.3,0.0,2.5,3,-282.363,-0.019,642.980
2492.8,48.79,91.3,0.0,2.3,3,-281.559,-0.051,644.741
2492.8,48.89,91.3,0.0,2.0,3,-280.337,-0.088,647.408
2492.8,49.32,91.4,0.0,2.0,3,-279.515,-0.111,649.186
2504.5,49.36,91.4,0.0,2.0,3,-278.265,-0.149,651.872
2504.5,49.93,91.4,0.0,2.2,3,-277.423,-0.181,653.672
2504.5,50.16,91.5,0.0,2.3,3,-276.140,-0.225,656.394
2504.5,50.61,91.4,0.0,2.2,3,-275.277,-0.251,658.212
2516.3,50.81,91.5,0.0,2.2,3,-273.964,-0.284,660.948
2516.3,50.82,91.6,0.0,2.3,3,-273.073,-0.296,662.782
2516.3,51.25,91.2,0.0,2.7,4,-271.735,-0.310,665.514
2516.3,51.05,91.2,0.0,3.1,4,-270.826,-0.317,667.350
2528.4,51.75,91.2,0.0,4.5,4,-269.433,-0.328,670.112
2528.4,52.16,91.2,0.0,5.7,4,-268.012,-0.336,672.878
2528.4,52.05,91.3,0.0,6.1,4,-267.045,-0.352,674.726
2528.4,52.32,91.3,0.0,6.5,4,-265.559,-0.375,677.497
2540.5,52.82,90.6,0.0,6.5,4,-264.547,-0.382,679.343
2540.5,53.10,88.7,0.0,6.5,4,-262.986,-0.408,682.107
2540.5,53.35,87.4,0.0,6.5,4,-261.916,-0.414,683.950
2540.5,53.65,85.5,0.0,6.7,4,-260.270,-0.421,686.704
2552.7,53.85,84.3,0.0,6.7,4,-259.154,-0.431,688.540
2552.7,54.18,82.4,0.0,6.7,4,-257.440,-0.436,691.295
2552.7,54.39,81.2,0.0,6.7,4,-256.272,-0.445,693.125
2552.7,54.74,79.3,0.0,6.8,4,-254.484,-0.450,695.867
2565.2,54.95,78.0,0.0,6.8,4,-253.269,-0.452,697.694
2565.2,55.28,76.2,0.0,6.7,4,-251.411,-0.459,700.427
2565.2,55.56,74.4,0.0,6.7,4,-249.502,-0.465,703.148
2565.2,55.75,73.1,0.0,6.7,4,-248.206,-0.472,704.960
2577.8,56.07,71.3,0.0,6.7,4,-246.225,-0.480,707.665
2577.8,56.27,70.0,0.0,6.7,4,-244.880,-0.480,709.461
2577.8,56.55,68.1,0.0,6.7,4,-242.825,-0.487,712.146
2577.8,56.76,66.9,0.0,6.7,4,-241.427,-0.489,713.931
2590.5,57.03,65.0,0.0,6.3,4,-239.291,-0.496,716.598
2590.5,57.23,63.7,0.0,6.1,4,-237.845,-0.495,718.367
2590.5,57.51,61.8,0.0,5.1,4,-235.639,-0.500,721.007
2590.5,57.72,60.6,0.0,4.7,4,-234.151,-0.500,722.764
2603.4,58.01,60.0,0.0,4.3,4,-231.886,-0.500,725.395
2603.4,58.19,60.0,0.0,4.3,4,-230.358,-0.500,727.145
2603.4,58.45,60.0,0.0,4.3,4,-228.041,-0.498,729.765
2603.4,58.63,60.1,0.0,4.3,4,-226.477,-0.498,731.507
2616.4,58.92,60.1,0.0,4.3,4,-224.106,-0.490,734.116
2616.4,59.19,60.1,0.0,4.3,4,-221.703,-0.480,736.722
2616.4,59.38,60.1,0.0,4.3,4,-220.084,-0.476,738.457
2629.5,59.61,59.8,0.0,4.5,4,-217.630,-0.464,741.047
2629.5,59.32,0.0,0.0,4.5,0,-215.983,-0.455,742.764
2629.5,59.84,90.0,0.0,4.5,5,-213.492,-0.434,745.323
2629.5,59.97,88.7,0.0,4.5,5,-211.799,-0.426,747.023
2642.8,60.24,86.8,0.0,4.7,5,-209.239,-0.402,749.563
2642.8,60.42,85.5,0.0,4.9,5,-207.514,-0.385,751.250
2642.8,60.65,83.6,0.0,5.3,5,-204.897,-0.359,753.768
2642.8,60.80,82.3,0.0,5.3,5,-203.133,-0.344,755.435
2656.2,61.07,80.4,0.0,5.3,5,-200.453,-0.310,757.926
2656.2,61.26,79.1,0.0,5.5,5,-198.647,-0.296,759.577
2656.2,61.47,77.2,0.0,5.9,5,-195.912,-0.267,762.039
2656.2,61.72,75.4,0.0,5.9,5,-193.140,-0.245,764.475
2669.8,61.84,74.1,0.0,5.9,5,-191.269,-0.235,766.088
2669.8,62.09,72.2,0.0,5.7,5,-188.427,-0.221,768.489
2669.8,62.27,71.0,0.0,5.7,5,-186.514,-0.219,770.079
2669.8,62.46,69.1,0.0,5.5,5,-183.612,-0.212,772.439
2683.6,62.63,67.9,0.0,5.3,5,-181.656,-0.212,773.995
2683.6,62.89,66.1,0.0,4.9,5,-178.689,-0.200,776.309
2683.6,63.03,64.9,0.0,4.7,5,-176.689,-0.195,777.843
2683.6,63.26,62.9,0.0,4.9,5,-173.669,-0.181,780.129
2697.1,63.42,61.7,0.0,4.9,5,-171.639,-0.183,781.643
2697.1,63.60,59.9,0.0,5.3,5,-168.567,-0.181,783.896
2697.1,63.76,60.0,0.0,5.5,5,-166.499,-0.181,785.382
2697.1,63.97,60.0,0.0,5.5,5,-163.364,-0.186,787.591
2709.6,64.27,60.1,0.0,4.9,5,-160.193,-0.184,789.767
2709.6,64.34,60.1,0.0,4.9,5,-158.057,-0.182,791.199
2709.6,64.69,60.1,0.0,4.9,5,-154.833,-0.181,793.333
2709.6,64.77,60.1,0.0,4.9,5,-152.662,-0.180,794.746
2721.0,64.88,60.1,0.0,4.9,5,-149.382,-0.175,796.837
2721.0,65.03,60.1,0.0,4.7,5,-147.180,-0.162,798.216
2721.0,65.32,60.1,0.0,4.5,5,-143.848,-0.162,800.263
2721.0,65.45,60.1,0.0,4.7,5,-141.609,-0.154,801.612
2731.6,65.65,60.1,0.0,5.1,5,-138.226,-0.152,803.620
2731.6,65.77,60.1,0.0,5.1,5,-135.953,-0.153,804.942
2731.6,65.97,60.1,0.0,5.1,5,-132.515,-0.150,806.895
2731.6,66.14,60.1,0.0,5.1,5,-130.207,-0.142,808.177
2741.5,66.26,60.1,0.0,5.3,5,-126.717,-0.143,810.079
2741.5,66.38,60.1,0.0,5.7,5,-124.378,-0.147,811.329
2741.5,66.58,60.2,0.0,5.5,5,-120.837,-0.148,813.163
2741.5,66.84,60.1,0.0,5.7,5,-117.261,-0.129,814.963
2750.5,66.95,60.1,0.0,6.1,5,-114.864,-0.132,816.149
2750.5,67.14,60.2,0.0,6.5,5,-111.241,-0.132,817.891
2750.5,67.26,60.2,0.0,6.5,5,-108.804,-0.134,819.027
2750.5,67.49,60.2,0.0,6.7,5,-105.120,-0.130,820.695
2758.9,67.49,60.2,0.0,6.7,5,-102.648,-0.128,821.777
2758.9,67.72,60.3,0.0,6.5,5,-98.910,-0.128,823.353
2758.9,67.88,60.2,0.0,6.5,5,-96.400,-0.122,824.377
2758.9,68.02,60.3,0.0,6.5,5,-92.604,-0.112,825.874
2766.6,68.11,60.2,0.0,6.5,5,-90.057,-0.114,826.843
2766.6,68.30,60.2,0.0,6.3,5,-86.216,-0.107,828.249
2766.6,68.40,59.9,0.0,6.3,5,-83.639,-0.104,829.156
2766.6,68.59,59.6,0.0,5.9,5,-79.745,-0.104,830.466
2773.7,68.69,59.9,0.0,5.7,5,-77.132,-0.097,831.311
2773.7,68.87,59.5,0.0,5.7,5,-73.192,-0.090,832.541
2773.7,69.02,59.4,0.0,5.7,5,-69.229,-0.082,833.716
2773.7,69.12,59.3,0.0,5.7,5,-66.573,-0.074,834.473
2780.3,69.32,59.1,0.0,5.5,5,-62.571,-0.071,835.566
2780.3,69.38,59.1,0.0,5.3,5,-59.885,-0.065,836.269
2780.3,69.44,58.7,0.0,5.1,5,-55.841,-0.052,837.284
2780.3,69.42,0.0,0.0,4.9,0,-53.142,-0.042,837.935
2786.4,69.55,90.2,0.0,4.5,6,-49.086,-0.028,838.873
2786.4,69.64,89.0,0.0,4.5,6,-46.366,-0.014,839.464
2786.4,69.88,87.1,0.0,4.3,6,-42.267,0.014,840.312
2786.4,69.99,85.8,0.0,4.3,6,-39.522,0.026,840.859
2792.3,70.19,83.8,0.0,4.5,6,-35.391,0.051,841.654
2792.3,70.22,82.6,0.0,4.5,6,-32.629,0.060,842.168
2792.3,70.41,80.7,0.0,4.1,6,-28.476,0.084,842.898
2792.3,70.54,79.4,0.0,3.9,6,-25.694,0.101,843.367
2798.6,70.64,77.6,0.0,3.5,6,-21.509,0.137,844.040
2798.6,70.91,75.7,0.0,3.3,6,-17.315,0.165,844.685
2798.6,71.04,74.3,0.0,3.3,6,-14.509,0.178,845.102
2806.4,71.12,72.5,0.0,3.3,6,-10.296,0.207,845.711
2806.4,71.21,71.3,0.0,2.7,6,-7.478,0.218,846.098
2806.4,71.39,69.4,0.0,2.5,6,-3.237,0.256,846.666
2806.4,71.42,68.2,0.0,2.3,6,-0.404,0.265,847.035
2812.7,71.58,66.2,0.0,2.2,6,3.856,0.291,847.575
2818.4,72.39,60.1,0.0,1.4,6,28.202,0.461,850.375
2818.4,72.26,60.2,0.0,1.0,6,31.083,0.485,850.685
2823.7,72.57,60.2,0.0,1.0,6,35.422,0.520,851.148
2823.7,72.97,60.2,0.0,1.2,6,38.315,0.551,851.456
2823.7,72.73,60.2,0.0,1.2,6,42.663,0.593,851.912
2823.7,73.14,60.2,0.0,1.0,6,45.563,0.618,852.210
2829.0,73.16,60.2,0.0,0.8,6,49.939,0.663,852.658
2829.0,73.31,60.2,0.0,1.0,6,52.852,0.688,852.952
2829.0,73.52,60.2,0.0,1.0,6,57.237,0.729,853.392
2829.0,73.51,60.2,0.0,1.0,6,60.156,0.752,853.682
2834.3,73.72,60.2,0.0,1.0,6,64.551,0.795,854.113
2834.3,73.66,60.2,0.0,0.8,6,67.486,0.821,854.397
2834.3,73.93,60.2,0.0,1.0,6,71.895,0.870,854.817
2834.3,74.02,60.2,0.0,1.0,6,74.840,0.895,855.095
2839.8,74.16,60.2,0.0,1.0,6,79.264,0.941,855.505
2839.8,74.28,60.2,0.0,0.6,6,83.696,0.970,855.912
2839.8,74.37,60.2,0.0,0.4,6,86.658,0.992,856.181
2845.8,74.52,60.2,0.0,0.4,6,91.108,1.033,856.583
2845.8,74.64,60.2,0.0,0.6,6,94.078,1.057,856.847
2845.8,74.73,60.2,0.0,0.6,6,98.538,1.094,857.240
2845.8,74.75,60.2,0.0,0.4,6,101.513,1.117,857.501
2852.2,74.88,60.2,0.0,-0.2,6,105.989,1.146,857.892
2852.2,75.04,60.2,0.0,0.0,6,108.977,1.162,858.155
2852.2,75.13,60.2,0.0,0.0,6,113.462,1.197,858.550
2852.2,75.20,60.3,0.0,-0.2,6,116.456,1.222,858.813
2858.6,75.35,60.2,0.0,-0.2,6,120.950,1.257,859.207
2858.6,75.45,60.2,0.0,-0.2,6,123.956,1.276,859.471
2858.6,75.52,60.3,0.0,-0.4,6,128.469,1.297,859.871
2858.6,75.58,60.3,0.0,-0.6,6,131.480,1.314,860.139
2865.7,75.75,60.3,0.0,-0.6,6,136.000,1.340,860.547
2865.7,75.79,60.3,0.0,-0.6,6,140.526,1.380,860.959
2865.7,75.92,60.3,0.0,-0.6,6,143.551,1.393,861.237
2865.7,76.05,60.3,0.0,-0.8,6,148.093,1.425,861.658
2872.2,76.12,60.3,0.0,-0.8,6,151.123,1.442,861.943
2872.2,76.25,60.4,0.0,-0.6,6,155.673,1.472,862.375
2872.2,76.36,60.3,0.0,-0.6,6,158.710,1.484,862.669
2872.2,76.39,60.4,0.0,-0.6,6,163.273,1.514,863.112
2878.6,76.52,60.4,0.0,-0.6,6,166.318,1.537,863.411
2878.6,76.62,60.4,0.0,-0.4,6,170.889,1.569,863.860
2878.6,76.69,60.4,0.0,-0.2,6,173.939,1.585,864.161
2878.6,76.81,60.4,0.0,0.4,6,178.519,1.615,864.612
2885.8,76.90,60.4,0.0,0.6,6,181.580,1.639,864.913
2885.8,77.02,60.4,0.0,0.4,6,186.176,1.667,865.361
2885.8,77.08,60.4,0.0,0.2,6,189.244,1.683,865.657
2885.8,77.17,60.4,0.0,0.2,6,193.845,1.708,866.100
2892.0,77.30,60.4,0.0,0.2,6,198.456,1.739,866.546
2892.0,77.33,60.4,0.0,0.2,6,201.535,1.761,866.843
2892.0,77.42,60.3,0.0,0.0,6,206.158,1.782,867.290
2892.0,77.49,60.8,1.6,-0.2,6,209.240,1.797,867.587
2898.2,77.49,60.8,4.8,-0.4,6,213.867,1.823,868.036
2898.2,77.50,61.6,9.5,-0.4,6,216.950,1.846,868.340
2898.2,77.44,62.2,14.3,-0.4,6,221.579,1.874,868.796
2898.2,77.37,60.4,20.6,-0.4,6,224.661,1.899,869.099
2904.2,76.75,39.3,39.7,-0.4,6,229.262,1.935,869.552
2904.2,76.10,39.0,55.6,-0.4,6,232.301,1.955,869.853
2904.2,75.01,0.0,71.4,-0.4,6,236.805,1.992,870.305
2904.2,74.16,0.0,74.6,0.0,6,239.771,2.016,870.607
2910.2,73.04,0.0,74.6,0.0,5,244.163,2.039,871.056
2910.2,72.22,0.0,74.6,0.2,5,247.053,2.055,871.353
2910.2,71.00,0.0,73.0,0.4,5,251.326,2.080,871.793
2910.2,70.27,0.0,71.4,0.8,5,254.138,2.094,872.081
2916.4,69.22,0.0,65.1,1.4,5,258.306,2.117,872.504
2916.4,68.31,0.0,57.1,1.8,5,262.413,2.132,872.908
2916.4,67.55,0.0,46.0,2.3,5,266.473,2.155,873.287
2916.4,67.09,0.0,41.3,2.5,5,269.156,2.170,873.520
2922.8,66.35,0.0,41.3,2.9,5,273.149,2.192,873.842
2922.8,65.88,0.0,39.7,3.3,5,275.792,2.199,874.036
2922.8,65.20,0.0,38.1,3.9,5,279.721,2.212,874.286
2922.8,64.76,0.0,34.9,4.5,5,282.316,2.222,874.421
2929.6,64.12,0.0,31.7,4.9,5,286.179,2.234,874.570
2929.6,63.76,0.0,31.7,5.1,5,288.738,2.240,874.634
2929.6,63.13,31.1,31.7,6.1,0,292.548,2.262,874.679
2929.6,62.63,0.0,31.7,6.3,4,295.063,2.267,874.665
2936.9,62.09,0.0,28.6,7.2,4,298.807,2.283,874.583
2936.9,61.75,0.0,27.0,8.0,4,301.285,2.292,874.492
2936.9,61.24,0.0,22.2,8.2,4,304.970,2.312,874.282
2936.9,60.96,0.0,15.9,8.4,4,307.409,2.326,874.097
2944.3,60.60,0.0,9.5,8.8,4,311.045,2.352,873.751
2944.3,60.31,0.0,4.8,9.0,4,314.648,2.373,873.317
2944.3,60.19,0.0,0.0,9.2,4,317.036,2.391,872.982
2952.2,59.97,0.0,0.0,9.4,4,320.596,2.414,872.412
2952.2,59.82,0.0,0.0,9.2,4,322.957,2.430,871.990
2952.2,59.58,0.0,0.0,8.2,4,326.475,2.451,871.283
2952.2,59.43,0.0,0.0,7.8,4,328.799,2.466,870.766
2960.2,59.21,0.0,0.0,8.4,4,332.257,2.480,869.928
2960.2,59.04,0.0,0.0,8.6,4,334.543,2.488,869.327
2960.2,58.87,0.0,0.0,9.0,4,337.946,2.512,868.358
2960.2,58.69,0.0,0.0,9.2,4,340.195,2.520,867.670
2968.6,58.45,0.0,0.0,10.0,4,343.537,2.543,866.578
2968.6,58.30,0.0,0.0,10.4,4,345.739,2.550,865.808
2968.6,58.07,0.0,0.0,10.8,4,349.009,2.567,864.591
2968.6,57.87,0.0,0.0,11.2,4,352.240,2.590,863.297
2977.1,57.73,0.0,0.0,11.5,4,354.369,2.599,862.393
2977.1,57.46,0.0,0.0,12.3,4,357.522,2.623,860.979
2977.1,57.25,0.0,0.0,12.7,4,359.591,2.630,859.995
2977.1,57.07,0.0,0.0,13.1,4,362.654,2.654,858.458
2985.9,56.85,0.0,0.0,13.1,4,364.669,2.670,857.394
2985.9,56.76,0.0,0.0,13.5,4,367.654,2.695,855.743
2985.9,56.53,6.3,0.0,13.7,4,369.620,2.703,854.620
2985.9,56.35,32.6,0.0,13.3,4,372.522,2.719,852.871
2995.0,56.43,39.3,0.0,13.1,4,374.428,2.737,851.667
2995.0,56.38,48.0,0.0,14.1,4,377.258,2.765,849.807
2995.0,56.31,49.5,0.0,14.3,4,379.113,2.772,848.528
2995.0,56.50,49.8,0.0,15.3,4,381.873,2.803,846.564
3004.3,56.66,49.8,0.0,16.6,4,383.699,2.805,845.231
3004.3,56.69,74.2,0.0,17.2,4,386.411,2.816,843.181
3004.3,56.89,75.3,0.0,16.0,4,389.076,2.831,841.057
3004.3,57.08,76.6,0.0,15.5,4,390.835,2.839,839.604
3014.0,57.35,73.8,0.0,14.9,4,393.451,2.853,837.378
3014.0,57.54,72.6,0.0,14.7,4,395.175,2.861,835.859
3014.0,57.75,70.7,0.0,14.5,4,397.729,2.878,833.529
3014.0,57.93,69.5,0.0,14.5,4,399.406,2.884,831.940
3023.8,58.12,67.7,0.0,15.5,4,401.889,2.901,829.498
3023.8,58.28,66.4,0.0,16.0,4,403.522,2.917,827.837
3023.8,58.47,64.3,0.0,16.6,4,405.929,2.933,825.295
3023.8,58.60,63.0,0.0,17.0,4,407.504,2.939,823.563
3034.0,58.84,60.9,0.0,17.6,4,409.827,2.954,820.914
3034.0,58.99,59.5,0.0,17.8,4,411.351,2.965,819.117
3034.0,59.15,58.9,0.0,18.2,4,413.591,2.977,816.368
3034.0,59.27,58.8,0.0,18.2,4,415.045,2.982,814.498
3045.0,59.45,58.8,0.0,17.8,4,417.180,2.999,811.650
3045.0,59.38,0.0,0.0,17.8,0,419.260,3.005,808.753
3045.0,59.55,90.7,0.0,17.8,5,420.612,3.016,806.799
3045.0,59.72,88.8,0.0,17.4,5,422.586,3.024,803.816
3056.5,59.86,87.5,0.0,17.2,5,423.861,3.040,801.792
3056.5,60.06,85.6,0.0,16.8,5,425.731,3.060,798.718
3056.5,60.18,84.3,0.0,16.4,5,426.942,3.068,796.643
3056.5,60.40,82.4,0.0,14.7,5,428.696,3.092,793.480
3067.9,60.51,81.1,0.0,14.1,5,429.828,3.111,791.343
3067.9,60.75,79.2,0.0,12.5,5,431.471,3.133,788.100
3067.9,60.86,77.9,0.0,12.1,5,432.530,3.154,785.914
3067.9,61.04,76.0,0.0,11.2,5,434.068,3.183,782.597
3079.2,61.20,74.8,0.0,10.2,5,435.052,3.194,780.359
3079.2,61.40,72.9,0.0,8.4,5,436.473,3.218,776.967
3079.2,61.50,71.6,0.0,7.8,5,437.391,3.234,774.686
3079.2,61.86,69.7,0.0,5.5,5,438.717,3.257,771.234
3090.2,61.94,67.8,0.0,4.3,5,439.991,3.281,767.743
3090.2,62.02,66.6,0.0,3.7,5,440.815,3.299,765.400
3090.2,62.48,64.7,0.0,3.1,5,442.025,3.330,761.871
3090.2,62.57,63.4,0.0,2.7,5,442.822,3.346,759.499
3101.4,62.63,61.5,0.0,2.5,5,444.004,3.378,755.935
3101.4,63.04,60.4,0.0,2.3,5,444.786,3.391,753.550
3101.4,63.41,59.8,0.0,2.3,5,445.956,3.423,749.936
3101.4,63.60,59.9,0.0,2.3,5,446.728,3.440,747.523
3112.8,63.58,59.9,0.0,2.2,5,447.869,3.464,743.903
3112.8,63.54,59.9,0.0,2.3,5,448.624,3.481,741.477
3112.8,63.83,60.1,0.0,2.7,5,449.738,3.508,737.808
3112.8,64.28,60.1,0.0,2.9,5,450.470,3.521,735.353
3124.4,64.14,60.1,0.0,3.1,5,451.547,3.549,731.662
3124.4,64.53,60.1,0.0,2.9,5,452.248,3.564,729.185
3124.4,64.72,60.1,0.0,2.9,5,453.276,3.600,725.453
3136.2,64.80,60.1,0.0,2.7,5,454.280,3.630,721.700
3136.2,65.06,60.1,0.0,2.7,5,454.936,3.652,719.187
3136.2,65.02,60.1,0.0,2.7,5,455.902,3.680,715.401
3136.2,65.54,60.1,0.0,2.7,5,456.529,3.693,712.873
3148.3,65.60,60.1,0.0,2.7,5,457.459,3.718,709.060
3148.3,65.44,60.1,0.0,2.7,5,458.065,3.737,706.505
3148.3,66.15,60.1,0.0,2.2,5,458.953,3.762,702.656
3148.3,65.74,60.1,0.0,2.2,5,459.534,3.789,700.086
3160.6,65.95,60.1,0.0,2.2,5,460.393,3.817,696.214
3160.6,66.46,60.1,0.0,2.3,5,461.243,3.848,692.333
3160.6,66.58,60.1,0.0,2.3,5,461.801,3.864,689.732
3160.6,66.71,60.1,0.0,2.5,5,462.622,3.896,685.817
3173.0,66.87,60.1,0.0,2.5,5,463.156,3.917,683.200
3173.0,67.06,60.1,0.0,2.9,5,463.947,3.955,679.264
3173.0,67.13,60.2,0.0,3.1,5,464.462,3.971,676.633
3173.0,67.40,60.2,0.0,3.1,5,465.216,3.992,672.669
3185.6,67.48,60.2,0.0,3.1,5,465.709,4.018,670.014
3185.6,67.65,60.2,0.0,3.1,5,466.428,4.041,666.021
3185.6,67.90,60.2,0.0,3.3,5,467.122,4.073,662.017
3185.6,67.99,60.2,0.0,3.3,5,467.573,4.087,659.341
3198.2,68.18,60.3,0.0,3.3,5,468.232,4.123,655.308
3198.2,68.32,60.1,0.0,3.3,5,468.660,4.142,652.611
3198.2,68.49,60.3,0.0,3.3,5,469.282,4.174,648.557
3198.2,68.60,60.1,0.0,3.3,5,469.686,4.190,645.845
3211.1,68.76,59.9,0.0,3.3,5,470.269,4.216,641.769
3211.1,68.88,59.8,0.0,3.3,5,470.642,4.243,639.044
3211.1,69.02,59.8,0.0,3.1,5,471.190,4.272,634.941
3211.1,69.14,59.4,0.0,3.1,5,471.543,4.293,632.199
3224.1,69.31,59.4,0.0,3.1,5,472.053,4.324,628.077
3224.1,69.41,59.2,0.0,3.1,5,472.379,4.342,625.324
3224.1,69.60,58.3,0.0,3.1,5,472.845,4.374,621.181
3224.1,69.70,59.2,0.0,3.1,5,473.291,4.418,617.026
3237.3,69.78,57.8,0.0,3.1,5,473.576,4.431,614.255
3237.3,69.97,59.1,0.0,3.1,5,473.982,4.462,610.082
3237.3,69.72,0.0,0.0,3.1,6,474.243,4.479,607.296
3237.3,70.07,89.6,0.0,2.9,6,474.597,4.504,603.115
3250.6,70.18,88.3,0.0,2.7,6,474.817,4.528,600.319
3250.6,70.38,86.4,0.0,2.9,6,475.137,4.564,596.118
3250.6,70.45,85.2,0.0,3.3,6,475.338,4.583,593.311
3250.6,70.61,83.3,0.0,3.5,6,475.617,4.616,589.094
3264.1,70.77,81.4,0.0,3.5,6,475.870,4.643,584.860
3264.1,70.88,80.1,0.0,3.5,6,476.020,4.664,582.031
3264.1,71.05,78.2,0.0,3.3,6,476.227,4.687,577.780
3264.1,71.12,77.0,0.0,3.3,6,476.350,4.703,574.940
3277.6,71.29,75.1,0.0,3.1,6,476.508,4.726,570.674
3277.6,71.41,73.8,0.0,3.3,6,476.601,4.743,567.821
3277.6,71.59,72.0,0.0,3.3,6,476.721,4.762,563.531
3277.6,71.70,70.7,0.0,3.3,6,476.785,4.775,560.667
3291.4,71.79,68.8,0.0,3.3,6,476.864,4.799,556.364
3291.4,71.91,67.6,0.0,3.1,6,476.902,4.808,553.492
3291.4,72.10,65.7,0.0,2.9,6,476.933,4.823,549.172
3291.4,72.19,64.5,0.0,2.9,6,476.942,4.829,546.288
3305.2,72.31,62.6,0.0,2.9,6,476.933,4.845,541.954
3305.2,72.41,61.4,0.0,2.7,6,476.914,4.852,539.062
3305.2,72.60,60.1,0.0,2.2,6,476.868,4.863,534.714
3319.1,72.70,60.2,0.0,1.6,6,476.808,4.871,530.352
3319.1,72.82,60.2,0.0,1.2,6,476.757,4.870,527.442
3319.1,72.98,60.2,0.0,0.4,6,476.677,4.878,523.069
3319.1,73.04,60.2,0.0,0.0,6,476.625,4.876,520.149
3333.1,73.23,60.2,0.0,-1.0,6,476.546,4.875,515.763
3333.1,73.32,60.2,0.0,-1.4,6,476.497,4.875,512.828
3333.1,73.47,60.2,0.0,-2.0,6,476.438,4.873,508.423
3333.1,73.57,60.2,0.0,-2.2,6,476.406,4.869,505.481
3347.2,73.69,60.2,0.0,-2.3,6,476.372,4.859,501.064
3347.2,73.78,60.2,0.0,-2.5,6,476.359,4.851,498.115
3347.2,73.97,60.2,0.0,-2.7,6,476.359,4.827,493.681
3347.2,74.06,60.2,0.0,-2.9,6,476.372,4.817,490.720
3361.5,74.19,60.2,0.0,-3.3,6,476.413,4.792,486.274
3361.5,74.26,60.2,0.0,-3.5,6,476.456,4.783,483.307
3361.5,74.30,60.2,0.0,-3.7,6,476.545,4.755,478.851
3361.5,74.57,60.2,0.0,-3.5,6,476.673,4.729,474.382
3375.9,74.67,60.2,0.0,-3.7,6,476.775,4.723,471.399
3375.9,74.73,60.2,0.0,-4.3,6,476.956,4.699,466.921
3375.9,74.88,60.2,0.0,-4.3,6,477.102,4.690,463.934
3375.9,74.95,60.2,0.0,-4.3,6,477.345,4.666,459.451
3390.3,75.04,60.2,0.0,-4.5,6,477.532,4.650,456.454
3390.3,75.19,60.2,0.0,-4.9,6,477.853,4.627,451.958
3390.3,75.26,60.3,0.0,-5.1,6,478.089,4.611,448.958
3390.3,75.39,60.3,0.0,-5.5,6,478.487,4.587,444.456
3404.9,75.46,60.3,0.0,-5.5,6,478.780,4.571,441.451
3404.9,75.59,60.3,0.0,-5.5,6,479.269,4.547,436.944
3404.9,75.65,60.3,0.0,-5.5,6,479.626,4.533,433.942
3404.9,75.78,60.3,0.0,-5.3,6,480.206,4.507,429.438
3419.6,75.88,60.3,0.0,-5.3,6,480.841,4.488,424.935
3419.6,75.93,60.4,0.0,-5.3,6,481.298,4.474,421.933
3419.6,76.11,60.4,0.0,-5.3,6,482.038,4.458,417.432
3419.6,76.16,60.3,0.0,-5.5,6,482.560,4.449,414.433
3434.4,76.26,60.4,0.0,-5.7,6,483.391,4.429,409.942
3434.4,76.29,60.4,0.0,-5.5,6,483.984,4.410,406.951
3434.4,76.43,60.4,0.0,-5.3,6,484.927,4.392,402.460
3434.4,76.55,60.4,0.0,-5.3,6,485.589,4.374,399.473
3449.2,76.67,60.4,0.0,-5.1,6,486.640,4.346,394.999
3449.2,76.65,60.4,0.0,-4.9,6,487.375,4.322,392.021
3449.2,76.82,60.4,0.0,-4.7,6,488.531,4.284,387.570
3449.2,76.84,60.4,0.0,-4.3,6,489.334,4.257,384.602
3464.2,76.93,60.4,0.0,-4.1,6,490.582,4.217,380.158
3464.2,77.07,60.4,0.0,-4.1,6,491.441,4.189,377.201
3464.2,77.18,60.4,0.0,-4.7,6,492.761,4.139,372.768
3464.2,77.33,60.4,0.0,-5.1,6,494.129,4.081,368.342
3479.2,77.34,60.4,0.0,-5.1,6,495.069,4.044,365.393
3479.2,77.37,59.9,0.0,-4.7,6,496.524,3.981,360.985
3479.2,77.46,60.4,0.0,-4.9,6,497.520,3.956,358.055
3479.2,77.74,60.0,0.0,-5.1,6,499.051,3.896,353.650
3494.3,77.69,60.0,0.0,-4.9,6,500.103,3.865,350.723
3494.3,77.78,59.9,0.0,-4.9,6,501.711,3.815,346.352
3494.3,77.82,61.9,0.0,-4.5,6,502.814,3.782,343.445
3494.3,77.87,51.5,7.9,-4.5,6,504.503,3.718,339.088
3509.4,77.40,31.8,19.0,-4.1,6,505.644,3.674,336.203
3509.4,76.65,0.0,41.3,-1.4,6,507.387,3.608,331.927
3509.4,76.22,0.0,49.2,0.4,6,508.572,3.575,329.111
3509.4,75.14,0.0,57.1,2.5,6,510.353,3.520,324.938
3524.1,74.47,0.0,58.7,3.1,6,511.523,3.491,322.184
3524.1,73.52,0.0,58.7,4.5,6,513.223,3.452,318.085
3524.1,72.88,91.1,57.1,4.9,0,514.314,3.435,315.370
3524.1,71.96,0.0,54.0,5.7,5,515.878,3.396,311.318
3538.2,71.06,0.0,46.0,6.8,5,517.354,3.369,307.283
3538.2,70.59,0.0,38.1,7.6,5,518.284,3.349,304.602
3538.2,70.03,0.0,23.8,8.4,5,519.585,3.333,300.589
3538.2,69.76,0.0,15.9,9.0,5,520.395,3.326,297.913
3552.2,69.40,0.0,6.3,10.0,5,521.532,3.311,293.892
3552.2,69.13,0.0,3.2,10.4,5,522.235,3.300,291.208
3552.2,68.93,0.0,0.0,10.6,5,523.204,3.287,287.181
3552.2,68.73,0.0,0.0,10.4,5,523.792,3.271,284.492
3566.2,68.41,0.0,0.0,10.2,5,524.598,3.247,280.458
3566.2,68.19,0.0,0.0,10.0,5,525.080,3.239,277.769
3566.2,67.90,0.0,0.0,10.0,5,525.709,3.219,273.729
3566.2,67.70,0.0,0.0,10.2,5,526.068,3.216,271.039
3580.4,67.44,0.0,0.0,11.2,5,526.525,3.201,267.009
3580.4,67.08,0.0,0.0,11.9,5,526.898,3.186,262.993
3580.4,66.92,0.0,0.0,11.7,5,527.091,3.177,260.324
3594.9,66.70,0.0,0.0,10.6,5,527.294,3.173,256.319
3594.9,66.36,0.0,0.0,10.2,5,527.365,3.171,253.658
3594.9,66.09,0.0,0.0,10.2,5,527.395,3.169,249.682
3594.9,65.92,0.0,0.0,10.4,5,527.365,3.167,247.046
3608.9,65.63,0.0,0.0,11.0,5,527.240,3.171,243.105
3608.9,65.46,0.0,0.0,11.2,5,527.101,3.170,240.487
3608.9,65.20,0.0,0.0,11.7,5,526.822,3.170,236.577
3608.9,64.99,10.9,0.0,11.9,5,526.582,3.166,233.985
3622.7,64.91,45.1,0.0,11.5,5,526.138,3.172,230.113
3622.7,64.94,50.2,0.0,11.4,5,525.783,3.187,227.541
3622.7,65.03,57.3,0.0,10.8,5,525.168,3.205,223.685
3622.7,65.02,57.6,0.0,10.6,5,524.716,3.223,221.120
3636.0,65.05,57.7,0.0,10.4,5,523.971,3.238,217.290
3636.0,65.08,54.5,0.0,9.6,5,523.423,3.257,214.747
3636.0,65.03,45.7,4.8,8.6,5,522.530,3.283,210.945
3636.0,64.82,34.5,12.7,7.8,5,521.555,3.318,207.167
3649.2,64.56,22.6,19.0,6.8,5,520.867,3.334,204.671
3649.2,63.96,0.0,28.6,4.9,5,519.778,3.373,200.977
3649.2,63.61,0.0,33.3,4.3,5,519.016,3.395,198.543
3649.2,62.78,0.0,41.3,2.7,5,517.825,3.425,194.948
3662.6,62.23,0.0,47.6,1.8,5,517.002,3.448,192.592
3662.6,61.23,0.0,58.7,0.0,4,515.732,3.480,189.115
3662.6,60.54,0.0,63.5,-1.2,4,514.868,3.501,186.838
3662.6,59.58,0.0,63.5,-2.9,4,513.565,3.524,183.481
3676.2,58.91,0.0,63.5,-4.1,4,512.702,3.545,181.278
3676.2,57.95,0.0,61.9,-5.7,4,511.446,3.568,178.013
3676.2,57.29,0.0,61.9,-6.3,4,510.643,3.582,175.855
3676.2,56.37,0.0,57.1,-6.7,4,509.498,3.604,172.643
3689.9,55.56,0.0,50.8,-7.0,4,508.431,3.622,169.462
3689.9,55.10,0.0,39.7,-7.4,4,507.767,3.635,167.350
3689.9,54.63,0.0,30.2,-8.6,4,506.833,3.654,164.194
3689.9,54.28,0.0,25.4,-9.4,4,506.250,3.670,162.093
3703.7,11.83,0.0,0.0,44.2,1,382.874,3.899,63.733
3703.7,10.98,0.0,0.0,36.4,1,382.858,3.884,64.187
3703.7,10.03,0.1,0.0,28.0,1,382.852,3.877,64.810
3703.7,9.75,7.6,0.0,23.1,1,382.860,3.878,65.204
3717.7,9.33,18.3,0.0,17.0,1,382.888,3.879,65.777
3717.7,8.93,21.0,0.0,13.9,1,382.920,3.871,66.143
3717.7,8.76,31.6,0.0,8.8,1,382.992,3.865,66.665
3717.7,8.64,36.0,0.0,2.3,1,383.062,3.857,67.185
3731.9,8.51,39.8,0.0,-1.4,1,383.110,3.857,67.526
3731.9,8.29,41.2,0.0,-4.9,1,383.204,3.849,68.018
3731.9,8.11,41.4,0.0,-6.3,1,383.282,3.849,68.338
3731.9,7.86,63.8,0.0,-7.4,1,383.418,3.850,68.799
3746.3,7.46,60.0,0.0,-6.7,1,383.545,3.843,69.242
3746.3,7.22,60.2,0.0,-6.3,1,383.621,3.842,69.524
3746.3,6.71,70.2,0.0,-4.5,1,383.735,3.842,69.925
3746.3,6.30,84.8,0.0,-3.5,1,383.808,3.842,70.174
3760.9,5.64,91.8,0.0,-2.3,1,383.908,3.842,70.515
3760.9,5.11,91.8,0.0,-2.0,1,384.002,3.835,70.823
3760.9,4.83,54.6,0.0,-2.0,1,384.060,3.835,71.014
3775.7,4.46,63.6,0.0,-2.7,1,384.137,3.835,71.283
3775.7,4.22,63.1,0.0,-3.3,1,384.187,3.835,71.449
3775.7,3.80,62.0,0.0,-3.9,1,384.252,3.835,71.680
3775.7,3.54,61.8,0.0,-3.9,1,384.292,3.835,71.822
3790.5,3.15,61.2,0.0,-3.1,1,384.346,3.835,72.014
3864.1,3.10,55.5,0.0,87.5,1,384.184,3.828,72.011
3864.1,3.51,55.9,0.0,87.5,1,384.095,3.828,71.834
3864.1,3.83,56.1,0.0,87.5,1,383.994,3.828,71.639
3864.1,4.08,56.4,0.0,87.5,1,383.919,3.828,71.502
3878.6,4.42,56.7,0.0,87.5,1,383.796,3.828,71.278
3878.6,4.66,56.8,0.0,87.5,1,383.707,3.828,71.119
3878.6,5.01,57.1,0.0,87.3,1,383.557,3.828,70.872
3878.6,5.25,57.3,0.0,87.3,1,383.449,3.828,70.696
3893.3,5.58,57.5,0.0,87.3,1,383.268,3.827,70.423
3893.3,5.79,57.8,0.0,87.1,1,383.140,3.819,70.236
3893.3,6.14,58.2,0.0,87.1,1,382.930,3.819,69.946
3893.3,6.36,58.3,0.0,86.9,1,382.777,3.819,69.750
3908.0,6.63,54.2,0.0,86.7,1,382.530,3.819,69.448
3908.0,6.84,44.8,0.0,86.7,1,382.349,3.818,69.247
3908.0,7.07,14.2,0.0,86.3,1,382.059,3.811,68.947
3908.0,7.21,6.3,0.0,86.1,1,381.852,3.810,68.752
3922.7,7.43,0.0,0.0,85.7,1,381.519,3.810,68.468
3922.7,7.42,0.0,0.0,85.3,1,381.156,3.801,68.207
3922.7,7.31,0.0,0.0,85.3,1,380.903,3.799,68.060
3922.7,6.85,0.0,0.0,84.7,1,380.520,3.792,67.883
3936.7,6.60,0.0,0.0,84.5,1,380.270,3.792,67.794
3936.7,6.24,0.0,0.0,84.3,1,379.903,3.784,67.702
3936.7,5.98,0.0,0.0,84.3,1,379.664,3.776,67.666
3936.7,5.69,0.0,0.0,84.3,1,379.315,3.768,67.646
3949.7,5.46,0.1,0.0,84.3,1,379.092,3.760,67.657
3949.7,5.16,0.1,0.0,84.3,1,378.779,3.760,67.708
3949.7,4.99,0.1,0.0,84.3,1,378.585,3.752,67.762
3949.7,4.73,0.2,0.0,84.3,1,378.314,3.745,67.867
3961.7,4.65,0.2,0.0,84.3,1,378.150,3.737,67.956
3961.7,4.52,0.1,0.0,84.3,1,377.930,3.737,68.120
3961.7,4.53,3.6,0.0,84.5,1,377.740,3.722,68.311
3961.7,4.53,34.5,0.0,84.9,1,377.631,3.722,68.456
3972.9,4.52,52.4,0.0,85.1,1,377.474,3.715,68.677
3972.9,4.56,48.7,0.0,85.7,1,377.361,3.715,68.817
3972.9,4.69,46.7,0.0,86.7,1,377.191,3.707,69.036
3972.9,4.81,46.6,0.0,86.5,1,377.086,3.699,69.195
3983.3,5.12,42.0,0.0,86.5,1,376.922,3.699,69.445
3983.3,5.35,30.3,0.0,86.5,1,376.808,3.691,69.621
3983.3,5.80,32.1,0.0,86.5,1,376.635,3.683,69.906
3983.3,6.10,37.8,0.0,86.5,1,376.518,3.683,70.114
3993.0,6.61,63.8,0.0,86.5,1,376.339,3.675,70.450
4002.1,7.92,73.5,0.0,86.5,1,375.573,3.637,72.491
4010.7,8.23,48.8,0.0,86.5,1,375.458,3.636,72.962
4010.7,8.30,83.2,0.0,86.5,1,375.392,3.630,73.286
4010.7,8.52,74.7,0.0,86.5,1,375.314,3.622,73.781
4010.7,8.65,70.7,0.0,86.5,1,375.272,3.622,74.122
4018.7,8.86,68.1,0.0,86.5,1,375.229,3.621,74.645
4018.7,9.03,42.1,0.0,86.3,1,375.213,3.615,75.002
4018.7,9.31,48.4,0.0,85.9,1,375.211,3.614,75.555
4018.7,9.52,86.7,0.0,85.5,1,375.237,3.608,76.120
4026.1,9.63,53.4,0.0,85.1,1,375.267,3.608,76.502
4026.1,9.75,55.2,0.0,84.7,1,375.329,3.600,77.082
4026.1,9.78,54.0,0.0,84.7,1,375.390,3.591,77.465
4026.1,10.13,90.2,0.0,83.6,1,375.513,3.593,78.054
4033.1,10.24,57.8,0.0,83.0,1,375.608,3.601,78.451
4033.1,10.40,62.2,0.0,79.5,1,375.767,3.593,79.050
4033.1,10.57,64.2,0.0,75.0,1,375.896,3.593,79.449
4033.1,10.84,67.4,0.0,64.2,1,376.116,3.593,80.055
4039.7,11.00,66.4,0.0,54.8,1,376.270,3.593,80.464
4039.7,11.30,91.2,0.0,39.9,1,376.515,3.586,81.086
4039.7,11.52,91.2,0.0,33.1,1,376.687,3.594,81.512
4039.7,11.94,91.2,0.0,21.5,1,376.955,3.594,82.167
4046.3,12.16,91.3,0.0,14.1,1,377.135,3.601,82.612
4046.3,12.54,91.3,0.0,5.3,1,377.405,3.594,83.302
4046.3,12.87,91.2,0.0,0.6,1,377.683,3.593,84.012
4046.3,13.11,91.3,0.0,-1.2,1,377.868,3.593,84.497
4052.8,13.51,91.4,0.0,-2.0,1,378.150,3.601,85.243
4052.8,13.74,91.5,0.0,-1.2,1,378.342,3.593,85.755
4052.8,14.11,91.7,0.0,1.2,1,378.643,3.593,86.535
4052.8,14.37,91.8,0.0,2.7,1,378.849,3.593,87.064
4060.0,14.76,91.9,0.0,4.1,1,379.170,3.593,87.877
4060.0,15.01,91.9,0.0,4.5,1,379.391,3.593,88.430
4060.0,15.41,91.9,0.0,4.7,1,379.731,3.594,89.277
4060.0,15.70,91.7,0.0,4.5,1,379.967,3.594,89.854
4066.5,16.13,91.9,0.0,3.9,1,380.330,3.594,90.736
4066.5,16.41,91.8,0.0,3.3,1,380.578,3.594,91.336
4066.5,16.84,91.8,0.0,2.2,1,380.960,3.594,92.258
4066.5,17.15,91.7,0.0,1.4,1,381.219,3.595,92.887
4072.8,17.65,91.8,0.0,0.4,1,381.619,3.595,93.850
4072.8,18.15,91.8,0.0,-0.8,1,382.028,3.594,94.844
4072.8,18.46,91.8,0.0,-1.6,1,382.307,3.602,95.522
4072.8,19.01,91.8,0.0,-2.7,1,382.729,3.602,96.567
4078.7,19.38,91.8,0.0,-2.9,1,383.015,3.602,97.278
4078.7,19.95,91.8,0.0,-3.5,1,383.451,3.601,98.376
4078.7,20.31,91.7,0.0,-3.5,1,383.746,3.601,99.125
4078.7,20.87,91.8,0.0,-3.5,1,384.193,3.601,100.276
4084.6,21.32,91.7,0.0,-3.3,1,384.496,3.602,101.065
4084.6,21.89,91.7,0.0,-3.3,1,384.956,3.593,102.280
4084.6,22.32,91.7,0.0,-3.3,1,385.269,3.594,103.107
4084.6,22.89,91.7,0.0,-3.1,1,385.739,3.594,104.378
4089.6,23.33,91.7,0.0,-3.1,1,386.060,3.593,105.247
4089.6,23.98,91.7,0.0,-3.3,1,386.546,3.593,106.583
4089.6,24.38,91.7,0.0,-3.5,1,386.873,3.594,107.493
4089.6,25.05,91.7,0.0,-4.1,1,387.365,3.595,108.890
4094.6,25.66,91.7,0.0,-4.5,1,387.856,3.595,110.324
4094.6,26.09,91.8,0.0,-4.7,1,388.184,3.603,111.306
4094.6,26.73,91.8,0.0,-4.9,1,388.679,3.604,112.812
4094.6,27.04,91.8,0.0,-4.9,1,389.007,3.604,113.839
4099.7,27.65,91.8,0.0,-5.1,1,389.497,3.611,115.410
4099.7,28.09,91.8,0.0,-5.3,1,389.821,3.610,116.476
4099.7,28.69,91.8,0.0,-5.5,1,390.301,3.610,118.110
4099.7,29.14,91.8,0.0,-5.9,1,390.619,3.610,119.222
4105.1,29.80,54.7,0.0,-6.1,1,391.087,3.610,120.931
4105.1,30.14,91.8,0.0,-6.1,1,391.391,3.610,122.091
4105.1,30.72,91.8,0.0,-6.1,1,391.833,3.610,123.862
4105.1,31.23,91.9,0.0,-6.1,1,392.121,3.610,125.067
4110.9,31.78,91.9,0.0,-6.1,1,392.539,3.610,126.906
4110.9,32.17,91.9,0.0,-5.9,1,392.811,3.610,128.157
4110.9,32.82,55.4,0.0,-5.5,1,393.203,3.618,130.066
4110.9,33.21,91.9,0.0,-4.9,1,393.455,3.618,131.360
4117.1,33.84,92.0,0.0,-3.9,1,393.819,3.618,133.340
4117.1,34.25,92.0,0.0,-3.5,1,394.056,3.618,134.681
4117.1,34.86,92.0,0.0,-2.5,1,394.399,3.618,136.722
4123.6,34.61,0.0,0.0,-1.2,0,394.732,3.617,138.785
4123.6,35.41,91.9,0.0,-0.2,2,394.955,3.617,140.172
4123.6,35.99,91.9,0.0,0.2,2,395.294,3.617,142.291
4123.6,36.39,91.9,0.0,0.0,2,395.526,3.618,143.718
4130.5,36.94,91.9,0.0,-0.4,2,395.876,3.618,145.887
4130.5,37.30,91.9,0.0,-0.8,2,396.112,3.617,147.355
4130.5,37.86,91.9,0.0,-1.4,2,396.464,3.618,149.585
4130.5,38.26,91.9,0.0,-1.8,2,396.699,3.618,151.088
4137.7,38.73,91.9,0.0,-2.3,2,397.045,3.620,153.371
4137.7,39.12,92.0,0.0,-3.1,2,397.272,3.620,154.913
4137.7,39.67,92.0,0.0,-4.7,2,397.597,3.626,157.255
4137.7,39.98,92.0,0.0,-5.3,2,397.804,3.627,158.835
4145.2,40.49,92.0,0.0,-5.9,2,398.096,3.627,161.231
4145.2,40.82,92.1,0.0,-6.5,2,398.276,3.627,162.846
4145.2,41.33,92.1,0.0,-6.8,2,398.519,3.634,165.297
4145.2,41.58,92.2,0.0,-7.0,2,398.664,3.634,166.950
4152.8,42.06,92.2,0.0,-7.6,2,398.851,3.633,169.454
4152.8,42.52,92.4,0.0,-8.2,2,398.996,3.633,171.987
4152.8,42.75,92.3,0.0,-8.4,2,399.070,3.633,173.689
4152.8,42.82,0.0,0.0,-9.0,0,399.141,3.633,176.259
4159.9,43.25,0.0,0.0,-9.4,3,399.165,3.633,177.975
4159.9,43.57,91.9,0.0,-9.8,3,399.157,3.633,180.577
4159.9,43.80,91.9,0.0,-10.0,3,399.115,3.633,182.322
4159.9,44.25,92.0,0.0,-10.0,3,399.005,3.632,184.964
4166.6,44.45,92.0,0.0,-10.0,3,398.897,3.632,186.732
4166.6,44.89,92.0,0.0,-10.2,3,398.681,3.633,189.405
4166.6,45.15,92.0,0.0,-10.2,3,398.499,3.633,191.196
4166.6,45.45,60.8,0.0,-10.4,3,398.166,3.634,193.890
4173.0,45.48,60.6,0.0,-10.4,3,397.900,3.634,195.689
4173.0,45.66,60.7,0.0,-10.4,3,397.445,3.634,198.385
4173.0,45.81,92.0,0.0,-10.4,3,397.099,3.634,200.181
4173.0,46.08,60.9,0.0,-9.6,3,396.523,3.642,202.881
4179.1,46.48,92.0,0.0,-8.4,3,396.099,3.642,204.683
4179.1,46.80,92.1,0.0,-7.6,3,395.414,3.627,207.401
4179.1,46.60,92.1,0.0,-7.2,3,394.929,3.628,209.204
4179.1,47.02,62.1,0.0,-7.6,3,394.135,3.627,211.908
4184.6,47.41,62.6,0.0,-7.8,3,393.255,3.642,214.611
4184.6,47.48,61.8,0.0,-8.2,3,392.624,3.652,216.400
4184.6,47.72,63.1,0.0,-9.4,3,391.647,3.655,219.086
4184.6,47.75,63.6,0.0,-10.2,3,390.950,3.660,220.859
4189.9,47.95,62.5,0.0,-10.2,3,389.852,3.669,223.511
4189.9,48.13,63.1,0.0,-10.2,3,389.061,3.679,225.264
4189.9,48.33,62.6,0.0,-10.2,3,387.826,3.689,227.884
4189.9,48.47,92.1,0.0,-10.2,3,386.524,3.693,230.478
4195.2,48.81,92.1,0.0,-10.2,3,385.616,3.699,232.199
4195.2,49.17,92.2,0.0,-10.2,3,384.200,3.696,234.779
4195.2,49.43,92.3,0.0,-10.0,3,383.215,3.696,236.489
4195.2,49.70,92.2,0.0,-9.8,3,381.680,3.696,239.034
4200.3,49.88,92.1,0.0,-9.4,3,380.617,3.697,240.714
4200.3,50.20,92.2,0.0,-9.4,3,378.960,3.698,243.214
4200.3,50.37,92.3,0.0,-9.4,3,377.816,3.707,244.868
4200.3,50.64,92.3,0.0,-9.2,3,376.035,3.710,247.317
4205.3,50.84,92.4,0.0,-9.0,3,374.809,3.717,248.932
4205.3,51.16,92.4,0.0,-7.8,3,372.912,3.725,251.333
4205.3,50.95,0.0,0.0,-7.0,0,371.617,3.733,252.916
4205.3,51.48,92.0,0.0,-6.1,4,369.630,3.738,255.259
4210.0,51.75,92.0,0.0,-6.1,4,368.266,3.741,256.812
4210.0,52.08,92.0,0.0,-6.1,4,366.178,3.749,259.120
4210.0,52.31,92.0,0.0,-6.1,4,364.761,3.756,260.651
4210.0,52.65,92.0,0.0,-5.9,4,362.599,3.763,262.936
4214.6,52.86,91.4,0.0,-5.9,4,361.133,3.761,264.454
4214.6,53.17,89.5,0.0,-5.5,4,358.900,3.770,266.715
4214.6,53.46,87.5,0.0,-5.1,4,356.625,3.768,268.965
4214.6,53.77,86.3,0.0,-4.1,4,355.087,3.773,270.461
4218.9,54.07,84.3,0.0,-3.3,4,352.755,3.774,272.701
4218.9,54.25,83.1,0.0,-3.1,4,351.181,3.767,274.189
4218.9,54.63,81.2,0.0,-3.1,4,348.789,3.768,276.412
4218.9,54.86,80.0,0.0,-3.1,4,347.174,3.775,277.892
4223.5,55.15,78.1,0.0,-2.9,4,344.727,3.774,280.106
4223.5,55.37,76.8,0.0,-2.7,4,343.078,3.775,281.577
4223.5,55.70,75.0,0.0,-2.5,4,340.579,3.783,283.777
4223.5,55.91,73.8,0.0,-2.2,4,338.897,3.782,285.246
4228.1,56.26,72.0,0.0,-1.0,4,336.350,3.781,287.448
4228.1,56.46,70.7,0.0,-0.2,4,334.643,3.782,288.917
4228.1,56.75,68.9,0.0,0.2,4,332.070,3.782,291.134
4228.1,56.99,67.7,0.0,0.2,4,330.349,3.781,292.622
4232.8,57.26,65.9,0.0,0.2,4,327.757,3.779,294.861
4232.8,57.50,64.7,0.0,0.2,4,326.019,3.783,296.362
4232.8,47.44,90.8,0.0,5.1,3,-284.436,0.063,638.447
4237.5,47.96,90.8,0.0,4.9,3,-283.277,0.017,641.072
4237.5,48.01,91.0,0.0,5.3,3,-282.494,-0.011,642.820
4237.5,48.77,91.1,0.0,5.3,3,-281.286,-0.057,645.458
4237.5,48.50,91.3,0.0,5.1,3,-280.463,-0.080,647.222
4242.3,49.33,91.3,0.0,5.1,3,-279.200,-0.125,649.876
4242.3,49.33,91.4,0.0,5.1,3,-278.343,-0.148,651.647
4242.3,50.13,91.4,0.0,5.1,3,-277.022,-0.192,654.321
4242.3,49.80,91.4,0.0,4.9,3,-276.128,-0.212,656.108
4247.3,50.15,91.5,0.0,4.5,3,-274.758,-0.253,658.784
4247.3,50.70,91.5,0.0,3.9,3,-273.824,-0.272,660.562
4247.3,50.63,91.6,0.0,4.1,3,-272.390,-0.289,663.244
4247.3,51.20,91.6,0.0,5.1,3,-270.923,-0.307,665.939
4252.5,51.63,91.5,0.0,5.5,3,-269.926,-0.317,667.734
4252.5,51.86,91.5,0.0,6.1,3,-268.396,-0.328,670.437
4252.5,52.07,91.3,0.0,6.3,3,-267.356,-0.335,672.237
4252.5,52.29,91.6,0.0,5.3,3,-265.759,-0.351,674.925
4258.2,52.50,91.6,0.0,5.1,3,-264.672,-0.365,676.715
4258.2,52.79,91.0,0.0,4.7,3,-263.020,-0.378,679.401
4258.2,52.95,89.6,0.0,4.9,3,-261.901,-0.393,681.195
4258.2,53.27,87.6,0.0,4.9,3,-260.195,-0.399,683.887
4264.3,53.40,86.2,0.0,4.9,3,-259.037,-0.409,685.678
4264.3,53.74,84.1,0.0,4.5,3,-257.277,-0.414,688.366
4264.3,53.89,82.8,0.0,4.5,3,-256.088,-0.418,690.157
4264.3,54.20,80.7,0.0,4.3,3,-254.279,-0.418,692.842
4270.6,54.34,79.3,0.0,4.3,3,-253.053,-0.419,694.630
4270.6,54.59,77.3,0.0,3.9,3,-251.183,-0.428,697.311
4270.6,54.83,75.1,0.0,3.7,3,-249.282,-0.437,699.989
4270.6,55.42,0.0,0.0,3.9,4,-247.358,-0.446,702.654
4277.6,55.19,89.4,0.0,4.1,4,-246.050,-0.444,704.429
4277.6,55.49,87.6,0.0,4.1,4,-244.059,-0.454,707.080
4277.6,55.68,86.4,0.0,3.7,4,-242.715,-0.462,708.851
4277.6,56.04,84.6,0.0,3.1,4,-240.678,-0.468,711.510
4284.8,56.27,82.9,0.0,3.1,4,-238.614,-0.467,714.172
4284.8,56.53,81.7,0.0,3.1,4,-237.224,-0.476,715.948
4284.8,56.82,80.0,0.0,3.3,4,-235.115,-0.478,718.615
4284.8,57.02,78.7,0.0,3.3,4,-233.693,-0.479,720.393
4292.4,57.33,77.0,0.0,3.7,4,-231.534,-0.478,723.064
4292.4,57.57,75.8,0.0,3.9,4,-230.079,-0.478,724.840
4292.4,57.75,74.1,0.0,4.1,4,-227.869,-0.478,727.502
4292.4,57.96,72.8,0.0,4.3,4,-226.382,-0.475,729.273
4300.4,58.26,71.0,0.0,4.1,4,-224.121,-0.474,731.928
4300.4,58.55,69.2,0.0,4.1,4,-221.827,-0.471,734.575
4300.4,58.78,68.0,0.0,4.3,4,-220.278,-0.469,736.338
4308.7,58.99,66.2,0.0,4.7,4,-217.933,-0.460,738.974
4308.7,59.17,64.9,0.0,4.7,4,-216.346,-0.447,740.724
4308.7,59.44,63.1,0.0,4.5,4,-213.933,-0.433,743.341
4308.7,59.58,61.7,0.0,4.5,4,-212.306,-0.423,745.079
4317.2,59.88,60.8,0.0,4.9,4,-209.840,-0.399,747.677
4317.2,60.07,60.8,0.0,5.5,4,-208.176,-0.388,749.402
4317.2,60.26,60.2,0.0,6.3,4,-205.643,-0.362,751.973
4317.2,60.42,60.1,0.0,6.5,4,-203.927,-0.343,753.671
4326.1,60.61,59.6,0.0,5.7,4,-201.319,-0.318,756.196
4326.1,60.80,59.3,0.0,5.3,4,-199.555,-0.295,757.863
4326.1,60.98,59.2,0.0,5.5,4,-196.874,-0.274,760.342
4326.1,61.18,59.0,0.0,5.9,4,-194.153,-0.244,762.798
4335.2,61.30,58.7,0.0,5.3,4,-192.316,-0.231,764.420
4335.2,61.53,58.4,0.0,4.1,4,-189.527,-0.216,766.826
4335.2,61.76,58.5,0.0,4.3,4,-186.703,-0.210,769.213
4335.2,61.85,58.2,0.0,4.9,4,-184.805,-0.203,770.793
4344.6,62.02,57.8,0.0,5.1,4,-181.926,-0.205,773.140
4344.6,62.07,57.9,0.0,4.9,4,-179.987,-0.199,774.688
4344.6,62.37,57.4,0.0,5.7,4,-177.050,-0.200,776.982
4344.6,62.41,57.9,0.0,3.7,4,-174.056,-0.179,779.229
4354.3,62.64,57.9,0.0,3.1,4,-172.050,-0.165,780.717
4354.3,62.96,57.9,0.0,4.7,4,-169.025,-0.163,782.949
4354.3,62.99,57.8,0.0,5.9,4,-166.988,-0.173,784.427
4354.3,62.68,0.0,0.0,3.5,0,-163.907,-0.181,786.607
4364.2,62.69,0.0,0.0,2.7,0,-161.844,-0.179,788.029
4364.2,63.19,88.3,0.0,2.7,5,-158.709,-0.174,790.141
4364.2,63.46,87.7,0.0,3.5,5,-156.594,-0.176,791.544
4364.2,63.70,85.8,0.0,4.7,5,-153.400,-0.171,793.642
4374.3,63.85,84.0,0.0,4.9,5,-151.255,-0.168,795.028
4374.3,64.05,82.9,0.0,4.5,5,-148.011,-0.160,797.081
4374.3,64.20,81.7,0.0,4.5,5,-145.830,-0.162,798.429
4374.3,64.43,79.9,0.0,5.3,5,-142.526,-0.153,800.423
4384.7,64.68,78.0,0.0,6.1,5,-139.189,-0.149,802.389
4384.7,64.76,76.8,0.0,6.7,5,-136.949,-0.138,803.684
4384.7,65.01,75.1,0.0,5.5,5,-133.556,-0.132,805.586
4384.7,65.11,73.9,0.0,4.5,5,-131.268,-0.130,806.827
4395.6,65.36,72.1,0.0,4.1,5,-127.804,-0.135,808.646
4395.6,65.48,70.7,0.0,5.3,5,-125.479,-0.126,809.845
4395.6,65.62,69.0,0.0,6.3,5,-121.971,-0.117,811.622
4395.6,65.74,68.0,0.0,6.1,5,-119.611,-0.124,812.769
4407.0,65.98,66.1,0.0,5.3,5,-116.038,-0.120,814.451
4407.0,66.05,64.8,0.0,5.5,5,-113.637,-0.114,815.553
4407.0,66.34,63.0,0.0,5.5,5,-110.010,-0.110,817.167
4407.0,66.42,61.8,0.0,5.3,5,-107.573,-0.114,818.218
4419.0,66.62,60.5,0.0,5.9,5,-103.893,-0.106,819.764
4419.0,66.69,60.6,0.0,6.1,5,-101.424,-0.102,820.763
4419.0,66.95,60.7,0.0,4.3,5,-97.683,-0.102,822.210
4431.5,67.23,60.6,0.0,4.1,5,-93.911,-0.095,823.620
4431.5,67.21,60.6,0.0,5.3,5,-91.388,-0.098,824.544
4431.5,67.39,60.7,0.0,5.9,5,-87.583,-0.093,825.891
4431.5,67.57,60.7,0.0,5.9,5,-85.028,-0.090,826.760
4442.9,67.74,60.7,0.0,5.1,5,-81.168,-0.086,828.016
4442.9,67.84,60.8,0.0,4.5,5,-78.577,-0.078,828.821
4442.9,68.00,60.7,0.0,4.5,5,-74.675,-0.068,829.993
4442.9,68.20,60.8,0.0,4.7,5,-72.062,-0.062,830.750
4454.3,68.34,60.8,0.0,4.5,5,-68.117,-0.053,831.852
4454.3,68.45,60.8,0.0,4.3,5,-64.152,-0.047,832.913
4454.3,68.68,60.5,0.0,3.9,5,-61.496,-0.036,833.595
4454.3,68.81,60.6,0.0,3.9,5,-57.497,-0.027,834.591
4465.8,68.92,60.4,0.0,4.3,5,-54.822,-0.016,835.239
4465.8,69.07,60.3,0.0,4.3,5,-50.789,-0.004,836.175
4465.8,69.23,60.1,0.0,4.1,5,-48.086,0.009,836.778
4465.8,69.32,59.9,0.0,3.7,5,-44.021,0.028,837.657
4477.6,69.49,59.3,0.0,3.3,5,-41.305,0.037,838.221
4477.6,69.63,59.8,0.0,2.7,5,-37.218,0.062,839.041
4477.6,69.81,59.4,0.0,2.5,5,-34.484,0.076,839.577
4477.6,69.87,59.8,0.0,2.7,5,-30.368,0.100,840.370
4489.6,70.04,59.1,0.0,2.7,5,-26.244,0.116,841.139
4489.6,70.18,59.0,0.0,2.2,5,-22.106,0.144,841.878
4489.6,70.27,59.0,0.0,2.0,5,-19.341,0.162,842.358
4489.6,70.41,58.3,0.0,2.2,5,-15.180,0.190,843.065
4501.8,70.53,58.9,0.0,2.3,5,-12.398,0.203,843.526
4501.8,70.59,58.6,0.0,2.5,5,-8.218,0.232,844.209
4501.8,70.74,58.6,0.0,2.3,5,-4.030,0.254,844.865
4501.8,70.89,58.4,0.0,2.2,5,-1.229,0.281,845.286
4514.2,70.92,58.4,0.0,2.0,5,2.985,0.299,845.895
4514.2,71.11,58.3,0.0,1.6,5,5.800,0.319,846.290
4514.2,71.18,58.3,0.0,1.6,5,10.029,0.349,846.872
4514.2,71.26,58.1,0.0,1.2,5,12.853,0.357,847.247
4526.7,71.42,57.9,0.0,1.0,5,17.095,0.395,847.795
4526.7,71.50,57.8,0.0,1.0,5,19.932,0.412,848.154
4526.7,71.63,57.6,0.0,1.0,5,24.198,0.445,848.681
4526.7,71.71,57.6,0.0,0.8,5,27.042,0.471,849.027
4539.3,71.79,57.5,0.0,0.4,5,31.315,0.499,849.543
4539.3,71.94,57.4,0.0,0.4,5,34.166,0.523,849.881
4539.3,72.08,57.4,0.0,0.4,5,38.457,0.567,850.383
4552.1,72.17,57.4,0.0,0.4,5,42.757,0.606,850.884
4552.1,72.25,57.4,0.0,0.4,5,45.625,0.634,851.213
4552.1,72.34,57.4,0.0,0.2,5,49.935,0.666,851.701
4552.1,72.43,57.4,0.0,0.2,5,52.807,0.698,852.027
4565.1,72.49,57.5,0.0,0.2,5,57.122,0.734,852.516
4565.1,72.61,57.5,0.0,0.2,5,60.002,0.761,852.842
4565.1,72.67,57.5,0.0,0.2,5,64.328,0.800,853.330
4565.1,72.76,57.5,0.0,0.2,5,67.215,0.825,853.654
4578.2,72.86,57.5,0.0,0.0,5,71.554,0.875,854.139
4578.2,72.89,57.5,0.0,0.2,5,74.451,0.902,854.463
4578.2,72.95,57.5,0.0,0.2,5,78.804,0.939,854.946
4578.2,73.10,57.5,0.0,0.0,5,83.153,0.975,855.426
4591.5,73.19,57.5,0.0,0.0,5,86.059,0.991,855.746
4591.5,72.88,0.0,0.0,0.0,0,90.422,1.030,856.229
4591.5,73.29,89.9,0.0,0.0,6,93.330,1.058,856.552
4591.5,73.42,88.1,0.0,0.0,6,97.704,1.089,857.034
4604.9,73.55,86.8,0.0,0.0,6,100.622,1.111,857.356
4604.9,73.64,85.0,0.0,-0.2,6,105.004,1.144,857.843
4604.9,73.74,83.9,0.0,-0.4,6,107.931,1.155,858.170
4604.9,73.85,82.0,0.0,-0.6,6,112.333,1.188,858.666
4618.5,74.01,80.8,0.0,-0.4,6,115.271,1.216,859.001
4618.5,74.07,79.0,0.0,0.0,6,119.681,1.243,859.502
4618.5,74.25,77.2,0.0,0.4,6,124.099,1.271,859.999
4618.5,74.34,75.9,0.0,0.4,6,127.053,1.289,860.329
4632.2,74.43,74.1,0.0,0.4,6,131.493,1.303,860.827
4632.2,74.46,72.9,0.0,0.6,6,134.449,1.322,861.158
4632.2,74.77,71.1,0.0,1.0,6,138.895,1.357,861.654
4632.2,75.13,69.9,0.0,1.2,6,141.876,1.375,861.981
4646.0,74.90,68.0,0.0,1.4,6,146.330,1.412,862.464
4646.0,74.98,66.7,0.0,1.6,6,149.310,1.429,862.782
4646.0,75.03,64.3,0.0,1.8,6,155.278,1.467,863.393
4646.0,75.17,63.1,0.0,1.4,6,158.263,1.485,863.685
4659.9,75.60,61.2,0.0,1.4,6,162.767,1.521,864.122
4659.9,32.45,91.6,0.0,7.6,1,-423.062,-4.786,-529.068
4659.9,32.99,0.0,0.0,6.7,0,-424.470,-4.812,-527.704
4659.9,32.38,0.0,0.0,6.1,2,-425.407,-4.827,-526.763
4673.9,33.45,91.1,0.0,5.7,2,-426.793,-4.854,-525.325
4673.9,34.04,91.1,0.0,5.7,2,-428.177,-4.872,-523.842
4673.9,34.44,91.1,0.0,5.9,2,-429.097,-4.887,-522.826
4688.1,35.00,91.1,0.0,6.7,2,-430.478,-4.905,-521.270
4688.1,35.33,91.1,0.0,7.0,2,-431.402,-4.920,-520.214
4688.1,35.90,91.1,0.0,7.8,2,-432.789,-4.936,-518.594
4688.1,36.27,91.1,0.0,8.6,2,-433.716,-4.946,-517.489
4702.4,36.87,91.2,0.0,9.4,2,-435.109,-4.971,-515.798
4702.4,37.18,91.2,0.0,9.6,2,-436.034,-4.980,-514.648
4702.4,37.69,91.2,0.0,9.6,2,-437.418,-4.994,-512.886
4702.4,38.20,91.2,0.0,9.4,2,-438.795,-5.015,-511.075
4716.7,38.56,91.2,0.0,9.2,2,-439.706,-5.020,-509.837
4716.7,39.14,91.3,0.0,8.8,2,-441.063,-5.037,-507.943
4716.7,39.45,91.3,0.0,8.6,2,-441.959,-5.047,-506.656
4716.7,39.97,91.3,0.0,8.8,2,-443.285,-5.056,-504.684
4731.2,40.29,91.3,0.0,9.0,2,-444.159,-5.065,-503.343
4731.2,40.76,91.4,0.0,9.6,2,-445.457,-5.075,-501.290
4731.2,41.05,91.5,0.0,9.8,2,-446.309,-5.084,-499.898
4731.2,41.51,91.4,0.0,9.4,2,-447.566,-5.086,-497.769
4745.7,41.78,91.3,0.0,9.2,2,-448.392,-5.089,-496.326
4745.7,42.17,91.5,0.0,8.6,2,-449.609,-5.098,-494.124
4745.7,42.47,91.6,0.0,8.2,2,-450.406,-5.097,-492.631
4745.7,42.91,91.6,0.0,8.0,2,-451.583,-5.100,-490.359
4760.4,43.27,91.6,0.0,8.4,2,-452.735,-5.106,-488.050
4760.4,43.79,0.0,0.0,9.0,0,-453.495,-5.112,-486.483
4760.4,43.60,91.2,0.0,10.0,3,-454.603,-5.123,-484.124
4760.4,43.93,91.2,0.0,10.6,3,-455.330,-5.127,-482.528
4775.2,44.31,91.2,0.0,11.5,3,-456.395,-5.138,-480.102
4775.2,44.60,91.2,0.0,12.1,3,-457.085,-5.151,-478.466
4775.2,44.99,91.2,0.0,12.9,3,-458.092,-5.178,-475.977
4775.2,45.21,91.3,0.0,13.5,3,-458.739,-5.191,-474.297
4790.1,45.79,91.3,0.0,14.3,3,-459.678,-5.215,-471.738
4790.1,45.96,91.3,0.0,14.7,3,-460.276,-5.233,-470.010
4790.1,46.36,63.9,0.0,15.1,3,-461.132,-5.264,-467.384
4790.1,46.43,64.1,0.0,15.1,3,-461.675,-5.285,-465.615
4805.0,46.60,64.4,0.0,14.3,3,-462.437,-5.321,-462.937
4805.0,46.68,65.4,0.0,12.5,3,-463.135,-5.359,-460.226
4805.0,47.05,91.3,0.0,11.5,3,-463.566,-5.385,-458.401
4805.0,47.29,91.3,0.0,10.2,3,-464.162,-5.427,-455.642
4820.1,47.35,91.4,0.0,9.8,3,-464.522,-5.458,-453.785
4820.1,47.69,91.4,0.0,10.4,3,-465.004,-5.497,-450.975
4820.1,47.98,91.4,0.0,11.0,3,-465.292,-5.521,-449.085
4820.1,48.34,91.4,0.0,12.1,3,-465.672,-5.568,-446.222
4835.3,48.55,91.4,0.0,13.1,3,-465.887,-5.590,-444.298
4835.3,48.88,91.5,0.0,14.1,3,-466.158,-5.631,-441.393
4835.3,49.08,91.5,0.0,14.5,3,-466.303,-5.662,-439.443
4835.3,49.45,91.6,0.0,14.9,3,-466.462,-5.701,-436.498
4850.5,49.61,91.6,0.0,15.1,3,-466.530,-5.726,-434.517
4850.5,49.91,91.4,0.0,15.3,3,-466.571,-5.769,-431.532
4850.5,50.24,91.6,0.0,15.5,3,-466.540,-5.803,-428.534
4850.5,50.42,91.6,0.0,15.7,3,-466.480,-5.829,-426.525
4865.8,50.64,91.7,0.0,16.0,3,-466.323,-5.858,-423.502
4865.8,50.83,91.7,0.0,16.2,3,-466.175,-5.877,-421.477
4865.8,51.08,91.7,0.0,16.4,3,-465.887,-5.905,-418.436
4865.8,51.26,91.7,0.0,16.4,3,-465.654,-5.923,-416.407
4881.2,51.37,91.7,0.0,16.4,3,-465.236,-5.939,-413.364
4881.2,51.59,91.7,0.0,16.6,3,-464.914,-5.952,-411.333
4881.2,51.90,91.7,0.0,17.6,3,-464.365,-5.967,-408.279
4881.2,51.96,91.7,0.0,18.8,3,-463.965,-5.994,-406.244
4896.6,51.82,91.3,0.0,19.8,4,-463.322,-6.032,-403.180
4896.6,52.13,91.3,0.0,20.0,4,-462.863,-6.059,-401.149
4896.6,52.42,91.3,0.0,19.8,4,-462.108,-6.090,-398.106
4896.6,52.65,91.3,0.0,19.8,4,-461.560,-6.112,-396.081
4912.2,52.87,90.1,0.0,19.8,4,-460.672,-6.135,-393.042
4912.2,53.15,88.2,0.0,19.8,4,-459.707,-6.157,-390.011
4912.2,53.31,86.9,0.0,19.8,4,-459.023,-6.174,-387.996
4927.8,53.57,85.0,0.0,19.8,4,-457.934,-6.189,-384.985
4927.8,53.86,83.2,0.0,19.8,4,-456.772,-6.207,-381.982
4927.8,54.06,81.9,0.0,19.6,4,-455.951,-6.223,-379.986
4927.8,54.26,80.0,0.0,19.0,4,-454.650,-6.239,-377.011
4943.5,54.46,78.8,0.0,17.6,4,-453.737,-6.245,-375.037
4943.5,54.78,76.9,0.0,15.3,4,-452.304,-6.250,-372.092
4943.5,54.93,75.7,0.0,13.7,4,-451.309,-6.255,-370.137
4943.5,55.20,73.8,0.0,10.6,4,-449.759,-6.269,-367.221
4959.2,55.32,72.5,0.0,8.6,4,-448.686,-6.279,-365.289
4959.2,55.65,70.7,0.0,6.3,4,-447.017,-6.290,-362.409
4959.2,55.77,69.4,0.0,3.5,4,-445.867,-6.301,-360.504
4959.2,56.18,67.5,0.0,2.2,4,-444.088,-6.317,-357.659
4975.0,56.45,65.6,0.0,2.5,4,-442.247,-6.327,-354.827
4975.0,56.65,64.4,0.0,2.9,4,-440.996,-6.338,-352.944
4975.0,57.05,62.5,0.0,5.3,4,-439.096,-6.345,-350.119
4975.0,57.15,61.2,0.0,5.7,4,-437.813,-6.357,-348.233
4990.8,57.47,60.0,0.0,5.9,4,-435.865,-6.374,-345.397
4990.8,57.65,60.0,0.0,4.9,4,-434.545,-6.385,-343.511
4990.8,57.92,60.1,0.0,2.3,4,-432.529,-6.395,-340.694
4990.8,58.08,60.1,0.0,1.2,4,-431.158,-6.400,-338.827
5005.6,58.39,60.1,0.0,0.4,4,-429.073,-6.406,-336.025
5005.6,58.58,60.1,0.0,-0.2,4,-427.668,-6.412,-334.152
5005.6,58.84,60.0,0.0,0.0,4,-425.549,-6.405,-331.340
5005.6,59.04,60.1,0.0,0.0,4,-424.129,-6.404,-329.460
5019.2,59.28,60.0,0.0,0.0,4,-421.992,-6.390,-326.628
5019.2,59.59,59.7,0.0,0.0,4,-419.846,-6.375,-323.786
5019.2,59.73,59.3,0.0,0.0,4,-418.404,-6.362,-321.879
5019.2,59.97,59.1,0.0,-0.2,4,-416.239,-6.351,-319.013
5031.9,60.17,58.8,0.0,-0.2,4,-414.791,-6.339,-317.095
5031.9,60.41,58.2,0.0,-0.6,4,-412.611,-6.325,-314.213
5031.9,60.58,58.1,0.0,-0.6,4,-411.154,-6.311,-312.286
5031.9,60.81,57.8,0.0,-0.4,4,-408.958,-6.288,-309.377
5043.5,60.89,57.3,0.0,0.0,4,-407.497,-6.280,-307.430
5043.5,61.16,57.2,0.0,0.0,4,-405.301,-6.258,-304.500
5043.5,61.31,57.1,0.0,-0.2,4,-403.830,-6.242,-302.539
5043.5,61.49,56.7,0.0,-0.6,4,-401.622,-6.219,-299.593
5054.3,61.73,56.7,0.0,-0.4,4,-399.404,-6.203,-296.633
5054.3,61.94,56.7,0.0,0.0,4,-397.185,-6.179,-293.661
5054.3,62.06,56.7,0.0,0.4,4,-395.702,-6.172,-291.676
5064.4,62.23,56.7,0.0,0.2,4,-393.474,-6.147,-288.688
5064.4,62.56,0.0,0.0,0.2,0,-391.982,-6.131,-286.689
5064.4,62.41,90.2,0.0,0.2,5,-389.745,-6.113,-283.691
5064.4,62.55,88.9,0.0,0.2,5,-388.249,-6.108,-281.686
5073.9,62.78,87.0,0.0,0.2,5,-385.995,-6.083,-278.677
5073.9,62.89,85.7,0.0,0.2,5,-384.488,-6.070,-276.666
5073.9,63.15,83.9,0.0,0.2,5,-382.221,-6.038,-273.641
5073.9,63.30,82.6,0.0,0.2,5,-380.702,-6.022,-271.613
5082.9,63.48,80.7,0.0,0.2,5,-378.420,-5.998,-268.568
5082.9,63.70,79.5,0.0,0.2,5,-376.894,-5.983,-266.533
5082.9,63.88,77.7,0.0,0.0,5,-374.595,-5.953,-263.475
5082.9,64.17,75.8,0.0,0.0,5,-372.288,-5.925,-260.402
5091.7,64.30,74.5,0.0,0.0,5,-370.743,-5.904,-258.347
5091.7,64.53,72.6,0.0,0.0,5,-368.420,-5.874,-255.256
5091.7,64.66,71.4,0.0,0.0,5,-366.868,-5.851,-253.190
5091.7,64.88,69.5,0.0,-0.4,5,-364.539,-5.815,-250.084
5100.2,65.04,68.3,0.0,-0.4,5,-362.976,-5.793,-248.006
5100.2,65.25,66.4,0.0,-0.6,5,-360.626,-5.755,-244.875
5100.2,65.43,65.1,0.0,-0.4,5,-359.057,-5.724,-242.784
5100.2,65.62,63.2,0.0,-0.4,5,-356.702,-5.685,-239.642
5108.4,65.75,62.0,0.0,-0.4,5,-355.128,-5.660,-237.539
5108.4,65.96,60.1,0.0,-0.6,5,-352.764,-5.623,-234.376
5108.4,66.08,60.1,0.0,-0.6,5,-351.182,-5.597,-232.260
5108.4,66.35,60.1,0.0,-0.6,5,-348.807,-5.560,-229.076
5116.5,66.47,60.1,0.0,-0.6,5,-346.427,-5.527,-225.884
5116.5,66.66,60.1,0.0,-0.6,5,-344.841,-5.507,-223.748
5116.5,66.84,60.1,0.0,-0.6,5,-342.455,-5.462,-220.535
5116.5,66.94,60.2,0.0,-0.6,5,-340.861,-5.432,-218.384
5124.4,67.15,60.2,0.0,-0.6,5,-338.467,-5.388,-215.148
5124.4,67.36,60.2,0.0,-0.6,5,-336.869,-5.358,-212.986
5124.4,67.51,60.2,0.0,-0.4,5,-334.472,-5.311,-209.735
5124.4,67.62,60.2,0.0,-0.4,5,-332.871,-5.279,-207.560
5132.0,67.81,60.3,0.0,-0.4,5,-330.464,-5.237,-204.284
5132.0,67.94,60.3,0.0,-0.4,5,-328.858,-5.199,-202.099
5132.0,68.03,60.2,0.0,-0.6,5,-326.445,-5.146,-198.811
5132.0,68.22,60.1,0.0,-0.4,5,-324.834,-5.116,-196.614
5139.7,68.34,60.0,0.0,-0.4,5,-322.414,-5.056,-193.307
5139.7,68.51,60.0,0.0,-0.2,5,-320.796,-5.024,-191.096
5139.7,68.69,59.8,0.0,-0.2,5,-318.367,-4.968,-187.774
5139.7,68.87,59.5,0.0,-0.2,5,-315.940,-4.907,-184.442
5147.2,69.01,59.6,0.0,-0.2,5,-314.318,-4.875,-182.217
5147.2,69.17,59.4,0.0,0.0,5,-311.875,-4.820,-178.866
5147.2,69.28,59.0,0.0,0.2,5,-310.245,-4.780,-176.628
5147.2,69.48,58.7,0.0,0.0,5,-307.797,-4.728,-173.263
5155.0,69.46,58.7,0.0,-0.2,5,-306.161,-4.690,-171.020
5155.0,69.61,58.6,0.0,-0.2,5,-303.705,-4.628,-167.648
5155.0,69.74,58.7,0.0,0.0,5,-302.061,-4.589,-165.395
5155.0,69.82,58.5,0.0,0.4,5,-299.595,-4.535,-162.008
5162.3,70.06,58.1,0.0,0.6,5,-297.947,-4.497,-159.747
5162.3,70.23,58.2,0.0,0.2,5,-295.469,-4.435,-156.352
5162.3,70.24,57.6,0.0,0.2,5,-293.815,-4.397,-154.087
5162.3,70.41,57.6,0.0,0.2,5,-291.324,-4.335,-150.683
5170.0,70.45,58.0,0.0,0.2,5,-289.659,-4.295,-148.409
5170.0,70.61,57.7,0.0,0.2,5,-287.158,-4.232,-144.998
5170.0,70.79,57.6,0.0,0.2,5,-284.652,-4.168,-141.584
5170.0,70.82,57.4,0.0,0.0,5,-282.978,-4.129,-139.301
5177.1,70.93,57.3,0.0,-0.2,5,-280.460,-4.075,-135.871
5177.1,70.98,57.1,0.0,-0.2,5,-278.778,-4.030,-133.582
5177.1,71.09,57.1,0.0,-0.2,5,-276.253,-3.967,-130.149
5177.1,71.23,57.0,0.0,-0.2,5,-274.568,-3.929,-127.855
5184.8,71.32,0.0,0.0,0.0,6,-272.037,-3.867,-124.408
5184.8,71.24,90.3,0.0,0.0,6,-270.349,-3.828,-122.108
5184.8,71.42,88.4,0.0,0.0,6,-267.818,-3.765,-118.656
5184.8,71.49,87.2,0.0,0.0,6,-266.129,-3.727,-116.351
5192.2,71.64,85.3,0.0,0.0,6,-263.592,-3.658,-112.889
5192.2,71.73,84.0,0.0,0.0,6,-261.897,-3.620,-110.579
5192.2,71.83,82.1,0.0,0.2,6,-259.346,-3.552,-107.101
5192.2,72.00,80.9,0.0,0.4,6,-257.645,-3.504,-104.779
5199.8,72.16,79.0,0.0,0.2,6,-255.089,-3.444,-101.291
5199.8,72.31,77.1,0.0,0.2,6,-252.531,-3.372,-97.802
5199.8,72.37,75.9,0.0,0.2,6,-250.820,-3.324,-95.468
5207.3,72.52,74.0,0.0,0.2,6,-248.244,-3.260,-91.963
5207.3,72.65,72.8,0.0,0.2,6,-246.525,-3.214,-89.623
5207.3,72.80,70.9,0.0,0.2,6,-243.940,-3.159,-86.107
5207.3,72.97,69.6,0.0,0.0,6,-242.217,-3.111,-83.761
5214.9,73.05,67.8,0.0,0.2,6,-239.625,-3.047,-80.236
5214.9,73.09,66.5,0.0,0.2,6,-237.891,-3.009,-77.880
5214.9,73.25,64.6,0.0,0.2,6,-235.288,-2.947,-74.341
5214.9,73.32,63.4,0.0,0.2,6,-233.551,-2.899,-71.980
5223.0,73.52,61.5,0.0,0.2,6,-230.939,-2.839,-68.436
5223.0,73.59,60.2,0.0,0.2,6,-229.198,-2.795,-66.068
5223.0,73.76,60.2,0.0,0.4,6,-226.571,-2.725,-62.506
5223.0,73.99,54.7,7.9,1.0,6,-224.818,-2.679,-60.129
5231.5,74.34,6.3,30.2,2.3,6,-222.179,-2.611,-56.556
5231.5,74.11,0.0,39.7,3.3,6,-220.421,-2.565,-54.177
5231.5,73.45,0.0,46.0,4.5,6,-217.788,-2.493,-50.633
5231.5,72.68,0.0,50.8,4.9,6,-215.162,-2.424,-47.133
5240.3,72.12,7.9,50.8,4.7,5,-213.406,-2.376,-44.838
5240.3,71.25,0.0,49.2,4.3,5,-210.753,-2.312,-41.452
5240.3,70.70,0.0,49.2,3.9,5,-208.976,-2.266,-39.239
5240.3,69.83,0.0,47.6,3.3,5,-206.292,-2.197,-35.992
5249.4,69.20,0.0,44.4,3.1,5,-204.489,-2.149,-33.876
5249.4,68.42,0.0,44.4,3.1,5,-201.768,-2.085,-30.773
5249.4,67.87,0.0,44.4,3.1,5,-199.939,-2.038,-28.747
5249.4,67.07,0.0,44.4,3.3,5,-197.176,-1.977,-25.785
5258.1,66.53,0.0,42.9,3.3,5,-195.322,-1.932,-23.861
5258.1,65.84,0.0,42.9,3.7,4,-192.523,-1.862,-21.043
5258.1,65.30,0.0,42.9,4.1,4,-190.646,-1.812,-19.212
5258.1,64.48,0.0,42.9,4.9,4,-187.821,-1.744,-16.527
5266.7,63.96,0.0,42.9,5.3,4,-185.930,-1.698,-14.784
5266.7,63.21,0.0,42.9,6.1,4,-183.086,-1.643,-12.233
5266.7,62.69,0.0,42.9,6.5,4,-181.190,-1.611,-10.574
5266.7,62.02,0.0,41.3,7.0,4,-178.336,-1.571,-8.150
5275.2,61.20,0.0,39.7,7.0,4,-175.470,-1.543,-5.802
5275.2,60.72,0.0,39.7,7.0,4,-173.554,-1.525,-4.286
5275.2,59.90,0.0,36.5,7.0,4,-170.676,-1.504,-2.090
5275.2,59.46,0.0,34.9,7.0,4,-168.748,-1.483,-0.678
5283.1,58.75,0.0,28.6,7.2,4,-165.842,-1.453,1.358
5283.1,58.30,0.0,27.0,7.2,4,-163.895,-1.438,2.667
5283.1,57.73,0.0,23.8,7.4,4,-160.963,-1.407,4.554
5283.1,57.36,0.0,20.6,7.6,4,-159.000,-1.380,5.760
5291.7,56.79,0.0,12.7,7.8,4,-156.039,-1.351,7.493
5291.7,56.52,0.0,7.9,8.0,4,-154.058,-1.337,8.601
5291.7,56.06,1.6,0.0,8.0,4,-151.075,-1.306,10.197
5291.7,55.92,6.3,0.0,8.0,4,-149.074,-1.290,11.211
5299.7,55.69,26.9,0.0,8.0,4,-146.055,-1.261,12.659
5299.7,55.66,36.2,0.0,8.4,4,-144.029,-1.239,13.579
5299.7,55.63,40.7,0.0,9.4,4,-140.962,-1.208,14.901
5299.7,55.65,42.8,0.0,10.0,4,-138.900,-1.183,15.743
5306.4,55.72,40.7,0.0,10.8,4,-135.785,-1.151,16.943
5306.4,55.74,33.6,0.0,11.5,4,-132.643,-1.118,18.078
5306.4,55.76,25.8,0.0,11.9,4,-130.532,-1.101,18.794
5306.4,55.68,19.7,0.0,12.5,4,-127.347,-1.067,19.809
5312.7,55.62,22.1,0.0,12.9,4,-124.142,-1.051,20.749
5312.7,55.56,26.8,0.0,13.1,4,-122.000,-1.036,21.333
5312.7,55.45,38.5,0.0,13.3,4,-118.771,-1.004,22.139
5312.7,55.44,44.7,0.0,13.7,4,-116.606,-0.988,22.627
5318.8,55.50,50.3,0.0,14.1,4,-113.341,-0.968,23.292
5318.8,55.54,52.7,0.0,14.3,4,-111.155,-0.947,23.685
5318.8,55.66,53.5,0.0,14.5,4,-107.860,-0.923,24.204
5318.8,55.79,53.6,0.0,14.9,4,-105.654,-0.900,24.502
5324.7,55.95,53.4,0.0,15.7,4,-102.327,-0.870,24.887
5324.7,56.08,51.6,0.0,16.0,4,-100.095,-0.847,25.099
5324.7,56.20,50.4,0.0,16.2,4,-96.738,-0.817,25.352
5324.7,56.34,46.7,0.0,16.2,4,-94.490,-0.795,25.474
5330.2,56.48,36.0,0.0,16.2,4,-91.111,-0.756,25.592
5330.2,56.57,31.0,0.0,16.0,4,-88.852,-0.731,25.623
5330.2,56.55,27.5,0.0,15.7,4,-85.457,-0.702,25.602
5335.5,56.50,26.3,0.0,14.3,4,-82.070,-0.663,25.491
5335.5,56.49,28.3,0.0,12.5,4,-79.815,-0.641,25.373
5335.5,56.44,32.2,0.0,9.6,4,-76.436,-0.600,25.119
5335.5,56.49,38.8,0.0,6.7,4,-74.190,-0.583,24.902
5340.6,56.42,47.3,0.0,3.3,4,-70.828,-0.542,24.513
5340.6,56.49,50.8,0.0,2.0,4,-68.590,-0.520,24.208
5340.6,56.75,57.5,0.0,-0.4,4,-65.231,-0.481,23.680
5340.6,57.02,61.4,0.0,-1.4,4,-62.992,-0.460,23.289
5345.7,57.13,60.4,0.0,-2.0,4,-59.632,-0.418,22.663
5345.7,57.28,60.0,0.0,-2.0,4,-57.385,-0.386,22.236
5345.7,57.63,60.0,0.0,-1.8,4,-53.998,-0.338,21.603
5345.7,57.86,60.0,0.0,-1.8,4,-51.724,-0.303,21.182
5351.0,58.11,60.0,0.0,-1.6,4,-48.302,-0.265,20.556
5351.0,58.28,60.1,0.0,-1.8,4,-46.011,-0.235,20.147
5351.0,58.56,60.1,0.0,-2.0,4,-42.565,-0.195,19.536
5351.0,58.85,60.1,0.0,-2.7,4,-39.097,-0.150,18.933
5356.5,59.02,60.1,0.0,-2.9,4,-36.771,-0.130,18.533
5356.5,59.30,60.1,0.0,-3.5,4,-33.273,-0.089,17.945
5356.5,59.49,59.9,0.0,-3.7,4,-30.930,-0.070,17.561
5356.5,59.72,59.7,0.0,-4.1,4,-27.400,-0.034,16.999
5362.2,59.89,59.6,0.0,-4.1,4,-25.040,-0.021,16.637
5362.2,60.17,59.2,0.0,-4.3,4,-21.479,-0.002,16.111
5362.2,60.29,58.5,0.0,-4.3,4,-19.092,0.017,15.777
5362.2,60.52,58.0,0.0,-4.5,4,-15.501,0.037,15.300
5368.1,60.65,58.1,0.0,-4.9,4,-13.098,0.055,15.003
5368.1,60.94,57.5,0.0,-5.7,4,-9.475,0.070,14.581
5368.1,61.05,57.4,0.0,-6.3,4,-7.048,0.091,14.316
5368.1,61.20,56.8,0.0,-7.0,4,-3.398,0.111,13.958
5374.8,61.37,56.7,0.0,-7.4,4,-0.956,0.125,13.744
5374.8,61.55,56.7,0.0,-7.8,4,2.718,0.161,13.469
5374.8,61.74,56.7,0.0,-8.4,4,6.408,0.191,13.253
5374.8,61.79,56.7,0.0,-8.4,4,8.879,0.223,13.146
5381.4,61.95,56.8,0.0,-8.4,4,12.592,0.258,13.049
5381.4,62.10,56.8,0.0,-8.4,4,15.071,0.286,13.028
5381.4,61.90,90.8,0.0,-8.0,5,18.799,0.339,13.065
5381.4,62.12,89.6,0.0,-7.6,5,21.281,0.366,13.132
5388.3,62.42,87.7,0.0,-7.2,5,25.013,0.424,13.300
5388.3,62.65,86.4,0.0,-7.4,5,27.506,0.461,13.458
5388.3,62.64,84.5,0.0,-7.8,5,31.246,0.532,13.755
5388.3,62.78,83.2,0.0,-8.2,5,33.746,0.573,13.978
5396.0,62.99,81.4,0.0,-8.8,5,37.508,0.615,14.363
5396.0,63.34,80.2,0.0,-9.2,5,40.015,0.641,14.651
5396.0,63.45,78.3,0.0,-9.6,5,43.777,0.686,15.143
5396.0,63.52,77.0,0.0,-9.6,5,46.287,0.725,15.510
5403.5,63.85,75.2,0.0,-9.8,5,50.053,0.772,16.119
5403.5,63.99,73.3,0.0,-9.8,5,53.820,0.827,16.806
5403.5,64.07,72.0,0.0,-9.8,5,56.330,0.854,17.302
5403.5,64.17,70.1,0.0,-9.8,5,60.085,0.909,18.125
5411.8,64.35,68.9,0.0,-10.0,5,62.583,0.948,18.720
5411.8,64.51,67.0,0.0,-10.0,5,66.325,1.003,19.683
5411.8,64.59,65.7,0.0,-10.0,5,68.813,1.045,20.372
5411.8,64.77,63.9,0.0,-10.2,5,72.532,1.098,21.475
5420.1,64.87,62.6,0.0,-10.2,5,75.003,1.140,22.255
5420.1,65.02,60.7,0.0,-10.2,5,78.692,1.195,23.498
5420.1,65.23,60.1,0.0,-10.0,5,81.142,1.232,24.376
5420.1,65.31,60.1,0.0,-9.4,5,84.803,1.286,25.756
5427.9,65.40,60.1,0.0,-8.8,5,87.232,1.322,26.728
5427.9,65.57,60.1,0.0,-8.2,5,90.850,1.379,28.252
5427.9,65.69,60.1,0.0,-8.4,5,93.249,1.416,29.312
5427.9,65.83,60.1,0.0,-8.6,5,96.825,1.476,30.969
5436.0,65.99,60.1,0.0,-8.8,5,100.379,1.535,32.714
5436.0,66.09,60.1,0.0,-9.0,5,102.731,1.577,33.919
5436.0,66.27,60.2,0.0,-9.0,5,106.228,1.638,35.792
5436.0,66.37,60.2,0.0,-8.6,5,108.542,1.678,37.085
5444.0,66.53,60.2,0.0,-8.0,5,111.985,1.740,39.084
5444.0,66.63,60.2,0.0,-7.6,5,114.261,1.779,40.466
5444.0,66.80,60.2,0.0,-7.2,5,117.646,1.844,42.603
5444.0,66.89,60.2,0.0,-7.2,5,119.881,1.878,44.068
5452.2,67.07,60.2,0.0,-7.0,5,123.203,1.935,46.322
5452.2,67.11,60.2,0.0,-6.5,5,125.393,1.975,47.868
5452.2,67.31,60.2,0.0,-6.1,5,128.650,2.025,50.245
5452.2,67.37,60.2,0.0,-5.1,5,130.802,2.058,51.869
5460.6,67.55,60.3,0.0,-4.5,5,133.995,2.106,54.354
5460.6,67.69,60.3,0.0,-3.5,5,136.103,2.140,56.046
5460.6,67.85,60.3,0.0,-2.5,5,139.236,2.184,58.630
5469.3,68.06,60.3,0.0,-2.2,5,142.348,2.215,61.272
5469.3,68.15,60.8,0.0,-2.2,5,144.414,2.239,63.051
5469.3,68.54,37.5,17.5,-2.3,5,147.505,2.265,65.739
5469.3,68.47,24.5,23.8,-2.3,5,149.563,2.282,67.543
5478.4,68.16,0.0,42.9,-2.2,5,152.631,2.307,70.256
5478.4,67.67,0.0,50.8,-2.0,5,154.655,2.324,72.066
5478.4,66.87,0.0,57.1,-1.6,5,157.653,2.347,74.777
5478.4,66.26,0.0,58.7,-1.4,5,159.619,2.355,76.575
5487.8,65.29,0.0,60.3,-1.4,5,162.520,2.379,79.255
5487.8,64.71,0.0,61.9,-1.4,5,164.421,2.385,81.032
5487.8,63.71,0.0,58.7,-1.4,5,167.222,2.409,83.680
5487.8,63.13,0.0,57.1,-1.4,5,169.059,2.425,85.432
5497.4,62.24,0.0,55.6,-1.2,5,171.777,2.448,88.042
5497.4,61.64,90.7,54.0,-1.2,0,173.557,2.462,89.767
5497.4,60.84,0.0,52.4,-1.2,4,176.183,2.481,92.334
5497.4,60.28,0.0,52.4,-1.2,4,177.909,2.496,94.030
5507.3,59.40,0.0,57.1,-1.0,4,180.463,2.512,96.560
5507.3,58.51,0.0,61.9,-0.6,4,182.968,2.526,99.061
5507.3,57.90,0.0,66.7,-0.2,4,184.613,2.544,100.711
5507.3,56.95,0.0,69.8,0.4,4,187.037,2.562,103.159
5517.5,56.24,0.0,73.0,0.6,4,188.625,2.570,104.770
5517.5,55.13,0.0,77.8,0.8,4,190.973,2.586,107.151
5517.5,54.41,7.9,79.4,1.0,3,192.511,2.593,108.713
5517.5,53.26,0.0,82.5,1.4,3,194.783,2.608,111.013
5527.9,52.46,0.0,84.1,1.8,3,196.273,2.624,112.513
5527.9,51.24,0.0,84.1,2.2,3,198.469,2.636,114.715
5527.9,50.43,0.0,84.1,2.3,3,199.910,2.650,116.155
5527.9,49.19,0.0,84.1,2.5,3,202.040,2.672,118.259
5538.5,48.40,0.0,82.5,2.5,3,203.437,2.696,119.626
5538.5,47.21,0.0,81.0,2.5,3,205.497,2.718,121.621
5538.5,46.02,0.0,77.8,2.5,3,207.520,2.742,123.554
5538.5,45.26,6.3,76.2,2.5,0,208.848,2.758,124.811
5549.4,44.21,0.0,74.6,2.9,2,210.817,2.782,126.644
5549.4,43.49,0.0,71.4,3.3,2,212.110,2.799,127.832
5549.4,42.44,0.0,69.8,4.1,2,214.021,2.823,129.566
5549.4,41.77,0.0,68.3,4.7,2,215.276,2.832,130.689
5560.4,40.80,0.0,65.1,5.5,2,217.136,2.850,132.329
5560.4,40.16,0.0,61.9,6.1,2,218.360,2.867,133.390
5560.4,39.20,0.0,58.7,6.8,2,220.177,2.876,134.932
5560.4,38.30,91.2,50.8,7.2,0,221.974,2.886,136.412
5571.6,37.81,91.7,44.4,7.6,0,223.161,2.894,137.366
5571.6,37.08,0.0,36.5,8.4,1,224.934,2.895,138.752
5571.6,36.68,0.0,34.9,9.2,1,226.108,2.903,139.646
5571.6,36.06,0.0,31.7,10.6,1,227.868,2.906,140.940
5583.0,35.67,0.0,25.4,11.9,1,229.035,2.906,141.770
5583.0,35.18,0.0,20.6,13.7,1,230.787,2.908,142.973
5583.0,34.88,0.0,17.5,14.7,1,231.959,2.908,143.747
5583.0,34.47,0.0,11.1,15.9,1,233.717,2.902,144.861
5594.6,34.25,0.0,6.3,16.8,1,234.895,2.896,145.573
5594.6,34.00,1.6,1.6,17.8,1,236.671,2.888,146.591
5594.6,33.81,6.3,1.6,18.6,1,237.862,2.890,147.237
5594.6,33.70,15.2,1.6,19.6,1,239.665,2.874,148.159
5606.5,33.61,15.2,0.0,20.2,1,240.879,2.867,148.738
5606.5,33.54,14.9,1.6,20.9,1,242.721,2.858,149.556
5606.5,33.47,14.8,1.6,21.5,1,243.958,2.850,150.066
5606.5,33.37,7.9,3.2,22.1,1,245.831,2.842,150.776
5618.7,33.26,6.3,3.2,22.3,1,247.092,2.834,151.212
5618.7,33.10,4.8,1.6,22.5,1,248.991,2.826,151.811
5618.7,32.92,3.2,1.6,22.5,1,250.897,2.812,152.341
5618.7,32.80,0.0,4.8,22.9,1,252.174,2.807,152.655
5631.2,32.59,0.0,7.9,23.3,1,254.091,2.791,153.073
5631.2,32.37,0.0,7.9,23.7,1,255.365,2.782,153.309
5631.2,32.07,0.0,7.9,24.1,1,257.276,2.774,153.603
5631.2,31.90,0.0,7.9,24.3,1,258.546,2.767,153.759
5643.7,31.58,0.0,6.3,24.5,1,260.444,2.754,153.930
5643.7,31.41,0.0,6.3,24.7,1,261.702,2.750,154.008
5643.7,31.13,0.0,4.8,25.0,1,263.576,2.741,154.062
5643.7,30.94,0.0,6.3,25.2,1,264.817,2.733,154.060
5656.6,30.64,0.0,6.3,25.4,1,266.660,2.723,153.994
5656.6,30.45,0.0,4.8,25.6,1,267.880,2.721,153.909
5656.6,30.17,0.0,4.8,25.8,1,269.691,2.719,153.721
5656.6,30.00,0.0,6.3,26.2,1,270.883,2.719,153.556
5669.6,29.73,0.0,3.2,26.4,1,272.648,2.718,153.254
5669.6,29.55,0.0,1.6,26.6,1,273.808,2.717,153.015
5669.6,29.30,0.0,0.0,26.8,1,275.522,2.723,152.600
5669.6,29.09,1.6,0.0,26.8,1,276.647,2.722,152.283
5682.6,28.90,3.2,0.0,26.8,1,278.306,2.736,151.753
5682.6,28.72,3.2,0.0,26.8,1,279.928,2.743,151.156
5682.6,28.58,1.6,0.0,26.8,1,280.989,2.756,150.724
5696.0,28.35,3.2,0.0,27.0,1,282.544,2.770,150.022
5696.0,28.20,3.2,0.0,27.0,1,283.557,2.784,149.518
5696.0,27.98,4.8,0.0,27.0,1,285.034,2.805,148.709
5696.0,27.84,7.9,0.0,27.0,1,285.993,2.820,148.138
5709.5,27.65,17.0,0.0,27.2,1,287.395,2.850,147.237
5709.5,27.56,21.7,0.0,27.4,1,288.299,2.866,146.607
5709.5,27.54,26.6,0.0,27.4,1,289.620,2.897,145.614
5709.5,27.52,29.6,0.0,27.4,1,290.477,2.912,144.921
5723.0,27.53,31.1,0.0,27.4,1,291.724,2.941,143.840
5723.0,27.59,32.5,0.0,27.4,1,292.531,2.963,143.092
5723.0,27.63,32.6,0.0,27.4,1,293.705,3.001,141.924
5723.0,27.66,32.5,0.0,27.4,1,294.463,3.025,141.119
5736.8,27.77,32.5,0.0,27.2,1,295.560,3.057,139.868
5736.8,27.87,32.5,0.0,26.8,1,296.267,3.081,139.008
5736.8,27.96,53.4,0.0,25.2,1,297.287,3.110,137.681
5736.8,27.97,32.7,0.0,24.3,1,297.941,3.135,136.774
5750.8,28.26,32.9,0.0,23.1,1,298.888,3.160,135.375
5750.8,28.61,58.1,0.0,22.5,1,299.798,3.183,133.933
5750.8,28.72,36.0,0.0,21.7,1,300.380,3.205,132.949
5750.8,29.04,37.7,0.0,20.7,1,301.223,3.225,131.434
5764.8,29.28,61.9,0.0,20.2,1,301.767,3.245,130.401
5764.8,29.59,64.0,0.0,19.6,1,302.548,3.261,128.817
5764.8,29.74,38.6,0.0,19.6,1,303.044,3.275,127.742
5764.8,30.06,39.1,0.0,19.6,1,303.756,3.293,126.097
5778.8,30.26,67.2,0.0,19.2,1,304.205,3.308,124.977
5778.8,30.53,67.7,0.0,18.4,1,304.842,3.319,123.270
5778.8,30.67,41.4,0.0,17.4,1,305.240,3.333,122.113
5778.8,30.96,41.7,0.0,15.5,1,305.793,3.350,120.351
5793.0,31.17,42.2,0.0,13.9,1,306.135,3.356,119.155
5793.0,31.50,43.5,0.0,12.3,1,306.614,3.374,117.338
5793.0,31.71,44.9,0.0,11.2,1,306.905,3.382,116.106
5793.0,32.16,77.7,0.0,9.6,1,307.307,3.400,114.233
5807.2,32.44,81.3,0.0,7.6,1,307.554,3.410,112.965
5807.2,32.89,84.4,0.0,5.7,1,307.886,3.425,111.034
5807.2,33.38,85.1,0.0,4.1,1,308.189,3.440,109.071
5807.2,33.66,85.6,0.0,3.7,1,308.375,3.453,107.743
5821.3,34.16,86.9,0.0,2.0,1,308.644,3.469,105.727
5821.3,34.43,87.5,0.0,1.4,1,308.818,3.484,104.369
5821.3,34.93,89.8,0.0,-0.8,1,309.079,3.506,102.308
5821.3,35.21,90.3,0.0,-1.4,1,309.252,3.521,100.919
5835.5,35.73,86.6,0.0,-3.1,1,309.519,3.544,98.809
5835.5,35.42,90.0,0.0,-4.3,1,309.699,3.568,97.396
5835.5,35.46,51.5,0.0,-6.3,1,309.982,3.589,95.278
5835.5,35.64,32.8,3.2,-6.7,1,310.179,3.606,93.869
5849.7,35.64,0.0,12.7,-8.0,1,310.492,3.637,91.750
5849.7,35.46,0.0,14.3,-8.4,1,310.715,3.653,90.345
5849.7,35.14,0.0,22.2,-8.6,1,311.067,3.684,88.257
5849.7,34.86,0.0,23.8,-8.8,1,311.320,3.700,86.880
5864.0,34.43,0.0,25.4,-9.2,1,311.720,3.725,84.840
5864.0,34.10,0.0,23.8,-9.4,1,312.005,3.749,83.497
5864.0,33.66,0.0,23.8,-10.2,1,312.454,3.773,81.516
5864.0,33.20,0.0,22.2,-11.0,1,312.936,3.796,79.569
9.2,32.89,0.0,20.6,-11.4,1,313.273,3.809,78.290
