opponent,v3,Jack Aitken,0,1771613771111
Game,version,date,track,car,event,laptime [s],S1 [s],S2 [s],S3 [s],S4+ [s]
LMU,1.2,2026-02-20 18:56:11,Silverstone Grand Prix Circuit - ELMS,Cadillac Whelen 2025 #311:LM (Hyper),Live,107.697,0,0,0
Tracklen [m],TotalLaps
5869.1,13
,
,
lapdistance [m],speed [m/s],throttle [%],brake [%],steer [%],gear [int],world_x [m],world_y [m],world_z [m]
127.5,73.05,92.3,0.0,-0.3,6,128.331,1.385,857.055
127.5,73.19,92.4,0.0,-0.6,6,132.698,1.412,857.476
127.5,73.29,92.4,0.0,-1.0,6,135.614,1.430,857.760
127.5,73.42,92.4,0.0,-0.9,6,139.993,1.461,858.194
142.2,73.52,92.5,0.0,-0.7,6,142.917,1.480,858.488
142.2,73.65,92.5,0.0,-0.2,6,147.309,1.510,858.938
142.2,73.75,92.5,0.0,0.1,6,150.242,1.529,859.242
142.2,73.90,92.5,0.0,0.4,6,154.647,1.556,859.705
156.9,73.99,92.6,0.0,0.5,6,157.588,1.572,860.016
156.9,74.12,92.6,0.0,0.5,6,162.006,1.597,860.484
156.9,74.22,92.6,0.0,0.4,6,164.957,1.613,860.795
156.9,74.34,92.7,0.0,0.4,6,169.389,1.640,861.261
171.7,74.44,92.7,0.0,0.4,6,172.348,1.657,861.570
171.7,74.57,92.7,0.0,0.4,6,176.794,1.684,862.029
171.7,74.65,92.8,0.0,0.4,6,179.762,1.703,862.332
171.7,74.78,92.8,0.0,0.4,6,184.222,1.731,862.783
186.6,74.88,92.8,0.0,0.1,6,187.200,1.749,863.082
186.6,75.01,92.8,0.0,-0.2,6,191.674,1.778,863.528
186.6,75.09,92.9,0.0,-0.3,6,194.661,1.797,863.824
186.6,75.22,92.9,0.0,-0.1,6,199.148,1.827,864.270
201.6,75.31,92.9,0.0,0.0,6,202.143,1.845,864.568
201.6,75.43,93.0,0.0,0.1,6,206.643,1.873,865.017
201.6,75.56,93.0,0.0,0.2,6,211.150,1.900,865.466
201.6,75.64,93.0,0.0,0.3,6,214.159,1.919,865.766
216.7,75.76,93.1,0.0,0.5,6,218.678,1.946,866.214
216.7,75.85,93.1,0.0,0.5,6,221.695,1.965,866.512
216.7,75.96,93.1,0.0,0.4,6,226.227,1.995,866.956
216.7,76.04,93.1,0.0,0.2,6,229.253,2.014,867.251
231.9,76.16,93.2,0.0,0.3,6,233.798,2.044,867.689
231.9,76.14,37.3,24.1,0.2,6,236.831,2.064,867.979
231.9,75.48,0.0,67.8,0.2,6,241.364,2.094,868.410
231.9,74.69,0.0,81.0,0.2,6,244.357,2.112,868.693
247.0,73.36,0.0,89.0,0.3,6,248.782,2.138,869.109
247.0,72.41,0.0,89.6,0.3,6,251.686,2.155,869.380
247.0,70.98,0.0,90.5,0.2,6,255.972,2.179,869.779
247.0,70.04,0.0,91.1,0.4,6,258.783,2.196,870.038
261.4,68.60,0.0,91.4,0.8,6,262.928,2.217,870.417
261.4,67.64,0.0,90.3,1.3,6,265.643,2.232,870.662
261.4,66.26,0.0,92.4,2.0,6,269.647,2.252,871.016
261.4,65.30,0.0,91.4,2.4,6,272.271,2.263,871.242
274.9,63.91,32.5,92.2,3.0,0,276.136,2.277,871.563
274.9,62.50,0.0,92.7,3.1,5,279.920,2.291,871.856
274.9,61.56,0.0,91.5,3.4,5,282.396,2.300,872.034
287.4,60.16,0.0,91.7,3.6,5,286.043,2.312,872.273
287.4,59.23,0.0,90.2,3.6,5,288.428,2.321,872.411
287.4,57.88,0.0,79.6,3.2,5,291.940,2.335,872.583
287.4,57.05,0.0,70.3,2.8,5,294.238,2.344,872.673
442.5,57.40,89.7,0.0,18.5,4,417.829,3.032,812.884
442.5,57.62,89.7,0.0,19.6,4,419.782,3.042,810.040
442.5,57.74,89.8,0.0,20.2,4,421.049,3.051,808.112
442.5,57.95,89.9,0.0,21.3,4,422.898,3.066,805.176
453.8,58.09,89.9,0.0,21.6,4,424.098,3.077,803.190
453.8,58.30,90.0,0.0,20.7,4,425.846,3.096,800.168
453.8,58.44,90.1,0.0,19.8,4,426.977,3.111,798.125
453.8,58.55,0.0,0.0,17.6,0,428.621,3.134,795.023
465.2,58.45,76.0,0.0,14.5,5,429.677,3.150,792.935
465.2,58.59,88.8,0.0,11.5,5,431.202,3.177,789.772
465.2,58.76,88.3,0.0,9.1,5,432.185,3.193,787.641
465.2,58.95,89.0,0.0,5.6,5,433.607,3.218,784.410
476.9,59.09,89.0,0.0,4.8,5,434.520,3.235,782.234
476.9,59.32,88.3,0.0,5.5,5,435.845,3.260,778.938
476.9,59.45,87.7,0.0,6.5,5,436.700,3.276,776.722
476.9,59.69,89.0,0.0,7.5,5,437.945,3.302,773.373
488.7,59.84,89.3,0.0,7.4,5,438.755,3.318,771.124
488.7,60.03,89.5,0.0,6.7,5,439.937,3.345,767.728
488.7,60.22,89.4,0.0,5.2,5,440.705,3.362,765.450
488.7,60.43,89.6,0.0,4.8,5,441.825,3.388,762.009
500.5,60.62,75.1,0.0,4.5,5,442.906,3.417,758.543
500.5,60.73,73.2,0.0,4.8,5,443.605,3.436,756.219
500.5,60.93,89.8,0.0,5.8,5,444.624,3.461,752.715
500.5,61.07,89.8,0.0,5.2,5,445.284,3.476,750.367
512.6,61.30,89.5,0.0,5.5,5,446.242,3.503,746.823
512.6,61.44,88.8,0.0,6.4,5,446.859,3.523,744.448
512.6,61.66,88.7,0.0,4.9,5,447.755,3.549,740.866
512.6,61.81,89.8,0.0,3.7,5,448.330,3.567,738.465
524.8,62.04,90.1,0.0,3.2,5,449.161,3.592,734.844
524.8,62.19,90.2,0.0,2.8,5,449.693,3.610,732.417
524.8,62.41,90.3,0.0,3.4,5,450.461,3.639,728.760
524.8,62.56,90.3,0.0,3.4,5,450.957,3.659,726.310
537.2,62.79,90.4,0.0,3.2,5,451.678,3.688,722.620
537.2,62.94,90.4,0.0,2.9,5,452.144,3.709,720.149
537.2,63.16,90.5,0.0,2.4,5,452.823,3.740,716.428
537.2,63.32,90.6,0.0,2.1,5,453.264,3.757,713.938
549.7,63.55,90.6,0.0,1.8,5,453.908,3.784,710.188
549.7,63.69,90.7,0.0,1.8,5,454.326,3.803,707.678
549.7,63.92,90.7,0.0,1.8,5,454.940,3.833,703.900
549.7,64.13,90.8,0.0,1.5,5,455.539,3.863,700.106
562.4,64.28,90.9,0.0,1.1,5,455.931,3.884,697.568
562.4,64.49,90.9,0.0,1.1,5,456.507,3.917,693.749
562.4,64.64,91.0,0.0,0.8,5,456.885,3.940,691.194
562.4,64.86,91.0,0.0,0.4,5,457.445,3.972,687.351
641.7,68.76,92.3,0.0,1.5,5,466.852,4.606,609.030
711.4,71.14,92.1,0.0,-0.1,6,470.759,4.971,543.390
711.4,71.30,92.1,0.0,-0.1,6,470.957,4.979,539.121
725.7,71.41,92.1,0.0,-0.0,6,471.090,4.983,536.271
725.7,71.56,92.2,0.0,0.0,6,471.290,4.988,531.987
725.7,71.67,92.2,0.0,0.0,6,471.425,4.990,529.125
725.7,71.82,92.3,0.0,-0.1,6,471.628,4.990,524.826
740.1,71.92,92.3,0.0,-0.1,6,471.764,4.989,521.954
740.1,72.09,92.3,0.0,-0.2,6,471.969,4.985,517.639
740.1,72.19,92.3,0.0,-0.1,6,472.106,4.981,514.757
740.1,72.34,92.4,0.0,-0.0,6,472.313,4.974,510.427
754.6,72.44,92.4,0.0,-0.1,6,472.452,4.969,507.535
754.6,72.60,92.4,0.0,-0.1,6,472.662,4.957,503.189
754.6,72.70,92.4,0.0,0.0,6,472.802,4.947,500.287
754.6,72.85,92.5,0.0,0.2,6,473.014,4.929,495.926
828.2,74.93,93.0,0.0,-6.9,6,477.563,4.586,428.075
828.2,74.99,93.1,0.0,-7.4,6,477.968,4.574,425.104
828.2,75.11,93.1,0.0,-7.3,6,478.630,4.554,420.651
843.1,75.17,93.1,0.0,-7.2,6,479.112,4.540,417.684
843.1,75.28,93.1,0.0,-7.7,6,479.896,4.523,413.240
843.1,75.33,93.2,0.0,-8.3,6,480.459,4.512,410.282
843.1,75.43,93.2,0.0,-7.4,6,481.365,4.495,405.850
858.0,75.50,93.2,0.0,-6.7,6,482.008,4.482,402.901
858.0,75.59,93.3,0.0,-6.5,6,483.031,4.461,398.486
858.0,75.67,93.2,0.0,-6.7,6,483.751,4.443,395.548
858.0,75.77,93.3,0.0,-7.9,6,484.884,4.412,391.148
873.0,75.85,93.3,0.0,-8.7,6,485.674,4.386,388.221
873.0,75.93,93.3,0.0,-8.5,6,486.913,4.341,383.840
873.0,75.99,93.3,0.0,-7.7,6,487.778,4.309,380.927
873.0,76.08,93.4,0.0,-5.5,6,489.134,4.259,376.572
888.0,76.18,93.4,0.0,-5.7,6,490.561,4.206,372.233
888.0,76.24,93.4,0.0,-7.4,6,491.551,4.169,369.349
888.0,76.35,93.4,0.0,-9.3,6,493.092,4.112,365.039
888.0,76.40,93.5,0.0,-9.8,6,494.158,4.074,362.177
903.6,76.49,93.4,0.0,-7.5,6,495.817,4.018,357.902
903.6,76.54,93.2,1.8,-4.6,6,496.963,3.981,355.065
903.6,76.03,0.0,60.0,-0.5,6,498.735,3.923,350.836
903.6,75.33,0.0,42.4,2.5,6,499.937,3.887,348.057
919.4,74.61,0.0,16.9,4.7,6,501.757,3.838,343.944
919.4,74.31,0.0,24.6,4.6,6,502.976,3.803,341.227
919.4,73.65,0.0,46.1,2.9,6,504.794,3.742,337.173
919.4,73.06,0.0,49.7,2.4,6,505.986,3.700,334.491
934.6,72.15,0.0,47.6,2.7,6,507.730,3.644,330.497
934.6,71.57,0.0,42.5,3.6,6,508.861,3.611,327.854
934.6,70.80,0.0,34.5,5.3,6,510.510,3.570,323.913
934.6,70.34,0.0,36.1,6.2,6,511.576,3.544,321.298
949.0,69.62,0.0,34.0,6.3,6,513.123,3.507,317.394
949.0,69.16,0.0,30.5,6.1,6,514.115,3.485,314.801
949.0,68.50,0.0,48.9,5.7,6,515.545,3.455,310.924
962.7,67.56,0.0,61.5,4.9,6,516.898,3.427,307.070
962.7,66.88,0.0,55.9,4.9,6,517.755,3.413,304.520
962.7,65.93,0.0,47.8,4.5,6,518.972,3.397,300.725
962.7,65.33,0.0,36.5,5.6,6,519.739,3.388,298.214
975.6,64.68,0.0,20.9,7.3,6,520.826,3.373,294.468
975.6,64.34,0.0,15.1,7.9,6,521.508,3.364,291.979
975.6,63.98,30.9,1.6,8.7,6,522.467,3.349,288.252
975.6,64.00,81.7,0.0,9.4,6,523.067,3.337,285.764
988.2,64.09,44.7,0.6,10.7,6,523.911,3.318,282.015
988.2,63.95,4.0,8.4,11.7,6,524.434,3.305,279.507
988.2,63.66,30.0,0.0,12.2,6,525.154,3.288,275.748
988.2,63.63,48.4,0.0,10.9,6,525.591,3.279,273.240
1002.0,63.69,70.1,0.0,12.1,6,526.184,3.265,269.467
1002.0,63.74,76.0,0.0,13.0,6,526.539,3.257,266.944
1002.0,63.72,24.6,8.9,13.0,6,527.010,3.243,263.148
1002.0,63.46,0.0,23.8,12.8,6,527.278,3.238,260.617
1016.1,62.89,32.1,26.8,11.5,0,527.610,3.232,256.840
1016.1,62.51,0.0,25.5,10.9,5,527.785,3.230,254.338
1016.1,62.06,15.1,1.4,11.0,5,527.979,3.225,250.605
1016.1,61.88,28.8,0.0,12.0,5,528.062,3.221,248.128
1029.4,61.69,17.7,0.0,13.5,5,528.114,3.216,244.421
1029.4,61.43,1.2,3.9,16.7,5,528.078,3.213,240.726
1029.4,61.23,0.0,3.2,19.0,5,528.007,3.211,238.274
1029.4,60.92,0.0,1.2,21.3,5,527.829,3.213,234.613
1041.7,60.73,1.7,0.1,21.5,5,527.661,3.218,232.186
1041.7,60.47,6.2,0.0,20.0,5,527.337,3.230,228.564
1041.7,60.32,9.6,0.0,18.3,5,527.075,3.240,226.162
1041.7,60.10,11.6,0.0,16.5,5,526.612,3.252,222.579
1053.7,59.96,14.4,2.7,14.5,5,526.258,3.260,220.203
1053.7,59.72,21.4,0.0,9.8,5,525.654,3.275,216.664
1053.7,59.62,28.2,0.0,8.1,5,525.203,3.288,214.320
1053.7,59.56,58.8,0.0,7.2,5,524.453,3.313,210.826
1065.4,59.64,82.7,0.0,7.0,5,523.908,3.330,208.505
1065.4,59.85,86.9,0.0,7.2,5,523.026,3.359,205.032
1065.4,60.00,87.0,0.0,7.3,5,522.400,3.379,202.718
1065.4,60.22,87.1,0.0,5.1,5,521.412,3.410,199.250
1077.3,60.38,87.2,0.0,2.4,5,520.726,3.430,196.938
1077.3,60.63,87.3,0.0,-0.2,5,519.664,3.461,193.467
1077.3,60.78,87.4,0.0,-1.7,5,518.940,3.482,191.150
1077.3,61.03,87.5,0.0,-3.2,5,517.841,3.512,187.666
1089.7,61.18,87.6,0.0,-3.6,5,517.107,3.533,185.335
1089.7,61.41,87.8,0.0,-4.2,5,516.012,3.561,181.824
1089.7,61.48,33.1,57.1,-2.6,5,514.935,3.586,178.295
1089.7,60.87,0.0,92.1,-3.2,5,514.232,3.600,175.947
1102.0,59.51,0.0,79.4,-2.5,5,513.211,3.618,172.481
1102.0,58.68,0.0,66.7,-2.3,5,512.556,3.630,170.208
1102.0,57.67,0.0,51.6,-2.2,5,511.610,3.647,166.847
1102.0,57.09,0.0,43.8,-2.6,5,511.004,3.656,164.633
1113.8,56.34,0.0,37.0,-4.1,5,510.135,3.670,161.342
1113.8,55.90,0.0,35.3,-5.8,5,509.581,3.680,159.165
1113.8,55.18,0.0,45.5,-7.6,5,508.789,3.696,155.926
1113.8,54.66,0.0,46.4,-8.0,5,508.291,3.707,153.785
1125.1,53.87,0.0,41.7,-9.7,5,507.588,3.724,150.604
1125.1,53.39,0.0,34.5,-9.5,0,507.152,3.734,148.503
1125.1,52.82,0.0,21.4,-9.1,4,506.552,3.749,145.374
1125.1,52.50,0.0,11.7,-9.4,4,506.188,3.756,143.299
1136.1,52.17,0.0,1.6,-10.6,4,505.698,3.765,140.197
1136.1,52.01,2.1,0.0,-12.5,4,505.412,3.770,138.133
1136.1,51.82,7.7,0.0,-16.0,4,505.040,3.773,135.040
1136.1,51.70,4.7,0.0,-18.7,4,504.832,3.774,132.980
1147.0,51.51,11.4,0.0,-23.2,4,504.575,3.771,129.895
1147.0,51.42,22.0,0.0,-26.1,4,504.441,3.765,127.840
1147.0,51.31,26.9,0.0,-27.3,4,504.297,3.751,124.761
1147.0,51.21,23.5,0.4,-26.2,4,504.232,3.739,121.685
1157.8,51.08,3.3,5.4,-24.8,4,504.233,3.732,119.639
1157.8,50.76,0.0,0.3,-21.5,4,504.306,3.725,116.584
1157.8,50.59,4.4,0.0,-18.4,4,504.403,3.725,114.559
1157.8,50.42,15.2,0.0,-15.7,4,504.608,3.720,111.536
1168.4,50.28,11.1,0.0,-14.9,4,504.787,3.715,109.529
1168.4,50.10,22.5,0.0,-13.0,4,505.122,3.709,106.537
1168.4,50.02,22.1,0.0,-12.4,4,505.384,3.701,104.551
1168.4,49.86,21.3,0.0,-13.5,4,505.849,3.694,101.591
1178.9,49.77,14.9,0.0,-14.7,4,506.192,3.683,99.628
1178.9,49.56,17.9,0.0,-14.4,4,506.768,3.663,96.703
1178.9,49.44,19.7,0.0,-14.6,4,507.198,3.654,94.771
1178.9,49.27,13.4,0.0,-17.0,4,507.900,3.634,91.893
1189.7,49.13,14.6,0.0,-18.4,4,508.408,3.619,89.992
1189.7,48.95,20.3,0.0,-21.8,4,509.233,3.596,87.167
1189.7,48.85,23.3,0.0,-25.8,4,509.821,3.578,85.302
1189.7,48.72,17.2,0.0,-30.9,4,510.759,3.547,82.529
1199.9,48.62,18.7,0.0,-36.1,4,511.422,3.524,80.698
1199.9,48.47,16.7,0.0,-45.0,4,512.471,3.486,77.981
1199.9,48.36,15.1,0.0,-50.7,4,513.206,3.460,76.189
1199.9,48.19,14.3,0.0,-57.9,4,514.358,3.418,73.532
1209.9,48.01,14.7,0.0,-61.6,4,515.566,3.375,70.911
1209.9,47.89,14.7,0.0,-61.4,4,516.404,3.347,69.186
1209.9,47.70,14.5,0.0,-56.1,4,517.712,3.307,66.634
1209.9,47.57,15.2,0.0,-52.9,4,518.619,3.282,64.958
1219.5,47.40,17.7,0.0,-51.1,4,520.033,3.250,62.485
1219.5,47.29,18.2,0.0,-46.4,4,521.010,3.231,60.863
1219.5,47.15,21.5,0.0,-32.4,4,522.528,3.204,58.471
1219.5,47.10,36.4,0.0,-23.4,4,523.572,3.186,56.902
1228.9,47.22,63.4,0.0,-10.1,4,525.191,3.160,54.583
1228.9,47.23,17.8,17.5,0.4,4,526.306,3.144,53.056
1228.9,46.83,0.0,38.0,15.0,4,528.009,3.120,50.803
1228.9,46.37,0.0,50.3,18.6,4,529.144,3.102,49.323
1238.3,45.52,0.0,63.6,17.5,4,530.815,3.076,47.127
1238.3,44.87,0.0,70.5,15.3,0,531.895,3.060,45.676
1238.3,43.88,0.0,72.2,11.5,3,533.455,3.036,43.516
1238.3,43.19,0.0,51.2,8.9,3,534.454,3.020,42.088
1247.2,42.40,0.0,21.4,3.9,3,535.890,2.996,39.960
1247.2,42.05,0.0,8.3,0.7,3,536.807,2.979,38.542
1247.2,41.72,0.0,1.2,-3.7,3,538.122,2.952,36.401
1255.6,41.47,3.2,0.1,-4.4,3,539.369,2.924,34.239
1255.6,41.33,8.3,0.0,-2.7,3,540.160,2.904,32.784
1255.6,41.14,7.4,0.0,1.4,3,541.288,2.874,30.582
1255.6,41.01,11.3,0.0,5.7,3,542.000,2.852,29.102
1263.8,40.85,8.4,0.0,13.5,3,543.007,2.819,26.862
1263.8,40.73,14.2,0.0,19.9,3,543.637,2.796,25.357
1263.8,40.70,37.9,0.0,30.7,3,544.523,2.761,23.081
1263.8,40.74,37.8,0.0,37.2,3,545.076,2.737,21.550
1272.2,40.81,38.6,0.0,45.5,3,545.853,2.702,19.230
1272.2,40.83,33.9,0.0,49.6,3,546.338,2.679,17.671
1272.2,40.82,27.1,0.0,53.2,3,547.016,2.644,15.318
1272.2,40.78,20.8,0.0,54.1,3,547.434,2.620,13.740
1280.9,40.67,18.9,0.0,53.9,3,548.006,2.583,11.365
1280.9,40.58,18.9,0.0,52.9,3,548.348,2.558,9.776
1280.9,40.47,19.2,0.0,50.2,3,548.800,2.521,7.387
1280.9,40.39,18.6,0.0,49.2,3,549.059,2.495,5.791
1289.5,40.28,17.5,0.0,49.3,3,549.388,2.457,3.393
1289.5,40.21,23.3,0.0,50.6,3,549.566,2.430,1.794
1289.5,40.14,23.7,0.0,53.6,3,549.774,2.390,-0.607
1289.5,40.05,20.4,0.0,57.0,3,549.911,2.348,-3.009
1297.8,39.97,16.4,0.0,58.7,3,549.963,2.320,-4.609
1297.8,39.83,16.0,0.0,59.3,3,549.985,2.278,-7.002
1297.8,39.76,16.3,0.0,59.0,3,549.962,2.249,-8.594
1297.8,39.66,23.8,0.0,59.0,3,549.872,2.205,-10.974
1306.3,39.61,21.3,0.0,58.7,3,549.776,2.175,-12.557
1306.3,39.51,19.8,0.0,57.9,3,549.574,2.131,-14.921
1306.3,39.44,16.7,0.0,56.8,3,549.401,2.102,-16.491
1306.3,39.32,17.9,0.0,54.5,3,549.083,2.060,-18.832
1315.0,39.27,26.9,0.0,52.6,3,548.832,2.033,-20.383
1315.0,39.22,24.0,0.0,49.2,3,548.397,1.994,-22.697
1315.0,39.17,26.0,0.0,46.1,3,548.068,1.968,-24.230
1315.0,39.14,33.9,0.0,40.7,3,547.515,1.931,-26.513
1323.2,39.18,42.9,0.0,36.4,3,547.107,1.908,-28.025
1323.2,39.33,67.3,0.0,29.1,3,546.432,1.875,-30.280
1323.2,39.56,82.8,0.0,23.5,3,545.942,1.854,-31.779
1323.2,39.92,79.2,0.0,15.8,3,545.148,1.823,-34.027
1331.9,40.15,67.9,0.0,11.0,3,544.581,1.801,-35.523
1331.9,40.48,82.9,0.0,5.6,3,543.672,1.768,-37.764
1331.9,40.88,82.4,0.0,2.3,3,542.695,1.735,-39.999
1331.9,41.15,85.0,0.0,1.5,3,542.006,1.714,-41.486
1376.3,47.31,86.8,0.0,11.1,3,519.654,1.310,-74.330
1376.3,47.42,18.0,0.0,13.2,3,517.704,1.274,-76.400
1376.3,47.34,17.5,0.0,16.0,3,515.711,1.235,-78.427
1385.6,47.44,78.5,0.0,16.9,3,514.360,1.208,-79.754
1385.6,47.79,87.0,0.0,16.8,3,512.288,1.168,-81.720
1385.6,48.03,87.2,0.0,15.9,3,510.874,1.142,-83.013
1385.6,48.40,87.3,0.0,13.8,3,508.706,1.106,-84.926
1394.9,48.64,87.4,0.0,13.2,3,507.228,1.083,-86.184
1394.9,48.87,0.0,0.0,12.1,0,504.966,1.048,-88.041
1394.9,48.83,85.6,0.0,11.3,4,503.436,1.023,-89.255
1394.9,49.13,85.9,0.0,8.8,4,501.104,0.981,-91.042
1404.5,49.36,86.0,0.0,7.0,4,499.522,0.951,-92.214
1404.5,49.69,86.1,0.0,2.6,4,497.105,0.906,-93.940
1404.5,49.92,86.2,0.0,0.9,4,495.466,0.876,-95.072
1404.5,50.26,86.3,0.0,0.5,4,492.971,0.832,-96.746
1414.4,50.50,86.4,0.0,1.4,4,491.286,0.804,-97.851
1414.4,50.85,86.6,0.0,2.2,4,488.733,0.765,-99.500
1414.4,51.09,86.7,0.0,1.7,4,487.016,0.740,-100.598
1414.4,51.42,86.9,0.0,0.2,4,484.420,0.705,-102.245
1424.6,51.66,87.0,0.0,-0.7,4,482.677,0.682,-103.345
1424.6,52.00,87.2,0.0,-1.5,4,480.046,0.649,-105.001
1424.6,52.22,87.2,0.0,-1.8,4,478.283,0.627,-106.112
1424.6,52.56,87.5,0.0,-3.1,4,475.627,0.594,-107.791
1435.1,52.91,87.6,0.0,-4.7,4,472.959,0.564,-109.489
1435.1,53.13,87.7,0.0,-4.8,4,471.176,0.544,-110.636
1435.1,53.43,87.8,0.0,-4.4,4,468.498,0.514,-112.380
1435.1,53.65,87.9,0.0,-4.8,4,466.712,0.497,-113.562
1446.0,53.97,88.0,0.0,-5.3,4,464.033,0.472,-115.364
1446.0,54.20,88.1,0.0,-6.5,4,462.249,0.455,-116.585
1446.0,54.50,88.2,0.0,-8.1,4,459.576,0.429,-118.450
1446.0,54.65,88.4,0.0,-9.0,4,457.799,0.413,-119.718
1457.2,54.99,88.5,0.0,-9.8,4,455.140,0.381,-121.653
1457.2,55.16,88.6,0.0,-10.0,4,453.376,0.361,-122.972
1457.2,55.42,88.7,0.0,-9.8,4,450.748,0.335,-124.996
1457.2,55.64,88.7,0.0,-9.4,4,449.007,0.318,-126.375
1468.7,55.90,88.9,0.0,-9.3,4,446.418,0.298,-128.494
1468.7,56.09,89.1,0.0,-9.9,4,444.706,0.284,-129.937
1468.7,56.38,89.1,0.0,-10.5,4,442.158,0.264,-132.149
1468.7,56.56,89.2,0.0,-10.2,4,440.476,0.252,-133.656
1480.5,56.83,89.3,0.0,-8.4,4,437.979,0.240,-135.965
1480.5,57.11,89.4,0.0,-8.0,4,435.512,0.230,-138.330
1480.5,57.31,89.5,0.0,-8.0,4,433.882,0.226,-139.936
1492.2,57.58,89.6,0.0,-8.2,4,431.459,0.219,-142.386
1492.2,57.76,89.6,0.0,-7.6,4,429.858,0.213,-144.046
1492.2,58.03,89.8,0.0,-6.7,4,427.479,0.206,-146.576
1492.2,58.20,89.9,0.0,-6.4,4,425.908,0.201,-148.290
1504.0,58.47,89.9,0.0,-6.2,4,423.576,0.196,-150.899
1504.0,58.65,90.0,0.0,-6.1,4,422.037,0.195,-152.664
1504.0,58.92,90.1,0.0,-5.5,4,419.751,0.198,-155.350
1504.0,59.10,90.2,0.0,-5.6,4,418.240,0.201,-157.163
1515.9,59.13,0.0,0.0,-5.1,0,415.996,0.203,-159.912
1515.9,59.21,88.9,0.0,-4.8,5,414.517,0.201,-161.758
1515.9,59.45,88.9,0.0,-4.8,5,412.320,0.197,-164.558
1515.9,59.61,89.0,0.0,-5.2,5,410.868,0.194,-166.446
1527.7,59.86,89.1,0.0,-6.2,5,408.710,0.184,-169.306
1527.7,60.02,89.2,0.0,-6.4,5,407.285,0.175,-171.234
1527.7,60.26,89.2,0.0,-7.2,5,405.172,0.162,-174.158
1527.7,60.40,89.3,0.0,-5.7,5,403.780,0.153,-176.129
1539.6,60.65,89.4,0.0,-5.1,5,401.717,0.134,-179.117
1539.6,60.88,89.5,0.0,-4.5,5,399.683,0.113,-182.142
1539.6,61.04,89.5,0.0,-4.3,5,398.344,0.099,-184.180
1539.6,61.28,89.6,0.0,-3.7,5,396.358,0.078,-187.265
1551.8,61.45,89.7,0.0,-3.3,5,395.048,0.064,-189.339
1551.8,61.68,89.8,0.0,-3.1,5,393.100,0.045,-192.477
1551.8,61.84,89.8,0.0,-2.8,5,391.813,0.034,-194.585
1551.8,62.08,89.9,0.0,-2.2,5,389.897,0.020,-197.770
1564.1,62.23,90.0,0.0,-2.1,5,388.627,0.012,-199.907
1564.1,62.47,90.1,0.0,-2.0,5,386.734,0.001,-203.133
1564.1,62.63,90.1,0.0,-1.9,5,385.477,-0.004,-205.296
1564.1,62.87,90.2,0.0,-1.4,5,383.599,-0.010,-208.559
1576.6,63.02,90.3,0.0,-1.2,5,382.352,-0.013,-210.746
1576.6,63.25,90.4,0.0,-0.4,5,380.487,-0.018,-214.042
1576.6,63.41,90.4,0.0,-0.5,5,379.246,-0.020,-216.251
1576.6,63.64,90.5,0.0,-1.1,5,377.388,-0.024,-219.578
1589.3,63.87,90.6,0.0,-1.4,5,375.531,-0.027,-222.922
1589.3,64.02,90.6,0.0,-1.3,5,374.294,-0.028,-225.160
1589.3,64.25,90.7,0.0,-1.1,5,372.442,-0.028,-228.533
1589.3,64.40,90.7,0.0,-0.9,5,371.209,-0.030,-230.790
1602.1,64.62,90.8,0.0,-0.9,5,369.361,-0.032,-234.191
1602.1,64.77,90.8,0.0,-0.8,5,368.132,-0.035,-236.468
1602.1,64.99,90.9,0.0,-0.9,5,366.289,-0.043,-239.896
1602.1,65.14,91.0,0.0,-0.9,5,365.062,-0.049,-242.191
1615.1,65.36,91.0,0.0,-1.0,5,363.224,-0.060,-245.647
1615.1,65.50,91.1,0.0,-1.0,5,362.000,-0.069,-247.960
1615.1,65.72,91.2,0.0,-1.1,5,360.168,-0.082,-251.444
1615.1,65.86,91.2,0.0,-1.2,5,358.948,-0.092,-253.775
1628.2,66.07,91.3,0.0,-1.2,5,357.123,-0.106,-257.286
1628.2,66.21,91.3,0.0,-1.1,5,355.909,-0.116,-259.636
1628.2,66.42,91.4,0.0,-1.0,5,354.091,-0.131,-263.176
1628.2,66.56,91.4,0.0,-0.9,5,352.882,-0.142,-265.545
1641.5,66.77,91.5,0.0,-0.7,5,351.073,-0.158,-269.111
1641.5,66.98,91.5,0.0,-0.6,5,349.268,-0.174,-272.694
1641.5,67.12,91.6,0.0,-0.5,5,348.066,-0.184,-275.092
1641.5,67.33,91.6,0.0,-0.3,5,346.266,-0.201,-278.700
1654.9,67.47,91.7,0.0,-0.2,5,345.066,-0.212,-281.114
1654.9,67.66,91.7,0.0,0.0,5,343.267,-0.231,-284.746
1654.9,67.79,91.8,0.0,0.2,5,342.068,-0.244,-287.175
1654.9,67.99,91.8,0.0,0.1,5,340.269,-0.265,-290.830
1668.4,68.12,91.9,0.0,-0.1,5,339.069,-0.280,-293.273
1668.4,68.32,91.9,0.0,-0.2,5,337.266,-0.301,-296.947
1668.4,68.44,92.0,0.0,-0.2,5,336.062,-0.318,-299.403
1668.4,68.64,92.0,0.0,-0.1,5,334.252,-0.346,-303.096
1682.1,68.76,92.1,0.0,0.1,5,333.044,-0.361,-305.563
1682.1,68.95,92.1,0.0,0.1,5,331.228,-0.380,-309.273
1682.1,69.07,92.2,0.0,0.0,5,330.015,-0.395,-311.753
1682.1,69.26,92.2,0.0,-0.2,5,328.191,-0.420,-315.480
1695.8,69.38,92.3,0.0,-0.3,5,326.973,-0.437,-317.971
1695.8,69.55,92.4,0.0,-0.2,5,325.140,-0.461,-321.714
1695.8,69.68,92.4,0.0,-0.0,5,323.917,-0.477,-324.215
1695.8,69.86,92.4,0.0,0.0,5,322.078,-0.500,-327.976
1709.8,69.96,0.0,0.0,-0.1,0,320.236,-0.523,-331.746
1709.8,69.89,91.5,0.0,-0.2,6,319.009,-0.539,-334.258
1709.8,70.06,91.6,0.0,-0.2,6,317.166,-0.563,-338.031
1709.8,70.18,91.6,0.0,-0.1,6,315.936,-0.579,-340.551
1723.8,70.35,91.7,0.0,0.0,6,314.088,-0.603,-344.339
1723.8,70.46,91.7,0.0,0.1,6,312.854,-0.619,-346.870
1723.8,70.63,91.8,0.0,-0.1,6,311.001,-0.643,-350.675
1723.8,70.74,91.8,0.0,-0.1,6,309.763,-0.660,-353.217
1737.9,70.91,91.8,0.0,-0.2,6,307.904,-0.685,-357.038
1737.9,71.02,91.9,0.0,-0.1,6,306.663,-0.703,-359.590
1737.9,71.19,91.9,0.0,-0.0,6,304.798,-0.731,-363.427
1737.9,71.30,91.9,0.0,-0.0,6,303.554,-0.750,-365.990
1752.1,71.46,92.0,0.0,-0.1,6,301.684,-0.781,-369.843
1752.1,71.57,92.0,0.0,-0.1,6,300.437,-0.802,-372.417
1752.1,71.73,92.1,0.0,-0.1,6,298.562,-0.832,-376.285
1752.1,71.84,92.1,0.0,-0.2,6,297.311,-0.854,-378.869
1766.4,72.00,92.1,0.0,-0.2,6,295.431,-0.888,-382.752
1766.4,72.15,92.2,0.0,-0.1,6,293.548,-0.921,-386.645
1766.4,72.26,92.2,0.0,-0.1,6,292.291,-0.942,-389.245
1780.8,72.41,92.2,0.0,-0.0,6,290.403,-0.974,-393.152
1780.8,72.52,92.3,0.0,0.0,6,289.142,-0.995,-395.762
1780.8,72.68,92.3,0.0,-0.0,6,287.249,-1.028,-399.684
1780.8,72.78,92.3,0.0,0.0,6,285.984,-1.052,-402.304
1795.3,72.93,92.4,0.0,0.1,6,284.084,-1.086,-406.240
1795.3,73.03,92.4,0.0,0.1,6,282.815,-1.107,-408.868
1795.3,73.17,92.5,0.0,0.1,6,280.907,-1.133,-412.817
1795.3,73.28,92.5,0.0,0.1,6,279.632,-1.152,-415.454
1810.0,73.43,92.5,0.0,0.2,6,277.715,-1.180,-419.416
1810.0,73.53,92.5,0.0,0.3,6,276.435,-1.199,-422.061
1810.0,73.68,92.6,0.0,0.3,6,274.510,-1.228,-426.035
1810.0,73.78,92.6,0.0,0.3,6,273.223,-1.247,-428.688
1824.7,73.92,92.6,0.0,0.3,6,271.288,-1.277,-432.674
1824.7,74.02,92.6,0.0,0.2,6,269.995,-1.297,-435.335
1824.7,74.16,92.7,0.0,0.3,6,268.049,-1.327,-439.331
1824.7,74.30,92.7,0.0,0.3,6,266.096,-1.357,-443.333
1839.5,74.40,92.7,0.0,0.4,6,264.790,-1.376,-446.005
1839.5,74.53,92.8,0.0,0.4,6,262.826,-1.404,-450.018
1839.5,74.63,92.8,0.0,0.4,6,261.512,-1.423,-452.696
1839.5,74.76,92.8,0.0,0.4,6,259.535,-1.449,-456.717
1854.5,74.86,92.9,0.0,0.3,6,258.213,-1.467,-459.401
1854.5,74.99,92.9,0.0,0.4,6,256.222,-1.492,-463.432
1854.5,75.09,92.9,0.0,0.5,6,254.891,-1.510,-466.121
1854.5,75.22,93.0,0.0,0.6,6,252.886,-1.538,-470.161
1869.5,75.31,93.0,0.0,0.7,6,251.546,-1.555,-472.856
1869.5,75.44,93.0,0.0,0.5,6,249.529,-1.582,-476.903
1869.5,75.53,93.0,0.0,0.3,6,248.179,-1.599,-479.604
1869.5,75.66,93.1,0.0,0.2,6,246.147,-1.624,-483.659
1884.6,75.75,93.1,0.0,0.1,6,244.787,-1.640,-486.364
1884.6,75.88,93.1,0.0,0.1,6,242.741,-1.664,-490.426
1884.6,75.96,93.2,0.0,0.1,6,241.372,-1.680,-493.137
1884.6,76.08,93.2,0.0,0.3,6,239.313,-1.702,-497.207
1899.8,76.22,93.2,0.0,0.2,6,237.247,-1.724,-501.282
1899.8,76.30,93.2,0.0,0.2,6,235.866,-1.740,-504.002
1899.8,76.42,93.3,0.0,0.2,6,233.789,-1.763,-508.085
1899.8,76.51,93.3,0.0,0.3,6,232.401,-1.779,-510.811
1915.1,76.63,93.3,0.0,0.4,6,230.314,-1.802,-514.903
1915.1,76.71,93.3,0.0,0.4,6,228.919,-1.818,-517.634
1915.1,76.83,93.4,0.0,0.3,6,226.822,-1.843,-521.734
1915.1,76.91,93.4,0.0,0.2,6,225.420,-1.860,-524.471
1930.4,77.02,93.4,0.0,0.1,6,223.313,-1.884,-528.579
1930.4,77.10,93.4,0.0,0.0,6,221.904,-1.898,-531.321
1930.4,77.22,93.5,0.0,-0.1,6,219.787,-1.919,-535.438
1930.4,77.30,93.5,0.0,-0.2,6,218.374,-1.935,-538.185
1945.9,77.41,93.5,0.0,-0.3,6,216.251,-1.962,-542.312
1945.9,77.50,93.5,0.0,-0.4,6,214.834,-1.984,-545.067
1945.9,77.61,93.6,0.0,-0.4,6,212.709,-2.022,-549.206
1945.9,77.72,93.6,0.0,-0.4,6,210.583,-2.063,-553.352
1961.4,77.79,93.6,0.0,-0.5,6,209.167,-2.093,-556.121
1961.4,77.90,93.6,0.0,-0.5,6,207.044,-2.138,-560.281
1961.4,77.98,93.6,0.0,-0.5,6,205.631,-2.170,-563.059
1961.4,78.08,93.7,0.0,-0.4,6,203.512,-2.221,-567.234
1976.9,78.15,93.7,0.0,-0.4,6,202.102,-2.254,-570.022
1976.9,78.26,93.7,0.0,-0.5,6,199.990,-2.305,-574.212
1976.9,78.33,93.7,0.0,-0.6,6,198.584,-2.340,-577.010
1976.9,78.45,93.8,0.0,-0.6,6,196.478,-2.394,-581.215
1992.6,78.44,0.0,0.0,-0.4,0,195.076,-2.430,-584.022
1992.6,78.38,93.1,0.0,-0.2,7,192.982,-2.484,-588.232
1992.6,78.45,93.1,0.0,-0.1,7,191.588,-2.518,-591.042
1992.6,78.56,93.1,0.0,-0.0,7,189.499,-2.573,-595.263
2008.3,78.64,93.1,0.0,-0.0,7,188.107,-2.612,-598.081
2008.3,78.73,93.2,0.0,0.2,7,186.017,-2.667,-602.314
2008.3,78.84,93.2,0.0,0.5,7,183.924,-2.724,-606.552
2008.3,78.90,93.2,0.0,0.8,7,182.527,-2.761,-609.381
2024.0,79.00,93.2,0.0,1.0,7,180.425,-2.812,-613.626
2024.0,79.08,93.2,0.0,1.0,7,179.019,-2.848,-616.457
2024.0,79.17,93.2,0.0,1.0,7,176.901,-2.900,-620.705
2024.0,79.24,93.3,0.0,0.9,7,175.481,-2.933,-623.537
2039.9,79.33,93.3,0.0,1.0,7,173.339,-2.976,-627.784
2039.9,79.40,93.3,0.0,1.1,7,171.903,-3.003,-630.615
2039.9,79.49,93.3,0.0,1.1,7,169.736,-3.042,-634.860
2039.9,79.55,93.3,0.0,1.1,7,168.282,-3.066,-637.689
2055.7,79.65,93.3,0.0,1.1,7,166.089,-3.100,-641.931
2055.7,79.71,93.4,0.0,1.2,7,164.618,-3.120,-644.759
2055.7,79.80,93.4,0.0,1.1,7,162.401,-3.146,-648.999
2055.7,79.87,93.4,0.0,0.8,7,160.915,-3.162,-651.826
2071.7,79.96,93.4,0.0,0.5,7,158.675,-3.180,-656.065
2071.7,80.01,93.4,0.0,0.4,7,157.174,-3.189,-658.890
2071.7,80.10,93.4,0.0,0.5,7,154.912,-3.198,-663.128
2087.6,80.19,93.5,0.0,0.6,7,152.640,-3.202,-667.365
2087.6,80.25,93.5,0.0,0.7,7,151.119,-3.203,-670.190
2087.6,80.34,93.5,0.0,0.6,7,148.829,-3.201,-674.429
2087.6,80.40,93.5,0.0,0.5,7,147.297,-3.197,-677.255
2103.7,80.48,93.5,0.0,0.5,7,144.991,-3.188,-681.494
2103.7,80.53,93.5,0.0,0.5,7,143.447,-3.180,-684.320
2103.7,80.61,93.6,0.0,0.6,7,141.123,-3.164,-688.558
2103.7,80.66,93.6,0.0,0.8,7,139.568,-3.151,-691.384
2119.7,80.75,93.6,0.0,0.9,7,137.226,-3.126,-695.622
2119.7,80.81,93.6,0.0,1.1,7,135.658,-3.106,-698.447
2119.7,80.89,93.6,0.0,1.3,7,133.296,-3.073,-702.684
2119.7,80.94,93.6,0.0,1.4,7,131.715,-3.048,-705.507
2135.9,81.01,93.6,0.0,1.5,7,129.329,-3.008,-709.739
2135.9,81.06,93.6,0.0,1.9,7,127.729,-2.978,-712.558
2135.9,81.14,93.6,0.0,2.6,7,125.311,-2.927,-716.780
2135.9,81.20,93.7,0.0,2.7,7,122.872,-2.869,-720.994
2152.1,81.24,93.7,0.0,2.7,7,121.232,-2.827,-723.798
2152.1,81.28,60.5,16.6,2.6,7,118.748,-2.759,-727.994
2152.1,80.97,3.2,46.5,1.9,7,117.078,-2.710,-730.778
2152.1,79.93,0.0,80.2,1.9,7,114.572,-2.629,-734.908
2168.2,79.03,0.0,86.9,1.8,7,112.908,-2.572,-737.619
2168.2,77.57,0.0,89.3,1.0,7,110.431,-2.483,-741.614
2168.2,76.61,0.0,91.0,0.5,7,108.792,-2.421,-744.228
2168.2,75.14,0.0,91.1,0.2,7,106.356,-2.329,-748.077
2183.5,74.16,0.0,91.0,0.6,7,104.746,-2.268,-750.593
2183.5,72.71,0.0,91.2,1.9,0,102.353,-2.176,-754.296
2183.5,71.77,30.6,93.0,2.4,0,100.772,-2.117,-756.716
2183.5,70.39,0.0,97.5,3.6,6,98.422,-2.034,-760.277
2197.8,69.30,0.0,92.4,3.1,6,96.871,-1.985,-762.604
2197.8,67.84,0.0,88.6,1.2,6,94.560,-1.908,-766.010
2197.8,66.92,0.0,90.6,0.9,6,93.027,-1.855,-768.228
2197.8,65.49,0.0,89.8,0.3,6,90.742,-1.780,-771.480
2211.2,64.10,38.7,88.9,-0.4,0,88.475,-1.706,-774.640
2211.2,63.18,0.0,89.4,0.8,5,86.972,-1.656,-776.697
2211.2,61.79,0.0,90.0,1.7,5,84.736,-1.584,-779.709
2211.2,60.84,0.0,89.9,1.8,5,83.258,-1.537,-781.668
2223.6,59.45,0.0,89.8,2.0,5,81.061,-1.471,-784.534
2223.6,58.53,0.0,90.4,1.9,5,79.610,-1.428,-786.396
2223.6,57.14,0.0,88.3,1.9,5,77.452,-1.368,-789.117
2223.6,56.25,0.0,84.2,1.8,5,76.026,-1.329,-790.883
2235.0,55.01,36.3,86.9,1.9,0,73.905,-1.273,-793.461
2235.0,54.15,0.0,89.5,2.0,4,72.498,-1.237,-795.133
2235.0,52.83,0.0,80.8,1.6,4,70.405,-1.185,-797.569
2235.0,52.03,0.0,71.3,1.2,4,69.020,-1.151,-799.144
2245.6,50.97,0.0,46.7,0.1,4,66.949,-1.101,-801.437
2245.6,50.41,0.0,30.1,-0.9,4,65.567,-1.067,-802.921
2245.6,49.78,0.0,15.2,-2.3,4,63.482,-1.018,-805.086
2245.6,49.37,0.0,9.6,-0.5,4,61.372,-0.969,-807.182
2255.5,49.15,0.0,8.1,2.7,4,59.948,-0.936,-808.544
2255.5,48.85,0.0,7.2,9.1,4,57.786,-0.885,-810.536
2255.5,48.67,0.0,6.4,13.3,4,56.329,-0.851,-811.833
2255.5,48.40,0.0,5.5,17.1,4,54.125,-0.801,-813.736
2265.1,48.23,0.0,5.3,18.0,4,52.643,-0.768,-814.977
2265.1,47.98,0.0,5.1,17.1,4,50.398,-0.720,-816.792
2265.1,47.81,0.0,4.0,15.7,4,48.886,-0.689,-817.968
2265.1,47.56,0.0,1.3,14.2,4,46.594,-0.641,-819.680
2274.8,47.42,0.0,1.3,13.9,4,45.049,-0.608,-820.785
2274.8,47.21,0.0,0.9,14.7,4,42.707,-0.562,-822.389
2274.8,47.07,0.0,0.2,15.4,4,41.129,-0.531,-823.422
2274.8,46.87,7.0,0.0,16.2,4,38.739,-0.484,-824.915
2284.4,46.71,9.7,0.0,16.9,4,36.321,-0.436,-826.339
2284.4,46.61,8.3,0.0,18.1,4,34.693,-0.404,-827.253
2284.4,46.44,8.0,0.0,16.0,4,32.230,-0.356,-828.566
2284.4,46.34,7.8,0.0,14.4,4,30.575,-0.324,-829.405
2293.9,46.18,6.7,0.0,12.4,4,28.075,-0.277,-830.608
2293.9,46.08,7.5,0.0,12.2,4,26.396,-0.245,-831.374
2293.9,45.93,10.3,0.0,12.6,4,23.863,-0.197,-832.470
2293.9,45.85,15.9,0.0,14.1,4,22.164,-0.164,-833.164
2303.7,45.76,15.5,0.0,18.6,4,19.601,-0.114,-834.156
2303.7,45.68,10.1,0.0,21.8,4,17.883,-0.081,-834.784
2303.7,45.53,7.9,0.0,23.1,4,15.296,-0.035,-835.675
2303.7,45.42,9.1,0.0,23.8,4,13.564,-0.005,-836.232
2313.3,45.27,10.4,0.0,20.4,4,10.957,0.040,-837.008
2313.3,45.16,8.7,0.0,19.5,4,9.212,0.072,-837.483
2313.3,44.99,7.1,0.0,19.3,4,6.587,0.121,-838.134
2313.3,44.88,6.6,0.0,19.8,4,4.833,0.154,-838.526
2322.9,44.71,7.3,0.0,20.9,4,2.197,0.201,-839.054
2322.9,44.53,6.8,0.0,21.6,4,-0.441,0.247,-839.508
2322.9,44.42,7.3,0.0,22.3,4,-2.201,0.278,-839.769
2332.3,44.24,6.9,0.0,24.8,4,-4.840,0.322,-840.100
2332.3,44.13,6.8,0.0,24.7,4,-6.598,0.350,-840.280
2332.3,43.95,7.0,0.0,23.0,4,-9.232,0.391,-840.490
2332.3,43.83,3.4,0.0,22.5,4,-10.984,0.417,-840.589
2341.7,43.70,33.6,0.0,22.3,4,-13.608,0.455,-840.678
2341.7,43.75,61.2,0.0,21.8,4,-15.356,0.479,-840.698
2341.7,43.91,38.6,14.3,20.6,4,-17.986,0.513,-840.671
2341.7,43.72,1.9,26.2,20.6,4,-19.739,0.535,-840.615
2351.1,43.22,47.5,13.1,22.3,0,-22.344,0.564,-840.477
2351.1,43.00,8.3,0.7,22.1,3,-24.064,0.581,-840.349
2351.1,42.98,66.9,0.0,22.2,3,-26.628,0.605,-840.100
2351.1,43.19,83.4,0.0,22.8,3,-28.339,0.619,-839.897
2360.3,43.53,78.5,0.0,22.9,3,-30.915,0.637,-839.537
2360.3,43.85,80.0,0.0,23.3,3,-33.500,0.654,-839.107
2360.3,44.06,83.1,0.0,23.7,3,-35.227,0.665,-838.780
2360.3,44.39,82.6,0.0,23.2,3,-37.822,0.681,-838.230
2369.7,44.60,82.3,0.0,22.4,3,-39.554,0.692,-837.822
2369.7,44.89,74.6,0.0,22.2,3,-42.152,0.708,-837.148
2369.7,45.05,68.9,0.0,21.4,3,-43.883,0.717,-836.659
2369.7,45.28,68.1,0.0,20.5,3,-46.474,0.730,-835.864
2379.0,45.43,71.8,0.0,20.1,3,-48.196,0.737,-835.294
2379.0,45.68,74.2,0.0,20.5,3,-50.770,0.746,-834.378
2379.0,45.86,75.2,0.0,20.4,3,-52.480,0.753,-833.725
2379.0,46.12,76.1,0.0,21.7,3,-55.035,0.762,-832.684
2388.6,46.29,78.0,0.0,22.7,3,-56.730,0.767,-831.949
2388.6,46.58,81.7,0.0,23.7,3,-59.262,0.772,-830.788
2388.6,46.79,85.8,0.0,24.4,3,-60.943,0.773,-829.976
2388.6,47.12,86.8,0.0,25.0,3,-63.453,0.773,-828.698
2437.4,50.43,87.4,0.0,19.2,4,-98.198,0.533,-800.714
2437.4,50.61,87.5,0.0,18.7,4,-99.497,0.512,-799.167
2437.4,50.90,87.6,0.0,18.0,4,-101.407,0.480,-796.796
2447.2,51.09,87.7,0.0,17.9,4,-102.654,0.457,-795.183
2447.2,51.38,87.9,0.0,18.5,4,-104.487,0.420,-792.716
2447.2,51.58,87.9,0.0,18.5,4,-105.684,0.394,-791.041
2447.2,51.87,88.1,0.0,18.3,4,-107.441,0.350,-788.484
2457.2,52.06,88.2,0.0,17.7,4,-108.585,0.319,-786.749
2457.2,52.36,88.3,0.0,16.3,4,-110.262,0.269,-784.105
2457.2,52.55,88.4,0.0,14.9,4,-111.353,0.233,-782.313
2457.2,52.84,88.5,0.0,12.0,4,-112.950,0.178,-779.586
2467.5,53.02,88.6,0.0,9.8,4,-113.989,0.138,-777.743
2467.5,53.33,88.7,0.0,5.4,4,-115.511,0.075,-774.940
2467.5,53.59,89.0,0.0,2.0,4,-116.991,0.009,-772.096
2467.5,53.84,88.9,0.0,-1.7,4,-117.962,-0.044,-770.180
2478.1,54.18,89.0,0.0,-6.2,4,-119.394,-0.130,-767.274
2478.1,54.40,89.0,0.0,-6.3,4,-120.333,-0.185,-765.317
2478.1,54.71,89.2,0.0,-4.5,4,-121.737,-0.270,-762.360
2478.1,54.96,89.2,0.0,-2.9,4,-122.679,-0.324,-760.380
2489.1,55.24,89.4,0.0,-2.3,4,-124.108,-0.411,-757.401
2489.1,55.50,89.4,0.0,-2.9,4,-125.073,-0.480,-755.408
2489.1,55.83,89.5,0.0,-3.6,4,-126.544,-0.590,-752.412
2489.1,56.03,89.6,0.0,-3.5,4,-127.545,-0.658,-750.414
2500.5,56.33,89.7,0.0,-3.3,4,-129.072,-0.760,-747.412
2500.5,56.53,89.8,0.0,-3.0,4,-130.109,-0.829,-745.409
2500.5,56.85,89.9,0.0,-3.0,4,-131.692,-0.932,-742.401
2500.5,57.07,89.9,0.0,-3.3,4,-132.764,-1.004,-740.393
2512.0,57.36,90.1,0.0,-4.0,4,-134.399,-1.114,-737.376
2512.0,57.68,90.2,0.0,-4.0,4,-136.063,-1.230,-734.355
2512.0,57.88,90.2,0.0,-3.6,4,-137.190,-1.310,-732.340
2523.8,58.19,90.3,0.0,-3.2,4,-138.908,-1.434,-729.314
2523.8,58.39,90.4,0.0,-3.0,4,-140.071,-1.520,-727.296
2523.8,58.69,90.5,0.0,-3.2,4,-141.841,-1.656,-724.266
2523.8,58.89,90.6,0.0,-3.3,4,-143.039,-1.750,-722.245
2535.6,59.18,90.7,0.0,-2.8,4,-144.861,-1.896,-719.212
2535.6,59.37,90.7,0.0,-2.6,4,-146.093,-1.995,-717.189
2535.6,59.56,0.0,0.0,-2.5,0,-147.967,-2.143,-714.154
2535.6,59.54,89.4,0.0,-2.3,5,-149.229,-2.243,-712.137
2547.6,59.81,89.5,0.0,-2.2,5,-151.142,-2.393,-709.115
2547.6,59.99,89.6,0.0,-2.0,5,-152.432,-2.491,-707.099
2547.6,60.26,89.7,0.0,-1.8,5,-154.389,-2.635,-704.073
2547.6,60.43,89.7,0.0,-1.8,5,-155.708,-2.729,-702.053
2559.8,60.70,89.9,0.0,-1.8,5,-157.706,-2.868,-699.021
2559.8,60.97,89.9,0.0,-1.8,5,-159.726,-3.005,-695.985
2559.8,61.14,90.0,0.0,-1.9,5,-161.085,-3.095,-693.958
2559.8,61.40,90.1,0.0,-1.9,5,-163.142,-3.223,-690.915
2572.1,61.57,90.1,0.0,-2.0,5,-164.526,-3.304,-688.884
2572.1,61.82,90.2,0.0,-1.8,5,-166.621,-3.416,-685.835
2572.1,62.00,90.3,0.0,-1.7,5,-168.030,-3.484,-683.800
2572.1,62.24,90.4,0.0,-1.6,5,-170.162,-3.576,-680.745
2584.5,62.41,90.4,0.0,-1.5,5,-171.596,-3.631,-678.706
2584.5,62.66,90.5,0.0,-1.2,5,-173.765,-3.704,-675.646
2584.5,62.82,90.5,0.0,-1.2,5,-175.223,-3.745,-673.605
2584.5,63.06,90.6,0.0,-1.2,5,-177.427,-3.796,-670.540
2597.2,63.22,90.7,0.0,-1.3,5,-178.908,-3.824,-668.494
2597.2,63.47,90.7,0.0,-1.2,5,-181.144,-3.860,-665.421
2597.2,63.62,90.8,0.0,-1.1,5,-182.645,-3.881,-663.370
2597.2,63.86,90.9,0.0,-1.0,5,-184.910,-3.909,-660.290
2609.9,64.09,90.9,0.0,-1.0,5,-187.193,-3.935,-657.204
2609.9,64.24,91.0,0.0,-1.0,5,-188.724,-3.951,-655.145
2609.9,64.47,91.0,0.0,-1.0,5,-191.034,-3.971,-652.051
2609.9,64.63,91.1,0.0,-0.9,5,-192.584,-3.983,-649.986
2622.7,64.84,91.2,0.0,-1.0,5,-194.920,-3.998,-646.884
2622.7,64.99,91.2,0.0,-0.9,5,-196.487,-4.005,-644.814
2622.7,65.21,91.3,0.0,-0.8,5,-198.850,-4.012,-641.704
2622.7,65.36,91.3,0.0,-0.9,5,-200.433,-4.014,-639.628
2635.7,65.57,91.4,0.0,-1.0,5,-202.821,-4.014,-636.509
2635.7,65.71,91.4,0.0,-0.9,5,-204.421,-4.011,-634.428
2635.7,65.92,91.5,0.0,-0.9,5,-206.833,-4.000,-631.302
2635.7,66.06,91.5,0.0,-2.7,5,-208.449,-3.989,-629.215
2648.8,66.27,91.6,0.0,-2.7,5,-210.889,-3.968,-626.084
2648.8,66.41,91.6,0.0,-3.3,5,-212.528,-3.954,-623.997
2648.8,66.61,91.7,0.0,-3.6,5,-215.006,-3.931,-620.870
2648.8,66.80,91.8,0.0,-3.6,5,-217.512,-3.908,-617.749
2662.0,66.94,91.8,0.0,-2.6,5,-219.200,-3.893,-615.674
2662.0,67.15,91.8,0.0,-0.6,5,-221.756,-3.873,-612.569
2662.0,67.28,91.9,0.0,-0.1,5,-223.476,-3.862,-610.503
2662.0,67.48,91.9,0.0,-0.3,5,-226.073,-3.852,-607.406
2675.5,67.61,92.0,0.0,-0.6,5,-227.815,-3.848,-605.341
2675.5,67.80,91.5,0.0,-0.8,5,-230.439,-3.846,-602.240
2675.5,67.90,70.9,0.0,-0.7,5,-232.196,-3.849,-600.171
2675.5,67.71,8.1,58.7,-0.7,5,-234.836,-3.857,-597.069
2689.1,67.06,0.0,74.9,-0.7,5,-236.587,-3.866,-595.018
2689.1,65.82,0.0,85.2,-0.6,5,-239.181,-3.884,-591.986
2689.1,64.95,0.0,89.4,-0.4,5,-240.885,-3.900,-589.999
2689.1,63.57,0.0,90.6,-0.0,5,-243.401,-3.928,-587.074
2702.2,62.66,0.0,91.0,-0.1,5,-245.051,-3.949,-585.162
2702.2,61.26,0.0,90.6,0.0,5,-247.485,-3.985,-582.348
2702.2,59.87,0.0,90.5,0.0,5,-249.869,-4.024,-579.602
2702.2,58.95,0.0,90.4,0.0,5,-251.430,-4.050,-577.808
2714.5,57.58,0.0,90.6,0.5,5,-253.730,-4.089,-575.171
2714.5,56.68,0.0,90.5,0.7,5,-255.236,-4.115,-573.450
2714.5,55.33,0.0,91.7,0.4,0,-257.454,-4.154,-570.923
2714.5,54.42,44.5,91.2,0.7,0,-258.905,-4.179,-569.274
2725.7,53.09,0.0,92.3,0.0,4,-261.041,-4.218,-566.854
2725.7,52.17,0.0,91.5,0.3,4,-262.437,-4.245,-565.276
2725.7,50.83,0.0,91.7,-0.7,4,-264.490,-4.285,-562.964
2725.7,49.94,0.0,91.8,-1.0,4,-265.831,-4.312,-561.457
2736.0,48.61,0.0,92.0,-2.5,4,-267.803,-4.354,-559.251
2736.0,47.68,0.0,90.5,-2.6,4,-269.090,-4.381,-557.817
2736.0,46.36,0.0,88.9,-3.9,0,-270.982,-4.418,-555.721
2736.0,45.51,39.7,88.6,-3.5,0,-272.219,-4.442,-554.362
2796.6,22.92,0.0,5.5,-30.1,1,-317.216,-4.937,-521.869
2802.2,22.69,0.0,3.3,-35.5,1,-318.564,-4.931,-521.631
2802.2,22.57,9.3,0.1,-37.4,1,-319.460,-4.925,-521.499
2802.2,22.64,40.8,0.0,-34.3,1,-320.805,-4.915,-521.342
2802.2,22.82,32.5,0.0,-30.9,1,-321.711,-4.910,-521.262
2807.8,23.10,60.5,0.0,-23.6,1,-323.083,-4.904,-521.177
2807.8,23.35,50.0,0.0,-18.9,1,-324.010,-4.902,-521.141
2807.8,23.47,8.4,7.9,-20.4,1,-325.416,-4.899,-521.123
2807.8,23.36,0.0,14.1,-25.0,1,-326.354,-4.896,-521.136
2813.4,23.01,0.0,7.1,-31.2,1,-327.746,-4.900,-521.185
2813.4,22.85,0.0,2.8,-33.4,1,-328.661,-4.897,-521.249
2813.4,22.68,0.0,0.2,-36.1,1,-330.021,-4.891,-521.386
2813.4,22.59,2.2,0.0,-38.1,1,-330.919,-4.886,-521.501
2818.5,22.47,11.3,0.0,-41.7,1,-332.254,-4.878,-521.712
2818.5,22.48,29.1,0.0,-44.9,1,-333.137,-4.873,-521.879
2818.5,22.66,43.7,0.0,-46.2,1,-334.458,-4.864,-522.172
2823.3,22.94,51.3,0.0,-46.4,1,-335.781,-4.854,-522.518
2823.3,23.16,54.5,0.0,-46.9,1,-336.665,-4.846,-522.778
2823.3,23.58,66.7,0.0,-47.6,1,-337.996,-4.833,-523.213
2823.3,23.81,52.3,0.0,-45.8,1,-338.887,-4.823,-523.534
2828.0,24.06,43.2,0.0,-39.7,1,-340.221,-4.806,-524.066
2828.0,24.20,39.4,0.0,-34.6,1,-341.105,-4.794,-524.453
2828.0,24.43,44.7,0.0,-29.5,1,-342.420,-4.775,-525.082
2828.0,24.62,45.6,0.0,-27.3,1,-343.290,-4.762,-525.533
2832.9,24.93,56.3,0.0,-23.0,1,-344.588,-4.741,-526.257
2832.9,25.18,57.6,0.0,-20.2,1,-345.448,-4.728,-526.770
2832.9,25.59,60.7,0.0,-12.1,1,-346.732,-4.707,-527.585
2832.9,25.89,67.8,0.0,-4.9,1,-347.588,-4.693,-528.157
2837.9,26.45,76.3,0.0,5.3,1,-348.875,-4.672,-529.053
2837.9,26.88,78.2,0.0,8.9,1,-349.743,-4.658,-529.671
2837.9,27.50,69.8,0.0,6.0,1,-351.064,-4.636,-530.627
2837.9,27.96,53.9,0.0,7.8,1,-352.409,-4.614,-531.607
2843.3,28.17,46.1,0.0,10.3,1,-353.318,-4.599,-532.264
2843.3,28.40,35.9,0.0,13.8,1,-354.701,-4.577,-533.247
2843.3,28.51,33.5,0.0,16.2,1,-355.637,-4.563,-533.895
2843.3,28.67,34.6,0.0,20.0,1,-357.060,-4.543,-534.852
2849.0,28.78,37.5,0.0,22.1,1,-358.024,-4.530,-535.476
2849.0,28.94,31.6,0.0,24.7,1,-359.494,-4.512,-536.391
2849.0,29.01,28.4,0.0,26.3,1,-360.491,-4.501,-536.982
2849.0,29.10,31.8,0.0,28.0,1,-362.009,-4.485,-537.838
2855.1,29.18,31.6,0.0,28.3,1,-363.037,-4.476,-538.386
2855.1,29.24,22.0,0.0,33.0,1,-364.605,-4.464,-539.171
2855.1,29.24,22.5,0.0,36.5,1,-365.664,-4.457,-539.667
2855.1,29.23,24.0,0.0,41.7,1,-367.273,-4.448,-540.366
2861.3,29.22,21.5,0.0,44.9,1,-368.358,-4.442,-540.801
2861.3,29.17,11.2,0.0,47.6,1,-370.003,-4.436,-541.404
2861.3,29.05,19.6,0.0,50.8,1,-371.663,-4.433,-541.949
2861.3,29.06,32.2,0.0,53.9,1,-372.777,-4.431,-542.276
2867.8,29.14,34.9,0.0,58.5,1,-374.465,-4.433,-542.722
2867.8,29.21,36.4,0.0,60.6,1,-375.601,-4.435,-542.987
2867.8,29.24,31.1,0.0,60.1,1,-377.321,-4.434,-543.327
2867.8,29.26,36.1,0.0,61.2,1,-378.475,-4.434,-543.518
2875.3,29.36,30.1,0.0,63.1,1,-380.217,-4.437,-543.758
2875.3,29.36,27.6,0.0,64.1,1,-381.385,-4.438,-543.880
2875.3,29.32,21.9,0.0,65.9,1,-383.141,-4.441,-544.009
2875.3,29.29,21.9,0.0,65.3,1,-384.312,-4.444,-544.059
2882.0,29.19,15.0,0.0,65.9,1,-386.067,-4.447,-544.076
2882.0,29.11,16.4,0.0,68.3,1,-387.233,-4.449,-544.049
2882.0,28.97,14.7,0.0,71.0,1,-388.972,-4.452,-543.952
2882.0,28.89,14.2,0.0,75.3,1,-390.125,-4.454,-543.851
2888.6,28.77,13.8,0.0,81.9,1,-391.844,-4.458,-543.648
2888.6,28.67,13.7,0.0,85.7,1,-392.980,-4.460,-543.479
2888.6,28.53,13.6,0.0,89.7,1,-394.669,-4.463,-543.178
2888.6,28.37,13.6,0.0,88.6,1,-396.339,-4.465,-542.820
2895.4,28.26,13.6,0.0,84.6,1,-397.439,-4.466,-542.549
2895.4,28.11,13.6,0.0,74.2,1,-399.069,-4.468,-542.097
2895.4,28.02,14.2,0.0,65.4,1,-400.141,-4.470,-541.763
2895.4,27.94,19.8,0.0,49.3,1,-401.727,-4.475,-541.214
2901.1,27.94,31.9,0.0,38.0,1,-402.771,-4.480,-540.815
2901.1,28.12,41.9,0.0,19.7,1,-404.321,-4.489,-540.167
2901.1,28.26,36.9,0.0,7.8,1,-405.348,-4.496,-539.702
2901.1,28.55,53.6,0.0,-4.7,1,-406.881,-4.509,-538.961
2906.7,28.82,63.2,0.0,-7.7,1,-407.902,-4.518,-538.440
2906.7,29.35,72.0,0.0,-4.7,1,-409.441,-4.534,-537.620
2906.7,29.74,73.0,0.0,0.3,1,-410.475,-4.545,-537.051
2906.7,30.29,73.2,0.0,8.0,1,-412.042,-4.564,-536.164
2912.5,30.83,74.8,0.0,13.1,1,-413.625,-4.585,-535.242
2912.5,31.19,77.0,0.0,14.7,1,-414.689,-4.600,-534.607
2912.5,31.74,78.0,0.0,15.6,1,-416.296,-4.625,-533.618
2912.5,32.11,79.9,0.0,15.9,1,-417.373,-4.642,-532.933
2918.5,32.66,83.8,0.0,16.0,0,-418.993,-4.668,-531.864
2918.5,32.68,0.0,0.0,16.0,0,-420.071,-4.686,-531.124
2918.5,33.02,83.4,0.0,17.2,2,-421.669,-4.714,-529.977
2918.5,33.38,83.7,0.0,16.9,2,-422.733,-4.732,-529.183
2924.7,33.91,84.2,0.0,16.0,2,-424.325,-4.759,-527.945
2924.7,34.25,84.2,0.0,15.7,2,-425.384,-4.776,-527.087
2924.7,34.80,85.2,0.0,14.0,2,-426.965,-4.801,-525.751
2924.7,35.13,85.4,0.0,12.9,2,-428.015,-4.817,-524.828
2931.5,35.66,85.7,0.0,10.2,2,-429.581,-4.840,-523.396
2931.5,36.02,85.7,0.0,8.8,2,-430.619,-4.854,-522.409
2931.5,36.55,85.9,0.0,7.7,2,-432.168,-4.875,-520.881
2938.6,37.09,86.0,0.0,8.2,2,-433.706,-4.894,-519.297
2938.6,37.43,86.1,0.0,8.1,2,-434.726,-4.907,-518.211
2938.6,37.96,86.2,0.0,8.2,2,-436.249,-4.926,-516.540
2938.6,38.32,86.2,0.0,9.5,2,-437.260,-4.938,-515.398
2946.0,38.82,85.9,0.0,12.8,2,-438.770,-4.956,-513.646
2946.0,39.13,83.1,0.0,14.2,2,-439.771,-4.968,-512.451
2946.0,39.54,74.9,0.0,15.2,2,-441.261,-4.985,-510.621
2946.0,39.80,76.0,0.0,14.9,2,-442.242,-4.997,-509.375
2953.8,40.18,86.9,0.0,15.0,2,-443.696,-5.012,-507.468
2953.8,40.34,0.0,0.0,13.8,0,-444.650,-5.021,-506.171
2953.8,40.44,83.1,0.0,11.2,3,-446.047,-5.033,-504.195
2953.8,40.67,85.2,0.0,10.4,3,-446.957,-5.039,-502.854
2961.6,41.04,80.5,0.0,10.4,3,-448.298,-5.046,-500.801
2961.6,41.24,64.7,0.0,9.9,3,-449.175,-5.051,-499.408
2961.6,41.56,81.5,0.0,8.5,3,-450.457,-5.057,-497.281
2961.6,41.94,83.9,0.0,7.1,3,-451.702,-5.060,-495.108
2969.6,42.23,85.5,0.0,7.0,3,-452.513,-5.062,-493.632
2969.6,42.62,84.9,0.0,6.5,3,-453.698,-5.066,-491.380
2969.6,42.79,52.2,0.0,5.5,3,-454.465,-5.069,-489.854
2969.6,43.04,73.5,0.0,3.5,3,-455.579,-5.075,-487.535
2978.0,43.27,82.8,0.0,3.6,3,-456.297,-5.081,-485.966
2978.0,43.61,69.6,0.0,4.7,3,-457.337,-5.092,-483.578
2978.0,43.83,77.9,0.0,5.6,3,-458.005,-5.101,-481.962
2978.0,44.23,86.1,0.0,8.0,3,-458.967,-5.116,-479.503
2986.4,44.50,86.2,0.0,10.2,3,-459.583,-5.128,-477.839
2986.4,44.90,86.2,0.0,13.7,3,-460.471,-5.149,-475.309
2986.4,45.18,86.2,0.0,15.2,3,-461.039,-5.166,-473.600
2986.4,45.57,86.3,0.0,16.0,3,-461.851,-5.192,-471.003
2995.1,45.83,86.4,0.0,16.1,3,-462.367,-5.212,-469.249
2995.1,46.21,86.5,0.0,15.6,3,-463.098,-5.243,-466.588
2995.1,46.58,86.6,0.0,14.4,3,-463.779,-5.277,-463.890
2995.1,46.83,86.6,0.0,13.8,3,-464.202,-5.302,-462.071
3004.2,47.18,86.8,0.0,13.1,3,-464.791,-5.340,-459.314
3004.2,47.42,86.8,0.0,12.2,3,-465.151,-5.367,-457.457
3004.2,47.77,86.9,0.0,10.7,3,-465.640,-5.407,-454.645
3004.2,48.00,87.0,0.0,9.9,3,-465.931,-5.435,-452.752
3013.5,48.35,87.2,0.0,9.4,3,-466.313,-5.475,-449.889
3013.5,48.58,87.4,0.0,10.3,3,-466.532,-5.501,-447.963
3013.5,48.92,85.0,0.0,12.6,3,-466.807,-5.540,-445.052
3013.5,49.14,83.6,0.0,15.2,3,-466.955,-5.566,-443.097
3023.1,49.35,0.0,0.0,18.7,0,-467.125,-5.605,-440.146
3023.1,49.30,74.9,0.0,19.6,4,-467.202,-5.631,-438.175
3023.1,49.53,73.4,0.0,20.1,4,-467.263,-5.670,-435.211
3023.1,49.75,62.8,0.0,19.5,4,-467.258,-5.708,-432.233
3032.9,49.85,66.0,0.0,18.5,4,-467.217,-5.733,-430.242
3032.9,50.08,75.1,0.0,16.4,4,-467.096,-5.769,-427.248
3032.9,50.21,70.7,0.0,15.5,4,-466.975,-5.792,-425.246
3032.9,50.40,66.3,0.0,13.4,4,-466.731,-5.824,-422.238
3043.1,50.53,73.2,0.0,11.2,4,-466.528,-5.843,-420.230
3043.1,50.76,78.7,0.0,10.0,4,-466.159,-5.869,-417.215
3043.1,50.94,78.8,0.0,9.8,4,-465.873,-5.884,-415.201
3043.1,51.18,76.3,0.0,10.8,4,-465.384,-5.905,-412.177
3054.0,51.34,75.0,0.0,11.0,4,-465.020,-5.918,-410.160
3054.0,51.59,76.9,0.0,10.8,4,-464.418,-5.936,-407.132
3054.0,51.71,76.8,0.0,10.6,4,-463.985,-5.952,-405.113
3054.0,51.99,73.2,0.0,10.7,4,-463.292,-5.986,-402.080
3065.4,52.14,72.4,0.0,10.6,4,-462.794,-6.011,-400.059
3065.4,52.35,71.1,0.0,11.8,4,-461.985,-6.045,-397.031
3065.4,52.49,72.8,0.0,13.4,4,-461.406,-6.065,-395.016
3065.4,52.71,75.9,0.0,14.9,4,-460.479,-6.090,-392.001
3076.1,52.95,80.6,0.0,14.5,4,-459.484,-6.110,-388.992
3076.1,53.13,82.0,0.0,13.3,4,-458.786,-6.124,-386.989
3076.1,53.40,80.8,0.0,10.9,4,-457.685,-6.143,-383.990
3076.1,53.57,81.3,0.0,9.4,4,-456.915,-6.156,-381.995
3086.7,53.82,79.4,0.0,8.1,4,-455.707,-6.174,-379.009
3086.7,53.99,78.1,0.0,7.8,4,-454.864,-6.184,-377.024
3086.7,54.23,77.8,0.0,8.7,4,-453.550,-6.195,-374.056
3086.7,54.41,83.6,0.0,12.0,4,-452.642,-6.201,-372.082
3097.3,54.70,88.2,0.0,15.3,4,-451.235,-6.212,-369.128
3097.3,54.89,88.3,0.0,16.2,4,-450.265,-6.220,-367.163
3097.3,55.18,88.4,0.0,16.1,4,-448.759,-6.234,-364.225
3097.3,55.35,88.5,0.0,15.0,4,-447.717,-6.242,-362.276
3108.2,55.62,88.6,0.0,13.9,4,-446.098,-6.254,-359.368
3108.2,55.79,88.8,0.0,13.1,4,-444.981,-6.262,-357.441
3108.2,56.05,88.8,0.0,11.6,4,-443.246,-6.273,-354.569
3119.2,56.32,88.9,0.0,11.0,4,-441.442,-6.283,-351.722
3119.2,56.51,89.0,0.0,11.5,4,-440.201,-6.288,-349.838
3119.2,56.74,57.5,0.0,12.7,4,-438.287,-6.298,-347.031
3119.2,56.85,80.9,0.0,12.7,4,-436.979,-6.305,-345.174
3130.5,57.11,89.2,2.3,10.9,4,-434.969,-6.316,-342.410
3130.5,57.13,27.1,0.4,8.7,4,-433.597,-6.323,-340.581
3130.5,57.29,89.3,10.7,4.3,4,-431.499,-6.332,-337.867
3130.5,57.25,20.4,7.3,1.9,4,-430.073,-6.337,-336.073
3141.9,57.16,68.6,0.0,-0.0,4,-427.910,-6.342,-333.412
3141.9,57.19,33.3,2.6,-0.2,4,-426.452,-6.342,-331.649
3141.9,57.22,73.7,0.0,0.5,4,-424.253,-6.339,-329.016
3141.9,57.41,89.4,0.0,0.4,4,-422.780,-6.334,-327.259
3153.4,57.71,89.5,0.0,-0.1,4,-420.559,-6.324,-324.615
3153.4,57.90,89.6,0.0,-0.7,4,-419.073,-6.317,-322.845
3153.4,58.18,89.7,0.0,-0.9,4,-416.835,-6.305,-320.177
3153.4,58.47,89.8,0.0,-0.8,4,-414.590,-6.292,-317.493
3165.1,58.66,89.9,0.0,-0.9,4,-413.090,-6.283,-315.695
3165.1,58.93,90.0,0.0,-1.3,4,-410.835,-6.268,-312.983
3165.1,59.11,90.1,0.0,-1.8,4,-409.329,-6.256,-311.165
3165.1,59.38,90.2,0.0,-2.1,4,-407.068,-6.235,-308.422
3176.9,59.56,90.2,0.0,-1.5,4,-405.561,-6.222,-306.582
3176.9,59.60,0.0,0.0,-2.1,0,-403.302,-6.199,-303.808
3176.9,59.68,88.9,0.0,-2.4,5,-401.804,-6.184,-301.953
3176.9,59.93,89.0,0.0,-2.0,5,-399.560,-6.161,-299.153
3188.8,60.10,89.1,0.0,-1.6,5,-398.068,-6.146,-297.273
3188.8,60.34,89.2,0.0,-1.1,5,-395.833,-6.123,-294.435
3188.8,60.49,89.3,0.0,-1.3,5,-394.344,-6.108,-292.532
3188.8,60.76,89.3,0.0,-0.8,5,-392.111,-6.089,-289.661
3200.9,60.92,89.4,0.0,-0.8,5,-390.624,-6.076,-287.735
3200.9,61.16,89.5,0.0,-0.4,5,-388.392,-6.059,-284.832
3200.9,61.32,89.5,0.0,-0.2,5,-386.903,-6.049,-282.887
3200.9,61.56,89.6,0.0,0.1,5,-384.667,-6.033,-279.957
3213.2,61.79,89.7,0.0,0.1,5,-382.427,-6.009,-277.012
3213.2,61.95,89.8,0.0,0.0,5,-380.930,-5.990,-275.042
3213.2,62.18,89.9,0.0,0.0,5,-378.677,-5.963,-272.077
3213.2,62.34,89.9,0.0,0.1,5,-377.171,-5.946,-270.094
3225.6,62.58,90.0,0.0,0.3,5,-374.904,-5.920,-267.111
3225.6,62.73,90.1,0.0,0.3,5,-373.388,-5.903,-265.116
3225.6,62.96,90.1,0.0,0.1,5,-371.105,-5.876,-262.116
3225.6,63.10,90.2,0.0,0.1,5,-369.577,-5.856,-260.110
3238.2,63.33,90.3,0.0,0.1,5,-367.277,-5.824,-257.095
3238.2,63.48,90.4,0.0,0.2,5,-365.737,-5.801,-255.080
3238.2,63.71,90.4,0.0,0.3,5,-363.419,-5.766,-252.050
3238.2,63.86,90.5,0.0,0.4,5,-361.867,-5.742,-250.025
3250.9,64.08,90.5,0.0,0.5,5,-359.530,-5.705,-246.981
3250.9,64.22,90.6,0.0,0.5,5,-357.966,-5.681,-244.948
3250.9,64.45,90.7,0.0,0.5,5,-355.610,-5.647,-241.891
3250.9,64.66,90.8,0.0,0.5,5,-353.242,-5.614,-238.826
3263.8,64.80,90.8,0.0,0.4,5,-351.656,-5.593,-236.780
3263.8,65.02,90.9,0.0,0.2,5,-349.268,-5.562,-233.704
3263.8,65.16,90.9,0.0,0.1,5,-347.670,-5.540,-231.649
3263.8,65.38,91.0,0.0,-0.1,5,-345.264,-5.513,-228.560
3276.8,65.52,91.0,0.0,-0.1,5,-343.654,-5.496,-226.495
3276.8,65.72,91.1,0.0,-0.1,5,-341.232,-5.463,-223.392
3276.8,65.86,91.1,0.0,-0.1,5,-339.612,-5.437,-221.319
3276.8,66.07,91.2,0.0,-0.2,5,-337.177,-5.394,-218.200
3289.9,66.20,91.2,0.0,-0.3,5,-335.549,-5.364,-216.116
3289.9,66.41,91.3,0.0,-0.3,5,-333.101,-5.318,-212.980
3289.9,66.54,91.4,0.0,-0.3,5,-331.467,-5.287,-210.883
3289.9,66.74,91.4,0.0,-0.4,5,-329.010,-5.241,-207.729
3303.2,66.88,91.5,0.0,-0.4,5,-327.369,-5.210,-205.620
3303.2,67.08,91.5,0.0,-1.7,5,-324.905,-5.160,-202.447
3303.2,67.27,91.6,0.0,-2.6,5,-322.439,-5.108,-199.259
3303.2,67.40,91.6,0.0,-2.5,5,-320.797,-5.073,-197.125
3316.7,67.59,91.7,0.0,-1.8,5,-318.340,-5.020,-193.907
3316.7,67.71,91.7,0.0,-1.5,5,-316.707,-4.983,-191.750
3316.7,67.90,91.8,0.0,-1.3,5,-314.266,-4.927,-188.496
3316.7,68.03,91.8,0.0,-1.2,5,-312.642,-4.891,-186.316
3330.2,68.21,91.9,0.0,-1.1,5,-310.213,-4.837,-183.031
3330.2,68.33,91.9,0.0,-1.1,5,-308.596,-4.802,-180.830
3330.2,68.51,92.0,0.0,-1.0,5,-306.174,-4.750,-177.517
3330.2,68.63,92.0,0.0,-0.8,5,-304.561,-4.714,-175.299
3343.9,68.81,92.1,0.0,-0.6,5,-302.144,-4.660,-171.959
3343.9,68.93,92.1,0.0,-0.6,5,-300.534,-4.623,-169.724
3343.9,69.11,92.2,0.0,-0.7,5,-298.121,-4.565,-166.360
3343.9,69.22,92.2,0.0,-0.8,5,-296.512,-4.527,-164.110
3357.7,69.40,92.3,0.0,-0.7,5,-294.099,-4.468,-160.724
3357.7,69.51,92.3,0.0,-0.6,5,-292.491,-4.427,-158.460
3357.7,69.68,92.4,0.0,-0.4,5,-290.079,-4.366,-155.052
3371.6,69.84,92.4,0.0,-0.5,5,-287.666,-4.304,-151.633
3371.6,69.87,0.0,0.0,-0.6,0,-286.058,-4.262,-149.347
3371.6,69.85,91.5,0.0,-0.6,6,-283.652,-4.200,-145.918
3371.6,69.96,91.6,0.0,-0.5,6,-282.050,-4.158,-143.627
3385.6,70.12,91.6,0.0,-0.4,6,-279.646,-4.096,-140.181
3385.6,70.22,91.7,0.0,-0.5,6,-278.044,-4.054,-137.877
3385.6,70.39,91.7,0.0,-0.3,6,-275.640,-3.992,-134.412
3385.6,70.49,91.7,0.0,-0.2,6,-274.037,-3.950,-132.095
3399.7,70.64,91.8,0.0,-0.4,6,-271.634,-3.886,-128.611
3399.7,70.75,91.8,0.0,-0.5,6,-270.032,-3.842,-126.281
3399.7,70.90,91.8,0.0,-0.4,6,-267.628,-3.777,-122.778
3399.7,71.01,91.9,0.0,-0.4,6,-266.025,-3.733,-120.436
3413.8,71.16,91.9,0.0,-0.5,6,-263.620,-3.667,-116.915
3413.8,71.27,92.0,0.0,-0.5,6,-262.017,-3.623,-114.561
3413.8,71.41,92.0,0.0,0.5,6,-259.611,-3.555,-111.021
3413.8,71.55,92.1,0.0,1.1,6,-257.204,-3.485,-107.473
3428.1,71.66,92.1,0.0,1.1,6,-255.596,-3.437,-105.103
3428.1,71.81,92.1,0.0,1.0,6,-253.176,-3.366,-101.545
3428.1,71.90,92.1,0.0,1.0,6,-251.556,-3.319,-99.171
3428.1,72.07,92.1,0.0,1.3,6,-249.114,-3.251,-95.609
3442.5,72.16,92.2,0.0,1.6,6,-247.477,-3.207,-93.235
3442.5,72.30,92.2,0.0,1.6,6,-245.008,-3.143,-89.674
3442.5,72.39,92.3,0.0,1.6,6,-243.353,-3.101,-87.302
3442.5,72.54,92.3,0.0,1.5,6,-240.854,-3.038,-83.745
3457.0,72.63,92.3,0.0,1.4,6,-239.176,-2.996,-81.375
3457.0,72.77,92.4,0.0,1.5,6,-236.644,-2.934,-77.824
3457.0,72.86,92.4,0.0,1.8,6,-234.945,-2.893,-75.459
3457.0,73.00,92.4,0.0,2.2,6,-232.380,-2.830,-71.915
3471.5,73.09,92.5,0.0,2.8,6,-230.658,-2.789,-69.555
3471.5,73.22,92.5,0.0,2.8,6,-228.057,-2.726,-66.020
3471.5,73.35,92.6,0.0,2.1,6,-225.430,-2.659,-62.496
3471.5,73.44,92.6,0.0,2.1,6,-223.663,-2.615,-60.151
3486.2,73.56,84.7,0.0,3.3,6,-220.991,-2.548,-56.644
3486.2,73.57,55.8,23.4,4.2,6,-219.196,-2.503,-54.312
3486.2,72.87,0.0,74.5,4.9,6,-216.490,-2.435,-50.843
3486.2,72.03,0.0,81.9,4.7,6,-214.692,-2.391,-48.568
3500.8,70.72,0.0,77.7,4.3,6,-212.012,-2.326,-45.226
3500.8,69.87,0.0,73.2,3.7,6,-210.232,-2.282,-43.048
3500.8,68.65,0.0,66.4,3.1,6,-207.570,-2.215,-39.855
3500.8,67.92,0.0,57.4,3.3,6,-205.796,-2.170,-37.776
3514.5,66.97,0.0,44.3,4.3,6,-203.133,-2.102,-34.730
3514.5,66.40,0.0,45.6,5.3,6,-201.352,-2.059,-32.743
3514.5,65.54,0.0,50.0,6.6,6,-198.669,-1.994,-29.832
3514.5,64.64,0.0,39.7,7.3,6,-195.977,-1.931,-27.002
3527.6,64.13,0.0,26.8,7.2,6,-194.174,-1.889,-25.162
3527.6,63.59,0.0,7.5,7.3,6,-191.450,-1.825,-22.469
3527.6,63.37,0.0,2.0,8.2,6,-189.616,-1.782,-20.714
3527.6,63.12,7.5,0.0,11.0,6,-186.832,-1.720,-18.135
3540.2,62.99,12.7,0.0,12.7,6,-184.955,-1.681,-16.451
3540.2,62.82,13.1,0.0,15.5,6,-182.107,-1.628,-13.974
3540.2,62.71,23.7,0.0,16.6,6,-180.188,-1.597,-12.356
3540.2,62.57,32.8,0.0,18.1,6,-177.275,-1.558,-9.981
3552.7,62.52,47.5,0.0,17.9,6,-175.310,-1.536,-8.433
3552.7,62.51,80.9,0.0,17.7,6,-172.323,-1.509,-6.165
3552.7,62.57,86.2,0.0,16.9,6,-170.303,-1.492,-4.689
3552.7,62.62,59.8,0.0,16.6,6,-167.226,-1.467,-2.534
3565.6,62.59,54.5,0.0,17.6,6,-165.146,-1.449,-1.140
3565.6,62.59,83.6,0.0,20.4,6,-161.984,-1.419,0.886
3565.6,62.67,77.3,0.0,21.7,6,-159.847,-1.396,2.193
3565.6,62.69,67.5,0.0,22.8,6,-156.601,-1.360,4.090
3578.5,62.75,79.6,0.0,24.1,6,-153.312,-1.326,5.917
3578.5,62.78,81.1,0.0,24.5,6,-151.097,-1.307,7.097
3578.5,62.82,73.4,0.0,24.3,6,-147.737,-1.278,8.803
3578.5,62.83,69.3,0.0,25.1,6,-145.474,-1.258,9.894
3592.1,62.81,62.8,0.0,27.6,6,-142.046,-1.227,11.461
3592.1,62.78,59.6,0.0,29.9,6,-139.740,-1.205,12.457
3592.1,62.75,64.6,0.0,33.8,6,-136.254,-1.170,13.880
3592.1,62.73,57.0,0.0,36.5,6,-133.913,-1.146,14.783
3605.4,62.65,47.9,0.0,39.1,6,-130.378,-1.110,16.069
3605.4,62.59,44.7,0.0,40.1,6,-128.008,-1.087,16.882
3605.4,62.45,38.8,0.0,40.5,6,-124.437,-1.054,18.032
3605.4,62.36,36.9,0.0,39.4,6,-122.047,-1.032,18.751
3618.1,62.19,25.8,0.0,37.3,6,-118.447,-0.999,19.754
3618.1,62.03,13.2,0.0,36.4,6,-116.041,-0.978,20.372
3618.1,61.76,36.1,0.0,34.6,0,-112.425,-0.947,21.223
3630.4,61.45,10.9,0.0,32.4,5,-108.806,-0.915,21.977
3630.4,61.28,15.4,0.0,31.6,5,-106.392,-0.891,22.424
3630.4,61.06,34.1,0.0,32.2,5,-102.771,-0.856,23.018
3630.4,60.96,37.2,0.0,33.4,5,-100.355,-0.833,23.363
3642.3,60.82,39.0,0.0,35.1,5,-96.729,-0.797,23.802
3642.3,60.73,39.4,0.0,36.9,5,-94.310,-0.770,24.042
3642.3,60.63,46.1,0.0,38.0,5,-90.680,-0.730,24.329
3642.3,60.58,53.4,0.0,38.4,5,-88.260,-0.702,24.472
3654.2,60.51,43.9,0.0,37.2,5,-84.630,-0.660,24.618
3654.2,60.46,47.2,0.0,35.5,5,-82.211,-0.632,24.668
3654.2,60.41,55.4,0.0,35.2,5,-78.586,-0.588,24.669
3654.2,60.38,56.5,0.0,33.3,5,-76.171,-0.558,24.621
3666.0,60.31,53.3,0.0,32.1,5,-72.553,-0.513,24.476
3666.0,60.32,63.0,0.0,27.4,5,-70.144,-0.485,24.333
3666.0,60.38,88.3,0.0,25.5,5,-66.536,-0.440,24.045
3666.0,60.47,71.4,0.0,22.3,5,-62.929,-0.396,23.670
3678.1,60.51,81.0,0.0,17.7,5,-60.529,-0.364,23.369
3678.1,60.60,90.0,0.0,14.7,5,-56.935,-0.310,22.841
3678.1,60.67,90.2,0.0,12.7,5,-54.542,-0.270,22.442
3678.1,60.83,88.1,0.0,5.5,5,-50.956,-0.217,21.785
3690.1,60.88,90.6,0.0,-3.5,5,-48.569,-0.189,21.313
3690.1,61.07,39.4,0.0,-17.5,5,-44.991,-0.155,20.553
3690.1,61.09,67.1,0.0,-22.2,5,-42.608,-0.132,20.013
3690.1,61.29,90.1,0.0,-16.5,5,-39.038,-0.095,19.162
3702.3,61.43,89.3,0.0,-9.0,5,-36.652,-0.071,18.591
3702.3,61.64,90.3,0.0,-1.9,5,-33.054,-0.035,17.767
3702.3,61.77,90.4,0.0,-1.1,5,-30.642,-0.011,17.247
3702.3,61.98,90.5,0.0,-4.1,5,-27.004,0.021,16.513
3714.6,62.06,90.6,0.0,-6.9,5,-24.565,0.040,16.055
3714.6,62.30,90.6,0.0,-8.8,5,-20.889,0.065,15.412
3714.6,62.47,90.6,0.0,-9.2,5,-18.426,0.080,15.012
3714.6,62.66,90.7,0.0,-9.1,5,-14.714,0.103,14.459
3727.2,62.83,90.8,0.0,-8.7,5,-10.981,0.126,13.964
3727.2,63.01,90.8,0.0,-8.0,5,-8.482,0.143,13.667
3727.2,63.20,90.9,0.0,-8.3,5,-4.718,0.167,13.274
3727.2,63.29,91.0,0.0,-8.3,5,-2.198,0.184,13.049
3740.0,63.51,91.0,0.0,-8.8,5,1.596,0.212,12.766
3740.0,63.64,91.1,0.0,-11.2,5,4.134,0.234,12.617
3740.0,63.82,91.1,0.0,-13.3,5,7.954,0.270,12.452
3740.0,63.93,91.2,0.0,-14.3,5,10.508,0.296,12.382
3752.9,64.10,91.2,0.0,-13.2,5,14.348,0.337,12.339
3752.9,64.23,86.6,0.0,-12.8,5,16.914,0.368,12.354
3752.9,64.27,58.0,0.0,-12.0,5,20.768,0.416,12.444
3752.9,64.29,72.2,0.0,-11.6,5,23.337,0.451,12.551
3766.2,64.40,91.3,0.0,-9.0,5,27.189,0.511,12.785
3766.2,64.54,91.5,0.0,-6.4,5,31.044,0.576,13.102
3766.2,64.67,91.5,0.0,-5.5,5,33.615,0.616,13.352
3766.2,64.83,91.6,0.0,-4.4,5,37.474,0.668,13.784
3779.7,64.93,91.6,0.0,-3.7,5,40.048,0.698,14.112
3779.7,65.03,91.7,0.0,-3.4,5,43.905,0.748,14.677
3779.7,65.14,91.7,0.0,-4.7,5,46.473,0.782,15.103
3779.7,65.30,91.7,0.0,-7.2,5,50.321,0.833,15.808
3793.1,65.42,91.7,0.0,-9.4,5,52.884,0.868,16.323
3793.1,65.57,91.8,0.0,-12.3,5,56.722,0.920,17.160
3793.1,65.65,91.8,0.0,-12.3,5,59.276,0.957,17.761
3793.1,65.83,91.9,0.0,-11.5,5,63.100,1.014,18.727
3806.7,65.93,91.9,0.0,-11.3,5,65.644,1.052,19.411
3806.7,66.09,91.9,0.0,-9.7,5,69.451,1.109,20.501
3806.7,66.17,92.0,0.0,-8.7,5,71.981,1.147,21.270
3806.7,66.31,92.1,0.0,-7.2,5,75.765,1.204,22.486
3820.5,66.42,92.1,0.0,-6.8,5,78.278,1.242,23.339
3820.5,66.57,92.2,0.0,-7.5,5,82.034,1.299,24.682
3820.5,66.72,92.1,0.0,-8.7,5,85.771,1.355,26.100
3820.5,66.78,92.2,0.0,-9.6,5,88.251,1.393,27.088
3834.0,66.95,92.2,0.0,-10.4,5,91.953,1.451,28.634
3834.0,67.05,92.3,0.0,-11.2,5,94.409,1.490,29.706
3834.0,67.18,92.3,0.0,-12.4,5,98.071,1.550,31.380
3834.0,67.28,92.3,0.0,-13.0,5,100.497,1.592,32.538
3847.6,67.42,92.4,0.0,-13.5,5,104.113,1.655,34.340
3847.6,67.49,92.4,0.0,-13.4,5,106.508,1.698,35.582
3847.6,67.64,92.5,0.0,-12.8,5,110.074,1.762,37.509
3847.6,67.72,92.5,0.0,-12.2,5,112.433,1.805,38.835
3861.1,67.85,92.5,0.0,-11.6,5,115.942,1.868,40.889
3861.1,67.93,92.6,0.0,-11.7,5,118.261,1.911,42.300
3861.1,68.06,92.6,0.0,-12.5,5,121.710,1.973,44.479
3861.1,68.15,92.6,0.0,-13.2,5,123.988,2.012,45.971
3874.6,68.27,92.7,0.0,-13.7,5,127.373,2.069,48.270
3874.6,68.39,92.7,0.0,-13.3,5,130.718,2.125,50.640
3874.6,68.48,92.7,0.0,-13.1,5,132.925,2.160,52.258
3888.2,68.60,92.8,0.0,-12.3,5,136.201,2.209,54.743
3888.2,68.67,92.8,0.0,-11.5,5,138.361,2.241,56.437
3888.2,68.81,92.9,0.0,-10.7,5,141.565,2.284,59.034
3888.2,68.89,92.9,0.0,-10.3,5,143.677,2.309,60.801
3902.0,69.02,92.9,0.0,-9.1,5,146.810,2.340,63.502
3902.0,69.11,93.0,0.0,-7.6,5,148.875,2.356,65.338
3902.0,69.24,93.0,0.0,-4.9,5,151.934,2.378,68.142
3902.0,69.34,93.0,0.0,-3.8,5,153.950,2.390,70.044
3915.8,69.50,93.0,0.0,-2.6,5,156.942,2.407,72.941
3915.8,69.61,93.0,0.0,-1.9,5,158.919,2.417,74.899
3915.8,69.75,69.7,0.0,-1.3,5,161.862,2.432,77.868
3915.8,69.70,20.6,29.2,-0.9,5,163.813,2.443,79.862
3929.7,68.91,0.0,70.3,-0.3,5,166.712,2.460,82.852
3929.7,67.70,0.0,84.2,0.4,5,169.560,2.480,85.804
3929.7,66.82,0.0,87.9,0.7,5,171.427,2.494,87.744
3929.7,65.45,0.0,90.6,2.8,5,174.179,2.516,90.605
3943.0,64.52,0.0,90.6,3.5,5,175.984,2.531,92.477
3943.0,63.11,0.0,90.2,0.5,5,178.649,2.552,95.231
3943.0,62.18,0.0,90.4,-0.2,5,180.397,2.565,97.029
3943.0,60.79,0.0,90.6,-0.3,5,182.977,2.586,99.669
3955.4,59.85,0.0,89.8,1.2,5,184.670,2.600,101.391
3955.4,58.52,0.0,91.8,1.0,5,187.168,2.619,103.919
3955.4,57.57,0.0,90.8,-0.0,5,188.807,2.630,105.566
3955.4,56.19,0.0,90.7,-1.8,5,191.224,2.645,107.981
3966.8,55.28,0.0,90.1,-2.4,5,192.807,2.656,109.554
3966.8,53.93,45.8,90.3,-2.2,0,195.140,2.672,111.857
3966.8,53.04,0.0,91.2,-1.3,4,196.669,2.684,113.357
3966.8,51.67,0.0,90.6,-0.2,4,198.918,2.704,115.552
4011.4,35.68,0.0,34.4,7.8,2,227.803,2.950,140.620
4011.4,35.09,0.0,32.6,14.1,2,229.569,2.950,141.801
4011.4,34.71,0.0,32.4,16.2,2,230.740,2.948,142.561
4018.4,34.13,0.0,32.5,17.9,2,232.491,2.945,143.659
4018.4,33.75,0.0,30.4,18.3,2,233.654,2.941,144.361
4018.4,33.21,0.0,29.0,17.1,2,235.395,2.935,145.364
4018.4,32.86,0.0,29.4,16.8,2,236.554,2.930,146.001
4024.9,32.34,0.0,22.3,17.0,2,238.289,2.921,146.906
4024.9,31.91,0.0,16.3,16.3,2,240.022,2.911,147.750
4024.9,31.67,0.0,14.2,16.3,2,241.179,2.905,148.279
4024.9,31.35,0.0,8.3,18.5,2,242.917,2.895,149.023
4031.1,31.18,0.0,6.6,20.9,2,244.079,2.888,149.487
4031.1,30.96,0.0,5.9,23.6,2,245.827,2.878,150.134
4031.1,30.81,0.0,3.9,25.8,2,246.996,2.871,150.535
4031.1,30.62,0.0,1.0,28.7,2,248.754,2.861,151.088
4037.0,30.51,0.0,1.4,29.4,2,249.930,2.855,151.425
4037.0,30.34,0.0,1.0,30.8,2,251.698,2.844,151.882
4037.0,30.23,2.6,0.0,31.8,2,252.879,2.836,152.154
4037.0,30.09,3.0,0.0,31.5,2,254.653,2.824,152.509
4042.8,29.99,1.3,0.6,31.4,2,255.837,2.816,152.712
4042.8,29.83,4.8,0.0,32.4,2,257.614,2.804,152.961
4042.8,29.74,6.0,0.0,32.7,2,258.799,2.797,153.090
4042.8,29.61,3.0,0.1,33.0,2,260.574,2.786,153.230
4048.8,29.45,6.8,0.0,34.5,2,262.344,2.776,153.305
4048.8,29.37,8.6,0.0,34.7,2,263.520,2.770,153.317
4048.8,29.26,5.4,0.0,35.2,2,265.279,2.761,153.282
4048.8,29.18,9.2,0.0,35.8,2,266.446,2.756,153.221
4055.9,29.07,8.8,0.0,36.5,2,268.188,2.751,153.074
4055.9,28.99,6.1,0.0,37.1,2,269.341,2.749,152.938
4055.9,28.88,9.8,0.0,39.8,2,271.058,2.747,152.681
4055.9,28.81,8.3,0.0,42.3,2,272.193,2.746,152.474
4062.6,28.68,8.6,0.0,45.7,2,273.880,2.747,152.112
4062.6,28.59,12.3,0.0,47.7,2,274.991,2.749,151.835
4062.6,28.49,9.4,0.0,47.7,2,276.638,2.754,151.366
4062.6,28.41,10.4,0.0,47.6,2,277.721,2.759,151.017
4070.6,28.31,18.1,0.0,50.3,2,279.322,2.769,150.441
4070.6,28.27,18.6,0.0,51.1,2,280.374,2.777,150.022
4070.6,28.21,25.9,0.0,51.3,2,281.925,2.792,149.341
4077.3,28.24,33.5,0.0,52.3,2,283.444,2.812,148.595
4077.3,28.26,33.5,0.0,51.2,2,284.439,2.828,148.060
4077.3,28.34,39.3,0.0,48.8,2,285.906,2.856,147.206
4077.3,28.41,43.8,0.0,48.2,2,286.866,2.875,146.603
4084.7,28.60,56.0,0.0,47.3,2,288.283,2.906,145.646
4084.7,28.75,51.3,0.0,46.5,2,289.213,2.927,144.976
4084.7,28.91,46.2,0.0,44.6,2,290.583,2.960,143.920
4084.7,29.03,51.5,0.0,43.3,2,291.477,2.983,143.184
4090.6,29.26,52.2,0.0,42.0,2,292.790,3.019,142.030
4090.6,29.39,47.8,0.0,41.6,2,293.647,3.045,141.230
4090.6,29.55,47.0,0.0,40.9,2,294.901,3.084,139.984
4090.6,29.66,45.8,0.0,39.5,2,295.715,3.110,139.125
4096.3,29.83,46.2,0.0,36.4,2,296.905,3.148,137.796
4096.3,29.94,48.0,0.0,34.1,2,297.676,3.173,136.883
4096.3,30.14,51.9,0.0,29.7,2,298.799,3.207,135.475
4096.3,30.32,47.7,0.0,23.3,2,299.880,3.239,134.019
4102.0,30.43,42.0,0.0,18.5,2,300.576,3.259,133.023
4102.0,30.56,41.1,0.0,11.3,2,301.582,3.286,131.496
4102.0,30.65,40.5,0.0,7.2,2,302.227,3.302,130.456
4102.0,30.82,47.2,0.0,3.4,2,303.158,3.324,128.865
4107.9,30.96,46.5,0.0,2.3,2,303.754,3.338,127.783
4107.9,31.24,66.4,0.0,3.9,2,304.614,3.356,126.128
4107.9,31.48,61.7,0.0,5.9,2,305.166,3.367,125.003
4107.9,31.85,66.7,0.0,9.7,2,305.964,3.382,123.279
4114.0,32.11,66.7,0.0,12.6,2,306.475,3.391,122.107
4114.0,32.50,66.3,0.0,16.7,2,307.213,3.405,120.316
4114.0,32.74,66.0,0.0,18.7,2,307.685,3.414,119.100
4114.0,33.13,71.0,0.0,20.0,2,308.364,3.426,117.246
4120.5,33.40,74.9,0.0,20.2,2,308.796,3.434,115.988
4120.5,33.83,74.4,0.0,19.5,2,309.412,3.445,114.069
4120.5,34.23,72.6,0.0,16.3,2,309.986,3.456,112.110
4120.5,34.49,65.2,0.0,13.4,2,310.343,3.463,110.784
4127.3,34.85,71.8,0.0,10.5,2,310.837,3.475,108.764
4127.3,35.11,66.4,0.0,9.6,2,311.139,3.484,107.399
4127.3,35.48,69.7,0.0,9.7,2,311.549,3.498,105.322
4127.3,35.72,65.1,0.0,10.3,2,311.793,3.509,103.919
4134.4,36.03,53.0,0.0,13.7,2,312.113,3.526,101.791
4134.4,36.12,27.5,0.0,17.2,2,312.295,3.540,100.359
4134.4,36.00,1.1,5.6,18.0,2,312.519,3.560,98.206
4134.4,35.83,0.0,15.9,16.0,2,312.638,3.575,96.774
4141.5,35.40,0.0,33.9,11.1,2,312.772,3.598,94.639
4141.5,34.99,0.0,43.0,7.4,2,312.835,3.616,93.232
4141.5,34.26,0.0,54.1,3.0,2,312.897,3.644,91.154
4141.5,33.68,0.0,61.4,1.6,2,312.921,3.665,89.794
4148.2,32.72,0.0,68.6,-0.6,2,312.937,3.697,87.800
4148.2,31.69,0.0,70.9,-4.4,2,312.939,3.730,85.866
4148.2,31.01,0.0,72.2,-6.8,2,312.937,3.753,84.611
4148.2,29.94,0.0,71.8,-9.3,2,312.937,3.787,82.781
4154.3,29.25,0.0,67.0,-10.8,2,312.941,3.809,81.596
4154.3,28.33,48.0,52.0,-12.8,0,312.960,3.841,79.868
4154.3,27.80,0.0,42.5,-13.8,1,312.985,3.862,78.745
4154.3,27.11,0.0,29.6,-15.6,1,313.043,3.891,77.098
4159.6,26.75,0.0,25.5,-17.3,1,313.099,3.909,76.022
4159.6,26.29,0.0,19.3,-20.4,1,313.211,3.935,74.434
4159.6,26.02,0.0,15.7,-22.6,1,313.305,3.950,73.392
4159.6,25.67,0.0,12.8,-25.6,1,313.479,3.971,71.851
4164.7,25.46,0.0,11.8,-26.7,1,313.618,3.984,70.837
4164.7,25.16,0.0,9.8,-28.0,1,313.859,4.002,69.338
4164.7,24.98,0.0,8.6,-28.9,1,314.044,4.014,68.352
4164.7,24.72,0.0,8.6,-30.7,1,314.356,4.029,66.894
4169.7,24.54,0.0,8.4,-30.8,1,314.589,4.039,65.936
4169.7,24.28,0.0,7.8,-31.4,1,314.973,4.051,64.522
4169.7,24.03,0.0,7.0,-33.0,1,315.400,4.062,63.136
4169.7,23.87,0.0,6.2,-33.9,1,315.708,4.069,62.229
4174.4,23.63,0.0,6.5,-34.2,1,316.208,4.077,60.894
4174.4,23.48,0.0,5.4,-34.6,1,316.564,4.081,60.021
4174.4,23.27,0.0,3.6,-35.8,1,317.133,4.086,58.739
4174.4,23.14,0.0,2.4,-36.7,1,317.536,4.089,57.903
4179.1,22.95,0.0,3.5,-37.6,1,318.176,4.091,56.677
4179.1,22.83,0.0,2.9,-38.7,1,318.625,4.092,55.878
4179.1,22.65,0.0,1.9,-39.6,1,319.332,4.091,54.712
4179.1,22.53,0.0,1.3,-40.0,1,319.825,4.090,53.954
4183.5,22.38,0.0,3.2,-40.2,1,320.598,4.086,52.850
4183.5,22.26,0.0,3.3,-40.8,1,321.133,4.083,52.135
4183.5,22.07,0.0,3.3,-40.9,1,321.965,4.077,51.098
4187.7,21.89,0.0,3.5,-40.4,1,322.831,4.069,50.103
4187.7,21.77,0.0,3.6,-40.2,1,323.427,4.064,49.464
4187.7,21.58,0.0,5.4,-40.5,1,324.345,4.055,48.543
4187.7,21.44,0.0,5.0,-40.6,1,324.973,4.050,47.955
4191.6,21.25,0.0,3.9,-42.2,1,325.936,4.040,47.110
4191.6,21.13,0.0,3.3,-43.9,1,326.592,4.033,46.573
4191.6,20.96,0.0,1.8,-46.6,1,327.595,4.021,45.805
4191.6,20.85,0.0,0.9,-48.8,1,328.277,4.013,45.321
4195.7,20.76,17.0,0.0,-54.0,1,329.319,3.999,44.635
4195.7,20.80,31.7,0.0,-55.7,1,330.029,3.990,44.205
4195.7,20.98,45.9,0.0,-57.4,1,331.123,3.976,43.596
4195.7,21.17,53.3,0.0,-58.2,1,331.873,3.966,43.213
4200.1,21.44,39.7,0.0,-59.5,1,333.032,3.951,42.673
4200.1,21.51,26.6,0.0,-57.1,1,333.824,3.941,42.341
4200.1,21.57,24.7,0.0,-50.1,1,335.036,3.926,41.891
4200.1,21.69,36.2,0.0,-38.4,1,336.272,3.910,41.500
4204.9,21.84,40.3,0.0,-30.6,1,337.111,3.900,41.271
4204.9,22.12,53.1,0.0,-32.4,1,338.394,3.887,40.969
4204.9,22.34,51.8,0.0,-36.5,1,339.266,3.877,40.796
4204.9,22.69,55.6,0.0,-41.6,1,340.598,3.865,40.579
4210.0,22.93,52.6,0.0,-41.3,1,341.503,3.856,40.463
4210.0,23.24,49.4,0.0,-48.1,1,342.881,3.844,40.332
4210.0,23.43,50.1,0.0,-52.9,1,343.812,3.837,40.275
4210.0,23.74,51.6,0.0,-58.9,1,345.226,3.825,40.235
4215.6,23.94,49.8,0.0,-62.4,1,346.179,3.818,40.240
4215.6,24.17,40.8,0.0,-67.8,1,347.621,3.807,40.296
4215.6,24.28,35.5,0.0,-72.9,1,348.587,3.801,40.368
4215.6,24.33,24.4,0.0,-78.6,1,350.037,3.792,40.527
4221.5,24.29,18.9,0.0,-80.8,1,350.999,3.788,40.669
4221.5,24.23,18.6,0.0,-83.2,1,352.431,3.782,40.934
4221.5,24.15,15.2,0.0,-89.7,1,353.846,3.777,41.262
4221.5,24.09,11.9,0.0,-84.6,1,354.777,3.775,41.515
4227.4,23.95,11.7,0.0,-80.9,1,356.153,3.773,41.942
4227.4,23.89,16.7,0.0,-82.0,1,357.056,3.771,42.260
4227.4,23.80,13.2,0.0,-77.3,1,358.387,3.770,42.785
4227.4,23.73,13.5,0.0,-73.7,1,359.258,3.771,43.165
4233.0,23.66,18.5,0.0,-65.8,1,360.540,3.772,43.781
4233.0,23.67,27.7,0.0,-56.8,1,361.378,3.774,44.220
4233.0,23.89,63.2,0.0,-44.4,1,362.616,3.778,44.925
4233.0,24.22,75.9,0.0,-34.6,1,363.436,3.782,45.426
4238.3,24.69,60.2,0.0,-20.3,1,364.666,3.790,46.225
4238.3,25.03,72.5,0.0,-14.2,1,365.485,3.795,46.788
4238.3,25.58,70.0,0.0,-10.2,1,366.717,3.806,47.673
4238.3,25.95,68.5,0.0,-10.7,1,367.542,3.813,48.290
4243.6,26.48,67.8,0.0,-14.7,1,368.784,3.825,49.254
4243.6,26.97,67.6,0.0,-19.2,1,370.029,3.836,50.263
4243.6,27.32,68.0,0.0,-20.7,1,370.860,3.844,50.961
4243.6,27.83,70.3,0.0,-21.9,1,372.105,3.855,52.048
4248.9,28.18,73.1,0.0,-22.6,1,372.934,3.863,52.800
4248.9,28.71,74.7,0.0,-21.9,1,374.174,3.873,53.971
4248.9,29.07,75.1,0.0,-20.3,1,374.996,3.879,54.782
4248.9,29.60,70.9,0.0,-17.6,1,376.222,3.889,56.044
4254.3,29.94,76.4,0.0,-18.8,1,377.031,3.895,56.916
4254.3,30.45,73.1,0.0,-16.5,1,378.232,3.905,58.272
4254.3,30.77,68.4,0.0,-19.4,1,379.021,3.911,59.206
4254.3,31.22,71.8,0.0,-23.4,1,380.186,3.919,60.655
4260.1,31.51,72.8,0.0,-20.0,1,380.948,3.924,61.651
4260.1,31.95,69.2,0.0,-18.1,1,382.066,3.931,63.191
4260.1,32.24,73.9,0.0,-20.1,1,382.795,3.934,64.248
4260.1,32.38,0.0,0.0,-16.2,0,383.856,3.939,65.874
4266.3,32.66,82.2,0.0,-16.5,2,384.866,3.942,67.539
4266.3,33.00,82.7,0.0,-17.8,2,385.520,3.945,68.677
4266.3,33.51,83.2,0.0,-13.8,2,386.473,3.949,70.429
4266.3,33.85,84.6,0.0,-13.9,2,387.089,3.952,71.626
4272.8,34.33,85.5,0.0,-10.8,2,387.986,3.955,73.463
4272.8,34.59,62.1,0.0,-7.5,2,388.565,3.957,74.714
4272.8,35.06,84.5,0.0,-4.2,2,389.408,3.959,76.624
4272.8,35.37,85.8,0.0,-3.6,2,389.955,3.958,77.921
4279.6,35.85,84.1,0.0,-3.4,2,390.754,3.959,79.903
4279.6,36.24,83.4,0.0,-3.7,2,391.277,3.956,81.246
4279.6,36.75,84.2,0.0,-5.0,2,392.043,3.954,83.296
4279.6,37.05,84.2,0.0,-6.3,2,392.544,3.949,84.683
4286.7,37.46,82.4,0.0,-6.8,2,393.276,3.942,86.793
4286.7,37.76,86.6,0.0,-5.6,2,393.752,3.936,88.221
4286.7,38.23,79.4,0.0,-3.3,2,394.449,3.929,90.392
4294.2,38.75,86.3,0.0,-2.0,2,395.124,3.924,92.599
4294.2,39.05,86.5,0.0,-2.3,2,395.562,3.923,94.092
4294.2,39.57,86.4,0.0,-3.5,2,396.206,3.920,96.360
4294.2,39.91,86.5,0.0,-4.3,2,396.625,3.918,97.892
4301.9,40.27,86.9,0.0,-3.5,0,397.240,3.918,100.216
4301.9,40.30,0.0,0.0,-3.7,0,397.642,3.915,101.778
4301.9,40.63,84.7,0.0,-2.6,3,398.228,3.910,104.130
4301.9,40.93,84.9,0.0,-3.2,3,398.613,3.907,105.715
4309.9,41.37,85.2,0.0,-4.0,3,399.183,3.903,108.116
4309.9,41.66,85.2,0.0,-4.0,3,399.557,3.901,109.733
4309.9,42.12,85.3,0.0,-3.8,3,400.111,3.896,112.184
4309.9,42.43,85.3,0.0,-3.9,3,400.474,3.894,113.835
4318.2,42.87,85.4,0.0,-4.4,3,401.009,3.891,116.337
4318.2,43.16,85.5,0.0,-5.5,3,401.356,3.889,118.022
4318.2,43.60,85.7,0.0,-7.5,3,401.862,3.886,120.574
4318.2,44.03,85.8,0.0,-7.8,3,402.346,3.885,123.157
4326.8,44.31,85.9,0.0,-8.3,3,402.654,3.883,124.896
4326.8,44.73,86.1,0.0,-8.1,3,403.090,3.880,127.531
4326.8,45.02,86.1,0.0,-7.8,3,403.364,3.877,129.304
4326.8,45.43,86.2,0.0,-7.9,3,403.744,3.872,131.990
4335.7,45.71,86.3,0.0,-6.8,3,403.977,3.868,133.797
4335.7,46.12,86.4,0.0,-6.7,3,404.295,3.862,136.533
4335.7,46.39,86.4,0.0,-6.3,3,404.486,3.858,138.372
4335.7,46.80,86.5,0.0,-7.1,3,404.743,3.852,141.155
4344.8,47.07,86.5,0.0,-8.0,3,404.895,3.847,143.026
4344.8,47.47,86.7,0.0,-8.6,3,405.092,3.840,145.855
4344.8,47.73,86.7,0.0,-8.4,3,405.202,3.836,147.755
4344.8,48.12,86.8,0.0,-8.0,3,405.333,3.829,150.626
4354.2,48.37,86.8,0.0,-8.4,3,405.396,3.825,152.555
4354.2,48.75,86.9,0.0,-9.3,3,405.455,3.818,155.467
4354.2,48.99,86.9,0.0,-9.7,3,405.470,3.814,157.421
4354.2,49.35,87.1,0.0,-9.8,0,405.450,3.807,160.370
4363.9,49.33,85.0,0.0,-9.9,4,405.379,3.800,163.330
4363.9,49.54,85.2,0.0,-10.1,4,405.302,3.795,165.305
4363.9,49.87,85.4,0.0,-10.6,4,405.141,3.787,168.283
4363.9,50.09,85.5,0.0,-11.0,4,405.003,3.782,170.276
4373.7,50.40,85.7,0.0,-12.1,4,404.745,3.775,173.279
4373.7,50.62,85.8,0.0,-12.8,4,404.541,3.770,175.289
4373.7,50.93,86.0,0.0,-13.2,4,404.185,3.762,178.314
4373.7,51.14,86.1,0.0,-13.7,4,403.912,3.756,180.336
4383.7,51.44,86.3,0.0,-14.8,4,403.449,3.748,183.378
4383.7,51.64,86.4,0.0,-15.2,4,403.104,3.743,185.410
4383.7,51.93,86.6,0.0,-15.1,4,402.530,3.734,188.463
4383.7,52.12,86.7,0.0,-14.6,4,402.108,3.728,190.501
4394.0,52.42,86.8,0.0,-13.5,4,401.414,3.721,193.559
4394.0,52.60,87.0,0.0,-13.6,4,400.911,3.717,195.598
4394.0,52.88,87.2,0.0,-12.5,4,400.094,3.710,198.654
4394.0,53.16,87.3,0.0,-11.3,4,399.201,3.705,201.707
4405.1,53.35,87.4,0.0,-11.7,4,398.563,3.704,203.739
4405.1,53.63,87.5,0.0,-13.3,4,397.543,3.702,206.781
4405.1,53.82,87.5,0.0,-14.9,4,396.823,3.700,208.805
4405.1,54.08,87.7,0.0,-16.3,4,395.680,3.698,211.834
4416.5,54.26,87.8,0.0,-16.5,4,394.876,3.700,213.845
4416.5,54.53,87.9,0.0,-15.5,4,393.607,3.706,216.852
4416.5,54.71,88.0,0.0,-15.1,4,392.721,3.710,218.848
4416.5,54.97,88.1,0.0,-14.4,4,391.332,3.717,221.830
4428.1,55.15,88.2,0.0,-14.2,4,390.365,3.722,223.809
4428.1,55.40,88.4,0.0,-13.8,4,388.855,3.731,226.761
4428.1,55.58,88.4,0.0,-14.0,4,387.809,3.737,228.718
4428.1,55.85,88.5,0.0,-13.4,4,386.184,3.742,231.639
4439.6,56.03,88.6,0.0,-13.0,4,385.064,3.744,233.575
4439.6,56.28,88.7,0.0,-11.8,4,383.328,3.744,236.462
4439.6,56.54,88.8,0.0,-12.6,4,381.523,3.744,239.324
4439.6,56.71,88.9,0.0,-12.4,4,380.280,3.745,241.217
4450.6,56.96,89.0,0.0,-13.3,4,378.358,3.749,244.033
4450.6,57.13,89.1,0.0,-13.6,4,377.038,3.754,245.894
4450.6,57.37,89.2,0.0,-14.5,4,375.001,3.763,248.659
4450.6,57.54,89.3,0.0,-14.7,4,373.608,3.769,250.487
4461.8,57.78,89.4,0.0,-11.8,4,371.464,3.778,253.201
4461.8,57.95,89.4,0.0,-9.3,4,369.999,3.784,254.993
4461.8,58.21,89.5,0.0,-6.8,4,367.750,3.795,257.654
4461.8,58.38,89.6,0.0,-6.4,4,366.218,3.802,259.411
4473.3,58.64,89.7,0.0,-6.2,4,363.875,3.810,262.025
4473.3,58.81,89.8,0.0,-6.0,4,362.286,3.815,263.753
4473.3,59.07,89.9,0.0,-5.9,4,359.862,3.821,266.327
4473.3,59.25,89.9,0.0,-6.0,4,358.220,3.825,268.032
4485.1,59.42,0.0,0.0,-6.1,0,355.724,3.826,270.572
4485.1,59.44,88.6,0.0,-5.4,5,353.196,3.825,273.083
4485.1,59.58,88.8,0.0,-5.2,5,351.489,3.826,274.742
4496.9,59.83,87.8,0.0,-6.5,5,348.896,3.830,277.212
4496.9,59.99,88.4,0.0,-6.8,5,347.147,3.833,278.848
4496.9,60.16,89.2,0.0,-7.1,5,344.490,3.840,281.284
4496.9,60.35,89.2,0.0,-4.9,5,342.697,3.846,282.896
4508.9,60.61,89.2,0.0,-3.0,5,339.978,3.851,285.298
4508.9,60.76,89.3,0.0,-1.0,5,338.146,3.849,286.889
4508.9,60.96,89.4,0.0,0.9,5,335.368,3.846,289.259
4508.9,61.15,89.4,0.0,1.0,5,333.499,3.846,290.830
4521.1,61.38,89.4,0.0,0.2,5,330.675,3.847,293.182
4521.1,61.55,89.5,0.0,-0.1,5,328.782,3.846,294.751
4521.1,61.81,89.5,0.0,0.5,5,325.932,3.842,297.110
4521.1,61.96,89.6,0.0,1.1,5,324.026,3.840,298.689
4533.4,62.18,89.8,0.0,1.3,5,321.159,3.839,301.065
4533.4,62.42,89.8,0.0,0.8,5,318.286,3.838,303.455
4533.4,62.58,89.9,0.0,0.5,5,316.367,3.839,305.057
4533.4,62.81,89.9,0.0,0.8,5,313.484,3.843,307.473
4545.9,62.97,90.0,0.0,1.0,5,311.560,3.848,309.093
4545.9,63.21,90.1,0.0,1.1,5,308.669,3.854,311.535
4545.9,63.36,90.1,0.0,0.9,5,306.738,3.857,313.172
4545.9,63.59,90.2,0.0,-0.1,5,303.839,3.864,315.640
4558.6,63.74,90.3,0.0,-0.7,5,301.902,3.869,317.294
4558.6,63.96,90.4,0.0,-0.5,5,298.991,3.877,319.783
4558.6,64.12,90.4,0.0,0.1,5,297.044,3.880,321.448
4558.6,64.34,90.5,0.0,0.3,5,294.116,3.885,323.953
4571.4,64.49,90.5,0.0,0.4,5,292.158,3.885,325.628
4571.4,64.72,90.6,0.0,0.8,5,289.213,3.881,328.148
4571.4,64.87,90.6,0.0,0.9,5,287.244,3.876,329.834
4571.4,65.09,90.7,0.0,1.0,5,284.287,3.869,332.373
4584.4,65.31,90.8,0.0,0.7,5,281.324,3.860,334.926
4584.4,65.45,90.8,0.0,0.5,5,279.346,3.855,336.637
4584.4,65.66,90.9,0.0,0.5,5,276.376,3.853,339.215
4584.4,65.79,91.0,0.0,0.4,5,274.394,3.853,340.941
4597.5,66.00,91.1,0.0,0.3,5,271.415,3.855,343.541
4597.5,66.16,91.1,0.0,0.2,5,269.426,3.856,345.282
4597.5,66.36,91.2,0.0,-0.0,5,266.437,3.859,347.902
4597.5,66.50,91.2,0.0,-0.0,5,264.440,3.864,349.655
4610.7,66.71,91.3,0.0,-0.1,5,261.439,3.875,352.292
4610.7,66.83,91.3,0.0,0.2,5,259.433,3.884,354.055
4610.7,67.04,91.4,0.0,0.3,5,256.416,3.899,356.705
4610.7,67.17,91.4,0.0,0.3,5,254.399,3.908,358.477
4624.2,67.36,91.5,0.0,-0.0,5,251.368,3.921,361.141
4624.2,67.57,91.6,0.0,0.1,5,248.328,3.939,363.814
4624.2,67.70,91.6,0.0,0.3,5,246.298,3.950,365.601
4624.2,67.90,91.7,0.0,0.4,5,243.244,3.961,368.289
4637.7,68.03,91.7,0.0,0.4,5,241.205,3.968,370.086
4637.7,68.22,91.8,0.0,0.3,5,238.140,3.979,372.790
4637.7,68.34,91.8,0.0,0.3,5,236.093,3.984,374.598
4637.7,68.54,91.9,0.0,0.2,5,233.017,3.986,377.317
4651.3,68.66,91.9,0.0,0.0,5,230.962,3.986,379.136
4651.3,68.85,92.0,0.0,-0.2,5,227.874,3.984,381.871
4651.3,68.97,92.0,0.0,-0.5,5,225.811,3.982,383.699
4651.3,69.15,92.1,0.0,-0.3,5,222.709,3.978,386.446
4665.1,69.28,92.1,0.0,-0.5,5,220.636,3.975,388.281
4665.1,69.46,92.2,0.0,-0.3,5,217.518,3.970,391.037
4665.1,69.63,92.2,0.0,-0.1,5,214.389,3.963,393.797
4665.1,69.75,92.3,0.0,0.0,5,212.297,3.958,395.640
4679.0,69.93,92.3,0.0,-0.1,5,209.152,3.949,398.409
4679.0,70.04,92.4,0.0,0.0,0,207.050,3.945,400.258
4679.0,69.96,91.4,0.0,0.1,6,203.896,3.939,403.031
4679.0,70.07,91.5,0.0,0.3,6,201.793,3.936,404.880
4693.0,70.24,91.5,0.0,0.3,6,198.632,3.931,407.659
4693.0,70.35,91.5,0.0,0.2,6,196.521,3.928,409.516
4693.0,70.52,91.6,0.0,0.1,6,193.350,3.922,412.309
4693.0,70.63,91.6,0.0,0.1,6,191.233,3.918,414.176
4707.1,70.79,91.7,0.0,0.4,6,188.053,3.913,416.983
4707.1,70.96,91.7,0.0,0.4,6,184.867,3.908,419.799
4707.1,71.07,91.8,0.0,0.4,6,182.740,3.906,421.682
4721.3,71.23,91.8,0.0,0.1,6,179.546,3.902,424.513
4721.3,71.33,91.8,0.0,-0.0,6,177.414,3.900,426.406
4721.3,71.50,91.9,0.0,-0.1,6,174.211,3.895,429.252
4721.3,71.60,91.9,0.0,-0.3,6,172.072,3.891,431.154
4735.6,71.76,92.0,0.0,-0.2,6,168.859,3.885,434.012
4735.6,71.87,92.0,0.0,0.1,6,166.712,3.882,435.921
4735.6,72.02,92.0,0.0,-0.1,6,163.487,3.879,438.789
4735.6,72.13,92.1,0.0,-0.2,6,161.332,3.878,440.704
4750.0,72.28,92.1,0.0,-0.1,6,158.093,3.876,443.580
4750.0,72.38,92.1,0.0,0.2,6,155.930,3.876,445.501
4750.0,72.53,92.2,0.0,0.3,6,152.679,3.879,448.386
4750.0,72.68,92.2,0.0,0.3,6,149.421,3.883,451.278
4764.5,72.78,92.2,0.0,0.3,6,147.247,3.885,453.211
4764.5,72.93,92.3,0.0,0.3,6,143.981,3.887,456.116
4764.5,73.03,92.3,0.0,0.3,6,141.802,3.889,458.058
4764.5,73.18,92.4,0.0,0.2,6,138.530,3.892,460.979
4779.1,73.27,92.4,0.0,-0.1,6,136.346,3.893,462.931
4779.1,73.42,92.4,0.0,-0.0,6,133.067,3.895,465.865
4779.1,73.51,92.4,0.0,-0.3,6,130.878,3.896,467.826
4779.1,73.66,92.5,0.0,-0.2,6,127.590,3.899,470.772
4793.8,73.76,92.5,0.0,0.1,6,125.394,3.901,472.739
4793.8,73.89,92.5,0.0,-0.2,6,122.095,3.904,475.693
4793.8,73.99,92.6,0.0,-0.4,6,119.891,3.905,477.666
4793.8,74.13,92.6,0.0,-0.3,6,116.579,3.906,480.628
4808.6,74.22,92.6,0.0,0.0,6,114.367,3.905,482.604
4808.6,74.36,92.7,0.0,-0.0,6,111.041,3.903,485.573
4808.6,74.50,92.7,0.0,-0.5,6,107.708,3.898,488.544
4808.6,74.59,92.7,0.0,-0.2,6,105.482,3.894,490.527
4823.5,74.73,92.8,0.0,-0.0,6,102.134,3.886,493.504
4823.5,74.82,92.8,0.0,0.3,6,99.899,3.880,495.490
4823.5,74.95,92.8,0.0,0.3,6,96.539,3.871,498.472
4823.5,75.04,92.8,0.0,0.1,6,94.295,3.863,500.463
4838.5,75.18,92.9,0.0,-0.1,6,90.925,3.848,503.455
4838.5,75.27,92.9,0.0,0.0,6,88.675,3.837,505.452
4838.5,75.40,92.9,0.0,0.0,6,85.296,3.818,508.453
4838.5,75.49,92.9,0.0,-0.2,6,83.039,3.805,510.457
4853.5,75.61,93.0,0.0,-0.1,6,79.650,3.784,513.466
4853.5,75.70,93.0,0.0,0.1,6,77.387,3.770,515.476
4853.5,75.83,93.0,0.0,-0.2,6,73.987,3.748,518.493
4853.5,75.96,93.1,0.0,-0.0,6,70.581,3.725,521.515
4868.7,76.05,93.1,0.0,-0.4,6,68.306,3.710,523.532
4868.7,76.17,93.1,0.0,-0.6,6,64.889,3.685,526.561
4868.7,76.30,93.2,0.0,-0.6,6,61.465,3.658,529.593
4868.7,76.38,93.2,0.0,-0.3,6,59.178,3.640,531.616
4883.9,76.50,93.2,0.0,-0.8,6,55.741,3.609,534.652
4883.9,76.59,93.2,0.0,-0.4,6,53.444,3.587,536.676
4883.9,76.71,93.3,0.0,0.5,6,49.992,3.552,539.714
4883.9,76.79,93.3,0.0,0.5,6,47.686,3.528,541.740
4899.2,76.91,93.3,0.0,0.7,6,44.223,3.489,544.784
4899.2,77.03,93.4,0.0,0.6,6,40.756,3.446,547.835
4899.2,77.11,93.4,0.0,0.5,6,38.445,3.416,549.874
4914.6,77.24,93.4,0.0,0.4,6,34.977,3.364,552.941
4914.6,77.32,93.4,0.0,0.5,6,32.665,3.326,554.992
4914.6,77.40,93.5,0.0,0.6,6,29.196,3.271,558.076
4914.6,77.50,93.5,0.0,0.5,6,26.883,3.232,560.136
4930.1,77.60,93.6,0.0,0.3,6,23.413,3.174,563.235
4930.1,77.69,93.5,0.0,0.3,6,21.098,3.135,565.305
4930.1,77.81,93.6,0.0,0.1,6,17.624,3.074,568.417
4930.1,77.88,93.6,0.0,0.1,6,15.306,3.034,570.496
4945.7,77.99,93.6,0.0,-0.2,6,11.828,2.974,573.620
4945.7,78.07,93.6,0.0,-0.5,6,9.506,2.936,575.706
4945.7,78.18,93.6,0.0,0.1,6,6.019,2.878,578.837
4945.7,78.25,93.7,0.0,0.1,6,3.691,2.842,580.926
4961.3,78.19,0.0,0.0,-0.6,0,0.196,2.785,584.061
4961.3,78.00,4.8,40.7,-1.0,7,-3.296,2.723,587.188
4961.3,77.44,0.0,70.4,-0.7,7,-5.615,2.684,589.261
4961.3,76.20,0.0,86.1,0.3,7,-9.057,2.626,592.331
4976.7,75.28,0.0,89.0,0.4,7,-11.322,2.588,594.346
4976.7,73.85,0.0,90.5,-0.1,7,-14.669,2.534,597.320
4976.7,72.90,0.0,90.4,-0.5,7,-16.866,2.500,599.268
4976.7,71.49,29.9,92.0,-1.1,0,-20.110,2.452,602.142
4991.3,70.55,0.0,93.3,-1.0,6,-22.241,2.419,604.024
4991.3,69.10,0.0,91.2,-1.1,6,-25.386,2.368,606.796
4991.3,68.15,0.0,90.6,-1.1,6,-27.450,2.334,608.608
4991.3,66.74,0.0,90.6,-0.3,6,-30.498,2.284,611.273
5005.0,65.81,0.0,90.8,-0.1,6,-32.499,2.253,613.014
5005.0,64.41,0.0,90.8,-0.5,0,-35.455,2.208,615.573
5005.0,63.50,34.1,91.8,-0.7,0,-37.394,2.180,617.244
5005.0,62.13,0.0,93.0,-1.1,5,-40.257,2.137,619.699
5017.7,61.19,0.0,92.3,-1.6,5,-42.134,2.108,621.301
5017.7,59.77,0.0,89.8,-1.4,5,-44.902,2.066,623.651
5017.7,58.42,0.0,91.6,-1.5,5,-47.614,2.024,625.938
5017.7,57.49,0.0,91.2,-2.0,5,-49.393,1.997,627.427
5029.4,56.11,0.0,90.9,-3.2,5,-52.018,1.956,629.605
5029.4,55.20,0.0,91.0,-4.5,5,-53.739,1.930,631.019
5029.4,53.87,37.8,92.0,-4.5,0,-56.283,1.891,633.081
5029.4,52.97,0.0,92.3,-3.9,4,-57.954,1.867,634.416
5040.3,51.63,0.0,86.0,-2.6,4,-60.422,1.830,636.357
5040.3,50.76,0.0,79.2,-1.6,4,-62.043,1.806,637.611
5040.3,49.56,0.0,62.6,-0.5,4,-64.442,1.770,639.431
5040.3,48.90,0.0,52.4,-0.8,4,-66.026,1.746,640.602
5050.2,48.04,0.0,42.8,-1.4,4,-68.390,1.712,642.297
5050.2,47.54,0.0,39.7,-2.5,4,-69.961,1.688,643.388
5050.2,46.85,0.0,37.5,-5.1,4,-72.315,1.654,644.964
5050.2,46.40,0.0,37.6,-6.6,4,-73.882,1.631,645.977
5059.5,45.73,0.0,35.6,-9.5,4,-76.229,1.597,647.439
5059.5,45.32,0.0,33.8,-10.5,4,-77.791,1.576,648.375
5059.5,44.71,0.0,30.4,-11.0,4,-80.130,1.543,649.727
5059.5,44.17,0.0,22.5,-9.8,4,-82.467,1.511,651.012
5068.4,43.88,0.0,19.4,-9.5,4,-84.025,1.491,651.834
5068.4,43.48,0.0,16.9,-10.9,4,-86.365,1.459,653.016
5068.4,43.24,42.8,17.0,-11.7,0,-87.926,1.438,653.770
5068.4,42.86,0.0,29.1,-12.4,3,-90.273,1.407,654.853
5076.8,42.49,0.0,36.9,-12.7,3,-91.837,1.385,655.540
5076.8,41.82,0.0,34.8,-12.6,3,-94.171,1.354,656.519
5076.8,41.42,0.0,24.2,-12.3,3,-95.718,1.334,657.134
5076.8,40.96,0.0,12.6,-12.0,3,-98.032,1.305,658.003
5085.1,40.75,0.0,7.8,-12.6,3,-99.573,1.286,658.547
5085.1,40.49,0.0,5.5,-14.3,3,-101.887,1.257,659.311
5085.1,40.34,0.0,3.5,-16.1,3,-103.432,1.238,659.787
5085.1,40.13,0.0,2.9,-18.2,3,-105.753,1.209,660.451
5093.2,40.00,0.0,2.1,-18.9,3,-107.303,1.190,660.859
5093.2,39.81,0.0,1.9,-19.9,3,-109.631,1.162,661.422
5093.2,39.69,0.0,3.0,-20.0,3,-111.184,1.143,661.763
5093.2,39.49,0.0,1.5,-19.2,3,-113.514,1.115,662.222
5101.4,39.37,0.0,2.1,-18.9,3,-115.068,1.097,662.492
5101.4,39.17,0.0,1.7,-19.0,3,-117.398,1.070,662.843
5101.4,38.98,0.0,1.7,-19.1,3,-119.725,1.044,663.129
5101.4,38.86,0.0,2.7,-18.8,3,-121.274,1.027,663.284
5109.5,38.67,0.0,0.9,-18.1,3,-123.594,1.003,663.461
5109.5,38.55,0.0,1.9,-18.3,3,-125.136,0.988,663.542
5109.5,38.37,0.0,0.9,-18.9,3,-127.443,0.967,663.610
5109.5,38.25,0.0,1.3,-19.5,3,-128.975,0.954,663.621
5117.3,38.07,0.0,2.4,-20.6,3,-131.265,0.933,663.586
5117.3,37.95,0.0,0.4,-20.8,3,-132.785,0.920,663.528
5117.3,37.78,0.0,1.4,-20.2,3,-135.052,0.900,663.389
5117.3,37.66,0.0,0.9,-20.1,3,-136.556,0.887,663.262
5125.3,37.48,0.4,0.0,-20.9,3,-138.797,0.869,663.018
5125.3,37.37,0.2,0.8,-21.3,3,-140.281,0.857,662.822
5125.3,37.20,2.3,0.0,-21.3,3,-142.492,0.839,662.477
5125.3,37.10,1.6,0.0,-21.7,3,-143.954,0.827,662.214
5133.0,36.93,0.3,0.3,-21.7,3,-146.130,0.810,661.766
5133.0,36.82,2.7,0.0,-22.1,3,-147.567,0.799,661.435
5133.0,36.67,1.5,0.5,-23.0,3,-149.703,0.784,660.887
5133.0,36.56,2.1,0.1,-23.5,3,-151.112,0.773,660.489
5140.8,36.41,2.7,0.0,-24.2,3,-153.204,0.758,659.844
5140.8,36.24,2.1,0.0,-25.2,3,-155.267,0.743,659.140
5140.8,36.14,3.4,0.0,-25.6,3,-156.625,0.733,658.639
5148.4,35.98,1.2,1.0,-26.0,3,-158.636,0.719,657.839
5148.4,35.86,1.7,0.2,-25.9,3,-159.957,0.710,657.273
5148.4,35.69,0.8,1.3,-25.2,3,-161.908,0.697,656.377
5148.4,35.57,0.0,1.0,-24.6,3,-163.187,0.690,655.747
5156.3,35.43,45.1,0.8,-24.0,0,-165.071,0.681,654.755
5156.3,35.31,0.2,1.6,-23.5,2,-166.305,0.676,654.061
5156.3,35.10,5.4,0.4,-22.6,2,-168.118,0.670,652.977
5156.3,35.01,15.4,0.0,-22.5,2,-169.302,0.666,652.226
5163.8,34.92,11.3,0.0,-22.8,2,-171.042,0.662,651.054
5163.8,34.87,20.6,0.0,-24.0,2,-172.179,0.659,650.243
5163.8,34.87,25.6,0.0,-26.3,2,-173.849,0.658,648.983
5163.8,34.88,26.5,0.0,-28.0,2,-174.940,0.658,648.113
5171.7,34.95,37.4,0.0,-31.0,2,-176.541,0.659,646.764
5171.7,35.02,40.7,0.0,-32.1,2,-177.587,0.660,645.835
5171.7,35.16,45.7,0.0,-33.1,2,-179.124,0.664,644.397
5171.7,35.28,47.8,0.0,-33.3,2,-180.127,0.667,643.408
5179.5,35.47,52.7,0.0,-34.9,2,-181.599,0.671,641.879
5179.5,35.62,54.0,0.0,-36.0,2,-182.558,0.675,640.830
5179.5,35.82,51.7,0.0,-34.8,2,-183.962,0.681,639.212
5179.5,36.00,54.6,0.0,-31.5,2,-185.319,0.689,637.540
5186.8,36.17,63.6,0.0,-29.3,2,-186.199,0.695,636.396
5186.8,36.50,66.1,0.0,-26.6,2,-187.481,0.705,634.635
5186.8,36.70,56.4,0.0,-25.6,2,-188.313,0.712,633.431
5186.8,36.76,13.7,7.1,-24.0,2,-189.520,0.722,631.584
5194.1,36.59,0.0,8.5,-22.8,2,-190.288,0.729,630.334
5194.1,36.29,6.1,0.1,-21.5,2,-191.381,0.742,628.440
5194.1,36.22,27.1,0.0,-20.5,2,-192.071,0.750,627.164
5194.1,36.29,46.4,0.0,-19.8,2,-193.056,0.761,625.226
5201.2,36.41,52.1,0.0,-19.8,2,-193.681,0.767,623.914
5201.2,36.61,52.1,0.0,-17.6,2,-194.576,0.774,621.915
5201.2,36.75,48.1,0.0,-15.1,2,-195.143,0.777,620.562
5201.2,36.94,53.5,0.0,-11.8,2,-195.949,0.780,618.504
5208.2,37.08,52.0,0.0,-10.3,2,-196.457,0.781,617.113
5208.2,37.32,60.6,0.0,-11.3,2,-197.173,0.780,615.000
5208.2,37.51,61.2,0.0,-12.7,2,-197.619,0.780,613.572
5208.2,37.78,64.6,0.0,-15.6,2,-198.240,0.780,611.401
5215.3,38.09,65.7,0.0,-17.0,2,-198.802,0.781,609.196
5215.3,38.30,66.2,0.0,-17.9,2,-199.145,0.782,607.708
5215.3,38.60,69.8,0.0,-19.0,2,-199.611,0.783,605.449
5215.3,38.84,75.1,0.0,-18.1,2,-199.889,0.784,603.926
5222.9,39.23,85.8,0.0,-17.3,2,-200.259,0.787,601.615
5222.9,39.52,79.6,0.0,-15.3,2,-200.474,0.790,600.055
5222.9,39.88,81.2,0.0,-9.2,2,-200.746,0.796,597.689
5222.9,40.12,70.1,0.0,-4.1,2,-200.895,0.800,596.097
5230.9,40.48,76.4,0.0,3.8,2,-201.069,0.808,593.687
5230.9,40.75,87.4,0.0,7.2,0,-201.154,0.816,592.065
5230.9,40.76,68.3,0.0,8.8,3,-201.238,0.829,589.621
5230.9,40.82,18.0,15.5,7.5,3,-201.271,0.840,587.989
5239.0,40.46,0.0,33.9,5.1,3,-201.309,0.857,585.548
5239.0,40.07,0.0,50.9,4.4,3,-201.338,0.868,583.936
5239.0,39.20,0.0,64.5,4.4,3,-201.392,0.883,581.556
5239.0,38.56,0.0,59.5,6.9,3,-201.437,0.893,580.000
5247.0,37.68,0.0,47.6,9.0,3,-201.525,0.910,577.714
5247.0,36.94,0.0,38.8,10.8,3,-201.641,0.926,575.477
5247.0,36.51,0.0,30.6,11.9,3,-201.736,0.937,574.011
5247.0,36.00,0.0,22.5,13.4,0,-201.910,0.954,571.842
5254.5,35.75,43.7,19.0,14.6,0,-202.047,0.964,570.414
5254.5,35.38,0.0,12.6,16.2,2,-202.289,0.977,568.293
5254.5,35.16,0.0,8.6,16.9,2,-202.475,0.986,566.894
5254.5,34.88,0.0,8.8,18.8,2,-202.794,0.998,564.817
5261.7,34.69,0.0,9.2,18.8,2,-203.037,1.008,563.447
5261.7,34.40,0.0,10.9,17.7,2,-203.442,1.021,561.413
5261.7,34.20,0.0,11.5,16.7,2,-203.740,1.030,560.073
5261.7,33.89,0.0,10.6,16.2,2,-204.226,1.045,558.089
5268.8,33.67,0.0,23.4,15.5,2,-204.577,1.055,556.784
5268.8,33.16,0.0,37.0,17.3,2,-205.139,1.073,554.857
5268.8,32.75,0.0,32.4,17.7,2,-205.535,1.084,553.599
5268.8,32.08,0.0,39.4,17.6,2,-206.156,1.102,551.754
5276.2,31.45,0.0,27.8,16.5,2,-206.811,1.119,549.964
5276.2,31.11,0.0,22.5,16.1,2,-207.268,1.131,548.799
5276.2,30.67,0.0,14.7,15.7,2,-207.985,1.150,547.090
5276.2,30.45,0.0,10.6,14.6,2,-208.486,1.164,545.974
5283.0,30.18,0.0,10.5,17.1,2,-209.266,1.185,544.331
5283.0,29.99,0.0,11.3,19.0,2,-209.806,1.199,543.255
5283.0,29.70,0.0,11.8,21.7,2,-210.643,1.220,541.671
5283.0,29.51,0.0,11.0,26.7,2,-211.219,1.233,540.636
5290.5,29.23,0.0,6.7,28.4,2,-212.112,1.252,539.117
5290.5,29.07,0.0,5.2,27.0,2,-212.729,1.264,538.128
5290.5,28.86,0.0,4.1,29.7,2,-213.688,1.283,536.678
5290.5,28.72,0.0,2.1,31.5,2,-214.349,1.295,535.735
5296.9,28.55,0.1,0.1,31.8,2,-215.376,1.313,534.357
5296.9,28.38,0.6,0.0,32.7,2,-216.445,1.329,533.025
5296.9,28.28,1.9,0.0,33.5,2,-217.181,1.340,532.163
5303.1,28.13,5.0,0.0,35.4,2,-218.317,1.355,530.909
5303.1,28.05,5.8,0.0,36.2,2,-219.097,1.364,530.100
5303.1,27.92,8.5,0.0,38.9,2,-220.299,1.378,528.928
5303.1,27.86,10.8,0.0,40.7,2,-221.122,1.386,528.174
5309.5,27.77,14.5,0.0,43.7,2,-222.387,1.398,527.086
5309.5,27.73,17.4,0.0,45.3,2,-223.251,1.406,526.390
5309.5,27.70,24.9,0.0,48.1,2,-224.578,1.417,525.388
5309.5,27.71,28.7,0.0,50.2,2,-225.483,1.423,524.749
5315.3,27.75,29.2,0.0,53.5,2,-226.872,1.432,523.832
5315.3,27.77,27.1,0.0,56.2,2,-227.817,1.438,523.249
5315.3,27.75,22.8,0.0,61.3,2,-229.261,1.445,522.419
5315.3,27.72,18.9,0.0,64.6,2,-230.240,1.450,521.897
5321.1,27.64,16.4,0.0,69.1,2,-231.729,1.456,521.161
5321.1,27.55,14.3,0.0,73.3,2,-233.241,1.460,520.484
5321.1,27.47,13.4,0.0,76.0,2,-234.259,1.463,520.066
5321.1,27.35,11.9,0.0,79.8,2,-235.800,1.467,519.491
5326.8,27.25,11.3,0.0,82.1,2,-236.835,1.468,519.142
5326.8,27.11,10.9,0.0,78.7,2,-238.397,1.471,518.672
5326.8,27.01,48.9,0.0,81.3,0,-239.443,1.471,518.394
5326.8,26.83,6.2,0.0,81.0,1,-241.018,1.472,518.031
5332.4,26.70,12.7,0.0,79.4,1,-242.069,1.472,517.826
5332.4,26.56,13.0,0.0,80.5,1,-243.647,1.472,517.573
5332.4,26.48,12.9,0.0,80.9,1,-244.699,1.471,517.440
5332.4,26.34,12.6,0.0,77.5,1,-246.278,1.468,517.296
5337.9,26.25,12.6,0.0,78.7,1,-247.328,1.466,517.235
5337.9,26.13,12.8,0.0,79.7,1,-248.899,1.462,517.198
5337.9,26.05,12.6,0.0,80.2,1,-249.943,1.459,517.207
5337.9,25.92,12.5,0.0,80.8,1,-251.501,1.454,517.273
5343.3,25.79,12.5,0.0,78.7,1,-253.047,1.448,517.400
5343.3,25.71,12.8,0.0,76.0,1,-254.070,1.444,517.517
5343.3,25.60,14.1,0.0,71.1,1,-255.593,1.437,517.744
5343.3,25.55,15.9,0.0,67.3,1,-256.599,1.431,517.928
5348.7,25.51,20.7,0.0,61.4,1,-258.095,1.423,518.254
5348.7,25.51,26.5,0.0,57.2,1,-259.085,1.416,518.503
5348.7,25.63,40.2,0.0,50.0,1,-260.558,1.405,518.926
5348.7,25.80,55.5,0.0,44.6,1,-261.537,1.397,519.240
5354.0,26.15,47.7,0.0,34.4,1,-263.005,1.384,519.762
5354.0,26.33,43.3,0.0,27.1,1,-263.983,1.374,520.143
5354.0,26.64,52.4,0.0,18.6,1,-265.444,1.358,520.766
5354.0,26.89,56.5,0.0,15.1,1,-266.415,1.348,521.213
5359.8,27.31,57.8,0.0,16.9,1,-267.874,1.331,521.930
5359.8,27.71,55.4,0.0,21.1,1,-269.331,1.314,522.704
5359.8,27.96,55.2,0.0,21.7,1,-270.300,1.303,523.251
5359.8,28.36,55.1,0.0,26.7,1,-271.752,1.285,524.113
5365.7,28.60,53.8,0.0,32.5,1,-272.717,1.272,524.717
5365.7,28.93,54.9,0.0,28.3,1,-274.158,1.253,525.665
5365.7,29.18,56.6,0.0,26.2,1,-275.114,1.240,526.326
5365.7,29.55,56.5,0.0,32.4,1,-276.536,1.220,527.363
5371.8,29.79,58.4,0.0,30.1,1,-277.477,1.206,528.087
5371.8,30.17,63.1,0.0,29.5,1,-278.872,1.185,529.219
5371.8,30.44,62.9,0.0,30.6,1,-279.793,1.171,530.007
5371.8,30.83,62.1,0.0,32.2,1,-281.157,1.149,531.238
5378.2,31.08,63.1,0.0,33.3,1,-282.053,1.134,532.092
5378.2,31.43,63.0,0.0,34.1,1,-283.374,1.110,533.422
5378.2,31.65,55.6,0.0,33.4,1,-284.237,1.095,534.341
5378.2,31.93,57.2,0.0,32.5,1,-285.500,1.071,535.770
5385.5,32.23,58.9,0.0,32.7,1,-286.722,1.049,537.255
5385.5,32.43,57.4,0.0,33.0,1,-287.514,1.034,538.277
5385.5,32.71,60.3,0.0,33.5,0,-288.665,1.012,539.855
5385.5,32.68,0.0,0.0,33.8,0,-289.405,0.997,540.934
5392.5,32.81,60.2,0.0,36.4,2,-290.464,0.974,542.586
5392.5,32.98,60.4,0.0,39.4,2,-291.143,0.959,543.713
5392.5,33.25,55.4,0.0,40.7,2,-292.117,0.936,545.444
5392.5,33.40,55.3,0.0,40.4,2,-292.738,0.921,546.623
5400.2,33.63,56.4,0.0,39.4,2,-293.621,0.901,548.429
5400.2,33.77,50.0,0.0,38.3,2,-294.179,0.887,549.656
5400.2,34.00,56.4,0.0,37.5,2,-294.970,0.865,551.529
5400.2,34.17,52.3,0.0,36.9,2,-295.464,0.850,552.799
5407.6,34.38,56.0,0.0,37.7,2,-296.155,0.828,554.736
5407.6,34.51,46.7,0.0,37.8,2,-296.578,0.815,556.047
5407.6,34.64,43.3,0.0,35.2,2,-297.157,0.796,558.038
5415.6,34.84,62.8,0.0,33.0,2,-297.666,0.779,560.058
5415.6,35.09,77.7,0.0,31.5,2,-297.972,0.767,561.422
5415.6,35.51,84.1,0.0,26.2,2,-298.381,0.750,563.499
5415.6,35.81,67.7,0.0,20.6,2,-298.623,0.738,564.904
5423.1,36.21,83.5,0.0,12.8,2,-298.932,0.723,567.041
5423.1,36.53,73.6,0.0,7.4,2,-299.106,0.714,568.485
5423.1,37.00,85.2,0.0,3.6,2,-299.320,0.701,570.679
5423.1,37.33,86.2,0.0,3.0,2,-299.433,0.693,572.160
5431.1,37.88,86.1,0.0,4.2,2,-299.562,0.682,574.412
5431.1,38.23,86.2,0.0,6.9,2,-299.622,0.677,575.932
5431.1,38.75,85.9,0.0,11.1,2,-299.679,0.671,578.239
5431.1,39.07,84.2,0.0,12.9,2,-299.696,0.668,579.795
5438.9,39.52,80.5,0.0,13.8,2,-299.687,0.665,582.152
5438.9,39.81,78.7,0.0,13.5,2,-299.656,0.663,583.737
5438.9,40.22,77.8,0.0,12.9,2,-299.570,0.659,586.136
5438.9,40.62,79.8,0.0,12.8,2,-299.433,0.654,588.557
5446.9,40.90,83.6,0.0,13.1,2,-299.312,0.650,590.182
5446.9,41.23,0.0,0.0,14.5,0,-299.084,0.643,592.638
5446.9,41.21,85.0,0.0,14.6,3,-298.899,0.638,594.275
5446.9,41.62,85.3,0.0,14.5,3,-298.574,0.628,596.737
5455.0,41.91,85.3,0.0,14.4,3,-298.326,0.621,598.388
5455.0,42.33,85.5,0.0,15.3,3,-297.905,0.609,600.879
5455.0,42.60,85.6,0.0,16.4,3,-297.592,0.599,602.548
5455.0,43.01,85.7,0.0,17.4,3,-297.074,0.582,605.061
5463.3,43.28,85.6,0.0,16.3,3,-296.694,0.569,606.745
5463.3,43.67,84.3,0.0,15.6,3,-296.068,0.550,609.276
5463.3,43.92,83.1,0.0,13.7,3,-295.614,0.536,610.968
5463.3,44.30,81.9,0.0,12.8,3,-294.881,0.513,613.510
5471.9,44.54,80.9,0.0,10.8,3,-294.357,0.495,615.207
5471.9,44.89,79.3,0.0,6.2,3,-293.517,0.466,617.755
5471.9,45.26,76.8,0.0,2.1,3,-292.614,0.434,620.303
5471.9,45.49,75.6,0.0,1.7,3,-291.980,0.411,622.003
5480.9,45.78,73.8,0.0,3.7,3,-290.989,0.374,624.555
5480.9,46.01,73.3,0.0,4.3,3,-290.303,0.350,626.257
5480.9,46.35,73.4,0.0,4.8,3,-289.241,0.317,628.816
5480.9,46.52,72.9,0.0,5.3,3,-288.515,0.292,630.526
5490.0,46.80,74.7,0.0,4.8,3,-287.406,0.245,633.097
5490.0,46.87,0.0,0.0,2.3,0,-286.650,0.211,634.811
5490.0,46.92,53.8,0.0,-0.2,4,-285.495,0.157,637.375
5490.0,47.10,71.9,0.0,0.3,4,-284.708,0.121,639.081
5499.3,47.37,71.3,0.0,2.2,4,-283.502,0.070,641.645
5499.3,47.54,69.7,0.0,4.0,4,-282.682,0.039,643.356
5499.3,47.82,69.0,0.0,5.0,4,-281.433,-0.003,645.929
5499.3,47.99,68.7,0.0,4.5,4,-280.586,-0.032,647.647
5508.8,48.24,68.6,0.0,3.7,4,-279.295,-0.073,650.228
5508.8,48.51,70.1,0.0,3.0,4,-277.979,-0.115,652.814
5508.8,48.63,70.1,0.0,2.9,4,-277.087,-0.139,654.540
5508.8,48.97,71.3,0.0,3.0,4,-275.730,-0.175,657.134
5518.5,49.11,72.4,0.0,3.2,4,-274.810,-0.197,658.866
5518.5,49.42,73.4,0.0,4.7,4,-273.406,-0.222,661.468
5518.5,49.60,73.5,0.0,5.3,4,-272.452,-0.231,663.203
5518.5,49.89,74.5,0.0,6.8,4,-271.000,-0.241,665.810
5528.3,50.07,73.9,0.0,6.1,4,-270.016,-0.251,667.549
5528.3,50.33,70.9,0.0,4.8,4,-268.512,-0.269,670.158
5528.3,50.52,71.0,0.0,3.8,4,-267.487,-0.281,671.895
5528.3,50.77,71.2,0.0,2.8,4,-265.920,-0.297,674.497
5538.4,50.93,71.3,0.0,3.1,4,-264.855,-0.307,676.230
5538.4,51.19,71.5,0.0,3.3,4,-263.231,-0.322,678.827
5538.4,51.36,71.6,0.0,4.3,4,-262.132,-0.331,680.558
5538.4,51.61,71.9,0.0,4.9,4,-260.458,-0.342,683.154
5548.6,51.86,72.2,0.0,4.6,4,-258.755,-0.350,685.749
5548.6,52.04,72.4,0.0,3.4,4,-257.602,-0.353,687.477
5548.6,52.28,72.5,0.0,2.3,4,-255.848,-0.358,690.069
5548.6,52.45,72.5,0.0,1.9,4,-254.664,-0.361,691.796
5559.0,52.70,72.8,0.0,1.4,4,-252.867,-0.365,694.388
5559.0,52.87,72.9,0.0,1.6,4,-251.657,-0.369,696.118
5559.0,53.13,73.0,0.0,1.3,4,-249.825,-0.374,698.717
5559.0,53.30,73.1,0.0,1.8,4,-248.595,-0.378,700.453
5569.5,53.55,73.4,0.0,2.4,4,-246.734,-0.386,703.063
5569.5,53.71,73.6,0.0,2.7,4,-245.483,-0.392,704.805
5569.5,53.96,74.0,0.0,3.0,4,-243.590,-0.399,707.422
5569.5,54.12,74.3,0.0,3.1,4,-242.316,-0.404,709.168
5580.1,54.37,74.7,0.0,3.6,4,-240.385,-0.411,711.788
5580.1,54.62,75.2,0.0,3.9,4,-238.429,-0.416,714.407
5580.1,54.78,75.4,0.0,3.9,4,-237.110,-0.419,716.152
5591.0,55.02,75.9,0.0,4.0,4,-235.108,-0.422,718.767
5591.0,55.19,75.9,0.0,4.1,4,-233.756,-0.424,720.508
5591.0,55.44,76.3,0.0,4.3,4,-231.704,-0.425,723.116
5591.0,55.59,76.6,0.0,4.4,4,-230.318,-0.426,724.850
5602.1,55.83,76.9,0.0,4.7,4,-228.213,-0.427,727.446
5602.1,55.99,77.1,0.0,4.8,4,-226.791,-0.427,729.172
5602.1,56.23,77.3,0.0,4.9,4,-224.629,-0.424,731.752
5602.1,56.39,77.6,0.0,4.9,4,-223.169,-0.422,733.467
5613.4,56.62,77.9,0.0,4.9,4,-220.951,-0.417,736.030
5613.4,56.78,78.2,0.0,4.9,4,-219.452,-0.412,737.732
5613.4,57.01,78.6,0.0,4.9,4,-217.175,-0.401,740.274
5613.4,57.17,79.0,0.0,4.8,4,-215.638,-0.392,741.962
5625.1,57.40,79.6,0.0,4.8,4,-213.302,-0.375,744.482
5625.1,57.63,80.1,0.0,4.9,4,-210.931,-0.357,746.989
5625.1,57.79,80.3,0.0,4.6,4,-209.332,-0.344,748.653
5625.1,58.02,80.8,0.0,4.2,4,-206.904,-0.322,751.137
5636.8,58.17,81.4,0.0,3.9,4,-205.266,-0.306,752.785
5636.8,58.40,82.1,0.0,4.2,4,-202.781,-0.279,755.245
5636.8,58.56,82.2,0.0,4.4,4,-201.106,-0.262,756.878
5636.8,58.80,82.9,0.0,4.9,4,-198.569,-0.237,759.318
5648.7,58.94,83.2,0.0,4.9,4,-196.860,-0.221,760.938
5648.7,59.18,83.9,0.0,4.6,4,-194.270,-0.200,763.356
5648.7,59.33,84.3,0.0,4.9,4,-192.525,-0.187,764.960
5648.7,59.48,0.0,0.0,5.1,0,-189.883,-0.175,767.354
5660.8,59.50,79.8,0.0,4.2,5,-187.217,-0.169,769.724
5660.8,59.63,79.8,0.0,3.9,5,-185.422,-0.165,771.291
5660.8,59.83,77.1,0.0,4.0,5,-182.703,-0.160,773.625
5660.8,60.01,76.8,0.0,4.4,5,-179.953,-0.154,775.939
5673.0,60.12,77.1,0.0,5.0,5,-178.102,-0.149,777.471
5673.0,60.31,77.1,0.0,5.6,5,-175.301,-0.144,779.752
5673.0,60.44,77.2,0.0,5.7,5,-173.416,-0.141,781.262
5673.0,60.62,77.3,0.0,6.0,5,-170.564,-0.140,783.509
5748.5,63.80,80.8,0.0,7.7,5,-111.093,-0.099,819.526
5748.5,63.95,81.2,0.0,8.1,5,-107.587,-0.095,821.072
5761.4,64.06,81.5,0.0,8.2,5,-105.232,-0.091,822.076
5761.4,64.22,81.5,0.0,7.6,5,-101.674,-0.085,823.542
5761.4,64.33,81.6,0.0,7.4,5,-99.285,-0.081,824.492
5761.4,64.49,82.1,0.0,7.2,5,-95.677,-0.076,825.876
5774.3,64.59,82.2,0.0,7.4,5,-93.256,-0.071,826.770
5774.3,64.75,82.2,0.0,7.7,5,-89.600,-0.065,828.070
5774.3,64.90,82.7,0.0,7.2,5,-85.917,-0.061,829.319
5774.3,65.06,83.1,0.0,7.0,5,-82.207,-0.055,830.515
5787.3,65.16,84.1,0.0,7.0,5,-79.718,-0.051,831.283
5787.3,65.33,85.8,0.0,6.9,5,-75.964,-0.044,832.393
5787.3,65.45,86.9,0.0,7.0,5,-73.447,-0.040,833.104
5787.3,65.63,88.2,0.0,7.3,5,-69.651,-0.034,834.127
5800.2,65.74,88.9,0.0,7.0,5,-67.106,-0.028,834.780
5800.2,65.93,89.7,0.0,5.0,5,-63.269,-0.020,835.717
5800.2,66.06,90.2,0.0,4.6,5,-60.699,-0.013,836.314
5800.2,66.24,91.0,0.0,4.0,5,-56.824,-0.001,837.170
5813.3,66.38,91.2,0.0,3.8,5,-54.228,0.008,837.716
5813.3,66.57,91.3,0.0,3.9,5,-50.319,0.026,838.503
5813.3,66.70,91.3,0.0,3.7,5,-47.702,0.039,839.008
5813.3,66.90,91.4,0.0,3.6,5,-43.761,0.060,839.738
5826.6,67.09,91.5,0.0,3.5,5,-39.803,0.083,840.437
5826.6,67.23,91.5,0.0,3.5,5,-37.155,0.097,840.886
5826.6,67.41,91.5,0.0,4.0,5,-33.168,0.119,841.532
5826.6,67.55,91.6,0.0,4.1,5,-30.501,0.134,841.945
5840.0,67.74,91.6,0.0,3.6,5,-26.486,0.159,842.537
5840.0,67.85,91.7,0.0,3.1,5,-23.801,0.177,842.912
5840.0,68.04,91.8,0.0,2.6,5,-19.760,0.207,843.447
5840.0,68.16,91.8,0.0,2.1,5,-17.058,0.225,843.788
5853.6,68.34,91.8,0.0,-0.1,5,-12.992,0.250,844.277
5853.6,68.53,91.9,0.0,-0.4,5,-8.914,0.277,844.746
5853.6,68.65,91.9,0.0,-0.0,5,-6.188,0.295,845.053
-1.9,68.84,92.0,0.0,-0.1,5,-2.089,0.323,845.510
