opponent,v3,Felipe Nasr,0,1771614760757
Game,version,date,track,car,event,laptime [s],S1 [s],S2 [s],S3 [s],S4+ [s]
LMU,1.2,2026-02-20 19:12:40,Silverstone Grand Prix Circuit - ELMS,Porsche Penske Motorsport 2025 #4:LM (Hyper),Live,106.642,0,0,0
Tracklen [m],TotalLaps
5868.9,4
,
,
lapdistance [m],speed [m/s],throttle [%],brake [%],steer [%],gear [int],world_x [m],world_y [m],world_z [m]
168.8,74.59,91.7,0.0,0.1,6,169.289,1.573,863.539
168.8,74.68,91.7,0.0,-0.0,6,172.260,1.593,863.825
168.8,74.81,91.8,0.0,0.1,6,176.724,1.623,864.253
168.8,74.89,91.8,0.0,-0.5,6,179.704,1.643,864.537
183.8,75.02,91.9,0.0,-0.2,6,184.181,1.672,864.964
183.8,75.10,91.9,0.0,0.4,6,187.170,1.689,865.251
183.8,75.23,91.9,0.0,-0.3,6,191.659,1.717,865.680
183.8,75.31,91.9,0.0,-0.8,6,194.656,1.736,865.967
198.8,75.44,92.0,0.0,-0.6,6,199.157,1.764,866.402
198.8,75.52,92.0,0.0,-0.5,6,202.162,1.781,866.696
198.8,75.64,92.1,0.0,-0.3,6,206.674,1.807,867.144
198.8,75.72,92.1,0.0,-0.1,6,209.686,1.821,867.448
213.9,75.84,92.1,0.0,0.1,6,214.209,1.846,867.910
286.2,62.60,0.0,79.4,2.5,0,285.982,2.258,874.123
286.2,61.85,27.5,70.9,2.6,0,288.471,2.266,874.199
286.2,60.80,0.0,55.5,1.9,5,292.151,2.278,874.269
286.2,60.22,0.0,40.8,2.1,5,294.572,2.289,874.283
298.4,59.59,0.0,20.5,3.7,5,298.166,2.304,874.256
298.4,59.29,0.0,17.4,4.9,5,300.544,2.314,874.205
298.4,58.88,0.0,14.9,7.0,5,304.087,2.331,874.078
298.4,58.63,0.0,9.4,8.1,5,306.435,2.343,873.959
310.1,58.33,0.0,5.7,8.9,5,309.936,2.363,873.727
310.1,58.06,0.0,4.5,9.4,5,313.416,2.385,873.428
310.1,57.89,0.0,1.4,9.7,5,315.723,2.400,873.192
310.1,57.67,4.7,0.0,10.0,5,319.165,2.421,872.778
321.5,57.47,3.8,0.0,10.6,5,322.586,2.442,872.293
321.5,57.32,1.1,1.4,11.3,5,324.853,2.456,871.927
321.5,57.09,2.4,0.7,12.6,5,328.231,2.475,871.319
321.5,56.94,1.7,0.1,13.2,5,330.468,2.487,870.874
332.9,56.75,14.0,0.0,13.7,5,333.799,2.503,870.143
332.9,56.64,21.2,0.0,13.9,5,336.004,2.514,869.612
332.9,56.55,32.4,0.0,14.3,5,339.289,2.530,868.752
332.9,56.49,30.3,0.0,14.9,5,341.464,2.540,868.135
344.5,56.37,24.6,0.0,16.0,5,344.702,2.555,867.146
344.5,56.27,15.9,0.0,17.0,5,346.843,2.565,866.444
344.5,56.10,17.6,0.0,18.7,5,350.025,2.580,865.329
344.5,55.99,20.1,0.0,18.7,5,352.125,2.591,864.545
356.2,55.83,16.6,0.0,18.9,5,355.243,2.607,863.306
356.2,55.71,12.8,0.0,19.0,5,357.298,2.619,862.439
356.2,55.51,7.0,0.0,18.9,5,360.346,2.638,861.080
367.9,55.39,46.6,0.0,18.5,5,363.350,2.656,859.651
367.9,55.43,74.5,0.0,18.4,5,365.331,2.668,858.659
367.9,55.54,62.5,0.0,18.5,5,368.278,2.685,857.109
367.9,55.55,52.4,0.0,18.8,5,370.223,2.696,856.036
379.7,55.63,78.6,0.0,19.6,5,373.110,2.714,854.368
379.7,55.73,85.4,0.0,20.0,5,375.016,2.726,853.216
379.7,55.91,85.7,0.0,19.9,5,377.848,2.744,851.429
379.7,56.03,85.8,0.0,19.8,5,379.718,2.755,850.199
391.4,56.21,85.9,0.0,19.6,5,382.496,2.772,848.296
391.4,56.32,85.9,0.0,19.6,5,384.328,2.782,846.990
391.4,56.49,86.1,0.0,19.3,5,387.045,2.797,844.973
391.4,56.61,86.2,0.0,18.7,5,388.835,2.808,843.589
403.1,56.73,64.9,0.0,17.8,5,391.483,2.825,841.457
403.1,56.76,56.6,0.0,17.5,5,393.223,2.836,839.999
403.1,56.75,42.3,0.0,17.2,5,395.790,2.852,837.761
403.1,56.74,47.9,0.0,16.6,5,397.471,2.863,836.236
415.0,56.69,34.7,0.0,15.6,5,399.945,2.880,833.899
415.0,56.57,8.5,22.4,15.1,5,401.562,2.892,832.311
415.0,56.11,0.0,10.8,13.3,5,403.928,2.909,829.894
415.0,55.85,43.7,0.0,10.2,5,406.220,2.925,827.442
426.3,55.92,82.4,0.0,8.3,5,407.713,2.935,825.780
426.3,56.11,86.1,0.0,7.3,5,409.911,2.949,823.238
426.3,56.24,86.2,0.0,7.3,5,411.350,2.957,821.512
426.3,56.45,86.3,0.0,7.5,5,413.466,2.966,818.877
437.5,56.58,86.4,0.0,8.3,5,414.848,2.974,817.089
437.5,56.79,86.5,0.0,10.0,5,416.879,2.989,814.362
437.5,56.94,86.6,0.0,11.2,5,418.209,2.997,812.516
437.5,57.15,86.7,0.0,13.6,5,420.166,3.006,809.709
448.6,57.28,86.8,0.0,13.9,5,421.443,3.014,807.810
448.6,57.47,86.9,0.0,13.4,5,423.311,3.029,804.919
448.6,57.60,87.0,0.0,12.1,5,424.526,3.040,802.965
448.6,57.79,87.1,0.0,9.8,5,426.295,3.059,799.990
459.7,57.91,87.2,0.0,8.9,5,427.440,3.075,797.980
459.7,58.11,87.3,0.0,8.5,5,429.107,3.098,794.925
459.7,58.32,87.4,0.0,8.4,5,430.712,3.123,791.823
459.7,58.44,87.2,0.0,9.0,5,431.749,3.141,789.731
471.2,58.64,87.1,0.0,9.0,5,433.259,3.164,786.560
471.2,58.77,87.6,0.0,8.0,5,434.234,3.180,784.424
471.2,58.99,87.8,0.0,6.9,5,435.647,3.208,781.187
471.2,59.12,87.1,0.0,6.1,5,436.558,3.230,779.008
482.9,59.25,87.0,0.0,3.4,5,437.885,3.256,775.715
482.9,59.40,62.4,0.0,-0.4,5,438.748,3.263,773.505
482.9,59.54,87.2,0.0,-2.9,5,439.991,3.276,770.161
482.9,59.65,88.1,0.0,-1.7,5,440.782,3.291,767.912
494.6,59.91,88.1,0.0,1.8,5,441.922,3.321,764.512
494.6,60.05,88.3,0.0,4.0,5,442.659,3.340,762.230
494.6,60.23,75.0,0.0,5.2,5,443.737,3.367,758.787
494.6,60.34,73.3,0.0,4.6,5,444.439,3.384,756.479
506.5,60.54,88.5,0.0,3.3,5,445.465,3.409,753.002
506.5,60.71,88.5,0.0,1.7,5,446.130,3.426,750.670
506.5,60.93,88.7,0.0,1.3,5,447.102,3.455,747.154
506.5,61.09,88.6,0.0,1.7,5,447.735,3.473,744.797
518.5,61.32,87.9,0.0,3.3,5,448.663,3.503,741.244
518.5,61.56,88.9,0.0,4.2,5,449.566,3.540,737.671
518.5,61.73,89.0,0.0,3.6,5,450.154,3.559,735.278
518.5,61.91,89.1,0.0,2.3,5,451.006,3.584,731.668
530.7,62.05,89.2,0.0,1.8,5,451.550,3.602,729.249
530.7,62.29,89.2,0.0,1.2,5,452.331,3.628,725.602
530.7,62.43,89.2,0.0,1.0,5,452.828,3.643,723.158
530.7,62.64,89.3,0.0,2.5,5,453.537,3.674,719.474
543.2,62.78,89.4,0.0,3.5,5,453.990,3.694,717.007
543.2,63.02,89.4,0.0,3.5,5,454.646,3.720,713.290
543.2,63.17,89.4,0.0,2.6,5,455.068,3.736,710.802
543.2,63.38,89.5,0.0,1.4,5,455.674,3.761,707.055
555.7,63.52,89.6,0.0,0.8,5,456.061,3.781,704.547
555.7,63.74,89.7,0.0,0.7,5,456.622,3.813,700.772
555.7,63.89,89.7,0.0,0.8,5,456.986,3.832,698.245
555.7,64.10,89.8,0.0,0.6,5,457.519,3.864,694.443
568.4,64.25,89.8,0.0,0.6,5,457.867,3.887,691.900
568.4,64.47,89.9,0.0,0.6,5,458.380,3.919,688.073
568.4,64.68,90.0,0.0,0.6,5,458.884,3.952,684.233
568.4,64.82,90.0,0.0,0.6,5,459.216,3.974,681.664
581.2,65.04,90.1,0.0,0.7,5,459.706,4.006,677.800
581.2,65.17,90.1,0.0,0.7,5,460.028,4.028,675.216
581.2,65.38,90.2,0.0,0.7,5,460.504,4.061,671.329
581.2,65.52,90.3,0.0,0.8,5,460.817,4.083,668.730
594.1,65.73,90.3,0.0,0.7,5,461.278,4.116,664.820
594.1,65.86,90.4,0.0,0.8,5,461.581,4.138,662.206
594.1,66.06,90.4,0.0,0.7,5,462.026,4.169,658.274
594.1,66.20,90.5,0.0,0.8,5,462.317,4.192,655.645
607.2,66.40,90.5,0.0,0.9,5,462.744,4.227,651.691
607.2,66.53,90.6,0.0,0.9,5,463.023,4.249,649.047
607.2,66.73,90.7,0.0,1.0,5,463.432,4.283,645.071
607.2,66.86,90.7,0.0,0.9,5,463.697,4.304,642.413
620.5,67.06,90.8,0.0,0.9,5,464.085,4.337,638.415
620.5,67.19,90.8,0.0,1.0,5,464.337,4.359,635.742
620.5,67.38,90.9,0.0,0.9,5,464.703,4.393,631.723
633.9,67.57,90.9,0.0,0.9,5,465.057,4.425,627.690
633.9,67.70,91.0,0.0,0.8,5,465.285,4.447,624.995
633.9,67.89,91.0,0.0,0.7,5,465.617,4.478,620.941
633.9,68.01,91.1,0.0,0.7,5,465.831,4.499,618.232
647.5,68.20,91.1,0.0,0.5,5,466.142,4.531,614.158
647.5,68.32,91.2,0.0,0.6,5,466.343,4.553,611.436
647.5,68.51,91.2,0.0,0.5,5,466.636,4.585,607.342
647.5,68.63,91.3,0.0,0.4,5,466.825,4.607,604.606
661.2,68.81,91.3,0.0,0.4,5,467.102,4.639,600.492
661.2,68.93,91.4,0.0,0.4,5,467.281,4.660,597.744
661.2,69.12,91.4,0.0,0.4,5,467.544,4.692,593.611
661.2,69.23,91.4,0.0,0.5,5,467.714,4.713,590.849
675.0,69.41,91.5,0.0,-0.2,5,467.964,4.743,586.698
675.0,69.53,91.5,0.0,-0.2,5,468.127,4.762,583.924
675.0,69.71,91.6,0.0,-0.3,5,468.369,4.789,579.755
675.0,69.88,91.6,0.0,0.2,5,468.611,4.815,575.574
689.0,70.00,91.7,0.0,0.1,5,468.772,4.831,572.782
689.0,70.17,91.7,0.0,0.6,5,469.015,4.852,568.584
689.0,70.29,91.7,0.0,0.0,5,469.177,4.864,565.780
689.0,70.45,91.8,0.0,-0.1,5,469.418,4.880,561.565
703.1,70.56,91.8,0.0,-0.0,5,469.577,4.891,558.750
703.1,70.65,0.0,0.0,0.3,0,469.815,4.907,554.519
703.1,70.58,91.0,0.0,-0.1,6,469.972,4.917,551.699
703.1,70.74,91.0,0.0,-0.2,6,470.209,4.929,547.466
717.2,70.84,91.1,0.0,-0.3,6,470.367,4.936,544.640
717.2,71.00,91.1,0.0,-0.3,6,470.605,4.944,540.391
717.2,71.11,91.1,0.0,-0.1,6,470.765,4.947,537.554
717.2,71.26,91.2,0.0,0.4,6,471.007,4.952,533.290
731.5,71.37,91.2,0.0,0.6,6,471.170,4.954,530.442
731.5,71.52,91.3,0.0,0.7,6,471.413,4.956,526.163
731.5,71.63,91.3,0.0,0.4,6,471.572,4.955,523.305
731.5,71.78,91.3,0.0,-0.0,6,471.807,4.951,519.009
745.9,71.93,91.4,0.0,0.0,6,472.036,4.945,514.704
745.9,72.03,91.4,0.0,0.1,6,472.186,4.941,511.829
745.9,72.19,91.4,0.0,0.2,6,472.408,4.932,507.508
745.9,72.29,91.5,0.0,0.2,6,472.555,4.925,504.623
760.4,72.44,91.5,0.0,0.2,6,472.774,4.910,500.286
760.4,72.54,91.5,0.0,0.1,6,472.919,4.899,497.391
760.4,72.69,91.6,0.0,0.1,6,473.134,4.878,493.039
760.4,72.79,91.6,0.0,0.1,6,473.276,4.863,490.133
774.9,72.94,91.6,0.0,0.1,6,473.487,4.837,485.767
774.9,73.04,91.7,0.0,0.1,6,473.627,4.821,482.851
774.9,73.18,91.7,0.0,0.0,6,473.834,4.797,478.469
774.9,73.28,91.7,0.0,-0.5,6,473.971,4.782,475.544
789.6,73.42,91.8,0.0,-0.9,6,474.177,4.764,471.148
789.6,73.52,91.8,0.0,-1.3,6,474.316,4.752,468.213
789.6,73.66,91.8,0.0,-1.7,6,474.533,4.733,463.803
789.6,73.76,91.9,0.0,-1.8,6,474.687,4.720,460.859
804.3,73.89,91.9,0.0,-2.5,6,474.936,4.702,456.437
804.3,74.03,91.9,0.0,-2.8,6,475.214,4.684,452.008
804.3,74.12,92.0,0.0,-3.0,6,475.419,4.668,449.053
804.3,74.24,92.0,0.0,-3.0,6,475.759,4.644,444.615
819.0,74.33,92.0,0.0,-3.3,6,476.012,4.630,441.655
819.0,74.46,92.0,0.0,-4.2,6,476.429,4.606,437.211
819.0,74.54,92.1,0.0,-4.2,6,476.733,4.585,434.247
819.0,74.65,92.1,0.0,-4.3,6,477.240,4.556,429.800
833.9,74.72,92.1,0.0,-4.3,6,477.614,4.543,426.837
833.9,74.83,92.2,0.0,-4.8,6,478.228,4.526,422.393
833.9,74.90,92.2,0.0,-4.7,6,478.672,4.512,419.431
833.9,75.01,92.2,0.0,-4.8,6,479.395,4.494,414.992
848.8,75.08,92.2,0.0,-5.2,6,479.915,4.483,412.036
848.8,75.18,92.3,0.0,-4.7,6,480.753,4.467,407.608
848.8,75.25,92.3,0.0,-4.4,6,481.351,4.455,404.659
848.8,75.35,92.3,0.0,-5.3,6,482.304,4.436,400.243
863.7,75.42,92.3,0.0,-5.6,6,482.977,4.421,397.304
863.7,75.52,92.4,0.0,-5.7,6,484.043,4.394,392.903
863.7,75.62,92.4,0.0,-7.6,6,485.176,4.358,388.513
863.7,75.68,92.4,0.0,-7.9,6,485.971,4.330,385.594
878.6,75.76,92.4,0.0,-7.7,6,487.227,4.283,381.228
878.6,75.81,92.5,0.0,-6.6,6,488.110,4.249,378.329
878.6,75.88,92.5,0.0,-5.4,6,489.502,4.197,373.997
878.6,75.93,92.5,0.0,-4.9,6,490.477,4.160,371.122
893.6,76.01,92.5,0.0,-5.0,6,492.008,4.104,366.829
893.6,76.06,92.5,0.0,-5.5,6,493.073,4.065,363.981
893.6,76.15,92.6,0.0,-5.1,6,494.738,4.008,359.729
893.6,76.21,92.6,0.0,-3.7,6,495.891,3.971,356.909
909.4,76.21,41.7,40.0,-0.8,6,497.677,3.914,352.698
909.4,75.80,0.0,47.0,0.9,6,498.896,3.876,349.911
909.4,75.02,0.0,27.5,2.7,6,500.744,3.822,345.781
909.4,74.66,0.0,18.7,3.0,6,501.980,3.789,343.054
924.9,74.14,0.0,42.8,2.9,6,503.823,3.733,338.986
924.9,73.63,0.0,50.2,2.4,6,505.035,3.691,336.289
924.9,72.76,0.0,51.1,2.1,6,506.812,3.631,332.272
940.0,71.91,0.0,46.6,2.7,6,508.530,3.580,328.285
1007.2,61.90,39.9,0.0,6.1,6,526.775,3.210,259.885
1007.2,61.89,77.5,0.0,4.8,6,526.967,3.195,257.418
1007.2,61.85,54.4,0.0,5.1,6,527.156,3.206,253.711
1020.9,61.83,58.6,0.0,5.6,6,527.239,3.216,251.239
1020.9,61.93,72.5,0.0,5.0,6,527.326,3.205,247.530
1020.9,61.96,29.1,0.0,6.5,6,527.348,3.189,245.051
1020.9,61.72,5.9,1.0,9.9,6,527.293,3.178,241.340
1033.8,61.55,0.2,3.1,11.2,6,527.200,3.178,238.876
1033.8,61.28,0.0,0.9,13.1,6,526.988,3.179,235.197
1033.8,61.01,1.3,0.1,14.6,6,526.688,3.186,231.541
1033.8,60.85,5.4,0.0,15.0,6,526.438,3.195,229.116
1046.3,60.62,3.7,0.0,14.4,6,525.990,3.211,225.499
1046.3,60.39,3.2,0.0,13.2,6,525.459,3.228,221.908
1046.3,60.22,0.8,4.9,10.4,6,525.058,3.239,219.528
1058.3,59.94,30.7,7.3,6.6,0,524.386,3.258,215.986
1058.3,59.71,0.0,3.9,4.2,5,523.891,3.274,213.645
1058.3,59.54,55.3,0.0,1.2,5,523.080,3.300,210.162
1058.3,59.63,83.6,0.0,0.1,5,522.497,3.319,207.852
1070.1,59.84,85.5,0.0,0.7,5,521.560,3.349,204.393
1070.1,60.00,85.6,0.0,1.4,5,520.900,3.369,202.089
1070.1,60.23,85.7,0.0,1.3,5,519.871,3.399,198.633
1070.1,60.39,85.8,0.0,0.8,5,519.167,3.419,196.326
1082.2,60.62,85.9,0.0,-0.3,5,518.093,3.450,192.858
1082.2,60.79,86.0,0.0,-1.5,5,517.370,3.469,190.541
1082.2,61.02,86.2,0.0,-2.6,5,516.279,3.498,187.054
1082.2,61.17,86.3,0.0,-2.9,5,515.554,3.516,184.720
1094.5,61.40,86.4,0.0,-3.2,5,514.477,3.541,181.205
1094.5,61.52,62.6,0.0,-3.4,5,513.769,3.557,178.850
1094.5,61.41,2.7,29.0,-4.0,5,512.732,3.578,175.309
1094.5,60.75,0.0,58.4,-4.3,5,511.736,3.596,171.778
1106.8,60.13,0.0,69.7,-4.1,5,511.100,3.608,169.444
1106.8,59.07,0.0,76.6,-3.4,5,510.192,3.626,165.983
1106.8,58.33,0.0,78.3,-2.9,5,509.618,3.636,163.704
1106.8,57.20,0.0,74.4,-2.3,5,508.807,3.651,160.333
1118.6,56.46,0.0,71.0,-2.2,5,508.301,3.660,158.116
1118.6,55.42,0.0,61.3,-2.0,5,507.595,3.674,154.832
1118.6,54.81,0.0,56.1,-2.5,5,507.163,3.685,152.670
1118.6,53.97,0.0,42.4,-3.3,5,506.567,3.699,149.460
1129.8,53.51,0.0,33.6,-4.1,5,506.205,3.708,147.341
1129.8,52.98,0.0,16.1,-5.9,5,505.718,3.720,144.184
1129.8,52.74,0.0,8.2,-7.3,5,505.427,3.727,142.089
1129.8,52.49,0.0,3.2,-9.2,5,505.043,3.734,138.956
1140.8,52.35,0.0,1.4,-10.2,5,504.822,3.737,136.870
1140.8,52.15,0.0,1.6,-11.2,5,504.544,3.740,133.747
1140.8,52.03,0.4,0.2,-11.6,5,504.395,3.739,131.669
1140.8,51.86,7.2,0.0,-12.9,5,504.225,3.735,128.557
1151.7,51.74,15.1,0.0,-14.1,5,504.117,3.721,125.450
1151.7,51.64,14.5,0.0,-13.9,5,504.086,3.710,123.383
1151.7,51.43,32.8,8.2,-13.0,0,504.109,3.696,120.290
1151.7,51.25,0.0,7.2,-11.8,4,504.170,3.690,118.237
1162.5,50.95,0.0,1.0,-9.3,4,504.329,3.684,115.175
1162.5,50.80,3.2,0.1,-7.7,4,504.480,3.682,113.145
1162.5,50.62,8.7,0.0,-6.2,4,504.772,3.681,110.116
1162.5,50.54,14.5,0.0,-5.8,4,505.007,3.679,108.107
1173.1,50.40,15.9,0.0,-5.6,4,505.415,3.672,105.107
1173.1,50.32,14.0,0.0,-6.1,4,505.724,3.663,103.116
1173.1,50.14,2.3,0.2,-7.6,4,506.251,3.652,100.148
1173.1,50.01,7.4,0.0,-7.3,4,506.635,3.638,98.182
1183.7,49.83,15.4,0.0,-8.1,4,507.282,3.625,95.257
1183.7,49.74,18.1,0.0,-9.1,4,507.749,3.614,93.321
1183.7,49.62,6.8,0.0,-10.5,4,508.498,3.587,90.435
1183.7,49.43,8.5,0.0,-12.4,4,509.325,3.562,87.581
1194.5,49.32,7.9,0.0,-14.6,4,509.917,3.546,85.696
1194.5,49.17,6.8,0.0,-17.6,4,510.855,3.517,82.894
1194.5,49.06,6.4,0.0,-19.1,4,511.514,3.494,81.044
1194.5,48.90,8.7,0.0,-20.7,4,512.555,3.456,78.295
1204.7,48.79,9.6,0.0,-20.9,4,513.282,3.430,76.482
1204.7,48.65,11.4,0.0,-20.5,4,514.427,3.388,73.792
1204.7,48.55,20.4,0.0,-19.8,4,515.225,3.359,72.020
1204.7,48.58,60.7,0.0,-17.6,4,516.478,3.315,69.391
1214.6,48.70,78.1,0.0,-15.8,4,517.354,3.287,67.654
1214.6,48.97,83.9,0.0,-11.8,4,518.731,3.249,65.069
1214.6,49.16,83.9,0.0,-9.7,4,519.690,3.225,63.358
1214.6,49.45,84.0,0.0,-5.8,4,521.191,3.194,60.810
1224.4,49.63,74.6,0.0,-3.0,4,522.230,3.175,59.123
1224.4,49.54,3.6,30.7,0.4,4,523.833,3.146,56.612
1224.4,49.17,0.0,51.9,1.3,4,524.916,3.127,54.960
1224.4,48.32,0.0,72.3,4.1,4,526.539,3.099,52.523
1234.2,47.30,0.0,80.5,5.9,4,528.136,3.073,50.137
1234.2,46.56,0.0,83.1,6.4,4,529.176,3.055,48.572
1234.2,45.40,0.0,86.9,6.3,4,530.690,3.026,46.263
1234.2,44.62,0.0,89.0,6.0,0,531.665,3.008,44.747
1243.4,43.48,0.0,75.5,5.0,3,533.073,2.981,42.508
1243.4,42.77,0.0,45.4,4.4,3,533.973,2.963,41.036
1243.4,42.13,0.0,13.5,3.3,3,535.268,2.936,38.845
1243.4,41.91,0.0,6.5,3.7,3,536.095,2.916,37.381
1251.9,41.69,0.0,2.4,6.9,3,537.283,2.886,35.172
1251.9,41.57,0.0,1.6,10.2,3,538.042,2.864,33.690
1251.9,41.40,0.5,0.0,15.0,3,539.132,2.831,31.452
1251.9,41.30,2.9,0.0,16.7,3,539.828,2.808,29.952
1260.3,41.15,2.7,0.0,17.3,3,540.821,2.773,27.687
1260.3,41.05,1.9,0.0,17.0,3,541.450,2.749,26.167
1260.3,40.92,19.9,0.0,16.2,3,542.339,2.713,23.875
1260.3,40.94,41.1,0.0,15.5,3,542.894,2.688,22.336
1268.6,41.13,59.6,0.0,13.5,3,543.675,2.652,20.002
1268.6,41.27,51.8,0.0,15.0,3,544.162,2.628,18.428
1268.6,41.32,13.3,4.7,17.7,3,544.842,2.591,16.044
1277.5,41.09,0.0,10.7,20.4,3,545.457,2.552,13.649
1277.5,40.88,0.0,5.7,20.2,3,545.829,2.525,12.052
1277.5,40.72,28.8,0.0,17.6,3,546.324,2.487,9.656
1277.5,40.77,46.6,0.0,15.4,3,546.613,2.463,8.053
1286.5,40.93,46.9,0.0,14.4,3,546.991,2.428,5.632
1286.5,41.01,43.3,0.0,15.8,3,547.207,2.403,4.008
1286.5,41.11,36.1,0.0,18.3,3,547.478,2.362,1.559
1286.5,41.14,33.4,0.0,19.6,3,547.621,2.334,-0.079
1295.5,41.21,44.4,0.0,20.8,3,547.780,2.290,-2.543
1295.5,41.32,57.9,0.0,21.2,3,547.847,2.261,-4.192
1295.5,41.61,79.1,0.0,21.8,3,547.893,2.218,-6.678
1295.5,41.86,83.6,0.0,21.5,3,547.888,2.187,-8.347
1304.7,42.21,84.6,0.0,20.2,3,547.828,2.139,-10.867
1304.7,42.46,80.5,0.0,18.6,3,547.754,2.105,-12.558
1304.7,42.74,65.5,0.0,15.9,3,547.581,2.053,-15.107
1304.7,42.85,50.5,0.0,13.8,3,547.423,2.020,-16.811
1313.8,42.97,49.2,0.0,10.6,3,547.117,1.973,-19.367
1313.8,43.01,36.7,0.0,7.9,3,546.728,1.930,-21.917
1313.8,43.01,31.6,0.0,6.3,3,546.424,1.903,-23.610
1313.8,43.02,58.9,0.0,4.3,3,545.902,1.864,-26.136
1323.4,43.05,23.5,0.0,1.9,3,545.510,1.840,-27.812
1323.4,42.91,12.4,0.0,2.5,3,544.855,1.808,-30.307
1323.4,42.95,68.4,0.0,2.5,3,544.379,1.786,-31.955
1323.4,43.08,44.1,0.0,5.7,3,543.598,1.755,-34.415
1333.0,43.18,65.4,0.0,8.6,3,543.037,1.733,-36.046
1333.0,43.49,82.7,0.0,13.5,3,542.134,1.699,-38.483
1333.0,43.73,83.8,0.0,16.4,3,541.490,1.677,-40.103
1333.0,44.08,84.9,0.0,20.0,3,540.458,1.646,-42.526
1342.4,44.32,85.0,0.0,21.5,3,539.726,1.629,-44.135
1342.4,44.69,85.1,0.0,24.0,3,538.568,1.603,-46.540
1342.4,44.93,85.2,0.0,25.4,3,537.759,1.586,-48.139
1342.4,45.28,81.3,0.0,26.1,3,536.489,1.557,-50.528
1351.8,45.53,69.2,0.0,25.2,3,535.146,1.532,-52.898
1351.8,45.68,70.8,0.0,24.5,3,534.210,1.517,-54.463
1351.8,45.93,73.9,0.0,22.7,3,532.746,1.495,-56.788
1351.8,46.09,75.1,0.0,21.6,3,531.731,1.481,-58.322
1361.2,46.36,78.3,0.0,19.6,3,530.150,1.459,-60.601
1361.2,46.55,80.9,0.0,17.6,3,529.058,1.444,-62.104
1361.2,46.85,85.5,0.0,14.0,3,527.364,1.419,-64.335
1361.2,47.08,85.1,0.0,11.4,3,526.198,1.401,-65.807
1370.5,47.36,73.5,0.0,7.2,3,524.393,1.371,-67.990
1370.5,47.53,69.9,0.0,4.4,3,523.154,1.350,-69.427
1370.5,47.78,79.6,0.0,1.2,3,521.242,1.317,-71.551
1370.5,47.97,81.9,0.0,-0.5,3,519.931,1.295,-72.947
1379.9,48.30,85.6,0.0,-1.8,3,517.914,1.260,-75.012
1379.9,48.54,86.0,0.0,-1.3,3,516.534,1.236,-76.371
1379.9,48.91,86.0,0.0,1.0,3,514.418,1.196,-78.386
1379.9,49.17,85.9,0.0,3.2,3,512.977,1.167,-79.716
1389.5,49.55,86.0,0.0,6.1,3,510.774,1.124,-81.694
1389.5,49.91,86.0,0.0,7.0,3,508.526,1.083,-83.654
1389.5,50.16,86.1,0.0,6.3,3,507.003,1.058,-84.952
1389.5,50.51,86.2,0.0,5.4,0,504.683,1.021,-86.883
1399.3,50.49,0.0,0.0,5.0,0,503.115,0.995,-88.158
1399.3,50.72,84.3,0.0,4.8,4,500.740,0.954,-90.045
1399.3,50.94,84.3,0.0,5.1,4,499.133,0.924,-91.290
1399.3,51.26,84.4,0.0,3.6,4,496.688,0.879,-93.137
1409.3,51.48,84.6,0.0,3.4,4,495.034,0.848,-94.356
1409.3,51.80,84.7,0.0,4.0,4,492.521,0.802,-96.167
1409.3,52.02,84.9,0.0,3.8,4,490.824,0.772,-97.362
1409.3,52.35,85.0,0.0,2.7,4,488.248,0.730,-99.140
1419.7,52.56,85.1,0.0,1.7,4,486.510,0.703,-100.315
1536.1,61.46,88.1,0.0,-3.8,5,402.037,0.122,-176.745
1536.1,61.61,88.2,0.0,-3.8,5,400.640,0.109,-178.771
1536.1,61.84,88.2,0.0,-3.5,5,398.573,0.088,-181.843
1536.1,61.98,88.3,0.0,-3.2,5,397.213,0.073,-183.912
1548.4,62.21,88.4,0.0,-3.3,5,395.197,0.050,-187.045
1548.4,62.44,88.5,0.0,-2.8,5,393.210,0.029,-190.213
1548.4,62.59,88.6,0.0,-2.9,5,391.901,0.018,-192.343
1548.4,62.81,88.7,0.0,-2.3,5,389.959,0.004,-195.564
1560.9,62.97,88.7,0.0,-2.6,5,388.676,-0.006,-197.728
1560.9,63.19,88.8,0.0,-2.4,5,386.770,-0.018,-200.997
1560.9,63.34,88.9,0.0,-2.5,5,385.511,-0.023,-203.192
1560.9,63.56,89.0,0.0,-2.3,5,383.640,-0.029,-206.507
1573.5,63.71,89.0,0.0,-1.9,5,382.404,-0.032,-208.732
1573.5,63.94,89.1,0.0,-1.5,5,380.565,-0.038,-212.091
1573.5,64.08,89.2,0.0,-1.3,5,379.350,-0.041,-214.344
1573.5,64.31,89.3,0.0,-0.8,5,377.539,-0.047,-217.743
1586.3,64.45,89.3,0.0,0.2,5,376.340,-0.051,-220.021
1586.3,64.67,89.4,0.0,0.8,5,374.546,-0.056,-223.454
1586.3,64.82,89.4,0.0,0.6,5,373.352,-0.058,-225.751
1586.3,65.03,89.5,0.0,0.1,5,371.556,-0.060,-229.208
1599.3,65.18,89.6,0.0,-0.1,5,370.355,-0.062,-231.518
1599.3,65.39,89.6,0.0,-0.2,5,368.546,-0.065,-234.992
1599.3,65.61,89.7,0.0,-0.1,5,366.731,-0.072,-238.477
1599.3,65.75,89.8,0.0,-0.2,5,365.518,-0.079,-240.807
1612.3,65.96,89.8,0.0,-0.5,5,363.695,-0.089,-244.312
1612.3,66.10,89.9,0.0,-0.6,5,362.478,-0.098,-246.656
1612.3,66.31,90.0,0.0,-0.6,5,360.651,-0.113,-250.183
1612.3,66.44,90.0,0.0,-0.6,5,359.432,-0.122,-252.541
1625.6,66.65,90.1,0.0,-0.6,5,357.606,-0.137,-256.091
1625.6,66.78,90.1,0.0,-0.4,5,356.389,-0.147,-258.466
1625.6,66.99,90.2,0.0,-0.3,5,354.567,-0.162,-262.041
1625.6,67.12,90.3,0.0,-0.1,5,353.353,-0.173,-264.432
1638.9,67.32,90.3,0.0,-0.1,5,351.532,-0.189,-268.031
1638.9,67.46,90.4,0.0,0.1,5,350.319,-0.200,-270.438
1638.9,67.66,90.4,0.0,0.1,5,348.497,-0.216,-274.058
1638.9,67.78,90.5,0.0,0.1,5,347.281,-0.227,-276.478
1652.4,67.99,90.5,0.0,-0.1,5,345.452,-0.243,-280.118
1652.4,68.11,90.6,0.0,-0.1,5,344.231,-0.255,-282.550
1652.4,68.31,90.7,0.0,-0.1,5,342.394,-0.274,-286.207
1666.0,68.50,90.7,0.0,0.0,5,340.553,-0.294,-289.875
1666.0,68.63,90.8,0.0,0.1,5,339.323,-0.309,-292.326
1666.0,68.81,90.8,0.0,0.0,5,337.474,-0.331,-296.011
1666.0,68.95,90.9,0.0,0.1,5,336.238,-0.345,-298.474
1679.8,69.14,90.9,0.0,0.1,5,334.381,-0.373,-302.175
1679.8,69.25,91.0,0.0,-0.1,5,333.139,-0.390,-304.649
1679.8,69.43,91.1,0.0,-0.0,5,331.272,-0.410,-308.366
1679.8,69.56,91.1,0.0,0.1,5,330.024,-0.422,-310.850
1693.7,69.75,91.1,0.0,0.1,5,328.148,-0.447,-314.584
1693.7,69.86,91.2,0.0,-0.0,5,326.894,-0.464,-317.079
1693.7,70.04,91.3,0.0,-0.1,5,325.010,-0.488,-320.828
1693.7,70.16,91.3,0.0,-0.4,5,323.751,-0.503,-323.334
1707.7,70.34,91.4,0.0,-0.4,5,321.861,-0.526,-327.100
1707.7,70.45,91.4,0.0,-0.4,5,320.600,-0.541,-329.618
1707.7,70.63,91.4,0.0,-0.3,5,318.709,-0.565,-333.404
1707.7,70.66,0.0,0.0,-0.3,0,317.448,-0.581,-335.934
1721.8,70.65,90.6,0.0,-0.2,6,315.564,-0.604,-339.728
1721.8,70.81,90.6,0.0,-0.3,6,313.680,-0.628,-343.531
1721.8,70.92,90.7,0.0,-0.4,6,312.425,-0.644,-346.072
1721.8,71.08,90.7,0.0,-0.4,6,310.542,-0.667,-349.893
1736.0,71.19,90.8,0.0,-0.2,6,309.287,-0.683,-352.447
1736.0,71.35,90.8,0.0,-0.1,6,307.406,-0.709,-356.287
1736.0,71.46,90.8,0.0,-0.1,6,306.152,-0.726,-358.853
1736.0,71.62,90.9,0.0,-0.1,6,304.271,-0.755,-362.711
1750.3,71.72,90.9,0.0,-0.1,6,303.017,-0.774,-365.288
1750.3,71.88,91.0,0.0,-0.2,6,301.136,-0.805,-369.163
1750.3,71.99,91.0,0.0,-0.1,6,299.881,-0.826,-371.752
1750.3,72.14,91.0,0.0,-0.1,6,297.997,-0.857,-375.643
1764.6,72.25,91.1,0.0,-0.1,6,296.740,-0.878,-378.243
1764.6,72.40,91.1,0.0,-0.1,6,294.853,-0.912,-382.150
1764.6,72.50,91.1,0.0,-0.1,6,293.595,-0.935,-384.760
1764.6,72.65,91.2,0.0,-0.0,6,291.704,-0.968,-388.683
1779.1,72.75,91.2,0.0,-0.0,6,290.443,-0.989,-391.303
1779.1,72.90,91.3,0.0,0.0,6,288.549,-1.022,-395.240
1779.1,73.05,91.3,0.0,0.0,6,286.651,-1.055,-399.186
1779.1,73.15,91.4,0.0,0.1,6,285.384,-1.079,-401.821
1793.7,73.30,91.4,0.0,0.1,6,283.480,-1.115,-405.780
1793.7,73.39,91.4,0.0,0.1,6,282.209,-1.136,-408.424
1793.7,73.54,91.5,0.0,0.1,6,280.298,-1.163,-412.396
1793.7,73.64,91.5,0.0,0.1,6,279.021,-1.180,-415.048
1808.4,73.78,91.5,0.0,0.1,6,277.102,-1.209,-419.032
1808.4,73.88,91.6,0.0,0.1,6,275.820,-1.228,-421.692
1808.4,74.03,91.6,0.0,0.1,6,273.892,-1.257,-425.688
1808.4,74.12,91.6,0.0,0.2,6,272.604,-1.277,-428.356
1823.2,74.26,91.7,0.0,0.1,6,270.667,-1.306,-432.363
1823.2,74.35,91.7,0.0,0.1,6,269.372,-1.327,-435.038
1823.2,74.49,91.7,0.0,0.2,6,267.424,-1.357,-439.055
1823.2,74.58,91.8,0.0,0.2,6,266.122,-1.376,-441.737
1838.1,74.72,91.8,0.0,0.3,6,264.163,-1.406,-445.765
1838.1,74.81,91.8,0.0,0.3,6,262.853,-1.425,-448.453
1838.1,74.94,91.9,0.0,0.3,6,260.883,-1.453,-452.489
1838.1,75.07,91.9,0.0,0.2,6,258.905,-1.480,-456.531
1853.1,75.17,91.9,0.0,0.2,6,257.581,-1.497,-459.229
1853.1,75.30,92.0,0.0,0.3,6,255.590,-1.523,-463.279
1853.1,75.39,92.0,0.0,0.3,6,254.258,-1.541,-465.982
1853.1,75.52,92.0,0.0,0.3,6,252.253,-1.568,-470.041
1868.2,75.60,92.0,0.0,0.3,6,250.912,-1.585,-472.749
1868.2,75.73,92.1,0.0,0.3,6,248.893,-1.612,-476.815
1868.2,75.82,92.1,0.0,0.2,6,247.543,-1.630,-479.529
1868.2,75.94,92.1,0.0,0.2,6,245.510,-1.654,-483.602
1883.3,76.03,92.2,0.0,0.2,6,244.151,-1.671,-486.320
1883.3,76.16,92.2,0.0,0.2,6,242.105,-1.696,-490.402
1883.3,76.24,92.2,0.0,0.2,6,240.737,-1.711,-493.125
1883.3,76.36,92.2,0.0,0.2,6,238.679,-1.733,-497.214
1898.6,76.44,92.3,0.0,0.2,6,237.303,-1.749,-499.942
1898.6,76.57,92.3,0.0,0.2,6,235.233,-1.772,-504.039
1898.6,76.65,92.3,0.0,0.2,6,233.850,-1.788,-506.773
1898.6,76.77,92.4,0.0,0.1,6,231.770,-1.811,-510.879
1913.9,76.89,92.4,0.0,0.1,6,229.683,-1.835,-514.989
1913.9,76.97,92.4,0.0,0.1,6,228.288,-1.851,-517.732
1913.9,77.09,92.4,0.0,0.1,6,226.191,-1.876,-521.850
1913.9,77.17,92.5,0.0,0.1,6,224.789,-1.894,-524.598
1929.3,77.28,92.5,0.0,0.0,6,222.682,-1.918,-528.725
1929.3,77.36,92.5,0.0,-0.0,6,221.274,-1.932,-531.479
1929.3,77.49,92.5,0.0,-0.1,6,219.159,-1.954,-535.614
1929.3,77.56,92.5,0.0,-0.2,6,217.746,-1.970,-538.374
1944.8,77.68,92.6,0.0,-0.3,6,215.625,-1.998,-542.520
1944.8,77.75,92.6,0.0,-0.3,6,214.210,-2.020,-545.287
1944.8,77.86,92.6,0.0,-0.3,6,212.087,-2.058,-549.445
1944.8,77.94,92.6,0.0,-0.2,6,210.672,-2.085,-552.221
1960.3,78.05,92.7,0.0,-0.3,6,208.550,-2.130,-556.392
1960.3,78.12,92.7,0.0,-0.4,6,207.137,-2.161,-559.177
1960.3,78.24,92.7,0.0,-0.5,6,205.019,-2.208,-563.362
1960.3,78.31,92.7,0.0,-0.5,6,203.608,-2.242,-566.157
1976.0,78.42,92.8,0.0,-0.4,6,201.495,-2.293,-570.357
1976.0,78.53,92.8,0.0,-0.3,6,199.385,-2.345,-574.566
1976.0,78.60,92.8,0.0,-0.2,6,197.981,-2.380,-577.377
1991.7,78.71,92.8,0.0,-0.2,6,195.878,-2.435,-581.601
1991.7,78.78,92.8,0.0,-0.2,6,194.479,-2.471,-584.422
1991.7,78.88,92.9,0.0,-0.1,6,192.382,-2.525,-588.661
1991.7,78.95,92.9,0.0,-0.1,6,190.985,-2.559,-591.492
2007.4,79.07,92.9,0.0,0.1,6,188.891,-2.614,-595.744
2007.4,79.13,92.9,0.0,0.2,6,187.495,-2.653,-598.583
2007.4,79.23,93.0,0.0,0.3,6,185.399,-2.710,-602.846
2007.4,79.30,93.0,0.0,0.4,6,184.000,-2.747,-605.691
2023.3,79.40,93.0,0.0,0.6,6,181.897,-2.804,-609.961
2023.3,79.39,0.0,0.0,0.7,0,180.492,-2.838,-612.810
2023.3,79.33,92.3,0.0,0.7,7,178.380,-2.890,-617.075
2023.3,79.40,92.3,0.0,0.7,7,176.967,-2.925,-619.917
2039.1,79.49,92.3,0.0,0.7,7,174.836,-2.976,-624.181
2039.1,79.58,92.4,0.0,0.7,7,172.691,-3.018,-628.443
2039.1,79.64,92.4,0.0,0.7,7,171.252,-3.044,-631.284
2039.1,79.74,92.4,0.0,0.5,7,169.082,-3.083,-635.544
2055.1,79.80,92.4,0.0,0.5,7,167.626,-3.107,-638.383
2055.1,79.88,92.4,0.0,0.5,7,165.429,-3.140,-642.639
2055.1,79.94,92.4,0.0,0.5,7,163.957,-3.160,-645.476
2055.1,80.04,92.4,0.0,0.4,7,161.737,-3.186,-649.731
2071.0,80.09,92.5,0.0,0.5,7,160.250,-3.200,-652.567
2071.0,80.17,92.5,0.0,0.6,7,158.010,-3.218,-656.821
2071.0,80.23,92.5,0.0,0.5,7,156.510,-3.226,-659.657
2071.0,80.32,92.5,0.0,0.5,7,154.250,-3.234,-663.910
2087.1,80.38,92.5,0.0,0.4,7,152.738,-3.236,-666.746
2087.1,80.46,92.6,0.0,0.4,7,150.460,-3.238,-670.999
2087.1,80.52,92.6,0.0,0.4,7,148.936,-3.237,-673.835
2087.1,80.60,92.6,0.0,0.3,7,146.641,-3.231,-678.089
2103.1,80.65,92.6,0.0,0.3,7,145.105,-3.225,-680.924
2103.1,80.73,92.6,0.0,0.4,7,142.792,-3.213,-685.177
2103.1,80.81,92.6,0.0,0.5,7,140.469,-3.196,-689.430
2103.1,80.86,92.6,0.0,0.6,7,138.914,-3.181,-692.265
2119.2,80.93,92.7,0.0,0.6,7,136.573,-3.155,-696.516
2119.2,80.98,92.7,0.0,0.6,7,135.005,-3.135,-699.349
2119.2,81.06,92.7,0.0,0.8,7,132.643,-3.100,-703.597
2119.2,81.10,92.7,0.0,1.0,7,131.059,-3.075,-706.427
2135.4,81.18,92.7,0.0,1.3,7,128.671,-3.034,-710.670
2135.4,81.22,92.7,0.0,1.4,7,127.069,-3.003,-713.495
2135.4,81.29,92.8,0.0,1.6,7,124.648,-2.950,-717.726
2135.4,81.33,92.8,0.0,1.7,7,123.020,-2.911,-720.541
2151.6,81.31,37.4,17.5,1.9,7,120.557,-2.847,-724.755
2151.6,80.96,0.0,54.9,1.6,7,118.904,-2.802,-727.549
2151.6,79.90,0.0,82.9,1.3,7,116.424,-2.728,-731.693
2151.6,79.04,0.0,88.8,1.0,7,114.778,-2.674,-734.414
2167.6,77.68,0.0,91.8,0.8,7,112.325,-2.588,-738.427
2167.6,76.74,0.0,91.5,0.6,7,110.700,-2.530,-741.056
2167.6,75.37,0.0,91.8,0.5,7,108.283,-2.439,-744.928
2167.6,74.45,0.0,91.9,0.6,7,106.684,-2.379,-747.464
2182.7,73.07,0.0,91.6,1.1,7,104.305,-2.288,-751.198
2182.7,71.72,0.0,91.8,1.7,7,101.952,-2.198,-754.851
2182.7,70.82,0.0,92.8,2.0,7,100.395,-2.140,-757.241
2182.7,69.51,23.1,95.8,2.2,0,98.078,-2.059,-760.758
2197.0,68.55,0.0,92.7,1.7,6,96.545,-2.012,-763.056
2197.0,67.17,0.0,90.9,0.2,6,94.256,-1.935,-766.425
2197.0,66.30,0.0,92.8,0.3,6,92.736,-1.883,-768.620
2197.0,64.94,0.0,91.5,0.2,6,90.469,-1.809,-771.842
2210.3,64.04,0.0,90.7,0.4,6,88.968,-1.760,-773.942
2210.3,62.73,0.0,91.4,1.7,6,86.729,-1.685,-777.018
2210.3,61.85,29.7,91.4,2.0,0,85.248,-1.637,-779.023
2210.3,60.54,0.0,91.9,1.6,5,83.041,-1.567,-781.961
2222.7,59.67,0.0,91.6,1.5,5,81.583,-1.522,-783.875
2222.7,58.36,0.0,91.2,1.2,5,79.412,-1.459,-786.674
2222.7,57.48,0.0,90.6,1.4,5,77.975,-1.418,-788.494
2222.7,56.20,0.0,88.2,1.8,5,75.837,-1.359,-791.153
2234.2,54.94,0.0,88.8,2.5,5,73.717,-1.303,-793.729
2234.2,54.11,31.9,90.2,2.7,0,72.312,-1.268,-795.399
2234.2,52.87,0.0,81.5,2.2,4,70.218,-1.216,-797.834
2234.2,52.09,0.0,73.1,1.6,4,68.830,-1.182,-799.410
2244.9,51.06,0.0,45.4,0.4,4,66.753,-1.131,-801.704
2244.9,50.54,0.0,29.8,-0.4,4,65.366,-1.098,-803.190
2244.9,50.02,0.0,18.2,0.2,4,63.270,-1.048,-805.358
2244.9,49.75,0.0,14.6,2.4,4,61.857,-1.015,-806.767
2254.9,49.39,0.0,11.5,6.5,4,59.714,-0.965,-808.830
2254.9,49.19,0.0,10.3,8.8,4,58.271,-0.931,-810.174
2254.9,48.89,0.0,9.0,11.0,4,56.086,-0.880,-812.144
2254.9,48.70,0.0,7.8,11.5,4,54.616,-0.846,-813.428
2264.6,48.44,0.0,7.6,11.4,4,52.390,-0.796,-815.309
2264.6,48.25,0.0,6.4,11.1,4,50.891,-0.764,-816.531
2264.6,47.99,0.0,5.2,10.2,4,48.618,-0.716,-818.312
2264.6,47.83,0.0,3.3,10.0,4,47.086,-0.684,-819.463
2274.2,47.61,0.0,2.5,10.4,4,44.762,-0.635,-821.135
2274.2,47.39,0.0,2.2,11.5,4,42.410,-0.588,-822.743
2274.2,47.25,0.0,0.6,12.0,4,40.825,-0.557,-823.778
2283.8,47.06,5.2,0.0,12.6,4,38.424,-0.510,-825.275
2283.8,46.95,6.6,0.0,13.0,4,36.807,-0.478,-826.234
2283.8,46.79,6.6,0.0,13.8,4,34.359,-0.430,-827.618
2283.8,46.68,6.6,0.0,12.2,4,32.712,-0.397,-828.502
2293.5,46.52,5.1,0.0,10.5,4,30.221,-0.349,-829.771
2293.5,46.41,4.6,0.0,9.6,4,28.548,-0.318,-830.580
2293.5,46.25,6.0,0.0,10.7,4,26.021,-0.270,-831.738
2293.5,46.15,8.1,0.0,11.1,4,24.325,-0.238,-832.472
2303.2,46.02,13.4,0.0,13.2,4,21.766,-0.189,-833.517
2303.2,45.94,12.6,0.0,12.8,4,20.049,-0.155,-834.176
2303.2,45.80,5.6,0.0,15.1,4,17.461,-0.106,-835.112
2303.2,45.70,3.9,0.0,17.1,4,15.728,-0.075,-835.700
2312.9,45.52,7.4,0.0,18.5,4,13.118,-0.030,-836.524
2312.9,45.41,8.6,0.0,16.2,4,11.372,0.000,-837.032
2312.9,45.25,6.7,0.0,15.2,4,8.743,0.048,-837.730
2312.9,45.08,5.0,0.0,14.7,4,6.106,0.097,-838.351
2322.5,44.96,3.3,0.0,14.7,4,4.344,0.129,-838.723
2322.5,44.78,3.5,0.0,14.7,4,1.698,0.176,-839.219
2322.5,44.65,3.0,0.0,14.9,4,-0.067,0.207,-839.508
2322.5,44.47,2.4,0.0,16.0,4,-2.715,0.252,-839.878
2332.0,44.35,3.1,0.0,16.4,4,-4.480,0.281,-840.085
2332.0,44.17,3.4,0.0,15.3,4,-7.123,0.323,-840.333
2332.0,44.05,2.9,0.0,14.6,4,-8.883,0.350,-840.458
2332.0,43.86,0.1,0.6,14.5,4,-11.518,0.389,-840.585
2341.4,43.78,27.0,0.0,14.3,4,-13.270,0.415,-840.630
2341.4,43.87,66.1,0.0,13.8,4,-15.897,0.451,-840.640
2341.4,43.98,47.7,10.8,13.6,4,-17.654,0.473,-840.610
2341.4,43.69,0.0,40.5,14.7,4,-20.285,0.505,-840.510
2350.8,43.30,0.0,18.9,15.6,4,-22.023,0.524,-840.409
2350.8,43.01,24.5,0.0,15.6,4,-24.602,0.550,-840.206
2350.8,43.05,69.1,0.0,15.5,4,-26.314,0.566,-840.033
2350.8,43.32,81.8,0.0,15.5,4,-28.885,0.587,-839.720
2360.0,43.59,81.4,0.0,16.1,4,-31.464,0.604,-839.340
2360.0,43.76,81.6,0.0,16.2,4,-33.186,0.615,-839.049
2360.0,44.03,82.1,0.0,16.4,4,-35.772,0.631,-838.552
2360.0,44.21,81.9,0.0,16.3,4,-37.497,0.641,-838.182
2369.1,44.48,81.4,0.0,16.1,4,-40.085,0.658,-837.566
2369.1,44.65,77.7,0.0,15.9,4,-41.809,0.668,-837.116
2369.1,44.88,70.8,0.0,15.7,4,-44.393,0.683,-836.384
2369.1,45.02,70.2,0.0,15.5,4,-46.112,0.692,-835.857
2378.6,45.24,75.1,0.0,16.1,4,-48.684,0.702,-835.012
2378.6,45.40,75.2,0.0,15.8,4,-50.393,0.709,-834.410
2378.6,45.63,76.5,0.0,15.6,4,-52.948,0.718,-833.448
2378.6,45.79,76.5,0.0,15.4,4,-54.645,0.724,-832.767
2388.2,46.04,78.8,0.0,15.3,4,-57.180,0.732,-831.689
2388.2,46.22,80.1,0.0,15.1,4,-58.863,0.736,-830.933
2388.2,46.49,82.6,0.0,15.0,4,-61.376,0.738,-829.744
2388.2,46.68,83.2,0.0,14.9,4,-63.044,0.738,-828.913
2397.9,46.96,82.6,0.0,15.0,4,-65.532,0.737,-827.610
2397.9,47.23,79.7,0.0,15.7,4,-68.002,0.734,-826.238
2397.9,47.39,76.2,0.0,16.1,4,-69.637,0.731,-825.285
2397.9,47.63,74.8,0.0,16.5,4,-72.071,0.724,-823.801
2407.6,47.78,77.3,0.0,16.7,4,-73.678,0.718,-822.775
2407.6,48.02,80.0,0.0,16.7,4,-76.068,0.709,-821.178
2407.6,48.19,79.7,0.0,16.4,4,-77.645,0.703,-820.076
2407.6,48.44,75.3,0.0,16.1,4,-79.986,0.691,-818.368
2417.3,48.57,65.4,0.0,16.0,4,-81.529,0.682,-817.192
2417.3,48.70,59.4,0.0,16.5,4,-83.813,0.667,-815.376
2417.3,48.81,70.5,0.0,17.1,4,-85.314,0.656,-814.131
2417.3,49.06,83.6,0.0,17.5,4,-87.533,0.638,-812.211
2426.9,49.23,78.7,0.0,17.7,4,-88.994,0.625,-810.896
2426.9,49.44,70.9,0.0,18.3,4,-91.153,0.602,-808.872
2426.9,49.57,76.2,0.0,18.2,4,-92.570,0.586,-807.490
2426.9,49.82,84.9,0.0,17.2,4,-94.661,0.559,-805.365
2436.6,50.00,85.5,0.0,16.5,4,-96.031,0.541,-803.913
2436.6,50.27,85.7,0.0,16.3,4,-98.050,0.514,-801.684
2436.6,50.55,85.8,0.0,16.0,4,-100.025,0.484,-799.394
2436.6,50.72,85.9,0.0,15.6,4,-101.316,0.464,-797.834
2446.2,51.00,86.0,0.0,15.4,4,-103.213,0.431,-795.445
2446.2,51.18,86.1,0.0,15.6,4,-104.452,0.408,-793.820
2446.2,51.46,86.3,0.0,15.6,4,-106.271,0.370,-791.336
2446.2,51.64,86.4,0.0,15.3,4,-107.456,0.343,-789.650
2456.2,51.92,86.5,0.0,15.4,4,-109.195,0.299,-787.076
2456.2,52.09,86.7,0.0,15.0,4,-110.326,0.266,-785.332
2456.2,52.33,86.9,0.0,12.6,4,-111.984,0.215,-782.673
2456.2,52.54,86.9,0.0,9.3,4,-113.062,0.177,-780.874
2466.4,52.80,87.1,0.0,4.1,4,-114.638,0.117,-778.136
2466.4,52.99,87.1,0.0,0.8,4,-115.657,0.077,-776.283
2466.4,53.15,87.7,0.0,-0.3,4,-117.129,0.032,-773.460
2466.4,53.18,42.4,0.0,-3.3,4,-118.091,-0.005,-771.564
2476.9,53.37,54.3,0.0,-9.4,4,-119.526,-0.094,-768.714
2476.9,53.46,60.6,0.0,-11.3,4,-120.473,-0.164,-766.801
2476.9,53.69,86.4,0.0,-8.5,4,-121.864,-0.260,-763.906
2487.7,54.03,87.7,0.0,-2.4,4,-123.247,-0.340,-760.989
2487.7,54.17,88.0,0.0,0.6,4,-124.178,-0.396,-759.036
2487.7,54.58,85.7,0.0,2.9,4,-125.594,-0.500,-756.100
2487.7,54.79,87.8,0.0,2.0,4,-126.562,-0.571,-754.140
2498.8,55.11,87.9,0.0,-0.8,4,-128.045,-0.675,-751.198
2498.8,55.32,88.0,0.0,-2.5,4,-129.051,-0.742,-749.233
2498.8,55.64,88.1,0.0,-3.7,4,-130.579,-0.843,-746.278
2498.8,55.86,88.2,0.0,-3.4,4,-131.613,-0.911,-744.304
2510.3,56.19,88.3,0.0,-2.5,4,-133.187,-1.014,-741.338
2510.3,56.38,88.4,0.0,-1.9,4,-134.255,-1.080,-739.357
2510.3,56.70,88.5,0.0,-1.8,4,-135.881,-1.185,-736.383
2510.3,56.91,88.6,0.0,-1.8,4,-136.981,-1.261,-734.398
2521.8,57.21,88.6,0.0,-2.0,4,-138.658,-1.383,-731.417
2521.8,57.40,88.8,0.0,-2.3,4,-139.793,-1.465,-729.428
2521.8,57.71,88.9,0.0,-2.2,4,-141.520,-1.594,-726.441
2521.8,57.91,88.9,0.0,-2.5,4,-142.688,-1.685,-724.448
2533.5,58.21,89.0,0.0,-2.3,4,-144.464,-1.828,-721.455
2533.5,58.51,89.1,0.0,-1.7,4,-146.273,-1.975,-718.462
2533.5,58.71,89.2,0.0,-1.4,4,-147.497,-2.073,-716.465
2533.5,59.00,89.3,0.0,-1.5,4,-149.358,-2.220,-713.469
2545.4,59.20,89.4,0.0,-1.9,4,-150.615,-2.319,-711.469
2545.4,59.50,89.5,0.0,-2.1,4,-152.523,-2.469,-708.467
2545.4,59.69,89.6,0.0,-1.8,4,-153.811,-2.568,-706.464
2545.4,59.97,89.7,0.0,-1.5,4,-155.767,-2.710,-703.458
2557.4,60.16,89.7,0.0,-1.3,4,-157.086,-2.801,-701.452
2557.4,60.45,89.8,0.0,-1.4,4,-159.087,-2.936,-698.441
2557.4,60.63,89.9,0.0,-1.3,4,-160.434,-3.026,-696.431
2557.4,60.91,90.0,0.0,-1.5,4,-162.475,-3.156,-693.414
2569.6,61.09,90.1,0.0,-1.5,0,-163.849,-3.240,-691.399
2569.6,61.06,88.9,0.0,-1.1,5,-165.926,-3.360,-688.383
2569.6,61.23,88.9,0.0,-0.9,5,-167.320,-3.433,-686.375
2569.6,61.48,89.0,0.0,-0.9,5,-169.429,-3.534,-683.361
2582.0,61.64,89.1,0.0,-0.9,5,-170.847,-3.596,-681.349
2582.0,61.89,89.2,0.0,-0.9,5,-172.990,-3.681,-678.327
2582.0,62.13,89.2,0.0,-0.7,5,-175.155,-3.751,-675.302
2582.0,62.30,89.3,0.0,-0.7,5,-176.608,-3.790,-673.283
2594.5,62.54,89.4,0.0,-0.7,5,-178.805,-3.838,-670.250
2594.5,62.70,89.4,0.0,-0.7,5,-180.279,-3.865,-668.226
2594.5,62.94,89.5,0.0,-0.7,5,-182.505,-3.897,-665.185
2594.5,63.09,89.6,0.0,-0.7,5,-183.999,-3.916,-663.155
2607.1,63.33,89.6,0.0,-0.7,5,-186.253,-3.941,-660.106
2607.1,63.48,89.7,0.0,-0.7,5,-187.764,-3.958,-658.070
2607.1,63.72,89.8,0.0,-0.7,5,-190.045,-3.979,-655.011
2607.1,63.86,89.8,0.0,-0.7,5,-191.574,-3.992,-652.969
2619.8,64.09,89.9,0.0,-0.6,5,-193.882,-4.008,-649.901
2619.8,64.24,89.9,0.0,-0.6,5,-195.428,-4.017,-647.854
2619.8,64.46,90.0,0.0,-0.6,5,-197.761,-4.026,-644.778
2619.8,64.61,90.1,0.0,-0.6,5,-199.325,-4.031,-642.724
2632.6,64.83,90.1,0.0,-0.6,5,-201.683,-4.034,-639.639
2632.6,64.97,90.2,0.0,-0.6,5,-203.263,-4.033,-637.580
2632.6,65.18,90.3,0.0,-0.5,5,-205.645,-4.028,-634.486
2632.6,65.32,90.3,0.0,-0.6,5,-207.241,-4.021,-632.422
2645.6,65.53,90.4,0.0,-0.7,5,-209.648,-4.004,-629.321
2645.6,65.74,90.5,0.0,-0.9,5,-212.070,-3.982,-626.216
2645.6,65.88,90.5,0.0,-1.1,5,-213.693,-3.967,-624.144
2645.6,66.09,90.5,0.0,-1.2,5,-216.142,-3.944,-621.033
2658.7,66.22,90.6,0.0,-1.4,5,-217.785,-3.929,-618.959
2658.7,66.43,90.7,0.0,-1.6,5,-220.265,-3.907,-615.847
2658.7,66.56,90.7,0.0,-1.1,5,-221.930,-3.894,-613.773
2658.7,66.77,90.7,0.0,-1.0,5,-224.446,-3.878,-610.664
2672.0,66.90,90.8,0.0,-1.0,5,-226.134,-3.871,-608.592
2672.0,67.10,90.8,0.0,-0.9,5,-228.684,-3.867,-605.484
2672.0,67.23,90.9,0.0,-0.8,5,-230.395,-3.867,-603.414
2672.0,67.20,9.4,19.8,-0.7,5,-232.976,-3.871,-600.311
2685.4,66.84,0.0,55.4,-0.8,5,-234.698,-3.878,-598.254
2685.4,65.88,0.0,79.1,-0.6,5,-237.263,-3.892,-595.204
2685.4,65.09,0.0,85.2,-0.6,5,-238.956,-3.904,-593.202
2685.4,63.86,0.0,90.4,-0.1,5,-241.462,-3.927,-590.252
2698.5,62.55,0.0,90.6,0.3,5,-243.926,-3.955,-587.366
2698.5,61.70,0.0,91.3,0.3,5,-245.546,-3.975,-585.479
2698.5,60.40,0.0,91.5,0.2,5,-247.939,-4.010,-582.703
2698.5,59.53,0.0,91.1,0.1,5,-249.510,-4.036,-580.888
2710.9,58.25,0.0,91.4,-0.0,5,-251.828,-4.075,-578.219
2710.9,57.38,0.0,91.4,-0.0,5,-253.349,-4.101,-576.475
2710.9,56.11,0.0,91.2,0.1,5,-255.592,-4.141,-573.910
2710.9,55.26,0.0,91.6,0.1,5,-257.062,-4.168,-572.234
2722.3,53.98,0.0,91.1,0.0,5,-259.228,-4.207,-569.772
2722.3,53.16,31.9,92.3,-0.2,0,-260.647,-4.233,-568.165
2722.3,51.90,0.0,92.4,-0.5,4,-262.739,-4.273,-565.803
2722.3,51.05,0.0,92.1,-0.8,4,-264.108,-4.300,-564.264
2732.8,49.79,0.0,91.7,-1.1,4,-266.124,-4.340,-562.005
2732.8,48.95,0.0,91.9,-1.5,4,-267.444,-4.367,-560.534
2732.8,47.68,0.0,91.1,-1.8,4,-269.388,-4.407,-558.381
2742.5,46.44,0.0,91.4,-2.0,4,-271.291,-4.444,-556.292
2742.5,45.61,0.0,91.2,-2.0,4,-272.538,-4.467,-554.935
2742.5,44.38,36.8,92.1,-1.8,0,-274.377,-4.501,-552.956
2742.5,43.57,0.0,92.3,-1.8,3,-275.583,-4.523,-551.672
2751.4,42.34,0.0,92.5,-2.1,3,-277.361,-4.555,-549.804
2751.4,41.53,0.0,92.4,-2.0,3,-278.526,-4.576,-548.595
2751.4,40.32,0.0,91.6,-1.3,3,-280.244,-4.607,-546.838
2751.4,39.50,0.0,89.9,-0.5,3,-281.371,-4.627,-545.705
2759.4,38.35,42.7,87.6,1.1,0,-283.034,-4.655,-544.063
2759.4,37.61,0.0,82.5,1.3,2,-284.129,-4.672,-543.007
2759.4,36.54,0.0,73.7,1.4,2,-285.748,-4.698,-541.479
2759.4,35.85,0.0,69.3,2.1,2,-286.813,-4.714,-540.496
2766.7,34.88,0.0,65.2,2.9,2,-288.392,-4.738,-539.078
2766.7,34.27,0.0,63.2,2.7,2,-289.435,-4.754,-538.168
2766.7,33.36,0.0,63.3,1.7,2,-290.985,-4.777,-536.856
2766.7,32.46,0.0,64.2,0.2,2,-292.518,-4.798,-535.609
2773.3,31.86,0.0,64.1,-1.0,2,-293.530,-4.812,-534.814
2773.3,30.97,0.0,59.8,-2.9,2,-295.032,-4.832,-533.672
2773.3,30.41,0.0,53.2,-5.2,2,-296.023,-4.844,-532.946
2773.3,29.64,0.0,45.9,-4.1,2,-297.497,-4.862,-531.909
2779.3,29.20,37.8,43.5,-3.6,0,-298.473,-4.872,-531.250
2779.3,28.58,0.0,43.3,-10.9,1,-299.928,-4.888,-530.306
2779.3,28.15,0.0,42.6,-15.2,1,-300.892,-4.897,-529.706
2779.3,27.50,0.0,42.3,-9.9,1,-302.328,-4.910,-528.851
2784.7,27.06,0.0,44.4,-8.1,1,-303.276,-4.918,-528.309
2784.7,26.42,0.0,39.5,-7.4,1,-304.681,-4.929,-527.532
2784.7,26.03,0.0,35.0,-8.1,1,-305.607,-4.935,-527.038
2784.7,25.51,0.0,32.3,-9.8,1,-306.982,-4.944,-526.330
2789.9,25.18,0.0,28.3,-11.7,1,-307.891,-4.950,-525.879
2789.9,24.76,0.0,19.3,-14.9,1,-309.244,-4.957,-525.235
2789.9,24.53,0.0,14.1,-17.0,1,-310.142,-4.960,-524.828
2789.9,24.26,0.0,13.2,-19.2,1,-311.487,-4.964,-524.251
2795.4,23.99,0.0,9.7,-22.4,1,-312.833,-4.967,-523.716
2795.4,23.83,0.0,8.8,-25.9,1,-313.730,-4.968,-523.384
2795.4,23.58,0.0,8.5,-28.4,1,-315.078,-4.967,-522.929
2795.4,23.42,0.0,6.8,-30.0,1,-315.977,-4.966,-522.655
2801.3,23.19,0.0,7.9,-31.8,1,-317.328,-4.963,-522.291
2801.3,23.02,0.0,6.5,-35.9,1,-318.229,-4.959,-522.082
2801.3,22.81,12.0,0.0,-38.1,1,-319.578,-4.950,-521.820
2801.3,22.81,32.7,0.0,-37.4,1,-320.479,-4.944,-521.678
2807.1,22.96,39.5,0.0,-37.0,1,-321.842,-4.932,-521.514
2807.1,23.07,33.4,0.0,-33.8,1,-322.759,-4.927,-521.431
2807.1,23.27,38.8,0.0,-30.2,1,-324.147,-4.924,-521.343
2807.1,23.36,23.9,0.0,-28.0,1,-325.078,-4.926,-521.311
2812.6,23.24,0.3,7.7,-23.8,1,-326.477,-4.931,-521.310
2812.6,23.06,0.0,3.9,-21.4,1,-327.403,-4.934,-521.342
2812.6,22.79,2.8,0.0,-17.4,1,-328.773,-4.930,-521.451
2812.6,22.71,7.3,0.0,-15.4,1,-329.677,-4.923,-521.561
2817.8,22.60,10.6,0.0,-16.2,1,-331.019,-4.913,-521.777
2817.8,22.54,20.7,0.0,-21.1,1,-332.345,-4.904,-522.051
2817.8,22.59,35.7,0.0,-25.2,1,-333.221,-4.898,-522.266
2817.8,22.81,51.6,0.0,-31.0,1,-334.528,-4.888,-522.641
2822.7,23.02,59.0,0.0,-35.1,1,-335.400,-4.881,-522.924
2849.2,29.32,33.9,0.0,20.8,1,-359.101,-4.531,-537.099
2849.2,29.39,26.3,0.0,21.7,1,-360.136,-4.521,-537.655
2849.2,29.40,15.4,0.0,22.6,1,-361.710,-4.508,-538.451
2855.2,29.39,18.9,0.0,22.8,1,-362.772,-4.500,-538.954
2855.2,29.38,15.4,0.0,21.9,1,-364.385,-4.489,-539.666
2855.2,29.33,9.6,0.0,22.1,1,-365.472,-4.484,-540.111
2855.2,29.25,13.9,0.0,23.1,1,-367.116,-4.476,-540.732
2861.4,29.18,11.2,0.0,24.7,1,-368.776,-4.470,-541.296
2861.4,29.11,6.2,0.0,25.0,1,-369.890,-4.467,-541.639
2861.4,29.02,17.7,0.0,26.0,1,-371.570,-4.465,-542.106
2861.4,29.06,33.7,0.0,27.2,1,-372.697,-4.465,-542.385
2867.8,29.24,47.1,0.0,27.8,1,-374.404,-4.467,-542.759
2867.8,29.45,61.9,0.0,27.0,1,-375.557,-4.471,-542.980
2867.8,29.81,46.7,0.0,23.8,1,-377.311,-4.475,-543.266
2867.8,30.00,57.1,0.0,20.6,1,-378.497,-4.477,-543.423
2875.3,30.30,64.1,0.0,15.6,1,-380.296,-4.474,-543.603
2875.3,30.44,25.5,0.0,12.4,1,-381.508,-4.472,-543.689
2875.3,30.57,37.8,0.0,9.1,1,-383.336,-4.473,-543.774
2875.3,30.73,45.0,0.0,7.1,1,-385.173,-4.482,-543.804
2882.3,30.84,21.3,0.0,2.3,1,-386.405,-4.489,-543.791
2882.3,30.89,43.5,0.0,4.5,1,-388.253,-4.495,-543.708
2882.3,31.02,45.2,0.0,6.9,1,-389.487,-4.496,-543.613
2882.3,31.28,50.2,0.0,11.6,1,-391.344,-4.499,-543.413
2890.2,31.46,50.7,0.0,15.9,1,-392.587,-4.500,-543.243
2890.2,31.75,50.8,0.0,21.3,1,-394.457,-4.503,-542.935
2890.2,31.94,52.0,0.0,24.3,1,-395.708,-4.505,-542.696
2890.2,32.22,54.2,0.0,27.2,1,-397.588,-4.506,-542.287
2896.9,32.41,55.5,0.0,27.6,1,-398.844,-4.506,-541.982
2896.9,32.71,59.2,0.0,25.7,1,-400.730,-4.508,-541.475
2896.9,32.92,59.3,0.0,23.6,1,-401.989,-4.511,-541.104
2896.9,33.23,59.2,0.0,20.0,1,-403.877,-4.519,-540.496
2903.4,33.42,53.5,0.0,17.4,1,-405.135,-4.526,-540.057
2903.4,33.66,50.5,0.0,13.7,1,-407.017,-4.540,-539.344
2903.4,33.80,46.7,0.0,11.5,1,-408.266,-4.551,-538.834
2903.4,33.98,45.3,0.0,8.4,1,-410.126,-4.569,-538.015
2909.9,34.09,45.4,0.0,6.8,1,-411.358,-4.584,-537.434
2909.9,34.27,45.4,0.0,5.3,1,-413.189,-4.608,-536.513
2909.9,34.48,55.2,0.0,6.6,1,-415.002,-4.636,-535.531
2909.9,34.61,51.0,0.0,7.8,1,-416.199,-4.655,-534.842
2916.4,34.69,17.5,0.0,13.2,1,-417.974,-4.685,-533.756
2916.4,34.65,17.0,0.0,17.6,1,-419.136,-4.704,-533.001
2916.4,34.71,38.5,0.0,23.1,1,-420.849,-4.734,-531.823
2916.4,34.78,49.0,0.0,24.7,1,-421.974,-4.753,-531.008
2923.0,35.07,0.0,0.0,25.8,0,-423.643,-4.781,-529.740
2923.0,35.05,80.3,0.0,26.6,2,-424.739,-4.799,-528.867
2923.0,35.51,84.5,0.0,23.4,2,-426.362,-4.824,-527.509
2923.0,35.83,84.8,0.0,20.3,2,-427.434,-4.839,-526.569
2929.8,36.29,82.9,0.0,16.7,2,-429.028,-4.861,-525.107
2929.8,36.52,59.1,0.0,12.2,2,-430.077,-4.876,-524.098
2929.8,36.84,76.1,0.0,4.9,2,-431.625,-4.897,-522.535
2929.8,37.07,57.5,0.0,-0.1,2,-432.640,-4.911,-521.461
2937.0,37.40,78.6,0.0,-4.8,2,-434.136,-4.929,-519.805
2937.0,37.69,84.8,0.0,-6.5,2,-435.121,-4.941,-518.672
2937.0,38.19,83.1,0.0,-5.3,2,-436.588,-4.959,-516.931
2944.4,38.75,85.3,0.0,-0.3,2,-438.045,-4.977,-515.142
2944.4,39.04,85.1,0.0,3.5,2,-439.012,-4.988,-513.925
2944.4,39.49,80.1,0.0,8.0,2,-440.459,-5.005,-512.067
2944.4,39.78,74.4,0.0,9.9,2,-441.422,-5.019,-510.808
2952.2,40.15,78.9,0.0,10.4,2,-442.854,-5.036,-508.886
2952.2,40.45,84.7,0.0,9.8,2,-443.800,-5.047,-507.582
2952.2,40.87,86.2,0.0,8.0,2,-445.200,-5.059,-505.587
2952.2,41.02,0.0,0.0,6.8,0,-446.121,-5.066,-504.232
2960.0,41.13,84.2,0.0,4.9,3,-447.469,-5.077,-502.172
2960.0,41.36,84.4,0.0,3.7,3,-448.347,-5.081,-500.776
2960.0,41.76,76.0,0.0,2.5,3,-449.642,-5.087,-498.646
2960.0,42.01,83.9,0.0,1.9,3,-450.489,-5.092,-497.201
2968.2,42.42,84.4,0.0,4.1,3,-451.736,-5.098,-494.996
2968.2,42.69,84.6,0.0,5.9,3,-452.545,-5.099,-493.498
2968.2,43.08,84.7,0.0,7.6,3,-453.732,-5.101,-491.216
2968.2,43.30,85.1,0.0,7.6,3,-454.503,-5.103,-489.671
2976.5,43.68,77.9,0.0,6.5,3,-455.632,-5.111,-487.320
2976.5,44.04,85.0,0.0,6.2,3,-456.722,-5.121,-484.925
2976.5,44.32,85.0,0.0,5.7,3,-457.424,-5.129,-483.304
2976.5,44.72,85.1,0.0,6.6,3,-458.442,-5.143,-480.836
2985.0,44.98,85.1,0.0,7.0,3,-459.096,-5.154,-479.166
2985.0,45.37,85.2,0.0,8.5,3,-460.039,-5.173,-476.626
2985.0,45.62,85.3,0.0,9.5,3,-460.644,-5.188,-474.910
2985.0,46.01,85.3,0.0,10.3,3,-461.514,-5.214,-472.303
2993.9,46.27,85.4,0.0,10.6,3,-462.068,-5.233,-470.543
2993.9,46.64,85.5,0.0,10.8,3,-462.860,-5.264,-467.872
2993.9,46.89,85.5,0.0,10.8,3,-463.361,-5.286,-466.070
2993.9,47.26,85.6,0.0,10.5,3,-464.070,-5.322,-463.337
3003.0,47.50,85.7,0.0,10.5,3,-464.514,-5.347,-461.495
3003.0,47.86,85.8,0.0,10.4,3,-465.134,-5.386,-458.703
3003.0,48.10,85.8,0.0,10.3,3,-465.515,-5.414,-456.822
3003.0,48.45,85.9,0.0,9.8,3,-466.038,-5.456,-453.975
3012.4,48.68,85.9,0.0,9.6,3,-466.352,-5.484,-452.058
3012.4,49.03,86.0,0.0,9.6,3,-466.770,-5.525,-449.158
3012.4,49.37,86.0,0.0,11.5,3,-467.124,-5.565,-446.229
3012.4,49.60,86.0,0.0,12.8,3,-467.325,-5.592,-444.260
3022.1,49.93,86.1,0.0,15.0,3,-467.573,-5.631,-441.286
3022.1,50.14,86.2,0.0,15.9,3,-467.702,-5.658,-439.290
3022.1,50.35,0.0,0.0,16.9,0,-467.839,-5.697,-436.277
3022.1,50.29,84.1,0.0,17.1,4,-467.891,-5.723,-434.265
3032.0,50.56,84.3,0.0,16.6,4,-467.908,-5.761,-431.241
3032.0,50.73,84.4,0.0,16.2,4,-467.879,-5.786,-429.216
3032.0,51.00,84.4,0.0,15.6,4,-467.771,-5.822,-426.166
3032.0,51.17,84.6,0.0,15.0,4,-467.656,-5.845,-424.127
3042.3,51.43,84.7,0.0,13.5,4,-467.418,-5.878,-421.059
3042.3,51.60,84.8,0.0,12.5,4,-467.215,-5.898,-419.009
3042.3,51.85,85.0,0.0,11.3,4,-466.841,-5.924,-415.929
3042.3,52.03,85.2,0.0,10.6,4,-466.547,-5.940,-413.873
3053.2,52.29,85.3,0.0,10.2,4,-466.042,-5.963,-410.785
3053.2,52.57,85.4,0.0,10.9,4,-465.460,-5.986,-407.694
3053.2,52.75,85.5,0.0,12.0,4,-465.032,-6.003,-405.632
3053.2,53.04,85.6,0.0,13.6,4,-464.334,-6.032,-402.537
3064.6,53.22,85.7,0.0,14.4,4,-463.830,-6.053,-400.473
3064.6,53.48,85.9,0.0,14.7,4,-463.015,-6.085,-397.379
3064.6,53.65,86.0,0.0,14.1,4,-462.429,-6.105,-395.318
3064.6,53.91,86.1,0.0,12.5,4,-461.487,-6.130,-392.233
3075.5,54.08,86.3,0.0,11.0,4,-460.816,-6.144,-390.180
3075.5,54.35,86.4,0.0,9.8,4,-459.748,-6.164,-387.108
3075.5,54.52,86.5,0.0,9.2,4,-458.997,-6.178,-385.065
3075.5,54.79,86.7,0.0,8.5,4,-457.809,-6.199,-382.008
3086.2,54.97,86.7,0.0,8.7,4,-456.976,-6.212,-379.977
3142.8,59.78,88.8,0.0,0.1,4,-425.520,-6.331,-328.117
3142.8,60.04,88.9,0.0,0.0,4,-423.339,-6.322,-325.258
3142.8,60.25,88.9,0.0,0.3,4,-421.874,-6.315,-323.350
3154.8,60.53,89.0,0.0,-0.1,4,-419.661,-6.302,-320.482
3216.9,64.17,89.3,0.0,-0.4,5,-381.098,-6.000,-270.016
3216.9,64.32,89.4,0.0,-0.1,5,-379.561,-5.982,-267.957
3216.9,64.53,89.4,0.0,-0.1,5,-377.253,-5.954,-264.857
3229.8,64.75,89.5,0.0,-0.2,5,-374.941,-5.927,-261.743
3229.8,64.89,89.6,0.0,-0.2,5,-373.398,-5.910,-259.660
3229.8,65.10,89.7,0.0,-0.1,5,-371.079,-5.882,-256.525
3229.8,65.24,89.7,0.0,0.0,5,-369.531,-5.860,-254.429
3242.8,65.45,89.8,0.0,0.3,5,-367.203,-5.825,-251.275
3242.8,65.59,89.8,0.0,0.3,5,-365.648,-5.801,-249.166
3242.8,65.79,89.9,0.0,0.4,5,-363.309,-5.764,-245.994
3242.8,65.93,90.0,0.0,0.2,5,-361.744,-5.738,-243.876
3256.0,66.13,90.0,0.0,0.2,5,-359.389,-5.697,-240.691
3256.0,66.26,90.1,0.0,0.3,5,-357.812,-5.667,-238.564
3256.0,66.46,90.2,0.0,0.3,5,-355.440,-5.620,-235.368
3256.0,66.59,90.2,0.0,0.2,5,-353.852,-5.589,-233.232
3269.3,66.79,90.3,0.0,-0.0,5,-351.462,-5.544,-230.024
3269.3,66.92,90.3,0.0,0.0,5,-349.863,-5.516,-227.880
3269.3,67.12,90.4,0.0,-0.1,5,-347.457,-5.479,-224.659
3269.3,67.31,90.4,0.0,-0.1,5,-345.042,-5.443,-221.430
3282.7,67.44,90.5,0.0,-0.2,5,-343.428,-5.415,-219.272
3282.7,67.64,90.5,0.0,-0.2,5,-341.001,-5.372,-216.028
3282.7,67.82,90.6,0.0,-0.2,5,-338.568,-5.327,-212.775
3282.7,67.94,90.7,0.0,-0.1,5,-336.941,-5.296,-210.601
3296.2,68.14,90.7,0.0,-0.0,5,-334.497,-5.249,-207.332
3296.2,68.26,90.8,0.0,0.1,5,-332.865,-5.217,-205.147
3296.2,68.44,90.8,0.0,-0.1,5,-330.413,-5.169,-201.861
3296.2,68.56,90.9,0.0,-0.1,5,-328.775,-5.137,-199.665
3309.9,68.74,90.9,0.0,-0.0,5,-326.314,-5.085,-196.363
3309.9,68.86,91.0,0.0,0.1,5,-324.670,-5.050,-194.156
3309.9,69.04,91.0,0.0,0.2,5,-322.201,-4.994,-190.838
3309.9,69.16,91.1,0.0,0.1,5,-320.551,-4.957,-188.620
3323.7,69.34,91.1,0.0,0.0,5,-318.071,-4.901,-185.288
3323.7,69.45,91.2,0.0,-0.0,5,-316.414,-4.864,-183.061
3323.7,69.63,91.2,0.0,-0.2,5,-313.924,-4.808,-179.714
3323.7,69.74,91.3,0.0,0.1,5,-312.260,-4.771,-177.479
3337.6,69.91,91.3,0.0,0.3,5,-309.759,-4.715,-174.119
3337.6,70.08,91.4,0.0,0.3,5,-307.250,-4.660,-170.752
3337.6,70.19,91.4,0.0,0.1,5,-305.574,-4.623,-168.503
3351.6,70.36,91.5,0.0,-0.3,5,-303.053,-4.565,-165.124
3351.6,70.46,91.5,0.0,-0.0,5,-301.369,-4.526,-162.868
3351.6,70.62,91.6,0.0,-0.3,0,-298.837,-4.467,-159.477
3351.6,70.54,0.0,0.0,-0.1,0,-297.147,-4.428,-157.214
3365.7,70.63,90.7,0.0,-0.2,6,-294.616,-4.368,-153.821
3365.7,70.73,90.7,0.0,-0.4,6,-292.927,-4.329,-151.555
3365.7,70.89,90.8,0.0,-0.4,6,-290.391,-4.269,-148.147
3365.7,70.99,90.8,0.0,0.1,6,-288.699,-4.229,-145.870
3379.9,71.13,90.9,0.0,0.1,6,-286.159,-4.167,-142.447
3379.9,71.24,90.9,0.0,-0.2,6,-284.464,-4.126,-140.160
3379.9,71.38,90.9,0.0,0.1,6,-281.918,-4.067,-136.722
3379.9,71.48,91.0,0.0,-0.2,6,-280.218,-4.028,-134.426
3394.2,71.63,91.0,0.0,-0.3,6,-277.663,-3.968,-130.976
3394.2,71.73,91.1,0.0,-0.2,6,-275.958,-3.928,-128.672
3394.2,71.87,91.1,0.0,0.9,6,-273.397,-3.866,-125.209
3394.2,72.02,91.1,0.0,1.0,6,-270.829,-3.804,-121.739
3408.5,72.11,91.2,0.0,0.2,6,-269.113,-3.763,-119.424
3408.5,72.26,91.2,0.0,0.2,6,-266.531,-3.701,-115.948
3408.5,72.35,91.3,0.0,0.5,6,-264.803,-3.660,-113.629
3408.5,72.49,91.3,0.0,-0.5,6,-262.203,-3.597,-110.149
3423.0,72.58,91.3,0.0,-1.1,6,-260.464,-3.555,-107.826
3423.0,72.72,91.4,0.0,-1.3,6,-257.855,-3.489,-104.336
3423.0,72.81,91.4,0.0,-0.8,6,-256.115,-3.443,-102.002
3423.0,72.95,91.4,0.0,-0.3,6,-253.511,-3.376,-98.491
3437.6,73.04,91.5,0.0,-0.2,6,-251.778,-3.330,-96.141
3437.6,73.18,91.5,0.0,-0.4,6,-249.183,-3.263,-92.605
3437.6,73.28,91.5,0.0,-0.4,6,-247.455,-3.219,-90.240
3437.6,73.41,91.5,0.0,-0.4,6,-244.866,-3.155,-86.683
3452.3,73.50,91.6,0.0,-0.1,6,-243.142,-3.112,-84.305
3452.3,73.63,91.6,0.0,0.6,6,-240.557,-3.048,-80.728
3452.3,73.72,91.7,0.0,1.1,6,-238.832,-3.006,-78.339
3452.3,73.85,91.7,0.0,0.9,6,-236.240,-2.943,-74.751
3467.0,73.98,91.7,0.0,0.9,6,-233.636,-2.879,-71.163
3467.0,74.06,91.8,0.0,1.2,6,-231.893,-2.836,-68.770
3467.0,74.17,77.1,16.9,2.3,6,-229.262,-2.771,-65.185
3467.0,73.92,10.0,56.2,2.9,6,-227.500,-2.726,-62.803
3481.8,72.90,0.0,82.5,3.2,6,-224.859,-2.657,-59.272
3481.8,72.06,0.0,88.5,2.6,6,-223.108,-2.611,-56.960
3481.8,70.73,0.0,83.8,2.0,6,-220.495,-2.542,-53.562
3481.8,69.91,0.0,64.3,2.0,6,-218.762,-2.496,-51.346
3496.1,68.94,0.0,43.2,2.5,6,-216.165,-2.429,-48.089
3496.1,68.44,0.0,34.3,3.3,6,-214.429,-2.385,-45.959
3496.1,67.82,0.0,21.9,5.5,6,-211.809,-2.321,-42.822
3496.1,67.49,0.0,13.2,4.2,6,-210.047,-2.278,-40.767
3509.6,67.14,0.0,4.1,4.2,6,-207.378,-2.214,-37.737
3509.6,66.95,1.0,0.4,4.9,6,-205.579,-2.171,-35.748
3509.6,66.75,14.8,0.0,4.3,6,-202.847,-2.105,-32.812
3509.6,66.65,16.3,0.0,4.3,6,-201.004,-2.062,-30.883
3522.9,66.49,16.4,1.8,6.3,6,-198.208,-1.999,-28.031
3522.9,66.10,0.0,24.5,6.8,6,-195.377,-1.935,-25.233
3522.9,65.58,0.0,61.4,6.6,6,-193.477,-1.892,-23.406
3522.9,64.72,0.0,7.0,5.5,6,-190.624,-1.826,-20.737
3535.8,64.64,74.0,0.0,4.9,6,-188.709,-1.782,-19.000
3535.8,64.77,87.4,0.0,5.8,6,-185.794,-1.718,-16.438
3535.8,64.87,87.5,0.0,8.1,6,-183.822,-1.679,-14.756
3535.8,64.99,77.6,0.0,12.4,6,-180.822,-1.630,-12.271
3548.6,65.02,64.8,0.0,14.7,6,-178.795,-1.602,-10.642
3548.6,65.06,77.6,0.0,16.3,6,-175.715,-1.567,-8.246
3548.6,65.12,87.0,0.0,16.7,6,-173.634,-1.548,-6.681
3548.6,65.22,87.8,0.0,16.0,6,-170.468,-1.524,-4.388
3561.8,65.26,87.9,0.0,15.3,6,-168.324,-1.508,-2.900
3561.8,65.34,87.0,0.0,15.4,6,-165.061,-1.481,-0.731
3561.8,65.38,83.7,0.0,16.1,6,-162.854,-1.461,0.669
3561.8,65.36,49.8,0.0,17.0,6,-159.497,-1.426,2.698
3575.4,65.24,46.3,0.0,18.4,6,-156.094,-1.388,4.638
3575.4,65.20,61.8,0.0,20.2,6,-153.803,-1.364,5.886
3575.4,65.23,85.4,0.0,23.2,6,-150.334,-1.335,7.695
3575.4,65.21,54.2,0.0,24.9,6,-147.997,-1.316,8.855
3589.1,65.06,33.2,0.0,27.3,6,-144.461,-1.285,10.522
3589.1,64.93,26.4,0.0,28.5,6,-142.088,-1.263,11.583
3589.1,64.73,30.1,0.0,29.5,6,-138.505,-1.228,13.097
3589.1,64.60,28.6,0.0,29.6,6,-136.102,-1.204,14.056
3602.9,64.41,31.6,0.0,29.9,6,-132.478,-1.166,15.416
3602.9,64.28,28.8,0.0,30.0,6,-130.051,-1.142,16.272
3602.9,64.06,14.9,0.0,30.5,6,-126.394,-1.107,17.479
3602.9,63.87,12.1,0.0,30.9,6,-123.949,-1.085,18.232
3616.2,63.58,12.0,0.0,30.9,6,-120.271,-1.053,19.280
3616.2,63.40,12.0,0.0,31.0,6,-117.815,-1.031,19.925
3616.2,63.12,11.9,0.0,31.9,6,-114.124,-0.999,20.813
3616.2,62.93,11.9,0.0,32.2,6,-111.662,-0.979,21.352
3628.7,62.64,11.8,0.0,32.6,6,-107.965,-0.945,22.078
3628.7,62.37,11.8,0.0,33.1,6,-104.268,-0.909,22.706
3628.7,62.19,11.7,0.0,33.5,6,-101.804,-0.886,23.073
3640.9,61.91,11.7,0.0,33.1,6,-98.110,-0.850,23.546
3640.9,61.72,11.6,0.0,32.3,6,-95.652,-0.824,23.808
3640.9,61.46,11.6,0.0,30.3,6,-91.969,-0.784,24.120
3640.9,61.28,11.5,0.0,28.6,6,-89.519,-0.756,24.277
3653.0,61.08,31.8,0.0,25.2,6,-85.852,-0.714,24.434
3653.0,60.98,37.3,0.0,22.8,6,-83.411,-0.686,24.488
3653.0,60.88,53.4,0.0,20.3,6,-79.756,-0.643,24.490
3653.0,60.86,66.4,0.0,17.7,6,-77.322,-0.614,24.440
3665.0,60.89,84.2,0.0,15.2,6,-73.674,-0.568,24.287
3665.0,60.97,88.0,0.0,13.4,6,-71.242,-0.537,24.135
3665.0,61.08,88.0,0.0,11.7,6,-67.593,-0.493,23.838
3665.0,61.17,88.1,0.0,10.5,6,-65.160,-0.463,23.593
3677.1,61.29,88.2,0.0,7.4,6,-61.513,-0.420,23.159
3677.1,61.43,88.2,0.0,3.9,6,-57.869,-0.371,22.641
3677.1,61.53,88.3,0.0,2.5,6,-55.441,-0.333,22.254
3677.1,61.69,88.5,0.0,0.3,6,-51.799,-0.279,21.625
3689.3,61.81,88.6,0.0,-0.8,6,-49.370,-0.247,21.179
3689.3,62.03,88.5,0.0,-1.6,6,-45.722,-0.206,20.476
3689.3,62.15,88.5,0.0,-2.5,6,-43.287,-0.181,19.990
3689.3,62.34,88.6,0.0,-1.9,6,-39.627,-0.141,19.249
3701.7,62.46,87.7,0.0,-0.8,6,-37.180,-0.114,18.757
3701.7,62.64,88.6,0.0,-0.9,6,-33.499,-0.076,18.030
3701.7,62.76,88.8,0.0,-1.7,6,-31.037,-0.052,17.553
3701.7,62.94,88.9,0.0,-3.2,6,-27.332,-0.018,16.852
3714.3,63.06,88.9,0.0,-4.1,6,-24.853,0.000,16.396
3714.3,63.25,89.0,0.0,-4.8,6,-21.122,0.024,15.734
3714.3,63.37,89.0,0.0,-4.7,6,-18.626,0.038,15.312
3714.3,63.53,89.1,0.0,-4.7,6,-14.867,0.060,14.716
3727.0,63.65,89.1,0.0,-4.8,6,-12.350,0.076,14.346
3727.0,63.81,89.2,0.0,-5.7,6,-8.561,0.101,13.836
3727.0,63.97,89.3,0.0,-7.6,6,-4.756,0.127,13.382
3727.0,64.05,89.4,0.0,-8.2,6,-2.209,0.145,13.115
3740.0,64.21,89.4,0.0,-8.1,6,1.624,0.174,12.773
3740.0,64.31,89.5,0.0,-8.2,6,4.187,0.196,12.586
3740.0,64.44,89.6,0.0,-8.2,6,8.043,0.233,12.373
3740.0,64.52,89.6,0.0,-8.4,6,10.620,0.260,12.275
3753.0,64.66,89.7,0.0,-8.2,6,14.494,0.303,12.194
3753.0,64.75,89.7,0.0,-8.4,6,17.082,0.334,12.186
3753.0,64.88,89.8,0.0,-8.6,6,20.970,0.384,12.243
3753.0,64.96,89.8,0.0,-8.3,6,23.565,0.420,12.327
3766.5,65.08,89.9,0.0,-7.4,6,27.460,0.480,12.525
3766.5,65.17,89.9,0.0,-6.8,6,30.059,0.523,12.704
3766.5,65.32,90.0,0.0,-7.3,6,33.958,0.583,13.034
3766.5,65.42,90.0,0.0,-9.0,6,36.560,0.616,13.290
3780.1,65.53,90.0,0.0,-11.0,6,40.462,0.664,13.739
3780.1,65.61,90.0,0.0,-11.5,6,43.062,0.697,14.085
3780.1,65.72,90.1,0.0,-11.4,6,46.957,0.751,14.675
3780.1,65.84,90.2,0.0,-10.7,6,50.845,0.806,15.348
3793.5,65.92,90.2,0.0,-10.3,6,53.432,0.842,15.843
3793.5,66.03,90.3,0.0,-9.7,6,57.305,0.896,16.656
3793.5,66.09,90.3,0.0,-9.0,6,59.880,0.933,17.247
3793.5,66.20,90.3,0.0,-8.2,6,63.730,0.990,18.208
3807.2,66.26,90.4,0.0,-8.0,6,66.288,1.029,18.896
3807.2,66.35,90.5,0.0,-7.6,6,70.110,1.085,19.997
3807.2,66.45,90.5,0.0,-7.6,6,72.649,1.122,20.777
3807.2,66.57,90.5,0.0,-7.8,6,76.441,1.178,22.017
3820.9,66.63,90.5,0.0,-7.8,6,78.957,1.217,22.891
3820.9,66.73,90.6,0.0,-7.9,6,82.713,1.274,24.269
3820.9,66.82,90.6,0.0,-7.8,6,85.204,1.311,25.233
3820.9,66.93,90.6,0.0,-7.8,6,88.919,1.368,26.746
3834.6,67.02,90.6,0.0,-7.6,6,91.380,1.408,27.801
3834.6,67.13,90.7,0.0,-8.0,6,95.050,1.467,29.450
3834.6,67.20,90.7,0.0,-8.1,6,97.480,1.507,30.594
3834.6,67.32,90.8,0.0,-8.3,6,101.100,1.569,32.376
3848.0,67.44,90.8,0.0,-8.4,6,104.689,1.632,34.234
3848.0,67.51,90.8,0.0,-8.2,6,107.065,1.674,35.515
3848.0,67.63,90.9,0.0,-7.6,6,110.600,1.737,37.497
3848.0,67.71,90.9,0.0,-6.8,6,112.939,1.779,38.860
3861.5,67.83,90.9,0.0,-6.1,6,116.417,1.842,40.965
3861.5,67.91,91.0,0.0,-5.9,6,118.716,1.884,42.407
3861.5,68.04,91.0,0.0,-6.3,6,122.137,1.945,44.627
3861.5,68.13,91.0,0.0,-6.7,6,124.400,1.984,46.143
3875.0,68.26,91.1,0.0,-6.8,6,127.765,2.040,48.469
3875.0,68.35,91.1,0.0,-6.8,6,129.989,2.077,50.055
3875.0,68.48,91.1,0.0,-6.7,6,133.296,2.130,52.485
3875.0,68.56,91.2,0.0,-6.4,6,135.481,2.163,54.140
3888.7,68.69,91.2,0.0,-6.2,6,138.727,2.210,56.673
3888.7,68.78,91.2,0.0,-6.2,6,140.869,2.239,58.395
3888.7,68.91,91.3,0.0,-6.4,6,144.052,2.277,61.028
3888.7,69.00,91.3,0.0,-5.9,6,146.152,2.299,62.815
3902.4,69.13,91.3,0.0,-4.6,6,149.270,2.324,65.544
3902.4,69.26,91.4,0.0,-3.2,6,152.347,2.346,68.330
3902.4,69.35,91.4,0.0,-2.5,6,154.377,2.358,70.218
3916.2,69.51,91.4,0.0,-1.7,6,157.394,2.375,73.091
3916.2,69.61,91.4,0.0,-1.4,6,159.388,2.385,75.030
3916.2,69.51,18.7,45.7,-1.0,6,162.358,2.401,77.969
3916.2,68.98,0.0,65.2,-0.7,6,164.315,2.410,79.932
3930.0,67.91,0.0,82.8,0.1,6,167.204,2.427,82.855
3930.0,67.09,0.0,87.3,0.5,6,169.097,2.440,84.783
3930.0,65.80,0.0,90.5,0.8,6,171.886,2.461,87.636
3930.0,64.93,0.0,90.7,0.7,6,173.712,2.476,89.509
3943.2,63.62,0.0,91.6,0.4,6,176.406,2.497,92.273
3943.2,62.76,0.0,92.4,0.2,6,178.171,2.511,94.084
3943.2,61.45,26.0,92.6,0.1,0,180.776,2.530,96.751
3943.2,60.58,0.0,93.2,0.1,5,182.485,2.543,98.496
3955.4,59.26,0.0,92.0,0.3,5,185.005,2.563,101.064
3955.4,58.39,0.0,91.9,0.5,5,186.657,2.575,102.743
3955.4,57.10,0.0,92.2,0.6,5,189.093,2.591,105.210
3955.4,55.80,0.0,91.3,0.5,5,191.479,2.605,107.618
3966.8,54.94,0.0,91.1,0.4,5,193.044,2.614,109.188
3966.8,53.68,0.0,91.9,0.1,0,195.351,2.630,111.492
3966.8,52.83,32.8,92.3,0.6,0,196.864,2.641,112.994
3966.8,51.55,0.0,92.0,0.8,4,199.095,2.659,115.195
3977.3,50.69,0.0,91.5,1.1,4,200.557,2.672,116.627
3977.3,49.42,0.0,91.0,1.3,4,202.714,2.695,118.720
3977.3,48.58,0.0,91.3,1.6,4,204.129,2.712,120.079
3977.3,47.33,0.0,91.5,1.8,4,206.215,2.737,122.064
3987.0,46.49,0.0,91.8,1.9,4,207.583,2.754,123.350
3987.0,45.24,0.0,91.7,2.5,0,209.601,2.779,125.225
3987.0,44.42,35.2,91.4,2.4,0,210.924,2.794,126.438
3987.0,43.19,0.0,90.1,2.8,3,212.876,2.817,128.201
3995.9,42.38,0.0,88.6,2.6,3,214.157,2.830,129.339
3995.9,41.20,0.0,85.5,1.5,3,216.046,2.849,130.990
3995.9,40.44,0.0,80.1,0.8,3,217.287,2.859,132.053
3995.9,39.36,0.0,63.6,-0.5,3,219.122,2.873,133.593
4004.0,38.45,0.0,52.2,-2.2,3,220.934,2.883,135.065
4004.0,37.91,0.0,47.0,-2.5,3,222.135,2.888,136.010
4004.0,37.20,0.0,41.2,-1.1,3,223.931,2.894,137.373
4004.0,36.77,0.0,39.4,0.9,3,225.127,2.897,138.245
4011.4,36.15,0.0,36.5,5.4,3,226.918,2.899,139.502
4011.4,35.77,0.0,34.9,8.3,3,228.111,2.899,140.308
4011.4,35.24,36.0,35.9,10.4,0,229.897,2.898,141.471
4011.4,34.87,0.0,35.8,10.9,2,231.085,2.896,142.217
4018.5,34.31,0.0,35.4,11.2,2,232.863,2.891,143.289
4018.5,33.93,0.0,34.2,11.0,2,234.044,2.887,143.974
4018.5,33.39,0.0,32.0,11.0,2,235.812,2.880,144.953
4018.5,33.04,0.0,30.7,11.2,2,236.987,2.874,145.573
4025.0,32.54,0.0,24.7,11.9,2,238.746,2.866,146.456
4025.0,32.26,0.0,19.5,12.3,2,239.918,2.859,147.012
4025.0,31.91,0.0,13.7,13.6,2,241.675,2.849,147.799
4025.0,31.62,0.0,10.5,15.6,2,243.436,2.840,148.529
4031.2,31.45,0.0,8.1,17.1,2,244.612,2.833,148.985
4031.2,31.23,0.0,5.0,19.0,2,246.382,2.823,149.622
4031.2,31.10,0.0,4.8,19.8,2,247.565,2.816,150.015
4031.2,30.91,0.0,3.8,20.8,2,249.345,2.806,150.555
4037.2,30.79,0.0,2.9,21.5,2,250.535,2.799,150.882
4037.2,30.61,0.0,5.8,19.0,2,252.324,2.787,151.322
4037.2,30.47,0.0,4.8,16.9,2,253.517,2.779,151.583
4037.2,30.29,0.0,2.2,14.9,2,255.308,2.767,151.923
4043.1,30.19,0.0,4.3,15.9,2,256.502,2.758,152.118
4043.1,30.02,0.0,1.8,17.3,2,258.292,2.747,152.362
4043.1,29.92,0.8,0.2,20.4,2,259.484,2.740,152.493
4043.1,29.81,8.8,0.0,24.8,2,261.270,2.730,152.641
4049.9,29.73,4.6,0.0,26.8,2,262.459,2.724,152.705
4049.9,29.62,10.0,0.0,28.9,2,264.239,2.716,152.750
4049.9,29.56,9.3,0.0,30.0,2,265.423,2.711,152.743
4049.9,29.46,10.7,0.0,31.0,2,267.192,2.706,152.676
4056.6,29.35,7.1,0.0,32.1,2,268.951,2.703,152.540
4056.6,29.26,5.9,0.0,33.5,2,270.117,2.703,152.411
4056.6,29.14,6.9,0.0,36.7,2,271.851,2.702,152.162
4056.6,29.04,5.5,0.0,38.8,2,272.997,2.703,151.959
4063.4,28.90,9.9,0.0,42.3,2,274.698,2.705,151.599
4063.4,28.81,8.4,0.0,43.8,2,275.818,2.709,151.322
4063.4,28.65,6.5,0.0,47.9,2,277.476,2.717,150.850
4063.4,28.56,11.3,0.0,51.6,2,278.566,2.724,150.500
4071.5,28.42,37.9,0.0,57.0,0,280.175,2.736,149.922
4071.5,28.30,4.8,0.0,60.0,1,281.229,2.745,149.503
4071.5,28.10,11.9,0.0,62.1,1,282.777,2.764,148.820
4071.5,27.98,11.3,0.0,61.0,1,283.786,2.779,148.329
4078.3,27.83,11.2,0.0,59.7,1,285.263,2.806,147.541
4078.3,27.73,11.2,0.0,59.3,1,286.224,2.826,146.983
4078.3,27.58,11.0,0.0,56.8,1,287.630,2.857,146.102
4078.3,27.48,11.1,0.0,55.9,1,288.543,2.877,145.487
4085.5,27.34,11.8,0.0,56.7,1,289.876,2.908,144.524
4085.5,27.20,12.1,0.0,55.9,1,291.162,2.941,143.513
4085.5,27.11,12.4,0.0,54.8,1,291.993,2.963,142.814
4091.0,26.99,13.5,0.0,52.6,1,293.199,2.997,141.728
4091.0,26.93,14.8,0.0,50.6,1,293.977,3.021,140.981
4091.0,26.84,18.0,0.0,47.0,1,295.101,3.057,139.825
4091.0,26.82,21.9,0.0,44.1,1,295.824,3.080,139.032
4096.3,26.85,30.7,0.0,39.1,1,296.870,3.114,137.809
4096.3,26.92,40.4,0.0,35.4,1,297.542,3.135,136.971
4096.3,27.20,63.4,0.0,29.1,1,298.517,3.165,135.675
4096.3,27.42,47.3,0.0,23.7,1,299.149,3.184,134.784
4101.5,27.69,49.8,0.0,15.4,1,300.062,3.211,133.408
4101.5,27.86,47.6,0.0,10.3,1,300.650,3.228,132.465
4101.5,28.17,55.3,0.0,4.7,1,301.500,3.252,131.017
4101.5,28.43,57.5,0.0,2.8,1,302.049,3.266,130.027
4106.9,28.87,70.7,0.0,1.3,1,302.847,3.287,128.507
4106.9,29.22,73.5,0.0,1.7,1,303.367,3.299,127.469
4106.9,29.77,73.7,0.0,4.1,1,304.132,3.317,125.874
4106.9,30.30,71.3,0.0,6.9,1,304.877,3.334,124.235
4112.8,30.64,70.2,0.0,8.6,1,305.364,3.344,123.118
4112.8,31.13,70.2,0.0,10.8,1,306.076,3.360,121.409
4112.8,31.45,69.5,0.0,11.9,1,306.538,3.370,120.246
4112.8,31.91,69.9,0.0,12.8,1,307.210,3.385,118.469
4119.0,32.22,71.3,0.0,12.9,1,307.642,3.394,117.262
4119.0,32.69,73.0,0.0,13.0,1,308.263,3.406,115.418
4119.0,32.99,73.6,0.0,12.8,1,308.658,3.414,114.166
4119.0,33.46,76.2,0.0,11.4,1,309.219,3.426,112.254
4125.6,33.77,79.6,0.0,10.0,1,309.570,3.435,110.957
4125.6,34.14,0.0,0.0,8.3,0,310.061,3.448,108.978
4125.6,34.13,79.1,0.0,8.1,2,310.358,3.456,107.646
4125.6,34.59,83.7,0.0,9.0,2,310.762,3.471,105.626
4132.4,34.93,83.6,0.0,9.3,2,311.006,3.482,104.258
4132.4,35.43,84.6,0.0,10.8,2,311.334,3.500,102.174
4132.4,35.72,67.1,0.0,11.9,2,311.526,3.513,100.765
4132.4,35.91,24.4,0.0,10.5,2,311.767,3.534,98.628
4139.5,35.81,2.8,17.0,8.7,2,311.951,3.557,96.484
4139.5,35.57,0.0,31.2,7.3,2,312.044,3.573,95.058
4139.5,35.21,0.0,42.6,5.6,2,312.116,3.591,93.644
4139.5,34.99,0.0,42.3,4.8,2,312.144,3.600,92.942
4146.4,33.68,0.0,68.1,1.5,2,312.235,3.651,89.503
4146.4,33.05,0.0,73.6,-0.1,2,312.253,3.673,88.167
4146.4,32.02,0.0,76.7,-3.0,2,312.269,3.707,86.213
4146.4,31.33,0.0,78.0,-4.7,2,312.276,3.730,84.945
4152.6,30.27,0.0,78.3,-6.8,0,312.288,3.763,83.094
4152.6,29.60,26.7,76.3,-7.8,0,312.300,3.785,81.896
4152.6,28.60,0.0,57.8,-8.8,1,312.330,3.817,80.148
4152.6,28.03,0.0,45.7,-9.3,1,312.360,3.838,79.016
4158.2,27.38,0.0,33.7,-10.9,1,312.427,3.867,77.354
4158.2,27.03,0.0,27.1,-12.2,1,312.488,3.886,76.268
4158.2,26.59,0.0,21.1,-14.6,1,312.607,3.911,74.663
4158.2,26.33,0.0,18.5,-16.1,1,312.705,3.926,73.609
4163.4,25.98,0.0,15.8,-17.8,1,312.884,3.947,72.050
4186.6,22.04,0.0,7.7,-29.2,1,322.505,4.050,49.656
4186.6,21.82,0.0,9.6,-29.6,1,323.412,4.041,48.702
4186.6,21.67,0.0,5.7,-29.3,1,324.033,4.036,48.092
4190.6,21.49,0.0,5.4,-29.5,1,324.986,4.027,47.216
4190.6,21.37,0.0,6.0,-30.7,1,325.636,4.020,46.656
4190.6,21.18,0.0,6.9,-33.0,1,326.632,4.010,45.856
4190.6,21.05,0.0,7.6,-34.1,1,327.308,4.002,45.349
4194.6,20.88,5.0,0.0,-37.5,1,328.340,3.990,44.631
4194.6,20.87,22.3,0.0,-38.8,1,329.042,3.981,44.180
4194.6,20.99,38.9,0.0,-40.0,1,330.122,3.968,43.542
4194.6,21.13,45.0,0.0,-41.0,1,330.862,3.958,43.140
4198.7,21.38,51.2,0.0,-43.2,1,332.003,3.943,42.571
4198.7,21.62,72.1,0.0,-44.1,1,332.785,3.933,42.215
4198.7,21.90,43.0,0.0,-42.6,1,333.992,3.917,41.717
4198.7,22.04,48.5,0.0,-40.5,1,334.816,3.907,41.414
4203.2,22.25,44.4,0.0,-36.7,1,336.080,3.890,41.004
4203.2,22.51,48.0,0.0,-34.5,1,337.375,3.875,40.651
4203.2,22.78,46.8,0.0,-34.5,1,338.700,3.861,40.355
4203.2,22.96,49.6,0.0,-35.2,1,339.599,3.851,40.189
4208.1,23.25,52.7,0.0,-37.1,1,340.970,3.838,39.989
4208.1,23.45,52.7,0.0,-38.7,1,341.898,3.830,39.888
4208.1,23.75,50.8,0.0,-41.8,1,343.309,3.817,39.784
4208.1,23.92,48.2,0.0,-44.5,1,344.262,3.810,39.748
4213.4,24.08,30.4,0.0,-48.6,1,345.702,3.798,39.743
4213.4,24.14,30.8,0.0,-51.5,1,346.666,3.790,39.773
4213.4,24.17,20.4,0.0,-56.7,1,348.112,3.780,39.870
4213.4,24.14,16.7,0.0,-59.2,1,349.074,3.774,39.968
4220.0,24.06,14.2,0.0,-61.0,1,350.507,3.766,40.165
4220.0,24.00,13.8,0.0,-61.4,1,351.454,3.761,40.331
4220.0,23.91,13.9,0.0,-61.0,1,352.859,3.755,40.630
4220.0,23.85,13.8,0.0,-59.5,1,353.786,3.751,40.863
4225.7,23.77,15.9,0.0,-55.3,1,355.157,3.748,41.263
4225.7,23.73,21.7,0.0,-49.9,1,356.506,3.744,41.722
4225.7,23.76,28.8,0.0,-45.5,1,357.393,3.743,42.061
4225.7,23.84,41.2,0.0,-40.9,1,358.271,3.742,42.427
4231.3,24.19,76.8,0.0,-32.6,1,359.579,3.742,43.026
4231.3,24.65,60.7,0.0,-23.2,1,360.887,3.743,43.685
4231.3,24.95,69.2,0.0,-18.7,1,361.758,3.745,44.157
4236.7,25.43,67.5,0.0,-12.5,1,363.065,3.751,44.915
4236.7,25.77,72.4,0.0,-10.1,1,363.937,3.756,45.451
4236.7,26.31,71.4,0.0,-9.5,1,365.247,3.764,46.299
4236.7,26.66,69.6,0.0,-10.6,1,366.123,3.772,46.894
4242.1,27.15,66.9,0.0,-13.1,1,367.439,3.784,47.827
4242.1,27.46,66.0,0.0,-15.3,1,368.317,3.792,48.476
4242.1,27.91,65.9,0.0,-18.5,1,369.633,3.805,49.488
4242.1,28.22,66.3,0.0,-16.9,1,370.507,3.813,50.191
4247.6,28.69,67.8,0.0,-16.2,1,371.814,3.825,51.288
4247.6,29.01,69.9,0.0,-19.7,1,372.681,3.833,52.048
4247.6,29.50,74.0,0.0,-18.3,1,373.973,3.845,53.235
4247.6,29.99,67.1,0.0,-14.9,1,375.252,3.855,54.478
4253.1,30.30,71.7,0.0,-17.3,1,376.096,3.862,55.339
4253.1,30.77,70.0,0.0,-18.9,1,377.346,3.872,56.678
4253.1,31.06,71.3,0.0,-19.9,1,378.165,3.878,57.603
4253.1,31.46,60.8,0.0,-20.7,1,379.370,3.887,59.040
4259.0,31.69,61.2,0.0,-20.8,1,380.155,3.893,60.029
4259.0,32.04,63.0,0.0,-17.2,1,381.301,3.900,61.558
4259.0,32.28,59.3,0.0,-16.3,1,382.044,3.904,62.608
4259.0,32.61,63.8,0.0,-16.0,1,383.125,3.909,64.227
4265.2,32.84,64.0,0.0,-13.4,1,383.821,3.911,65.334
4265.2,33.19,67.2,0.0,-10.8,1,384.830,3.914,67.038
4265.2,33.46,73.3,0.0,-10.2,1,385.478,3.915,68.202
4265.2,33.88,73.0,0.0,-5.8,1,386.415,3.918,69.991
4271.7,34.19,84.7,0.0,-5.5,0,387.016,3.920,71.211
4271.7,34.22,81.9,0.0,-3.5,2,387.879,3.922,73.074
4271.7,34.69,84.5,0.0,-1.9,2,388.700,3.923,74.969
4271.7,35.03,84.6,0.0,-1.2,2,389.235,3.924,76.256
4278.5,35.60,84.5,0.0,-1.3,2,390.022,3.924,78.222
4278.5,35.95,84.8,0.0,-2.1,2,390.538,3.924,79.556
4278.5,36.44,84.5,0.0,-3.1,2,391.301,3.919,81.587
4278.5,36.78,83.6,0.0,-3.8,2,391.802,3.915,82.964
4285.6,37.30,83.8,0.0,-3.5,2,392.542,3.908,85.059
4285.6,37.66,82.9,0.0,-2.4,2,393.027,3.903,86.477
4285.6,38.22,85.3,0.0,-0.1,2,393.741,3.893,88.635
4285.6,38.50,85.6,0.0,-0.1,2,394.204,3.889,90.097
4293.1,38.94,67.8,0.0,-0.7,2,394.882,3.883,92.316
4293.1,39.22,83.9,0.0,-1.7,2,395.322,3.880,93.815
4293.1,39.76,85.9,0.0,-3.7,2,395.969,3.879,96.094
4293.1,40.10,85.9,0.0,-3.8,2,396.393,3.878,97.633
4300.8,40.62,85.8,0.0,-2.7,2,397.019,3.873,99.971
4300.8,40.93,86.0,0.0,-2.9,2,397.429,3.870,101.550
4300.8,41.43,86.1,0.0,-2.2,2,398.034,3.867,103.945
4300.8,41.93,86.0,0.0,-2.2,2,398.628,3.862,106.373
4309.0,42.23,86.2,0.0,-2.8,2,399.015,3.862,108.010
4309.0,42.37,0.0,0.0,-2.7,0,399.584,3.860,110.487
4309.0,42.55,84.4,0.0,-2.7,3,399.953,3.858,112.143
4309.0,42.98,84.4,0.0,-3.2,3,400.496,3.854,114.650
4317.3,43.27,84.6,0.0,-3.6,3,400.850,3.852,116.337
4317.3,43.70,84.6,0.0,-4.1,3,401.369,3.849,118.893
4317.3,43.98,84.7,0.0,-4.3,3,401.705,3.847,120.614
4317.3,44.40,84.8,0.0,-4.6,3,402.192,3.845,123.219
4326.0,44.67,84.9,0.0,-4.8,3,402.504,3.844,124.972
4326.0,45.09,85.0,0.0,-4.7,3,402.952,3.841,127.627
4326.0,45.37,85.1,0.0,-4.6,3,403.235,3.838,129.413
4326.0,45.78,85.2,0.0,-4.7,3,403.637,3.833,132.117
4334.9,46.05,85.3,0.0,-4.9,3,403.887,3.830,133.936
4334.9,46.45,85.3,0.0,-5.0,3,404.237,3.824,136.688
4334.9,46.72,85.4,0.0,-5.0,3,404.452,3.821,138.538
4334.9,47.11,85.5,0.0,-5.3,3,404.746,3.816,141.337
4344.1,47.50,85.6,0.0,-5.7,3,405.005,3.810,144.163
4344.1,47.76,85.6,0.0,-6.1,3,405.158,3.806,146.062
4344.1,48.14,85.7,0.0,-6.5,3,405.353,3.799,148.931
4344.1,48.39,85.8,0.0,-7.1,3,405.460,3.796,150.859
4353.5,48.76,85.9,0.0,-7.8,3,405.583,3.790,153.770
4353.5,49.01,85.9,0.0,-8.0,3,405.638,3.786,155.724
4353.5,49.37,86.0,0.0,-8.1,3,405.678,3.779,158.675
4353.5,49.60,86.1,0.0,-7.9,3,405.674,3.775,160.653
4363.2,49.95,86.1,0.0,-8.1,3,405.620,3.769,163.639
4363.2,50.17,86.2,0.0,-8.5,3,405.552,3.764,165.639
4363.2,50.40,0.0,0.0,-8.8,0,405.399,3.756,168.655
4363.2,50.36,84.1,0.0,-8.7,4,405.262,3.751,170.665
4373.1,50.66,84.3,0.0,-8.7,4,405.003,3.744,173.684
4373.1,50.86,84.3,0.0,-9.1,4,404.795,3.738,175.703
4373.1,51.16,84.4,0.0,-9.4,4,404.429,3.730,178.741
4373.1,51.35,84.4,0.0,-10.2,4,404.148,3.724,180.771
4383.1,51.65,84.6,0.0,-11.2,4,403.672,3.716,183.824
4383.1,51.93,84.8,0.0,-11.6,4,403.128,3.708,186.883
4383.1,52.12,84.9,0.0,-11.6,4,402.727,3.702,188.924
4393.4,52.40,85.1,0.0,-10.8,4,402.065,3.694,191.989
4393.4,52.59,85.2,0.0,-10.7,4,401.583,3.689,194.032
4393.4,52.86,85.4,0.0,-10.8,4,400.800,3.681,197.096
4393.4,53.04,85.5,0.0,-10.2,4,400.236,3.677,199.137
4404.5,53.31,85.6,0.0,-9.6,4,399.326,3.671,202.194
4404.5,53.48,85.8,0.0,-10.0,4,398.676,3.670,204.228
4404.5,53.75,85.9,0.0,-10.7,4,397.638,3.668,207.272
4404.5,53.93,86.0,0.0,-11.5,4,396.906,3.667,209.298
4415.8,54.20,86.1,0.0,-11.5,4,395.745,3.666,212.326
4415.8,54.36,86.3,0.0,-11.4,4,394.928,3.667,214.338
4415.8,54.63,86.4,0.0,-10.9,4,393.641,3.673,217.342
4415.8,54.81,86.5,0.0,-10.7,4,392.741,3.677,219.337
4427.4,55.06,86.6,0.0,-10.3,4,391.332,3.684,222.316
4427.4,55.24,86.7,0.0,-10.1,4,390.352,3.689,224.292
4427.4,55.50,86.8,0.0,-9.6,4,388.822,3.698,227.240
4427.4,55.75,87.0,0.0,-9.5,4,387.223,3.706,230.169
4438.8,55.93,87.0,0.0,-9.1,4,386.122,3.709,232.112
4438.8,56.19,87.2,0.0,-10.5,4,384.414,3.710,235.009
4438.8,56.35,87.2,0.0,-10.2,4,383.238,3.710,236.928
4438.8,56.60,87.4,0.0,-9.9,4,381.414,3.710,239.783
4449.9,56.76,87.5,0.0,-9.8,4,380.160,3.711,241.671
4449.9,57.00,87.6,0.0,-9.7,4,378.218,3.715,244.478
4449.9,57.17,87.6,0.0,-9.5,4,376.885,3.720,246.330
4449.9,57.41,87.8,0.0,-9.7,4,374.828,3.729,249.084
4461.1,57.57,87.9,0.0,-9.6,4,373.420,3.735,250.902
4461.1,57.81,88.0,0.0,-8.9,4,371.254,3.744,253.602
4461.1,57.98,88.0,0.0,-7.8,4,369.775,3.751,255.383
4461.1,58.23,88.1,0.0,-5.5,4,367.504,3.761,258.027
4472.6,58.40,88.2,0.0,-4.6,4,365.957,3.768,259.773
4472.6,58.66,88.3,0.0,-3.6,4,363.591,3.776,262.367
4472.6,58.84,88.4,0.0,-3.3,4,361.986,3.780,264.082
4472.6,59.10,88.5,0.0,-3.2,4,359.538,3.785,266.636
4484.3,59.36,88.6,0.0,-3.7,4,357.046,3.789,269.169
4484.3,59.54,88.7,0.0,-3.9,4,355.363,3.790,270.849
4484.3,59.80,88.8,0.0,-4.0,4,352.806,3.788,273.354
4484.3,59.96,88.7,0.0,-3.8,4,351.078,3.788,275.012
4496.2,60.20,89.0,0.0,-4.3,4,348.455,3.791,277.484
4496.2,60.36,89.1,0.0,-4.0,4,346.684,3.794,279.121
4496.2,60.64,89.1,0.0,-2.5,4,343.995,3.799,281.559
4496.2,60.84,89.1,0.0,-0.9,4,342.180,3.801,283.174
4508.3,61.11,89.3,0.0,0.4,4,339.425,3.804,285.580
4508.3,61.28,89.4,0.0,1.3,4,337.569,3.804,287.174
4508.3,61.30,0.0,0.0,1.4,0,334.761,3.802,289.553
4508.3,61.37,88.1,0.0,0.8,5,332.881,3.802,291.128
4520.6,61.62,88.3,0.0,0.0,5,330.048,3.804,293.490
4520.6,61.79,88.3,0.0,-0.1,5,328.151,3.801,295.069
4520.6,62.01,88.4,0.0,0.1,5,325.297,3.799,297.445
4520.6,62.25,88.5,0.0,0.6,5,322.434,3.799,299.832
4532.9,62.40,88.6,0.0,0.7,5,320.520,3.799,301.429
4532.9,62.64,88.7,0.0,0.7,5,317.643,3.798,303.835
4532.9,62.79,88.7,0.0,0.6,5,315.721,3.799,305.447
4532.9,63.01,88.8,0.0,0.6,5,312.833,3.804,307.876
4545.4,63.17,88.9,0.0,0.6,5,310.905,3.809,309.503
4545.4,63.40,89.0,0.0,0.6,5,308.007,3.816,311.957
4545.4,63.55,89.0,0.0,0.6,5,306.073,3.819,313.601
4545.4,63.77,89.1,0.0,0.6,5,303.168,3.827,316.080
4558.1,63.92,89.2,0.0,0.6,5,301.229,3.832,317.741
4558.1,64.14,89.3,0.0,0.6,5,298.317,3.840,320.246
4558.1,64.29,89.3,0.0,0.5,5,296.373,3.843,321.924
4558.1,64.51,89.4,0.0,-0.5,5,293.453,3.848,324.454
4570.9,64.66,89.4,0.0,-0.8,5,291.503,3.848,326.148
4570.9,64.87,89.5,0.0,0.0,5,288.569,3.843,328.696
4570.9,65.02,89.6,0.0,0.5,5,286.608,3.838,330.400
4570.9,65.23,89.7,0.0,0.7,5,283.658,3.832,332.961
4583.9,65.45,89.7,0.0,0.3,5,280.700,3.822,335.533
4583.9,65.59,89.8,0.0,0.1,5,278.724,3.817,337.254
4583.9,65.79,89.9,0.0,0.1,5,275.755,3.816,339.845
4583.9,65.93,89.9,0.0,0.0,5,273.772,3.816,341.579
4597.1,66.13,90.0,0.0,0.0,5,270.791,3.819,344.188
4597.1,66.28,90.0,0.0,0.1,5,268.800,3.820,345.934
4597.1,66.48,90.1,0.0,-0.0,5,265.806,3.823,348.560
4597.1,66.61,90.2,0.0,-0.1,5,263.805,3.829,350.316
4610.3,66.82,90.2,0.0,-0.1,5,260.798,3.841,352.956
4610.3,66.95,90.3,0.0,0.1,5,258.787,3.851,354.721
4610.3,67.15,90.4,0.0,0.3,5,255.764,3.867,357.374
4610.3,67.27,90.5,0.0,0.2,5,253.743,3.876,359.148
4623.7,67.46,90.5,0.0,0.1,5,250.706,3.889,361.815
4623.7,67.60,90.5,0.0,0.2,5,248.676,3.900,363.597
4623.7,67.80,90.6,0.0,0.3,5,245.625,3.917,366.279
4623.7,67.93,90.6,0.0,0.4,5,243.587,3.925,368.072
4637.3,68.12,90.7,0.0,0.3,5,240.524,3.935,370.769
4637.3,68.32,90.7,0.0,0.1,5,237.455,3.946,373.477
4637.3,68.44,90.8,0.0,0.0,5,235.406,3.950,375.288
4650.9,68.64,90.9,0.0,-0.1,5,232.326,3.951,378.013
4650.9,68.76,90.9,0.0,-0.1,5,230.269,3.951,379.834
4650.9,68.94,91.0,0.0,-0.2,5,227.178,3.948,382.574
4650.9,69.07,91.0,0.0,-0.3,5,225.112,3.945,384.404
4664.7,69.25,91.1,0.0,-0.3,5,222.005,3.941,387.154
4664.7,69.37,91.1,0.0,-0.2,5,219.928,3.938,388.990
4664.7,69.55,91.2,0.0,-0.2,5,216.803,3.933,391.748
4664.7,69.67,91.2,0.0,-0.2,5,214.715,3.928,393.589
4678.6,69.85,91.3,0.0,-0.0,5,211.573,3.920,396.354
4678.6,69.97,91.3,0.0,-0.1,5,209.473,3.914,398.200
4678.6,70.14,91.4,0.0,0.0,5,206.315,3.907,400.974
4678.6,70.26,91.4,0.0,0.2,5,204.205,3.903,402.826
4692.7,70.43,91.5,0.0,0.2,5,201.034,3.898,405.611
4692.7,70.55,91.5,0.0,0.3,5,198.915,3.895,407.471
4692.7,70.72,91.6,0.0,0.2,0,195.732,3.890,410.269
4692.7,70.63,90.6,0.0,0.2,6,192.550,3.884,413.071
4706.8,70.73,90.7,0.0,0.1,6,190.429,3.880,414.940
4706.8,70.90,90.7,0.0,0.3,6,187.244,3.875,417.751
4706.8,71.00,90.8,0.0,0.2,6,185.117,3.872,419.630
4706.8,71.16,90.8,0.0,0.1,6,181.924,3.868,422.457
4721.0,71.27,90.8,0.0,0.0,6,179.792,3.866,424.346
4721.0,71.42,90.9,0.0,-0.1,6,176.591,3.862,427.187
4721.0,71.53,90.9,0.0,-0.1,6,174.454,3.859,429.086
4721.0,71.68,91.0,0.0,-0.1,6,171.243,3.852,431.940
4735.3,71.78,91.0,0.0,-0.1,6,169.099,3.848,433.846
4735.3,71.94,91.0,0.0,-0.1,6,165.876,3.844,436.710
4735.3,72.04,91.1,0.0,-0.1,6,163.723,3.842,438.622
4735.3,72.19,91.1,0.0,-0.1,6,160.488,3.840,441.495
4749.7,72.29,91.2,0.0,-0.1,6,158.327,3.839,443.413
4749.7,72.44,91.2,0.0,0.2,6,155.079,3.839,446.293
4749.7,72.54,91.2,0.0,0.3,6,152.909,3.841,448.217
4749.7,72.69,91.3,0.0,0.3,6,149.650,3.846,451.108
4764.2,72.84,91.3,0.0,0.2,6,146.386,3.849,454.007
4764.2,72.94,91.3,0.0,0.3,6,144.208,3.850,455.944
4764.2,73.08,91.4,0.0,0.2,6,140.937,3.852,458.858
4764.2,73.18,91.4,0.0,0.1,6,138.754,3.854,460.805
4778.8,73.32,91.5,0.0,-0.8,6,135.478,3.856,463.733
4778.8,73.42,91.5,0.0,-0.8,6,133.290,3.857,465.689
4778.8,73.56,91.5,0.0,0.5,6,130.002,3.859,468.626
4778.8,73.65,91.6,0.0,0.2,6,127.806,3.861,470.587
4793.5,73.79,91.6,0.0,-0.2,6,124.505,3.864,473.531
4793.5,73.88,91.6,0.0,-0.8,6,122.300,3.866,475.496
4793.5,74.02,91.7,0.0,0.3,6,118.987,3.868,478.446
4793.5,74.11,91.7,0.0,0.1,6,116.773,3.868,480.415
4808.3,74.25,91.7,0.0,-0.6,6,113.446,3.866,483.371
4808.3,74.34,91.7,0.0,-0.2,6,111.223,3.864,485.343
4808.3,74.48,91.8,0.0,0.6,6,107.882,3.860,488.304
4808.3,74.57,91.8,0.0,0.1,6,105.651,3.855,490.281
4823.2,74.70,91.9,0.0,-0.4,6,102.300,3.847,493.250
4823.2,74.83,91.9,0.0,0.2,6,98.942,3.838,496.225
4823.2,74.92,91.9,0.0,0.5,6,96.701,3.831,498.211
4823.2,75.06,92.0,0.0,-0.3,6,93.335,3.820,501.196
4838.2,75.15,92.0,0.0,-0.5,6,91.088,3.810,503.190
4838.2,75.27,92.0,0.0,0.2,6,87.712,3.792,506.184
4838.2,75.36,92.0,0.0,0.5,6,85.458,3.780,508.183
4838.2,75.49,92.1,0.0,-0.6,6,82.074,3.760,511.187
4929.8,77.58,92.6,0.0,-0.0,6,23.610,3.138,562.941
5004.3,64.59,0.0,91.7,-0.2,6,-33.982,2.194,614.165
5004.3,63.29,0.0,92.1,-0.3,6,-36.889,2.150,616.671
5004.3,62.42,0.0,92.0,-0.6,6,-38.799,2.122,618.309
5016.9,61.13,27.1,92.9,-0.9,0,-41.619,2.079,620.717
5016.9,60.26,0.0,92.3,-1.0,5,-43.471,2.050,622.290
5016.9,58.97,0.0,91.9,-1.2,5,-46.205,2.009,624.599
5016.9,58.11,0.0,91.8,-1.5,5,-48.000,1.981,626.105
5028.7,56.82,0.0,91.1,-2.0,5,-50.652,1.940,628.312
5028.7,55.97,0.0,91.3,-2.4,5,-52.393,1.913,629.748
5028.7,54.69,0.0,91.0,-2.8,5,-54.969,1.874,631.846
5028.7,53.43,32.0,92.0,-3.0,0,-57.501,1.836,633.876
5039.6,52.60,0.0,91.6,-2.9,4,-59.167,1.812,635.191
5039.6,51.34,0.0,85.1,-3.2,4,-61.632,1.775,637.104
5039.6,50.54,0.0,78.7,-3.3,4,-63.255,1.750,638.339
5039.6,49.46,0.0,60.7,-3.2,4,-65.664,1.714,640.128
5049.7,48.86,0.0,52.9,-3.0,4,-67.260,1.691,641.279
5049.7,48.07,0.0,46.1,-3.4,4,-69.644,1.656,642.945
5049.7,47.59,0.0,43.7,-4.1,4,-71.230,1.633,644.016
5049.7,46.89,0.0,42.9,-5.2,4,-73.606,1.598,645.565
5059.1,46.44,0.0,42.8,-6.1,4,-75.187,1.576,646.559
5059.1,45.78,0.0,38.8,-7.3,4,-77.554,1.543,647.992
5059.1,45.36,0.0,37.5,-7.4,4,-79.129,1.521,648.911
5059.1,44.78,0.0,29.4,-7.0,4,-81.488,1.489,650.233
5068.0,44.44,0.0,24.9,-6.8,4,-83.060,1.468,651.078
5068.0,44.01,0.0,20.2,-7.7,4,-85.419,1.437,652.294
5068.0,43.62,0.0,18.8,-8.7,4,-87.782,1.405,653.449
5068.0,43.38,0.0,24.2,-9.4,4,-89.359,1.384,654.186
5076.6,42.89,0.0,40.3,-10.0,0,-91.724,1.352,655.239
5076.6,42.50,38.7,45.0,-10.0,0,-93.297,1.330,655.907
5076.6,41.85,0.0,30.3,-9.2,3,-95.645,1.299,656.853
5076.6,41.50,0.0,20.7,-8.7,3,-97.203,1.280,657.446
5085.0,41.13,0.0,10.6,-8.8,3,-99.537,1.251,658.280
5085.0,40.94,0.0,8.1,-9.5,3,-101.094,1.231,658.801
5085.0,40.70,0.0,5.3,-11.3,3,-103.432,1.201,659.531
5085.0,40.55,0.0,3.9,-12.5,3,-104.993,1.182,659.982
5093.2,40.35,0.0,3.6,-13.6,3,-107.338,1.153,660.607
5093.2,40.22,0.0,2.8,-14.3,3,-108.904,1.134,660.990
5093.2,40.03,0.0,4.5,-14.7,3,-111.254,1.105,661.512
5093.2,39.90,0.0,2.6,-14.3,3,-112.822,1.086,661.825
5101.4,39.71,0.0,3.9,-13.7,3,-115.175,1.058,662.240
5101.4,39.58,0.0,4.9,-13.7,3,-116.742,1.040,662.480
5101.4,39.38,0.0,2.7,-13.9,3,-119.091,1.013,662.785
5101.4,39.19,0.0,4.6,-13.5,3,-121.437,0.987,663.025
5109.6,39.05,0.0,2.3,-13.2,3,-122.997,0.971,663.147
5109.6,38.87,0.0,3.7,-13.3,3,-125.331,0.948,663.275
5109.6,38.74,0.0,3.0,-13.7,3,-126.883,0.934,663.323
5109.6,38.56,0.0,2.8,-14.4,3,-129.202,0.913,663.344
5117.5,38.44,0.0,4.1,-14.8,3,-130.743,0.900,663.322
5117.5,38.25,0.0,1.7,-15.2,3,-133.042,0.879,663.238
5117.5,38.14,0.0,2.7,-15.0,3,-134.567,0.866,663.147
5117.5,37.96,0.0,1.7,-14.9,3,-136.843,0.846,662.956
5125.6,37.85,0.0,2.0,-15.3,3,-138.350,0.834,662.794
5125.6,37.67,0.0,3.1,-15.7,3,-140.597,0.816,662.499
5125.6,37.55,0.0,1.0,-15.8,3,-142.083,0.804,662.268
5125.6,37.39,0.0,2.0,-16.0,3,-144.296,0.785,661.870
5133.4,37.27,0.0,1.4,-16.1,3,-145.759,0.774,661.569
5133.4,37.11,0.0,0.8,-16.5,3,-147.934,0.757,661.067
5133.4,37.00,0.0,2.0,-17.0,3,-149.369,0.747,660.698
5133.4,36.83,0.0,0.4,-17.6,3,-151.501,0.731,660.095
5141.3,36.67,0.0,2.0,-18.0,3,-153.604,0.715,659.432
5141.3,36.55,0.0,1.2,-18.4,3,-154.989,0.705,658.956
5141.3,36.39,0.1,0.6,-18.9,3,-157.041,0.690,658.195
5141.3,36.28,0.0,2.4,-19.0,3,-158.390,0.680,657.654
5148.9,36.10,1.1,0.0,-19.0,3,-160.384,0.666,656.794
5148.9,35.99,0.4,1.0,-18.8,3,-161.692,0.658,656.188
5148.9,35.82,1.8,0.4,-18.4,3,-163.621,0.648,655.229
5148.9,35.71,2.8,0.0,-18.3,3,-164.885,0.642,654.557
5157.0,35.56,0.4,2.8,-18.6,3,-166.745,0.635,653.501
5157.0,35.43,4.0,0.5,-18.3,3,-167.960,0.631,652.767
5157.0,35.31,8.0,0.0,-17.9,3,-169.745,0.629,651.619
5157.0,35.24,5.6,0.0,-18.2,3,-170.912,0.626,650.826
5165.0,35.15,18.9,0.0,-19.8,3,-172.626,0.623,649.594
5165.0,35.12,20.5,0.0,-21.1,3,-173.745,0.620,648.744
5165.0,35.09,29.9,0.0,-22.5,3,-175.385,0.619,647.423
5165.0,35.13,38.1,0.0,-23.0,3,-176.453,0.621,646.511
5172.5,35.22,43.2,0.0,-23.9,3,-178.021,0.625,645.100
5172.5,35.33,48.1,0.0,-24.4,3,-179.550,0.628,643.636
5172.5,35.44,53.3,0.0,-24.6,3,-180.545,0.631,642.630
5180.4,35.62,57.9,0.0,-27.0,3,-182.004,0.636,641.076
5180.4,35.74,56.7,0.0,-27.0,3,-182.953,0.640,640.010
5180.4,35.92,55.5,0.0,-25.7,3,-184.339,0.647,638.367
5180.4,36.04,59.5,0.0,-24.8,3,-185.237,0.653,637.242
5187.7,36.29,72.7,0.0,-24.2,3,-186.545,0.663,635.512
5187.7,36.51,81.4,0.0,-24.2,3,-187.393,0.670,634.329
5187.7,36.79,47.3,0.0,-24.2,3,-188.632,0.680,632.511
5187.7,36.77,11.0,6.7,-24.1,3,-189.429,0.687,631.274
5195.2,36.53,0.0,2.5,-23.7,3,-190.570,0.698,629.393
5195.2,36.40,12.4,0.0,-23.1,3,-191.292,0.707,628.126
5195.2,36.39,35.7,0.0,-21.5,3,-192.322,0.720,626.202
5195.2,36.45,48.0,0.0,-21.0,3,-192.977,0.727,624.901
5202.2,36.61,55.0,0.0,-19.9,3,-193.913,0.736,622.920
5202.2,36.73,56.5,0.0,-18.6,3,-194.507,0.741,621.579
5202.2,36.93,59.2,0.0,-16.4,3,-195.354,0.746,619.538
5202.2,37.16,61.3,0.0,-14.4,3,-196.146,0.748,617.461
5209.2,37.31,63.8,0.0,-13.8,3,-196.643,0.749,616.058
5209.2,37.57,64.9,0.0,-13.5,3,-197.344,0.748,613.924
5209.2,37.74,64.0,0.0,-13.9,3,-197.778,0.748,612.482
5209.2,37.99,64.6,0.0,-15.2,3,-198.380,0.748,610.292
5216.4,38.16,64.9,0.0,-15.7,3,-198.746,0.749,608.814
5216.4,38.41,66.4,0.0,-16.7,3,-199.247,0.750,606.573
5216.4,38.59,69.2,0.0,-17.3,3,-199.547,0.751,605.063
5216.4,38.91,76.5,0.0,-15.7,3,-199.948,0.753,602.774
5224.1,39.14,81.8,0.0,-15.1,3,-200.183,0.755,601.231
5224.1,39.53,83.6,0.0,-12.6,3,-200.486,0.760,598.891
5224.1,39.78,83.7,0.0,-9.8,3,-200.656,0.765,597.315
5224.1,40.18,83.9,0.0,-5.4,3,-200.863,0.772,594.926
5232.0,40.46,83.9,0.0,-2.0,3,-200.970,0.778,593.317
5232.0,40.88,83.9,0.0,2.3,3,-201.087,0.790,590.881
5232.0,41.10,52.7,1.3,4.2,3,-201.139,0.799,589.242
5232.0,40.94,0.0,30.1,4.1,3,-201.190,0.816,586.778
5240.2,40.38,0.0,54.1,4.7,3,-201.234,0.833,584.337
5240.2,39.84,0.0,65.5,4.6,3,-201.268,0.842,582.731
5240.2,38.89,0.0,67.6,4.7,3,-201.334,0.858,580.368
5240.2,38.26,0.0,58.8,5.2,3,-201.390,0.868,578.825
5248.1,37.45,0.0,48.9,6.5,3,-201.496,0.885,576.556
5248.1,36.97,0.0,41.0,7.5,3,-201.583,0.896,575.069
5248.1,36.38,0.0,29.3,8.9,3,-201.743,0.913,572.874
5248.1,36.07,0.0,24.5,9.8,3,-201.871,0.923,571.430
5255.6,35.67,0.0,17.2,11.4,3,-202.097,0.938,569.289
5255.6,35.45,0.0,12.9,12.4,3,-202.270,0.947,567.877
5255.6,35.17,0.0,11.3,13.9,0,-202.570,0.959,565.780
5255.6,35.02,38.9,12.3,13.7,0,-202.798,0.968,564.395
5262.8,34.73,0.0,12.0,12.2,2,-203.185,0.982,562.338
5262.8,34.52,0.0,15.1,11.3,2,-203.471,0.991,560.982
5262.8,34.20,0.0,13.5,11.4,2,-203.938,1.005,558.973
5262.8,33.99,0.0,17.5,11.7,2,-204.276,1.015,557.652
5270.3,33.57,0.0,36.7,12.2,2,-204.823,1.031,555.698
5270.3,32.98,0.0,33.6,12.9,2,-205.409,1.049,553.788
5270.3,32.56,0.0,48.7,13.1,2,-205.819,1.061,552.542
5270.3,31.84,0.0,37.4,12.4,2,-206.460,1.078,550.719
5277.3,31.45,0.0,29.1,12.0,2,-206.907,1.090,549.534
5277.3,30.97,0.0,21.4,11.8,2,-207.608,1.109,547.797
5277.3,30.71,0.0,15.6,12.1,2,-208.098,1.122,546.665
5277.3,30.41,0.0,12.0,13.2,2,-208.865,1.143,544.999
5284.8,30.22,0.0,13.3,14.3,2,-209.397,1.157,543.910
5284.8,29.93,0.0,14.0,16.0,2,-210.226,1.178,542.306
5284.8,29.73,0.0,15.0,18.1,2,-210.797,1.191,541.258
5284.8,29.42,0.0,11.0,19.8,2,-211.683,1.211,539.720
5291.5,29.25,0.0,8.7,19.2,2,-212.295,1.223,538.718
5291.5,29.02,0.0,6.9,20.1,2,-213.245,1.242,537.251
5291.5,28.87,0.0,5.3,21.4,2,-213.900,1.254,536.296
5291.5,28.68,0.0,2.7,22.1,0,-214.917,1.272,534.901
5297.9,28.55,0.0,2.9,23.0,1,-215.975,1.289,533.549
5297.9,28.42,0.0,1.8,23.5,1,-216.703,1.300,532.673
5297.9,28.23,0.3,0.1,24.6,1,-217.828,1.315,531.398
5297.9,28.12,2.6,0.0,25.6,1,-218.600,1.325,530.577
5304.6,27.97,5.8,0.0,26.8,1,-219.788,1.338,529.385
5304.6,27.89,8.7,0.0,28.1,1,-220.601,1.347,528.619
5304.6,27.82,13.8,0.0,30.3,1,-221.853,1.359,527.512
5304.6,27.78,15.3,0.0,31.9,1,-222.708,1.367,526.802
5310.5,27.75,21.2,0.0,34.2,1,-224.023,1.378,525.779
5310.5,27.77,25.1,0.0,35.7,1,-224.920,1.385,525.125
5310.5,27.82,28.4,0.0,38.1,1,-226.298,1.395,524.186
5310.5,27.86,26.6,0.0,40.0,1,-227.237,1.401,523.588
5316.3,27.88,21.7,0.0,43.5,1,-228.674,1.408,522.733
5316.3,27.86,19.4,0.0,45.9,1,-229.650,1.413,522.194
5316.3,27.81,17.7,0.0,49.2,1,-231.135,1.419,521.431
5316.3,27.77,17.0,0.0,51.2,1,-232.140,1.423,520.954
5322.1,27.69,15.2,0.0,54.0,1,-233.665,1.428,520.289
5322.1,27.59,13.4,0.0,56.7,1,-235.210,1.432,519.685
5322.1,27.52,12.3,0.0,58.5,1,-236.249,1.434,519.316
5327.9,27.38,11.4,0.0,60.7,1,-237.818,1.436,518.816
5327.9,27.29,11.1,0.0,59.8,1,-238.870,1.437,518.518
5327.9,27.16,11.0,0.0,60.2,1,-240.456,1.439,518.124
5327.9,27.07,11.1,0.0,62.0,1,-241.517,1.439,517.898
5333.5,26.92,10.8,0.0,59.5,1,-243.111,1.439,517.611
5333.5,26.83,11.1,0.0,60.5,1,-244.175,1.438,517.457
5333.5,26.70,11.0,0.0,60.2,1,-245.771,1.436,517.279
5333.5,26.61,10.8,0.0,59.5,1,-246.834,1.435,517.196
5339.0,26.48,11.1,0.0,60.2,1,-248.426,1.432,517.125
5339.0,26.39,11.1,0.0,60.4,1,-249.483,1.429,517.113
5339.0,26.26,10.9,0.0,60.5,1,-251.062,1.424,517.149
5339.0,26.17,10.9,0.0,60.4,1,-252.110,1.421,517.208
5344.7,26.05,11.0,0.0,59.6,1,-253.670,1.415,517.348
5344.7,25.96,11.1,0.0,58.2,1,-254.703,1.411,517.475
5344.7,25.84,11.8,0.0,55.1,1,-256.238,1.403,517.718
5344.7,25.75,14.1,0.0,51.4,1,-257.756,1.395,518.022
5350.0,25.71,16.3,0.0,48.8,1,-258.758,1.389,518.257
5350.0,25.68,22.3,0.0,44.6,1,-260.245,1.379,518.659
5350.0,25.71,29.4,0.0,41.5,1,-261.228,1.371,518.960
5350.0,25.87,48.4,0.0,35.9,1,-262.691,1.358,519.460
5355.4,26.09,64.5,0.0,31.4,1,-263.662,1.349,519.827
5355.4,26.46,54.0,0.0,23.9,1,-265.119,1.334,520.429
5355.4,26.70,61.4,0.0,19.5,1,-266.088,1.323,520.865
5355.4,27.09,57.5,0.0,14.8,1,-267.539,1.307,521.569
5361.0,27.36,60.6,0.0,13.6,1,-268.504,1.295,522.071
5361.0,27.76,59.0,0.0,13.3,1,-269.949,1.278,522.874
5361.0,28.04,58.9,0.0,12.5,1,-270.909,1.266,523.442
5361.0,28.45,56.9,0.0,18.3,1,-272.346,1.247,524.339
5366.9,28.70,56.3,0.0,17.8,1,-273.300,1.235,524.968
5366.9,29.08,57.4,0.0,17.8,1,-274.724,1.214,525.954
5366.9,29.33,58.1,0.0,19.3,1,-275.668,1.201,526.640
5366.9,29.72,58.4,0.0,19.9,1,-277.076,1.179,527.713
5373.0,30.11,61.7,0.0,21.6,1,-278.470,1.158,528.842
5373.0,30.38,62.7,0.0,24.5,1,-279.391,1.144,529.626
5373.0,30.77,61.5,0.0,26.4,1,-280.757,1.122,530.849
5373.0,31.03,61.7,0.0,26.8,1,-281.655,1.107,531.698
5380.0,31.40,61.8,0.0,24.8,1,-282.981,1.083,533.019
5380.0,31.63,61.1,0.0,24.4,1,-283.848,1.067,533.933
5380.0,31.99,61.1,0.0,23.3,1,-285.121,1.043,535.353
5380.0,32.22,61.5,0.0,23.3,1,-285.950,1.028,536.334
5386.8,32.56,61.2,0.0,23.4,1,-287.161,1.005,537.853
5386.8,32.78,62.6,0.0,23.7,1,-287.945,0.990,538.897
5386.8,33.12,60.6,0.0,24.2,1,-289.087,0.968,540.510
5386.8,33.33,60.5,0.0,24.9,1,-289.823,0.953,541.616
5393.9,33.65,62.4,0.0,27.6,1,-290.890,0.929,543.318
5393.9,33.85,54.7,0.0,29.8,1,-291.574,0.914,544.481
5393.9,34.06,52.3,0.0,33.1,1,-292.555,0.890,546.266
5393.9,34.21,51.0,0.0,35.0,1,-293.178,0.876,547.480
5401.9,34.33,31.6,0.0,37.6,1,-294.062,0.856,549.337
5481.2,45.27,70.7,0.0,3.6,3,-290.030,0.302,626.490
5648.0,58.55,78.8,0.0,3.1,4,-196.454,-0.252,761.189
5648.0,58.78,79.1,0.0,3.1,4,-193.877,-0.231,763.586
5648.0,59.01,79.3,0.0,3.3,4,-191.269,-0.214,765.969
5648.0,59.16,79.3,0.0,3.3,4,-189.513,-0.207,767.551
5660.1,59.38,79.7,0.0,3.0,4,-186.852,-0.202,769.909
5660.1,59.52,80.1,0.0,3.0,4,-185.060,-0.199,771.471
5660.1,59.74,80.5,0.0,3.1,4,-182.343,-0.195,773.799
5660.1,59.89,81.1,0.0,3.1,4,-180.513,-0.190,775.340
5672.2,60.11,81.7,0.0,3.5,4,-177.741,-0.183,777.636
5672.2,60.25,81.9,0.0,3.7,4,-175.875,-0.179,779.157
5672.2,60.48,82.3,0.0,4.0,4,-173.049,-0.175,781.421
5672.2,60.63,82.4,0.0,4.2,4,-171.146,-0.174,782.920
5684.5,60.85,83.1,0.0,4.4,4,-168.263,-0.177,785.149
5684.5,61.00,84.7,0.0,4.2,4,-166.322,-0.179,786.621
5684.5,61.01,0.0,0.0,4.0,0,-163.380,-0.180,788.802
5684.5,61.06,78.9,0.0,3.6,5,-161.404,-0.180,790.234
5696.9,61.24,77.1,0.0,3.9,5,-158.410,-0.177,792.355
5696.9,61.36,76.4,0.0,4.2,5,-156.395,-0.175,793.751
5696.9,61.53,76.5,0.0,4.1,5,-153.345,-0.174,795.821
5709.5,61.70,76.9,0.0,4.0,5,-150.260,-0.172,797.857
5709.5,61.81,77.3,0.0,3.8,5,-148.185,-0.169,799.196
5709.5,61.98,77.3,0.0,4.0,5,-145.043,-0.160,801.177
5709.5,62.11,77.1,0.0,4.2,5,-142.932,-0.156,802.481
5722.1,62.28,77.3,0.0,4.5,5,-139.740,-0.154,804.411
5722.1,62.44,77.9,0.0,4.6,5,-136.515,-0.152,806.308
5722.1,62.61,78.0,0.0,4.2,5,-133.257,-0.150,808.167
5722.1,62.71,77.8,0.0,4.5,5,-131.066,-0.147,809.385
5734.9,62.89,78.1,0.0,4.8,5,-127.755,-0.147,811.182
5734.9,63.00,78.4,0.0,4.9,5,-125.528,-0.146,812.357
5734.9,63.16,78.5,0.0,4.9,5,-122.162,-0.142,814.084
5734.9,63.26,78.7,0.0,5.1,5,-119.900,-0.141,815.213
5747.7,63.43,79.1,0.0,4.8,5,-116.479,-0.138,816.870
5747.7,63.53,79.3,0.0,5.0,5,-114.181,-0.136,817.949
5747.7,63.70,79.2,0.0,5.0,5,-110.708,-0.133,819.532
5747.7,63.80,79.4,0.0,5.2,5,-108.376,-0.131,820.561
5760.5,63.95,79.7,0.0,5.2,5,-104.851,-0.126,822.065
5760.5,64.06,79.7,0.0,5.1,5,-102.484,-0.122,823.041
5760.5,64.22,80.0,0.0,5.1,5,-98.908,-0.116,824.464
5760.5,64.33,80.4,0.0,5.1,5,-96.509,-0.112,825.386
5773.4,64.48,80.6,0.0,5.2,5,-92.885,-0.105,826.727
5773.4,64.64,80.5,0.0,5.3,5,-89.233,-0.100,828.019
5773.4,64.74,80.8,0.0,5.1,5,-86.784,-0.098,828.853
5773.4,64.90,81.2,0.0,4.8,5,-83.087,-0.092,830.059
5786.3,65.00,81.9,0.0,4.8,5,-80.607,-0.087,830.833
5786.3,65.17,83.5,0.0,4.8,5,-76.866,-0.081,831.953
5786.3,65.28,84.6,0.0,4.8,5,-74.358,-0.076,832.671
5786.3,65.45,86.2,0.0,5.2,5,-70.576,-0.070,833.705
5799.3,65.57,86.9,0.0,4.8,5,-68.040,-0.065,834.366
5799.3,65.75,87.8,0.0,3.3,5,-64.217,-0.056,835.314
5799.3,65.87,88.4,0.0,3.2,5,-61.655,-0.050,835.919
5799.3,66.06,89.2,0.0,2.7,5,-57.794,-0.039,836.787
5812.3,66.19,89.6,0.0,2.6,5,-55.208,-0.030,837.341
5812.3,66.39,89.7,0.0,2.6,5,-51.312,-0.014,838.140
5812.3,66.51,89.8,0.0,2.6,5,-48.704,-0.002,838.652
5812.3,66.71,89.9,0.0,2.5,5,-44.777,0.019,839.393
5825.5,66.90,89.9,0.0,2.5,5,-40.832,0.042,840.102
5825.5,67.04,90.0,0.0,2.3,5,-38.193,0.056,840.558
5825.5,67.23,90.0,0.0,2.4,5,-34.219,0.077,841.215
5825.5,67.35,90.1,0.0,2.4,5,-31.561,0.093,841.635
5838.9,67.53,90.2,0.0,2.2,5,-27.560,0.117,842.239
5838.9,67.66,90.2,0.0,2.2,5,-24.884,0.133,842.625
5838.9,67.84,90.3,0.0,1.8,5,-20.857,0.163,843.177
5838.9,67.97,90.4,0.0,1.5,5,-18.164,0.182,843.530
5852.5,68.16,90.4,0.0,0.0,5,-14.112,0.208,844.037
5852.5,68.29,90.4,0.0,-0.3,5,-11.403,0.223,844.364
5852.5,68.47,90.5,0.0,0.0,5,-7.329,0.251,844.842
5852.5,68.60,90.5,0.0,0.1,5,-4.606,0.269,845.156
5866.1,68.77,90.7,0.0,0.2,5,-0.512,0.298,845.624
5866.1,68.89,90.7,0.0,-0.0,5,2.224,0.316,845.935
5866.1,69.08,90.7,0.0,-0.3,5,6.336,0.336,846.403
5866.1,69.20,90.8,0.0,-0.2,5,9.084,0.353,846.716
10.7,69.38,90.8,0.0,-0.1,5,13.214,0.382,847.188
