opponent,v3,Robert Kubica,0,1771457136272
Game,version,date,track,car,event,laptime [s],S1 [s],S2 [s],S3 [s],S4+ [s]
LMU,1.2,2026-02-18 23:25:36,Silverstone Grand Prix Circuit - ELMS,AF Corse 2025 #83:LM (Hyper),Live,105.753,0,0,0
Tracklen [m],TotalLaps
5868.6,22
,
,
lapdistance [m],speed [m/s],throttle [%],brake [%],steer [%],gear [int],world_x [m],world_y [m],world_z [m]
625.4,68.23,60.1,0.0,1.4,5,464.500,4.397,629.394
625.4,68.36,60.1,0.0,1.5,5,464.736,4.419,626.672
639.0,68.55,60.1,0.0,1.5,5,465.079,4.451,622.580
639.0,68.67,60.2,0.0,1.5,5,465.301,4.472,619.845
639.0,68.87,60.2,0.0,1.3,5,465.623,4.504,615.732
639.0,69.05,60.2,0.0,1.2,5,465.932,4.537,611.607
652.7,69.18,60.2,0.0,1.0,5,466.132,4.559,608.850
652.7,69.36,60.2,0.0,0.9,5,466.423,4.592,604.704
652.7,69.48,60.2,0.0,0.9,5,466.612,4.613,601.934
652.7,69.66,60.3,0.0,0.7,5,466.886,4.646,597.769
666.7,69.78,60.3,0.0,-0.8,5,467.065,4.667,594.987
666.7,69.96,60.3,0.0,-1.2,5,467.329,4.699,590.803
666.7,70.08,60.2,0.0,-1.1,5,467.507,4.720,588.008
666.7,70.26,60.2,0.0,-0.4,5,467.779,4.749,583.807
680.7,70.37,60.0,0.0,-0.1,0,467.964,4.767,581.001
680.7,70.29,89.6,0.0,1.0,6,468.248,4.793,576.790
680.7,70.41,83.1,0.0,1.3,6,468.438,4.809,573.983
680.7,70.58,73.4,0.0,0.8,6,468.722,4.831,569.763
694.8,70.76,63.7,0.0,0.3,6,469.000,4.849,565.532
694.8,70.87,59.2,0.0,0.0,6,469.181,4.860,562.706
694.8,71.04,59.3,0.0,0.9,6,469.448,4.876,558.457
694.8,71.15,59.3,0.0,0.7,6,469.622,4.887,555.619
709.0,71.33,59.3,0.0,0.2,6,469.880,4.901,551.353
709.0,71.44,59.4,0.0,0.4,6,470.050,4.910,548.503
709.0,71.61,59.4,0.0,-0.0,6,470.301,4.920,544.219
709.0,71.72,59.5,0.0,-0.2,6,470.467,4.926,541.358
723.4,71.89,59.6,0.0,0.0,6,470.717,4.932,537.057
723.4,72.00,59.6,0.0,0.1,6,470.883,4.935,534.184
723.4,72.17,59.7,0.0,0.8,6,471.132,4.939,529.867
723.4,72.28,59.7,0.0,0.9,6,471.297,4.940,526.983
737.9,72.44,59.7,0.0,0.7,6,471.541,4.938,522.648
737.9,72.56,59.7,0.0,0.5,6,471.700,4.935,519.753
737.9,72.72,59.8,0.0,0.2,6,471.933,4.930,515.401
737.9,72.88,59.8,0.0,0.2,6,472.161,4.923,511.039
752.5,72.99,59.9,0.0,0.3,6,472.311,4.918,508.126
752.5,73.16,59.9,0.0,0.2,6,472.533,4.906,503.747
752.5,73.27,59.9,0.0,0.2,6,472.680,4.896,500.823
752.5,73.43,59.9,0.0,0.2,6,472.898,4.878,496.427
767.2,73.54,59.9,0.0,0.2,6,473.042,4.864,493.492
767.2,73.70,60.0,0.0,0.2,6,473.257,4.840,489.081
767.2,73.81,60.0,0.0,0.2,6,473.399,4.823,486.134
767.2,73.95,60.1,0.0,0.3,6,473.610,4.799,481.707
781.9,74.07,60.1,0.0,0.5,6,473.749,4.782,478.750
781.9,74.22,60.2,0.0,-0.6,6,473.956,4.760,474.307
781.9,74.32,60.2,0.0,-0.9,6,474.093,4.748,471.339
781.9,74.48,60.2,0.0,-1.9,6,474.301,4.730,466.880
796.8,74.58,60.2,0.0,-2.2,6,474.445,4.717,463.903
796.8,74.73,60.2,0.0,-2.8,6,474.673,4.698,459.429
796.8,74.88,60.2,0.0,-4.0,6,474.925,4.681,454.949
796.8,74.98,60.2,0.0,-4.3,6,475.109,4.668,451.957
811.7,75.13,60.2,0.0,-4.7,6,475.414,4.643,447.465
811.7,75.21,60.2,0.0,-4.6,6,475.640,4.628,444.467
811.7,75.34,60.3,0.0,-5.3,6,476.020,4.607,439.967
811.7,75.43,60.2,0.0,-5.9,6,476.298,4.589,436.964
826.7,75.56,60.3,0.0,-6.3,6,476.759,4.558,432.458
826.7,75.64,60.3,0.0,-6.5,6,477.101,4.541,429.454
826.7,75.75,60.3,0.0,-6.7,6,477.670,4.522,424.948
826.7,75.83,60.3,0.0,-7.0,6,478.084,4.509,421.945
841.8,75.95,60.3,0.0,-7.0,6,478.762,4.488,417.443
841.8,76.02,60.6,0.0,-7.1,6,479.254,4.477,414.444
841.8,76.12,60.5,0.0,-7.9,6,480.052,4.461,409.950
841.8,76.19,61.5,0.0,-8.2,6,480.625,4.450,406.958
856.9,76.29,61.1,0.0,-8.5,6,481.543,4.432,402.477
856.9,76.39,61.5,0.0,-9.0,6,482.535,4.411,398.006
856.9,76.45,61.7,0.0,-9.1,6,483.237,4.394,395.031
872.0,76.54,60.9,0.0,-9.9,6,484.352,4.363,390.579
872.0,76.59,58.1,0.0,-10.7,6,485.135,4.336,387.618
872.0,76.65,59.3,0.0,-11.1,6,486.375,4.291,383.192
872.0,76.70,60.2,0.0,-10.7,6,487.246,4.259,380.251
887.1,76.77,60.4,0.0,-8.8,6,488.621,4.207,375.858
887.1,76.82,60.6,0.0,-8.3,6,489.583,4.171,372.941
887.1,76.89,60.3,0.0,-8.1,6,491.095,4.114,368.585
887.1,76.93,50.0,0.0,-8.2,6,492.149,4.075,365.695
902.7,76.64,3.6,59.4,-8.6,6,493.793,4.017,361.387
902.7,75.99,0.0,96.8,-7.0,6,494.924,3.979,358.550
902.7,74.63,0.0,77.7,-1.6,6,496.652,3.922,354.371
902.7,73.83,0.0,63.3,3.2,6,497.820,3.886,351.641
918.0,72.81,0.0,40.8,9.6,6,499.599,3.833,347.617
918.0,72.29,0.0,50.0,10.2,6,500.804,3.800,344.976
918.0,71.50,0.0,38.9,5.8,6,502.621,3.749,341.062
918.0,70.87,0.0,55.2,1.7,6,504.419,3.692,337.188
932.7,70.30,0.0,50.9,1.1,6,505.594,3.652,334.620
932.7,69.49,0.0,44.0,2.8,6,507.309,3.598,330.792
932.7,68.99,0.0,44.1,4.1,6,508.419,3.567,328.253
932.7,68.26,0.0,38.8,6.0,6,510.036,3.526,324.465
946.8,67.82,0.0,32.4,6.7,6,511.081,3.500,321.951
946.8,67.20,0.0,51.1,5.3,6,512.596,3.463,318.193
946.8,66.65,0.0,53.1,3.8,6,513.567,3.441,315.698
946.8,65.82,0.0,47.8,2.8,6,514.965,3.411,311.976
960.1,65.29,0.0,45.8,2.4,6,515.857,3.392,309.510
960.1,64.60,0.0,9.2,5.4,6,517.137,3.369,305.830
960.1,64.29,0.0,13.2,8.0,6,517.951,3.357,303.382
960.1,63.78,0.0,28.6,10.2,6,519.115,3.342,299.719
972.7,63.43,0.0,11.7,10.6,6,519.853,3.333,297.283
972.7,63.26,41.4,0.0,10.6,6,520.900,3.318,293.632
972.7,63.21,13.4,0.7,10.5,6,521.558,3.309,291.189
972.7,62.99,15.6,1.2,11.0,6,522.483,3.293,287.517
985.1,62.73,0.4,4.9,11.6,6,523.331,3.275,283.841
985.1,62.58,22.7,0.0,11.4,6,523.853,3.262,281.390
985.1,62.51,28.6,0.0,11.2,6,524.566,3.245,277.706
985.1,62.42,16.7,15.4,10.9,6,524.995,3.235,275.244
998.0,62.09,5.9,2.8,10.8,6,525.568,3.223,271.552
998.0,61.90,25.9,8.2,9.8,6,525.905,3.218,269.096
998.0,61.71,8.9,0.4,7.5,6,526.340,3.219,265.413
998.0,61.64,29.6,0.0,7.4,6,526.598,3.212,262.960
1012.0,61.77,43.9,0.0,9.7,6,526.936,3.190,259.274
1012.0,61.76,33.2,0.0,11.3,6,527.112,3.187,256.809
1012.0,61.80,22.8,0.0,14.1,6,527.308,3.193,253.106
1012.0,61.70,5.9,11.1,17.2,6,527.402,3.192,250.638
1025.5,61.43,0.0,4.8,21.4,6,527.499,3.174,246.944
1025.5,61.22,9.5,7.2,22.5,6,527.513,3.167,244.491
1025.5,60.90,0.0,4.4,21.5,6,527.458,3.164,240.826
1025.5,60.67,8.0,4.2,19.3,6,527.318,3.162,237.181
1038.0,60.50,22.9,0.6,18.2,6,527.176,3.162,234.762
1038.0,60.37,29.0,3.3,17.0,6,526.883,3.170,231.148
1038.0,60.22,4.7,4.7,16.9,6,526.634,3.179,228.749
1038.0,59.99,21.0,0.0,17.5,6,526.187,3.195,225.171
1050.2,59.89,20.0,0.0,18.4,6,525.841,3.205,222.798
1050.2,59.71,18.5,0.0,19.1,6,525.252,3.221,219.258
1050.2,59.66,36.4,0.0,17.7,6,524.812,3.232,216.912
1050.2,59.65,32.1,0.0,15.6,6,524.077,3.255,213.409
1062.0,59.66,39.7,0.0,14.1,6,523.540,3.272,211.085
1062.0,59.77,52.5,0.0,11.4,6,522.667,3.300,207.610
1062.0,59.88,52.5,0.0,9.7,6,522.044,3.319,205.300
1062.0,60.07,52.8,0.0,6.7,6,521.052,3.349,201.842
1073.8,60.20,52.8,0.0,3.8,6,520.356,3.370,199.540
1073.8,60.40,52.9,0.0,-0.5,6,519.272,3.401,196.088
1073.8,60.61,53.1,0.0,-1.3,6,518.155,3.432,192.634
1073.8,60.75,53.3,0.0,-2.5,6,517.401,3.452,190.328
1086.1,60.96,52.4,0.0,-3.6,6,516.268,3.481,186.857
1086.1,61.06,47.1,0.0,-3.5,6,515.517,3.499,184.536
1086.1,61.00,6.8,27.7,-1.2,6,514.404,3.525,181.044
1086.1,60.64,0.0,45.3,-0.1,6,513.674,3.540,178.722
1215.8,49.09,83.2,0.0,-18.3,4,518.429,3.241,65.773
1215.8,49.25,69.4,0.0,-15.2,4,519.381,3.217,64.052
1215.8,49.15,3.9,22.3,-11.1,4,520.866,3.184,61.498
1215.8,48.87,0.0,33.5,-12.8,4,521.886,3.165,59.823
1225.6,48.30,0.0,35.7,-12.4,4,523.448,3.136,57.360
1225.6,47.90,0.0,94.6,-10.7,4,524.508,3.118,55.753
1225.6,46.77,0.0,88.1,2.8,4,526.112,3.092,53.405
1225.6,45.96,29.1,87.0,14.1,0,527.176,3.076,51.884
1235.1,44.81,0.0,87.0,27.5,3,528.750,3.051,49.658
1235.1,44.03,0.0,87.3,31.0,3,529.778,3.034,48.207
1235.1,42.80,0.0,65.4,27.5,3,531.279,3.009,46.076
1235.1,42.16,0.0,28.1,21.1,3,532.248,2.993,44.680
1243.8,41.74,0.0,8.0,11.2,3,533.648,2.969,42.590
1243.8,41.49,0.0,4.5,6.9,3,534.985,2.944,40.481
1243.8,41.35,0.0,1.9,7.0,3,535.841,2.927,39.062
1252.0,41.17,0.0,0.5,9.8,3,537.071,2.899,36.913
1252.0,41.06,0.8,0.0,13.0,3,537.854,2.879,35.467
1252.0,40.91,2.1,0.8,19.4,3,538.974,2.847,33.278
1252.0,40.81,0.7,0.1,23.6,3,539.686,2.826,31.806
1260.2,40.71,21.2,0.0,27.9,3,540.700,2.792,29.582
1260.2,40.75,44.2,0.0,29.4,3,541.342,2.770,28.086
1260.2,40.92,58.0,0.0,30.1,3,542.258,2.734,25.814
1260.2,41.04,59.6,0.0,29.5,3,542.836,2.709,24.281
1268.5,41.29,79.1,0.0,27.4,3,543.653,2.672,21.952
1268.5,41.49,71.2,0.0,25.7,3,544.163,2.647,20.378
1268.5,41.48,0.8,0.5,25.6,3,544.874,2.610,17.990
1268.5,41.40,35.7,0.0,26.4,3,545.308,2.585,16.391
1277.4,41.53,46.4,0.0,27.8,3,545.901,2.546,13.976
1277.4,41.58,41.4,0.0,28.5,3,546.258,2.520,12.352
1277.4,41.65,46.0,0.0,30.1,3,546.737,2.480,9.903
1277.4,41.83,67.4,0.0,28.3,3,547.143,2.441,7.433
1286.5,41.99,61.2,0.0,27.7,3,547.377,2.416,5.773
1286.5,42.16,52.6,0.0,29.1,3,547.674,2.376,3.267
1286.5,42.24,43.5,0.0,30.1,3,547.836,2.348,1.587
1286.5,42.32,45.9,0.0,30.9,3,548.020,2.303,-0.942
1295.6,42.40,53.0,0.0,31.0,3,548.103,2.273,-2.634
1295.6,42.64,80.7,0.0,30.8,3,548.169,2.228,-5.182
1295.6,42.88,87.5,0.0,30.5,3,548.174,2.198,-6.892
1295.6,43.17,68.9,0.0,31.0,3,548.128,2.149,-9.473
1305.1,43.33,64.4,0.0,31.2,3,548.060,2.115,-11.201
1305.1,43.55,60.8,0.0,32.3,3,547.901,2.062,-13.801
1305.1,43.60,46.3,0.0,33.3,3,547.752,2.027,-15.538
1305.1,43.68,43.8,0.0,34.5,3,547.464,1.977,-18.141
1407.9,51.35,0.0,0.0,4.4,0,489.735,0.731,-98.477
1418.0,51.61,91.2,0.0,3.1,4,487.180,0.691,-100.208
1418.0,51.84,91.2,0.0,2.1,4,485.458,0.667,-101.353
1418.0,52.19,91.2,0.0,0.7,4,482.849,0.632,-103.064
1418.0,52.42,91.2,0.0,-0.1,4,481.094,0.610,-104.202
1428.4,52.76,91.3,0.0,-0.9,4,478.442,0.576,-105.911
1428.4,53.00,85.4,0.0,-1.8,4,476.663,0.554,-107.054
1428.4,53.34,75.7,0.0,-3.7,4,473.980,0.522,-108.778
1428.4,53.57,69.2,0.0,-4.8,4,472.184,0.500,-109.938
1439.2,53.97,59.6,0.0,-4.4,4,469.484,0.471,-111.699
1439.2,54.17,59.4,0.0,-4.6,4,467.680,0.456,-112.891
1439.2,54.54,59.4,0.0,-5.8,4,464.970,0.434,-114.705
1439.2,54.77,59.5,0.0,-6.9,4,463.160,0.414,-115.932
1450.4,55.19,59.6,0.0,-9.1,4,460.445,0.386,-117.807
1450.4,55.37,59.9,0.0,-9.6,4,458.637,0.371,-119.082
1450.4,55.79,59.6,0.0,-9.5,4,455.929,0.339,-121.027
1450.4,55.94,60.0,0.0,-9.7,4,454.131,0.322,-122.354
1462.0,56.33,59.8,0.0,-9.2,4,451.442,0.289,-124.381
1462.0,56.64,59.9,0.0,-9.5,4,448.773,0.263,-126.467
1462.0,56.82,60.0,0.0,-10.4,4,447.007,0.248,-127.890
1473.7,57.11,60.0,0.0,-11.0,4,444.376,0.227,-130.071
1473.7,57.30,60.0,0.0,-11.1,4,442.636,0.214,-131.557
1473.7,57.59,60.0,0.0,-10.4,4,440.048,0.197,-133.833
1473.7,57.77,60.0,0.0,-8.2,4,438.340,0.189,-135.383
1485.7,58.05,60.0,0.0,-7.4,4,435.802,0.181,-137.755
1485.7,58.23,60.0,0.0,-7.4,4,434.126,0.176,-139.366
1485.7,58.51,60.0,0.0,-8.0,4,431.631,0.171,-141.823
1485.7,58.70,60.0,0.0,-8.0,4,429.981,0.166,-143.487
1497.6,58.97,60.0,0.0,-7.7,4,427.526,0.159,-146.023
1497.6,59.15,60.0,0.0,-7.4,4,425.903,0.155,-147.739
1497.6,59.42,60.0,0.0,-7.0,4,423.492,0.151,-150.353
1497.6,59.59,60.0,0.0,-6.7,4,421.899,0.150,-152.122
1509.6,59.85,60.1,0.0,-6.6,4,419.534,0.154,-154.813
1509.6,60.11,60.1,0.0,-8.2,4,417.197,0.160,-157.549
1509.6,60.28,60.1,0.0,-10.2,4,415.652,0.162,-159.395
1509.6,60.53,60.2,0.0,-12.2,4,413.359,0.160,-162.202
1521.6,60.69,60.0,0.0,-12.5,4,411.850,0.157,-164.099
1521.6,60.71,0.0,0.0,-11.5,0,409.623,0.149,-166.983
1521.6,60.76,86.2,0.0,-9.8,5,408.167,0.141,-168.927
1521.6,60.98,76.4,0.0,-7.4,5,406.023,0.126,-171.883
1533.6,61.13,69.8,0.0,-4.6,5,404.623,0.115,-173.884
1533.6,61.37,60.1,0.0,-2.2,5,402.563,0.099,-176.926
1533.6,61.53,58.7,0.0,-2.5,5,401.212,0.085,-178.979
1533.6,61.79,58.8,0.0,-3.1,5,399.210,0.063,-182.089
1545.9,61.96,58.9,0.0,-3.3,5,397.887,0.048,-184.181
1545.9,62.21,59.0,0.0,-2.4,5,395.915,0.025,-187.340
1545.9,62.38,59.1,0.0,-2.0,5,394.607,0.010,-189.460
1545.9,62.63,59.2,0.0,-1.6,5,392.652,-0.008,-192.660
1558.3,62.80,59.2,0.0,-1.4,5,391.353,-0.019,-194.806
1558.3,63.05,59.3,0.0,-1.3,5,389.409,-0.033,-198.042
1558.3,63.30,59.4,0.0,-1.2,5,387.470,-0.045,-201.298
1558.3,63.47,59.4,0.0,-1.1,5,386.179,-0.051,-203.480
1571.0,63.71,59.5,0.0,-1.2,5,384.244,-0.056,-206.768
1571.0,63.88,59.6,0.0,-2.3,5,382.957,-0.059,-208.970
1571.0,64.12,59.7,0.0,-2.4,5,381.028,-0.063,-212.290
1571.0,64.28,59.7,0.0,-3.1,5,379.747,-0.066,-214.515
1583.7,64.52,59.8,0.0,-4.4,5,377.833,-0.070,-217.872
1583.7,64.67,59.8,0.0,-4.3,5,376.566,-0.073,-220.123
1583.7,64.90,59.9,0.0,-2.5,5,374.682,-0.075,-223.523
1583.7,65.05,59.9,0.0,-1.0,5,373.437,-0.076,-225.804
1596.7,65.29,59.9,0.0,-0.3,5,371.583,-0.077,-229.246
1596.7,65.45,60.0,0.0,-0.5,5,370.353,-0.079,-231.553
1596.7,65.68,60.0,0.0,-0.8,5,368.509,-0.082,-235.027
1596.7,65.83,60.1,0.0,-0.8,5,367.281,-0.086,-237.353
1609.8,66.06,60.1,0.0,-0.7,5,365.438,-0.095,-240.853
1609.8,66.21,60.1,0.0,-0.5,5,364.209,-0.102,-243.196
1609.8,66.44,60.1,0.0,-0.6,5,362.366,-0.114,-246.722
1609.8,66.66,60.1,0.0,-0.9,5,360.523,-0.129,-250.264
1623.0,66.81,60.1,0.0,-1.0,5,359.295,-0.139,-252.633
1623.0,67.03,60.1,0.0,-1.1,5,357.454,-0.154,-256.201
1623.0,67.18,60.1,0.0,-0.9,5,356.228,-0.164,-258.588
1623.0,67.39,60.1,0.0,-0.6,5,354.391,-0.179,-262.183
1636.5,67.53,60.1,0.0,-0.3,5,353.168,-0.190,-264.588
1636.5,67.75,60.1,0.0,0.1,5,351.334,-0.206,-268.208
1636.5,67.89,60.1,0.0,0.1,5,350.111,-0.216,-270.629
1636.5,68.09,60.1,0.0,-0.1,5,348.275,-0.233,-274.271
1650.0,68.23,60.1,0.0,-0.1,5,347.048,-0.243,-276.705
1650.0,68.44,60.1,0.0,-1.7,5,345.204,-0.260,-280.367
1650.0,68.58,60.1,0.0,-3.3,5,343.973,-0.272,-282.815
1650.0,68.78,60.2,0.0,-3.5,5,342.130,-0.291,-286.500
1663.7,68.91,60.2,0.0,-2.9,5,340.909,-0.305,-288.968
2070.1,80.08,59.4,0.0,0.5,7,161.349,-3.228,-652.130
2070.1,80.17,59.4,0.0,0.5,7,159.104,-3.246,-656.380
2070.1,80.22,59.5,0.0,0.6,7,157.601,-3.255,-659.214
2070.1,80.31,59.5,0.0,0.7,7,155.339,-3.264,-663.466
2086.1,80.36,59.5,0.0,0.6,7,153.825,-3.267,-666.300
2086.1,80.44,59.5,0.0,0.5,7,151.547,-3.269,-670.552
2086.1,80.50,59.6,0.0,0.4,7,150.022,-3.268,-673.386
2086.1,80.58,59.6,0.0,0.5,7,147.727,-3.262,-677.639
2102.2,80.65,59.6,0.0,2.3,7,145.422,-3.253,-681.891
2102.2,80.70,59.6,0.0,2.4,7,143.877,-3.245,-684.724
2102.2,80.77,59.6,0.0,1.6,7,141.543,-3.229,-688.969
2102.2,80.82,59.7,0.0,1.5,7,139.975,-3.215,-691.795
2118.3,80.89,59.7,0.0,1.1,7,137.604,-3.189,-696.027
2118.3,80.93,59.7,0.0,0.9,7,136.012,-3.169,-698.844
2118.3,81.00,59.7,0.0,0.9,7,133.608,-3.135,-703.066
2118.3,81.05,59.8,0.0,1.0,7,131.997,-3.111,-705.878
2134.4,81.12,57.1,0.0,1.1,7,129.568,-3.069,-710.093
2134.4,81.00,16.2,21.5,1.4,7,127.942,-3.039,-712.899
2134.4,80.29,0.0,61.4,1.7,7,125.503,-2.988,-717.084
2134.4,79.60,0.0,68.4,1.8,7,123.885,-2.951,-719.844
2150.5,78.47,0.0,76.5,1.7,7,121.473,-2.889,-723.929
2150.5,77.63,0.0,85.9,2.0,7,119.875,-2.846,-726.613
2150.5,76.28,0.0,85.9,1.3,7,117.495,-2.777,-730.572
2150.5,75.39,0.0,86.0,0.7,7,115.920,-2.727,-733.167
2165.8,74.07,0.0,86.0,1.1,7,113.575,-2.647,-736.991
2165.8,72.74,0.0,86.0,1.2,7,111.254,-2.564,-740.736
2165.8,71.88,0.0,86.1,1.2,7,109.720,-2.506,-743.189
2165.8,70.56,0.0,86.1,0.8,7,107.438,-2.420,-746.804
2180.2,69.69,0.0,86.1,0.8,0,105.931,-2.362,-749.171
2180.2,68.41,0.0,86.2,0.9,6,103.690,-2.275,-752.658
2180.2,67.55,0.0,86.2,1.4,6,102.211,-2.219,-754.941
2180.2,66.26,0.0,86.2,2.3,6,100.012,-2.136,-758.301
2193.8,65.45,0.0,86.2,2.4,6,98.560,-2.085,-760.500
2193.8,64.09,0.0,86.3,0.3,6,96.401,-2.017,-763.733
2193.8,63.23,0.0,86.3,0.8,6,94.972,-1.969,-765.842
2193.8,61.96,0.0,86.3,1.6,0,92.842,-1.895,-768.937
2206.5,61.12,25.8,86.4,2.5,0,91.432,-1.848,-770.957
2206.5,59.83,0.0,86.4,1.4,5,89.335,-1.779,-773.921
2206.5,58.99,0.0,86.5,0.6,5,87.948,-1.732,-775.851
2206.5,57.72,0.0,86.5,1.2,5,85.886,-1.663,-778.684
2218.4,56.89,0.0,86.5,1.6,5,84.526,-1.617,-780.529
2218.4,55.63,0.0,86.4,1.3,5,82.505,-1.553,-783.236
2218.4,54.36,0.0,86.4,1.5,5,80.512,-1.492,-785.866
2218.4,53.53,0.0,86.4,2.1,0,79.197,-1.453,-787.580
2229.3,52.31,0.0,86.4,2.5,4,77.246,-1.397,-790.087
2229.3,51.47,0.0,86.4,3.1,4,75.960,-1.361,-791.718
2229.3,50.24,0.0,86.3,3.7,4,74.051,-1.309,-794.101
2229.3,49.44,0.0,63.0,4.7,4,72.791,-1.277,-795.647
2239.5,48.65,0.0,11.6,2.0,4,70.911,-1.229,-797.907
2239.5,48.45,0.0,3.8,0.4,4,69.650,-1.197,-799.384
2239.5,48.27,0.2,0.2,1.4,4,67.743,-1.150,-801.570
2239.5,48.19,6.6,0.0,3.5,4,66.463,-1.119,-803.014
2249.1,48.10,11.4,0.0,6.4,4,64.533,-1.072,-805.163
2249.1,48.21,78.3,0.0,7.8,4,63.237,-1.040,-806.586
2249.1,48.34,47.1,41.8,9.4,4,61.267,-0.991,-808.715
2249.1,48.08,46.4,7.0,9.8,4,59.943,-0.958,-810.116
2258.6,48.12,46.0,38.0,10.3,4,57.934,-0.909,-812.189
2258.6,47.75,0.0,19.2,10.4,4,56.580,-0.876,-813.548
2258.6,47.62,47.1,35.6,11.9,4,54.531,-0.826,-815.544
2268.1,47.18,47.6,5.9,15.5,4,52.456,-0.776,-817.487
2268.1,47.28,90.7,0.0,18.1,4,51.055,-0.743,-818.753
2268.1,47.52,68.6,0.0,20.6,4,48.909,-0.691,-820.618
2268.1,47.60,53.7,24.2,23.6,4,47.448,-0.658,-821.837
2277.5,47.31,28.1,4.0,25.3,4,45.224,-0.608,-823.616
2277.5,47.28,48.6,23.7,28.3,4,43.722,-0.575,-824.765
2277.5,46.97,30.7,4.0,28.6,4,41.437,-0.525,-826.432
2277.5,46.94,52.1,0.0,29.6,4,39.895,-0.493,-827.504
2286.9,46.75,8.7,23.2,32.9,4,37.548,-0.445,-829.055
2286.9,46.46,13.7,3.7,35.6,4,35.969,-0.413,-830.046
2286.9,46.23,4.3,2.0,38.9,4,33.578,-0.365,-831.467
2286.9,46.11,20.1,0.0,41.1,4,31.969,-0.333,-832.372
2296.2,45.94,7.5,0.0,46.2,4,29.529,-0.284,-833.666
2296.2,45.76,14.4,0.0,51.4,4,27.064,-0.237,-834.885
2296.2,45.63,10.9,0.0,54.9,4,25.407,-0.205,-835.657
2296.2,45.42,9.9,0.0,59.4,4,22.903,-0.158,-836.750
2305.5,45.28,9.2,0.0,61.9,4,21.224,-0.126,-837.436
2305.5,45.07,8.7,0.0,64.8,4,18.692,-0.078,-838.403
2305.5,44.92,8.5,0.0,63.7,4,16.996,-0.046,-839.005
2305.5,44.70,8.5,0.0,61.5,4,14.441,0.001,-839.843
2314.6,44.55,8.5,0.0,61.8,4,12.733,0.032,-840.359
2314.6,44.34,8.6,0.0,62.1,4,10.162,0.078,-841.069
2314.6,44.19,8.5,0.0,60.1,4,8.445,0.109,-841.499
2314.6,43.98,8.6,0.0,62.3,4,5.864,0.154,-842.078
2323.6,43.83,8.6,0.0,61.9,4,4.141,0.184,-842.421
2323.6,43.63,8.6,0.0,60.0,4,1.556,0.227,-842.872
2323.6,43.49,8.7,0.0,61.2,4,-0.167,0.255,-843.129
2323.6,43.28,8.8,0.0,62.5,4,-2.749,0.295,-843.453
2332.4,43.14,8.6,0.0,63.1,4,-4.469,0.321,-843.628
2332.4,42.93,8.5,0.0,64.0,4,-7.044,0.358,-843.827
2332.4,42.72,8.4,0.0,63.8,4,-9.610,0.394,-843.950
2332.4,42.58,8.4,0.0,62.5,0,-11.316,0.417,-843.991
2341.2,42.38,1.5,0.0,59.1,3,-13.865,0.450,-843.989
2341.2,42.23,7.6,0.0,57.9,3,-15.557,0.471,-843.947
2341.2,42.03,9.7,0.0,56.0,3,-18.081,0.500,-843.823
2341.2,41.91,9.8,0.0,54.3,3,-19.756,0.518,-843.700
2349.9,41.73,10.8,0.0,51.3,3,-22.253,0.544,-843.454
2349.9,41.62,12.7,0.0,49.3,3,-23.907,0.561,-843.250
2349.9,41.49,16.6,0.0,46.9,3,-26.374,0.583,-842.886
2349.9,41.42,19.9,0.0,45.1,3,-28.008,0.597,-842.606
2358.4,41.35,27.1,0.0,41.5,3,-30.445,0.614,-842.129
2358.4,41.34,34.0,0.0,38.7,3,-32.060,0.624,-841.773
2358.4,41.40,52.2,0.0,33.4,3,-34.469,0.639,-841.181
2358.4,41.52,69.2,0.0,29.7,3,-36.070,0.648,-840.748
2367.0,41.85,90.4,0.0,23.5,3,-38.467,0.662,-840.039
2367.0,42.10,91.1,0.0,18.7,3,-40.066,0.670,-839.529
2367.0,42.48,91.1,0.0,10.9,3,-42.464,0.681,-838.704
2367.0,42.87,91.1,0.0,2.7,3,-44.863,0.690,-837.812
2375.8,43.14,91.1,0.0,-1.1,3,-46.463,0.696,-837.180
2375.8,43.57,91.2,0.0,-2.0,3,-48.865,0.702,-836.183
2375.8,43.86,91.2,0.0,0.4,3,-50.468,0.706,-835.487
2375.8,44.29,91.2,0.0,5.9,3,-52.879,0.712,-834.402
2385.0,44.57,91.2,0.0,8.8,3,-54.491,0.717,-833.656
2385.0,44.99,91.2,0.0,10.9,3,-56.919,0.723,-832.506
2385.0,45.26,91.2,0.0,11.2,3,-58.542,0.725,-831.716
2385.0,45.67,91.2,0.0,11.1,3,-60.979,0.726,-830.494
2394.4,45.93,91.2,0.0,11.1,3,-62.605,0.726,-829.651
2394.4,46.33,91.2,0.0,11.7,3,-65.042,0.725,-828.340
2394.4,46.59,91.2,0.0,12.3,3,-66.664,0.723,-827.433
2394.4,46.97,91.3,0.0,13.7,3,-69.091,0.719,-826.025
2403.8,47.22,91.3,0.0,14.1,3,-70.704,0.715,-825.053
2403.8,47.58,91.3,0.0,14.7,3,-73.113,0.708,-823.543
2403.8,47.82,91.3,0.0,15.0,3,-74.710,0.702,-822.500
2403.8,48.17,91.3,0.0,15.5,3,-77.091,0.693,-820.881
2413.4,48.51,91.3,0.0,15.6,3,-79.451,0.682,-819.195
2413.4,48.74,91.3,0.0,15.7,3,-81.011,0.673,-818.035
2413.4,49.07,89.6,0.0,16.3,3,-83.330,0.659,-816.238
2413.4,49.28,89.6,0.0,17.3,3,-84.860,0.648,-815.003
2423.1,49.59,91.4,0.0,18.6,3,-87.130,0.631,-813.095
2423.1,49.80,91.4,0.0,19.2,3,-88.625,0.618,-811.786
2423.1,50.11,91.4,0.0,20.3,3,-90.841,0.596,-809.768
2423.1,50.31,91.4,0.0,21.2,3,-92.298,0.580,-808.387
2432.8,50.60,91.5,0.0,24.1,0,-94.453,0.554,-806.262
2432.8,50.54,0.0,0.0,26.1,0,-95.863,0.536,-804.810
2432.8,50.62,49.2,0.0,29.6,4,-97.928,0.510,-802.588
2432.8,50.56,9.1,0.0,32.5,4,-99.274,0.491,-801.076
2442.6,50.39,9.0,0.0,32.8,4,-101.239,0.462,-798.771
2442.6,50.28,9.0,0.0,30.8,4,-102.511,0.442,-797.211
2442.6,50.11,8.9,0.0,27.7,4,-104.363,0.410,-794.836
2452.2,50.22,87.4,0.0,24.5,4,-106.151,0.375,-792.418
2452.2,50.41,91.2,0.0,22.0,4,-107.314,0.350,-790.777
2452.2,50.71,91.2,0.0,19.5,4,-109.019,0.310,-788.270
2452.2,50.85,91.2,0.0,19.1,4,-110.131,0.282,-786.570
2462.0,51.16,88.6,0.0,14.5,4,-111.764,0.231,-783.983
2462.0,51.34,88.5,0.0,8.6,4,-112.827,0.193,-782.231
2462.0,51.60,91.1,0.0,1.6,4,-114.378,0.134,-779.561
2462.0,51.78,76.0,0.0,-1.5,4,-115.382,0.094,-777.754
2472.2,52.06,90.9,0.0,-7.4,4,-116.846,0.034,-775.006
2472.2,52.24,91.3,0.0,-8.7,4,-117.795,-0.008,-773.150
2472.2,52.60,91.3,0.0,-11.4,4,-119.190,-0.082,-770.333
2472.2,52.83,90.6,0.0,-12.3,4,-120.101,-0.136,-768.434
2482.8,53.18,80.8,0.0,-7.9,4,-121.450,-0.221,-765.556
2482.8,53.39,74.3,0.0,-2.5,4,-122.351,-0.280,-763.626
2482.8,53.74,64.6,0.0,1.5,4,-123.718,-0.368,-760.718
2482.8,53.97,59.1,0.0,1.0,4,-124.643,-0.431,-758.774
2493.7,54.34,59.0,0.0,-1.9,4,-126.049,-0.532,-755.846
2493.7,54.68,59.2,0.0,-5.2,4,-127.477,-0.635,-752.907
2493.7,54.90,59.4,0.0,-5.4,4,-128.444,-0.702,-750.942
2493.7,55.24,59.5,0.0,-4.4,4,-129.919,-0.802,-747.987
2505.0,55.46,59.5,0.0,-4.6,4,-130.919,-0.870,-746.013
2505.0,55.80,59.7,0.0,-4.7,4,-132.449,-0.974,-743.049
2505.0,56.01,59.7,0.0,-5.2,4,-133.490,-1.042,-741.071
2505.0,56.36,60.0,0.0,-5.1,4,-135.080,-1.143,-738.101
2516.4,56.56,60.0,0.0,-5.5,4,-136.160,-1.212,-736.119
2516.4,56.90,60.0,0.0,-3.6,4,-137.807,-1.323,-733.142
2516.4,57.12,60.0,0.0,-3.3,4,-138.924,-1.403,-731.155
2516.4,57.46,60.0,0.0,-3.4,4,-140.626,-1.531,-728.172
2528.0,57.67,60.0,0.0,-3.0,4,-141.779,-1.621,-726.181
2528.0,58.00,60.0,0.0,-3.9,4,-143.534,-1.762,-723.192
2528.0,58.20,60.0,0.0,-3.2,4,-144.721,-1.859,-721.197
2528.0,58.51,60.0,0.0,-3.4,4,-146.529,-2.007,-718.202
2539.8,58.71,60.0,0.0,-2.8,4,-147.752,-2.105,-716.205
2539.8,59.02,60.0,0.0,-2.3,4,-149.611,-2.252,-713.207
2539.8,59.32,60.0,0.0,-4.0,4,-151.497,-2.402,-710.203
2539.8,59.52,60.0,0.0,-4.3,4,-152.771,-2.501,-708.199
2551.7,59.81,60.1,0.0,-3.8,4,-154.707,-2.647,-705.192
2551.7,60.01,60.1,0.0,-3.3,4,-156.016,-2.740,-703.187
2551.7,60.30,60.1,0.0,-2.9,4,-158.007,-2.876,-700.181
2551.7,60.49,60.1,0.0,-2.8,4,-159.351,-2.966,-698.176
2563.8,60.77,60.0,0.0,-2.8,4,-161.392,-3.098,-695.169
2563.8,60.95,59.9,0.0,-2.8,0,-162.769,-3.184,-693.163
2563.8,60.93,89.4,0.0,-2.4,5,-164.852,-3.308,-690.161
2563.8,61.11,82.9,0.0,-1.9,5,-166.253,-3.385,-688.164
2576.2,61.38,73.1,0.0,-1.8,5,-168.376,-3.492,-685.168
2576.2,61.56,66.7,0.0,-1.2,5,-169.806,-3.558,-683.169
2576.2,61.82,58.9,0.0,-0.6,5,-171.969,-3.649,-680.168
2576.2,62.00,59.0,0.0,-0.5,5,-173.422,-3.703,-678.164
2588.6,62.25,59.1,0.0,-0.6,5,-175.616,-3.773,-675.152
2588.6,62.51,59.2,0.0,-0.7,5,-177.827,-3.828,-672.132
2588.6,62.68,59.2,0.0,-0.8,5,-179.308,-3.858,-670.114
2588.6,62.93,59.3,0.0,-0.8,5,-181.543,-3.895,-667.081
2601.2,63.10,59.4,0.0,-0.8,5,-183.041,-3.915,-665.054
2601.2,63.35,59.5,0.0,-0.9,5,-185.299,-3.942,-662.006
2601.2,63.52,59.5,0.0,-1.0,5,-186.813,-3.959,-659.970
2601.2,63.76,59.6,0.0,-1.1,5,-189.096,-3.982,-656.910
2613.9,63.92,59.6,0.0,-1.1,5,-190.625,-3.995,-654.866
2613.9,64.16,59.7,0.0,-1.1,5,-192.932,-4.013,-651.793
2613.9,64.32,59.7,0.0,-1.0,5,-194.479,-4.023,-649.741
2613.9,64.56,59.8,0.0,-0.9,5,-196.811,-4.035,-646.658
2626.7,64.71,59.8,0.0,-0.9,5,-198.374,-4.039,-644.599
2626.7,64.95,59.9,0.0,-0.9,5,-200.731,-4.044,-641.505
2626.7,65.10,59.9,0.0,-1.0,5,-202.310,-4.045,-639.439
2626.7,65.32,60.0,0.0,-1.0,5,-204.691,-4.043,-636.335
2639.7,65.55,60.0,0.0,-1.0,5,-207.088,-4.035,-633.226
2639.7,65.70,60.1,0.0,-1.1,5,-208.693,-4.025,-631.149
2639.7,65.92,60.1,0.0,-1.2,5,-211.114,-4.005,-628.031
2639.7,66.07,60.1,0.0,-1.2,5,-212.737,-3.989,-625.949
2652.8,66.28,60.1,0.0,-1.6,5,-215.184,-3.967,-622.823
2652.8,66.43,60.1,0.0,-1.8,5,-216.826,-3.951,-620.738
2652.8,66.64,60.1,0.0,-2.2,5,-219.302,-3.929,-617.608
2652.8,66.78,60.1,0.0,-2.5,5,-220.965,-3.914,-615.521
2666.0,66.93,40.3,0.0,-2.0,5,-223.476,-3.896,-612.392
2666.0,66.89,17.3,30.2,-1.6,5,-225.159,-3.887,-610.310
2666.0,66.23,0.0,57.6,-1.5,5,-227.684,-3.880,-607.211
2666.0,65.62,0.0,64.5,-1.1,5,-229.357,-3.879,-605.171
2679.3,64.63,0.0,69.9,-0.6,5,-231.846,-3.880,-602.156
2679.3,63.90,0.0,85.6,-0.3,5,-233.490,-3.884,-600.178
2679.3,62.65,0.0,87.0,-0.1,5,-235.926,-3.894,-597.262
2679.3,61.81,0.0,87.6,-0.1,5,-237.528,-3.903,-595.354
2692.1,60.56,0.0,89.3,-0.1,5,-239.897,-3.921,-592.547
2692.1,59.30,0.0,88.3,-0.2,5,-242.226,-3.944,-589.803
2692.1,58.47,0.0,84.3,-0.1,5,-243.755,-3.961,-588.010
2704.0,57.27,0.0,81.3,-0.2,5,-246.016,-3.990,-585.372
2704.0,56.49,0.0,83.6,-0.2,5,-247.501,-4.012,-583.646
2704.0,55.30,0.0,79.1,-0.0,5,-249.695,-4.047,-581.107
2704.0,54.54,0.0,81.0,-0.1,5,-251.135,-4.071,-579.446
2715.1,53.41,0.0,80.5,-0.2,5,-253.263,-4.108,-577.002
2715.1,52.65,27.9,82.1,-0.1,0,-254.659,-4.133,-575.403
2715.1,51.51,0.0,78.5,-0.0,4,-256.719,-4.171,-573.050
2715.1,50.76,0.0,79.4,-0.0,4,-258.069,-4.196,-571.512
2725.4,49.63,0.0,81.0,-0.1,4,-260.060,-4.232,-569.249
2725.4,48.88,0.0,83.7,-0.3,4,-261.364,-4.257,-567.771
2725.4,47.71,0.0,79.2,-0.7,4,-263.285,-4.294,-565.599
2725.4,46.97,0.0,83.0,-1.0,4,-264.542,-4.319,-564.181
2734.9,45.84,0.0,76.2,-1.6,4,-266.395,-4.356,-562.099
2734.9,45.12,0.0,79.2,-2.0,4,-267.608,-4.381,-560.742
2734.9,44.03,31.3,75.0,-2.4,0,-269.396,-4.418,-558.751
2734.9,42.98,0.0,78.6,-2.6,3,-271.149,-4.452,-556.813
2743.7,42.26,0.0,78.0,-2.6,3,-272.299,-4.474,-555.553
2743.7,41.21,0.0,74.2,-3.1,3,-273.995,-4.506,-553.709
2743.7,40.51,0.0,80.0,-3.3,3,-275.109,-4.527,-552.511
2743.7,39.42,0.0,72.1,-3.4,3,-276.752,-4.557,-550.762
2751.8,38.76,0.0,68.3,-4.0,3,-277.831,-4.576,-549.629
2751.8,37.81,0.0,59.5,-4.8,3,-279.426,-4.606,-547.975
2751.8,37.25,0.0,56.5,-5.2,3,-280.479,-4.625,-546.903
2751.8,36.43,0.0,60.4,-6.4,3,-282.043,-4.652,-545.339
2759.3,35.86,0.0,58.1,-7.2,3,-283.075,-4.669,-544.326
2759.3,35.04,33.1,60.9,-7.8,0,-284.610,-4.693,-542.852
2759.3,34.49,0.0,62.9,-7.9,2,-285.624,-4.709,-541.899
2759.3,33.60,0.0,60.7,-7.9,2,-287.130,-4.733,-540.515
2766.1,33.04,0.0,57.5,-7.6,2,-288.123,-4.748,-539.625
2766.1,32.24,0.0,49.9,-7.6,2,-289.598,-4.770,-538.336
2766.1,31.76,0.0,44.1,-8.6,2,-290.574,-4.784,-537.506
2766.1,31.13,0.0,41.6,-10.8,2,-292.030,-4.805,-536.305
2772.4,30.51,0.0,42.2,-12.7,2,-293.479,-4.825,-535.154
2772.4,30.10,0.0,46.4,-10.8,2,-294.440,-4.837,-534.414
2772.4,29.43,0.0,46.3,-7.5,2,-295.872,-4.856,-533.345
2772.4,28.99,0.0,44.1,-6.9,2,-296.818,-4.868,-532.658
2778.2,28.36,0.0,39.7,-7.5,2,-298.222,-4.884,-531.663
2778.2,27.98,0.0,36.2,-8.9,2,-299.150,-4.895,-531.021
2778.2,27.46,0.0,33.7,-11.8,2,-300.529,-4.910,-530.091
2778.2,27.13,0.0,30.2,-13.6,2,-301.443,-4.919,-529.492
2783.6,26.68,0.0,26.3,-15.2,2,-302.805,-4.932,-528.626
2783.6,26.41,0.0,24.7,-16.0,2,-303.710,-4.940,-528.070
2783.6,26.02,0.0,22.6,-18.3,2,-305.064,-4.952,-527.268
2783.6,25.78,0.0,20.6,-18.9,2,-305.965,-4.959,-526.756
2788.7,25.46,39.7,21.6,-21.4,0,-307.316,-4.968,-526.023
2788.7,25.22,0.0,19.5,-26.6,1,-308.217,-4.974,-525.557
2788.7,24.87,0.0,15.9,-33.1,1,-309.569,-4.981,-524.901
2788.7,24.54,0.0,14.9,-35.7,1,-310.925,-4.985,-524.299
2793.7,24.34,0.0,9.8,-35.9,1,-311.830,-4.987,-523.930
2793.7,24.10,0.0,5.6,-36.0,1,-313.192,-4.989,-523.423
2793.7,23.96,0.0,8.1,-34.2,1,-314.104,-4.989,-523.118
2793.7,23.72,0.0,5.6,-33.1,1,-315.474,-4.988,-522.708
2800.3,23.59,0.0,5.9,-33.6,1,-316.389,-4.986,-522.466
2800.3,23.36,0.0,7.4,-37.9,1,-317.762,-4.980,-522.151
2800.3,23.21,0.0,2.2,-41.1,1,-318.677,-4.974,-521.975
2800.3,23.07,5.1,0.0,-43.4,1,-320.047,-4.964,-521.757
2806.2,23.02,17.5,0.0,-44.0,1,-320.962,-4.956,-521.643
2806.2,23.13,42.7,0.0,-40.9,1,-322.338,-4.946,-521.516
2806.2,23.27,35.2,0.0,-38.0,1,-323.263,-4.945,-521.452
2806.2,23.32,19.3,0.0,-38.7,1,-324.661,-4.944,-521.401
2811.8,23.30,14.1,0.0,-38.1,1,-325.594,-4.945,-521.396
2811.8,23.23,3.0,0.0,-35.4,1,-326.990,-4.951,-521.432
2811.8,23.13,6.4,0.0,-35.3,1,-327.915,-4.947,-521.499
2811.8,23.06,11.0,0.0,-35.4,1,-329.292,-4.939,-521.650
2817.0,23.01,12.0,0.0,-41.0,1,-330.658,-4.931,-521.860
2817.0,22.98,12.8,0.0,-46.5,1,-331.562,-4.925,-522.032
2817.0,23.00,30.2,0.0,-54.1,1,-332.907,-4.916,-522.333
2817.0,23.10,44.0,0.0,-56.6,1,-333.799,-4.910,-522.564
2822.0,23.41,59.0,0.0,-57.7,1,-335.137,-4.900,-522.956
2822.0,23.65,55.9,0.0,-55.8,1,-336.031,-4.892,-523.248
2822.0,23.99,60.5,0.0,-52.2,1,-337.374,-4.878,-523.735
2822.0,24.26,67.8,0.0,-49.0,1,-338.270,-4.868,-524.091
2826.9,24.61,51.0,0.0,-41.8,1,-339.614,-4.850,-524.676
2826.9,24.85,55.1,0.0,-37.2,1,-340.508,-4.837,-525.099
2826.9,25.22,61.3,0.0,-31.6,1,-341.844,-4.817,-525.783
2826.9,25.46,50.3,0.0,-26.2,1,-342.730,-4.803,-526.273
2831.9,25.80,51.8,0.0,-16.4,1,-344.052,-4.781,-527.057
2831.9,26.06,58.2,0.0,-9.8,1,-344.929,-4.766,-527.609
2831.9,26.51,63.7,0.0,-0.7,1,-346.240,-4.744,-528.482
2837.2,26.99,63.2,0.0,5.5,1,-347.555,-4.722,-529.402
2837.2,27.34,73.7,0.0,6.4,1,-348.437,-4.707,-530.035
2837.2,27.99,91.0,0.0,7.7,1,-349.780,-4.685,-531.006
2837.2,28.43,77.7,0.0,10.1,1,-350.695,-4.670,-531.665
2842.7,28.86,46.7,0.0,14.2,1,-352.099,-4.646,-532.657
2842.7,29.00,33.4,0.0,17.0,1,-353.052,-4.631,-533.313
2842.7,29.14,32.3,0.0,20.5,1,-354.504,-4.609,-534.280
2842.7,29.26,36.0,0.0,22.5,1,-355.486,-4.595,-534.911
2848.5,29.45,38.9,0.0,24.8,1,-356.987,-4.576,-535.832
2848.5,29.59,41.8,0.0,26.2,1,-358.006,-4.564,-536.429
2848.5,29.79,34.2,0.0,28.0,1,-359.563,-4.547,-537.294
2848.5,29.86,24.2,0.0,29.0,1,-360.620,-4.537,-537.847
2854.6,29.82,6.9,0.0,29.8,1,-362.227,-4.524,-538.638
2854.6,29.77,11.5,0.0,29.4,1,-363.310,-4.517,-539.134
2854.6,29.73,15.3,0.0,28.2,1,-364.952,-4.507,-539.833
2854.6,29.68,11.0,0.0,29.4,1,-366.615,-4.499,-540.476
2860.8,29.65,15.8,0.0,31.2,1,-367.733,-4.494,-540.872
2860.8,29.60,11.5,0.0,32.7,1,-369.425,-4.488,-541.418
2860.8,29.55,5.5,0.0,33.6,1,-370.561,-4.486,-541.749
2860.8,29.54,35.1,0.0,37.0,1,-372.275,-4.486,-542.198
2867.3,29.68,56.1,0.0,37.4,1,-373.428,-4.486,-542.466
2867.3,29.93,40.0,0.0,33.4,1,-375.180,-4.488,-542.822
2867.3,30.06,36.7,0.0,29.6,1,-376.361,-4.490,-543.028
2867.3,30.20,60.7,0.0,24.5,1,-378.151,-4.488,-543.279
2875.0,30.35,39.0,0.0,14.0,1,-379.355,-4.490,-543.417
2875.0,30.65,83.1,0.0,8.1,0,-381.178,-4.489,-543.573
2875.0,30.61,0.0,0.0,-0.6,0,-382.401,-4.488,-543.646
2875.0,30.73,17.9,0.0,-12.2,2,-384.239,-4.496,-543.716
2882.0,30.75,41.8,0.0,-9.0,2,-385.468,-4.502,-543.733
2882.0,30.84,34.8,0.0,1.8,2,-387.316,-4.511,-543.709
2882.0,30.98,74.1,0.0,11.7,2,-388.550,-4.514,-543.651
2882.0,31.37,71.6,0.0,25.9,2,-390.413,-4.516,-543.504
2889.9,31.78,76.6,0.0,41.6,2,-392.295,-4.519,-543.294
2889.9,32.01,64.5,0.0,45.6,2,-393.558,-4.520,-543.119
2889.9,32.19,40.3,0.0,49.6,2,-395.460,-4.522,-542.808
2889.9,32.26,40.1,0.0,50.7,2,-396.726,-4.523,-542.566
2896.6,32.39,44.6,0.0,49.6,2,-398.621,-4.523,-542.154
2896.6,32.47,42.5,0.0,51.5,2,-399.880,-4.524,-541.845
2896.6,32.56,38.4,0.0,46.2,2,-401.762,-4.527,-541.330
2896.6,32.63,36.1,0.0,42.7,2,-403.010,-4.532,-540.953
2903.0,32.72,46.8,0.0,41.7,2,-404.870,-4.541,-540.336
2903.0,32.81,39.1,0.0,38.1,2,-406.102,-4.550,-539.889
2903.0,32.91,48.1,0.0,39.2,2,-407.936,-4.565,-539.167
2903.0,33.04,49.3,0.0,35.4,2,-409.149,-4.576,-538.649
3115.2,57.31,60.0,0.0,9.1,4,-442.653,-6.334,-353.019
3115.2,57.49,60.0,0.0,8.4,4,-441.464,-6.339,-351.055
3115.2,57.77,60.0,0.0,8.5,4,-439.635,-6.344,-348.121
3115.2,57.96,60.0,0.0,8.3,4,-438.387,-6.349,-346.173
3126.6,58.23,60.0,0.0,8.1,4,-436.471,-6.356,-343.261
3126.6,58.43,60.0,0.0,7.0,4,-435.166,-6.360,-341.328
3126.6,58.66,60.0,0.0,6.2,4,-433.166,-6.359,-338.442
3126.6,58.88,60.0,0.0,5.1,4,-431.807,-6.358,-336.524
3138.3,59.19,60.1,0.0,3.9,4,-429.727,-6.351,-333.656
3138.3,59.57,60.0,0.0,2.3,4,-427.603,-6.345,-330.795
3138.3,59.83,60.0,0.0,1.5,4,-426.165,-6.341,-328.890
3150.2,60.06,59.9,0.0,1.3,4,-423.975,-6.332,-326.038
3150.2,60.26,59.5,0.0,1.5,0,-422.498,-6.324,-324.138
3150.2,60.28,89.4,0.0,0.5,5,-420.267,-6.317,-321.292
3150.2,60.44,82.9,0.0,-0.1,5,-418.771,-6.309,-319.398
3162.3,60.73,73.0,0.0,-0.8,5,-416.513,-6.300,-316.550
3162.3,60.90,66.4,0.0,-0.8,5,-415.001,-6.294,-314.645
3162.3,61.16,58.6,0.0,-1.0,5,-412.725,-6.281,-311.777
3162.3,61.34,58.8,0.0,-1.0,5,-411.205,-6.272,-309.857
3174.6,61.59,58.8,0.0,-1.0,5,-408.922,-6.261,-306.961
3174.6,61.75,58.9,0.0,-1.1,5,-407.400,-6.252,-305.021
3174.6,62.00,58.9,0.0,-1.2,5,-405.117,-6.238,-302.094
3174.6,62.16,59.0,0.0,-1.2,5,-403.594,-6.227,-300.133
3187.0,62.41,59.1,0.0,-1.1,5,-401.311,-6.209,-297.175
3187.0,62.65,59.2,0.0,-0.9,5,-399.027,-6.191,-294.199
3187.0,62.81,59.3,0.0,-0.9,5,-397.505,-6.178,-292.205
3187.0,63.05,59.3,0.0,-0.9,5,-395.219,-6.158,-289.201
3347.2,70.64,67.0,0.0,-0.3,6,-301.115,-4.553,-163.224
3347.2,70.80,59.2,0.0,-0.4,6,-298.584,-4.494,-159.819
3361.3,70.92,59.2,0.0,-0.4,6,-296.895,-4.454,-157.543
3361.3,71.08,59.3,0.0,-0.6,6,-294.359,-4.394,-154.121
3361.3,71.19,59.4,0.0,-0.6,6,-292.667,-4.353,-151.835
3361.3,71.35,59.4,0.0,-0.2,6,-290.126,-4.293,-148.396
3375.6,71.46,59.4,0.0,-0.1,6,-288.431,-4.252,-146.098
3375.6,71.61,59.5,0.0,0.0,6,-285.887,-4.190,-142.643
3375.6,71.77,59.5,0.0,-0.0,6,-283.340,-4.129,-139.177
3375.6,71.88,59.5,0.0,-0.0,6,-281.640,-4.089,-136.861
3389.9,72.04,59.6,0.0,-0.0,6,-279.086,-4.029,-133.381
3389.9,72.14,59.6,0.0,0.1,6,-277.381,-3.988,-131.056
3389.9,72.30,59.7,0.0,0.2,6,-274.819,-3.926,-127.563
3389.9,72.40,59.7,0.0,0.2,6,-273.107,-3.884,-125.230
3404.4,72.55,59.7,0.0,0.2,6,-270.535,-3.822,-121.725
3404.4,72.65,59.7,0.0,0.2,6,-268.816,-3.780,-119.385
3404.4,72.80,59.8,0.0,0.1,6,-266.233,-3.717,-115.869
3404.4,72.90,59.8,0.0,0.9,6,-264.508,-3.675,-113.521
3571.0,65.23,38.1,0.0,27.7,6,-158.436,-1.437,3.069
3571.0,65.22,43.5,0.0,29.3,6,-155.022,-1.396,4.981
3571.0,65.23,47.8,0.0,29.7,6,-151.568,-1.355,6.820
3585.0,65.25,38.3,0.0,30.6,6,-149.248,-1.338,8.014
3585.0,65.12,11.3,0.0,33.3,6,-145.736,-1.315,9.736
3585.0,64.95,8.1,0.0,37.6,6,-143.375,-1.295,10.830
3585.0,64.70,12.8,0.0,43.7,6,-139.812,-1.262,12.390
3598.6,64.55,12.4,0.0,47.3,6,-137.423,-1.238,13.379
3598.6,64.31,10.5,0.0,51.6,6,-133.822,-1.201,14.786
3598.6,64.14,9.5,0.0,53.4,6,-131.411,-1.176,15.674
3598.6,63.88,8.0,0.0,55.3,6,-127.782,-1.140,16.931
3612.0,63.70,8.0,0.0,56.4,6,-125.355,-1.117,17.720
3612.0,63.41,8.0,0.0,56.5,6,-121.706,-1.084,18.826
3612.0,63.21,8.0,0.0,55.2,6,-119.267,-1.062,19.510
3612.0,62.92,7.9,0.0,54.3,6,-115.603,-1.029,20.456
3624.8,62.73,7.9,0.0,53.4,6,-113.158,-1.009,21.036
3624.8,62.43,7.9,0.0,54.2,6,-109.486,-0.976,21.824
3624.8,62.14,7.9,0.0,54.1,6,-105.813,-0.941,22.514
3624.8,61.96,7.9,0.0,53.6,6,-103.364,-0.916,22.922
3637.0,61.69,7.9,0.0,56.1,6,-99.693,-0.881,23.458
3637.0,61.50,7.9,0.0,56.7,6,-97.249,-0.857,23.764
3637.0,61.22,7.8,0.0,56.7,6,-93.587,-0.817,24.143
3637.0,61.04,7.8,0.0,55.8,6,-91.150,-0.789,24.345
3649.0,60.77,7.8,0.0,53.9,6,-87.502,-0.747,24.572
3649.0,60.59,7.8,0.0,51.6,6,-85.077,-0.718,24.673
3649.0,60.33,7.8,0.0,47.1,6,-81.450,-0.676,24.748
3649.0,60.16,8.2,0.0,44.1,6,-79.040,-0.647,24.747
3660.8,59.92,10.7,0.0,39.6,6,-75.438,-0.602,24.666
3660.8,59.77,11.2,0.0,36.4,6,-73.047,-0.572,24.563
3660.8,59.57,19.5,0.0,29.7,0,-69.473,-0.530,24.339
3660.8,59.41,9.0,0.0,26.3,5,-67.102,-0.501,24.139
3672.7,59.30,35.7,0.0,21.5,5,-63.561,-0.458,23.768
3672.7,59.29,46.2,0.0,17.0,5,-61.209,-0.426,23.468
3672.7,59.42,52.2,0.0,14.1,5,-57.689,-0.365,22.934
3684.5,59.59,57.5,0.0,10.4,5,-54.172,-0.301,22.322
3684.5,59.78,58.4,0.0,7.3,5,-51.826,-0.275,21.893
3684.5,60.05,58.3,0.0,4.0,5,-48.298,-0.242,21.198
3684.5,60.20,58.4,0.0,-0.6,5,-45.947,-0.220,20.695
3696.4,60.43,58.3,0.0,-5.8,5,-42.420,-0.187,19.891
3696.4,60.60,58.4,0.0,-6.0,5,-40.065,-0.163,19.331
3696.4,60.85,57.9,0.0,-5.2,5,-36.522,-0.126,18.485
3696.4,61.01,58.4,0.0,-5.5,5,-34.149,-0.102,17.931
3708.5,61.24,58.6,0.0,-7.3,5,-30.571,-0.066,17.127
3708.5,61.38,58.8,0.0,-8.6,5,-28.173,-0.044,16.611
3708.5,61.61,59.0,0.0,-10.3,5,-24.558,-0.014,15.873
3708.5,61.78,58.8,0.0,-10.8,5,-22.135,0.002,15.407
3720.9,61.99,58.9,0.0,-11.1,5,-18.481,0.026,14.755
3720.9,62.12,59.2,0.0,-11.2,5,-16.031,0.042,14.355
3720.9,62.34,59.1,0.0,-8.2,5,-12.338,0.066,13.810
3720.9,62.48,59.1,0.0,-7.9,5,-9.864,0.083,13.485
3733.4,62.68,59.2,0.0,-10.0,5,-6.135,0.108,13.052
3733.4,62.88,59.5,0.0,-12.1,5,-2.386,0.133,12.685
3733.4,63.02,59.4,0.0,-12.4,5,0.124,0.150,12.479
3733.4,63.21,59.5,0.0,-11.9,5,3.902,0.181,12.230
3746.2,63.34,59.5,0.0,-11.9,5,6.430,0.204,12.106
3746.2,63.53,59.6,0.0,-11.6,5,10.234,0.243,11.983
3746.2,63.66,59.7,0.0,-11.5,5,12.777,0.271,11.944
3746.2,63.86,59.6,0.0,-10.9,5,16.602,0.315,11.950
3759.1,63.98,59.6,0.0,-11.2,5,19.157,0.347,11.997
3759.1,64.17,59.7,0.0,-11.0,5,22.999,0.399,12.132
3759.1,64.29,59.8,0.0,-10.6,5,25.564,0.436,12.265
3759.1,64.47,59.9,0.0,-9.9,5,29.417,0.497,12.530
3772.5,64.59,60.0,0.0,-9.9,5,31.989,0.537,12.747
3772.5,64.76,59.9,0.0,-12.1,5,35.850,0.590,13.125
3772.5,64.92,59.9,0.0,-14.7,5,38.427,0.622,13.415
3772.5,65.09,60.0,0.0,-16.6,5,42.295,0.671,13.912
3786.0,65.26,60.1,0.0,-16.0,5,46.162,0.724,14.489
3786.0,65.37,60.1,0.0,-14.5,5,48.739,0.760,14.918
3786.0,65.52,60.1,0.0,-12.5,5,52.599,0.814,15.630
3786.0,65.64,60.1,0.0,-11.9,5,55.170,0.850,16.149
3799.5,65.80,60.1,0.0,-11.7,5,59.020,0.905,16.999
3799.5,65.90,60.1,0.0,-11.7,5,61.581,0.942,17.611
3799.5,66.07,60.1,0.0,-12.1,5,65.415,0.999,18.595
3799.5,66.17,60.1,0.0,-12.4,5,67.965,1.037,19.295
3813.0,66.32,60.1,0.0,-12.6,5,71.780,1.094,20.407
3813.0,66.45,60.1,0.0,-11.9,5,74.317,1.131,21.191
3813.0,66.60,60.7,0.0,-10.9,5,78.110,1.188,22.432
3813.0,66.70,60.4,0.0,-10.8,5,80.629,1.227,23.303
3826.7,66.84,60.5,0.0,-10.7,5,84.392,1.284,24.675
3826.7,66.94,60.3,0.0,-10.7,5,86.889,1.323,25.634
3826.7,67.09,60.7,0.0,-10.9,5,90.617,1.382,27.138
3826.7,67.19,60.2,0.0,-11.7,5,93.090,1.422,28.185
3840.3,67.35,60.6,0.0,-12.7,5,96.779,1.483,29.821
3840.3,67.48,60.3,0.0,-13.0,5,100.442,1.546,31.535
3840.3,67.59,60.9,0.0,-12.6,5,102.869,1.588,32.720
3840.3,67.73,60.4,0.0,-11.9,5,106.486,1.653,34.562
3853.8,67.83,60.5,0.0,-11.3,5,108.881,1.696,35.832
3853.8,67.97,60.4,0.0,-11.1,5,112.447,1.760,37.799
3853.8,68.07,60.4,0.0,-11.1,5,114.807,1.802,39.153
3853.8,68.21,60.4,0.0,-11.5,5,118.318,1.866,41.245
3867.3,68.30,60.9,0.0,-11.8,5,120.640,1.908,42.680
3867.3,68.45,61.0,0.0,-12.1,5,124.095,1.969,44.890
3867.3,68.55,60.4,0.0,-12.3,5,126.379,2.009,46.403
3867.3,68.68,60.6,0.0,-11.8,5,129.774,2.067,48.730
3880.8,68.77,61.0,0.0,-11.7,5,132.017,2.104,50.319
3880.8,68.91,60.7,0.0,-11.8,5,135.349,2.157,52.760
3880.8,69.01,60.3,0.0,-11.7,5,137.548,2.190,54.425
3880.8,69.14,60.9,0.0,-11.8,5,140.812,2.237,56.977
3894.6,69.24,61.0,0.0,-11.7,5,142.966,2.265,58.715
3894.6,69.37,59.3,0.0,-11.8,5,146.163,2.300,61.374
3894.6,69.37,29.6,0.0,-10.6,5,149.316,2.326,64.092
3894.6,69.29,18.2,25.9,-8.4,5,151.389,2.340,65.935
3908.4,68.69,0.0,58.8,-4.7,5,154.442,2.358,68.736
3908.4,68.05,0.0,63.5,-1.5,5,156.433,2.368,70.613
3908.4,66.97,0.0,76.5,2.8,5,159.346,2.382,73.432
3908.4,66.18,0.0,78.5,4.8,5,161.241,2.391,75.306
3921.9,64.98,0.0,84.3,5.4,5,164.012,2.404,78.103
3921.9,64.12,0.0,91.7,4.4,5,165.817,2.412,79.952
3921.9,62.80,0.0,87.2,1.6,5,168.464,2.426,82.693
3921.9,61.94,0.0,87.3,0.1,5,170.193,2.437,84.493
3934.6,60.68,0.0,87.4,-0.6,5,172.741,2.453,87.150
3934.6,59.83,0.0,87.4,-0.4,5,174.411,2.464,88.891
3934.6,58.58,0.0,87.5,0.4,5,176.873,2.482,91.455
3934.6,57.74,0.0,85.3,0.8,5,178.487,2.493,93.133
3946.4,56.50,0.0,85.1,0.8,5,180.867,2.509,95.603
3946.4,55.27,0.0,87.6,0.6,5,183.200,2.526,98.014
3946.4,54.45,0.0,83.2,0.3,5,184.729,2.537,99.590
3957.5,53.25,0.0,82.8,0.2,0,186.986,2.554,101.906
3957.5,52.49,33.2,81.9,0.2,0,188.466,2.563,103.418
3957.5,51.35,0.0,86.1,0.5,4,190.651,2.576,105.642
3957.5,50.53,0.0,85.7,0.5,4,192.083,2.583,107.093
3967.7,49.35,0.0,80.4,0.6,4,194.194,2.594,109.222
3967.7,48.58,0.0,78.7,0.8,4,195.578,2.602,110.610
3967.7,47.46,0.0,79.3,0.7,4,197.619,2.615,112.647
3967.7,46.69,0.0,78.8,0.8,4,198.956,2.623,113.975
3977.1,45.58,0.0,74.4,0.7,4,200.928,2.639,115.921
3977.1,44.88,0.0,76.1,0.9,4,202.221,2.651,117.188
3977.1,43.86,30.2,74.4,1.9,0,204.131,2.671,119.045
3977.1,43.17,0.0,72.2,2.4,3,205.384,2.684,120.255
3985.9,42.17,0.0,71.5,3.2,3,207.235,2.706,122.026
3985.9,41.18,0.0,66.8,3.7,3,209.054,2.728,123.745
3985.9,40.56,0.0,63.5,4.1,3,210.249,2.742,124.861
3985.9,39.69,0.0,51.5,5.2,3,212.020,2.763,126.494
4067.6,29.06,3.6,0.0,38.0,2,277.534,2.694,150.652
4067.6,28.97,3.7,0.0,40.5,2,278.623,2.700,150.251
4067.6,28.82,6.3,0.0,43.1,2,280.228,2.712,149.596
4067.6,28.74,10.7,0.0,45.9,2,281.278,2.721,149.126
4075.8,28.60,6.7,0.0,52.8,2,282.823,2.738,148.367
4075.8,28.49,6.7,1.8,54.7,2,283.828,2.753,147.824
4075.8,28.29,0.0,5.2,53.2,2,285.297,2.779,146.961
4075.8,28.12,0.0,4.6,52.3,2,286.247,2.799,146.353
4082.5,27.92,6.8,0.0,50.5,2,287.630,2.830,145.397
4082.5,27.83,7.7,0.0,49.4,2,288.525,2.851,144.732
4082.5,27.72,19.9,0.0,56.8,2,289.826,2.882,143.693
4088.8,27.64,11.8,0.0,50.9,2,291.080,2.913,142.603
4088.8,27.57,15.5,0.0,53.4,2,291.887,2.935,141.851
4088.8,27.59,39.2,0.0,50.2,2,293.057,2.970,140.682
4088.8,27.65,43.2,0.0,50.6,2,293.812,2.993,139.876
4094.8,27.73,34.0,0.0,56.9,2,294.908,3.029,138.628
4094.8,27.76,30.4,0.0,57.2,2,295.615,3.052,137.773
4094.8,27.83,42.3,0.0,52.1,2,296.635,3.086,136.455
4094.8,27.89,45.9,0.0,50.7,2,297.290,3.108,135.554
4100.2,28.02,45.9,0.0,48.4,2,298.233,3.138,134.168
4100.2,28.14,57.7,0.0,47.5,2,298.836,3.158,133.220
4100.2,28.40,57.8,0.0,33.5,2,299.701,3.186,131.762
4100.2,28.57,64.9,0.0,19.5,2,300.252,3.203,130.766
4105.7,28.88,68.7,0.0,0.6,2,301.044,3.228,129.236
4105.7,29.15,77.9,0.0,-7.2,2,301.553,3.243,128.194
4105.7,29.66,90.1,0.0,-8.7,2,302.301,3.265,126.599
4105.7,30.01,88.2,0.0,-4.3,2,302.793,3.279,125.512
4111.6,30.49,80.0,0.0,4.3,2,303.529,3.300,123.854
4111.6,30.90,74.5,0.0,10.3,2,304.264,3.320,122.166
4111.6,31.18,73.6,0.0,12.6,2,304.751,3.333,121.025
4111.6,31.61,78.8,0.0,14.8,2,305.471,3.351,119.285
4117.7,31.76,25.8,0.0,8.6,2,305.941,3.364,118.108
4117.7,32.08,83.1,0.0,0.4,2,306.629,3.380,116.324
4117.7,32.39,79.5,0.0,10.3,2,307.087,3.390,115.119
4117.7,32.86,85.7,0.0,23.4,2,307.763,3.405,113.284
4124.2,33.18,86.5,0.0,27.2,2,308.201,3.414,112.038
4124.2,33.63,83.1,0.0,27.4,2,308.830,3.428,110.136
4124.2,33.93,86.0,0.0,25.8,2,309.226,3.437,108.845
4124.2,34.27,63.2,0.0,21.9,2,309.779,3.451,106.876
4131.0,34.44,51.5,0.0,19.2,2,310.117,3.460,105.544
4131.0,34.55,26.3,0.0,9.7,2,310.572,3.476,103.523
4131.0,34.59,28.8,16.0,-3.4,2,310.838,3.487,102.167
4131.0,34.25,0.0,43.4,-8.8,2,311.189,3.506,100.128
4137.8,33.84,0.0,31.9,-10.1,2,311.397,3.519,98.781
4137.8,33.24,0.0,57.1,-12.5,2,311.684,3.538,96.787
4137.8,32.41,0.0,63.1,-8.6,2,311.967,3.558,94.835
4137.8,31.82,0.0,68.0,-2.4,2,312.160,3.571,93.564
4144.4,30.87,0.0,81.1,3.4,2,312.452,3.592,91.704
4144.4,30.14,0.0,80.6,6.1,2,312.644,3.607,90.498
4144.4,29.06,0.0,78.2,6.0,2,312.924,3.628,88.742
4144.4,28.34,0.0,71.4,3.8,2,313.103,3.642,87.607
4150.2,27.37,0.0,58.0,1.4,2,313.363,3.664,85.954
4150.2,26.84,0.0,49.4,1.0,2,313.531,3.678,84.882
4150.2,26.21,0.0,25.8,12.0,2,313.773,3.700,83.310
4150.2,25.94,0.0,16.8,17.0,2,313.923,3.715,82.277
4155.5,25.66,0.0,10.4,16.3,2,314.124,3.738,80.742
4155.5,25.51,0.0,8.0,11.7,0,314.241,3.755,79.725
4155.5,25.34,0.0,14.6,2.8,1,314.397,3.780,78.207
4155.5,25.16,0.0,12.8,-1.7,1,314.495,3.796,77.202
4160.5,24.88,0.0,12.2,-7.2,1,314.639,3.820,75.707
4160.5,24.62,0.0,11.1,-12.7,1,314.790,3.843,74.230
4160.5,24.46,0.0,10.8,-15.6,1,314.900,3.857,73.254
4160.5,24.21,0.0,11.3,-18.3,1,315.082,3.877,71.805
4165.2,24.04,0.0,11.4,-19.6,1,315.217,3.890,70.849
4165.2,23.79,0.0,11.0,-21.9,1,315.443,3.908,69.432
4165.2,23.62,0.0,10.4,-23.3,1,315.610,3.919,68.498
4165.2,23.39,0.0,9.8,-23.4,1,315.888,3.934,67.116
4169.9,23.24,0.0,8.7,-23.8,1,316.091,3.944,66.205
4169.9,23.02,0.0,7.6,-26.3,1,316.424,3.956,64.858
4169.9,22.88,0.0,7.4,-28.1,1,316.664,3.964,63.972
4169.9,22.68,0.0,7.1,-29.8,1,317.056,3.974,62.662
4174.5,22.54,0.0,6.8,-30.2,1,317.337,3.980,61.802
4174.5,22.34,0.0,6.5,-31.6,1,317.790,3.989,60.534
4174.5,22.21,0.0,7.0,-32.6,1,318.113,3.993,59.703
4174.5,22.01,0.0,6.5,-33.6,1,318.629,3.999,58.480
4178.9,21.86,0.0,9.7,-32.6,1,318.993,4.002,57.682
4178.9,21.63,0.0,8.4,-35.4,1,319.568,4.005,56.510
4178.9,21.41,0.0,9.1,-36.8,1,320.180,4.007,55.372
4178.9,21.25,0.0,10.4,-36.9,1,320.607,4.007,54.633
4183.1,21.01,0.0,12.6,-35.5,1,321.275,4.006,53.555
4183.1,20.84,0.0,11.3,-35.4,1,321.738,4.004,52.858
4183.1,20.59,0.0,9.6,-36.4,1,322.458,4.000,51.844
4183.1,20.44,0.0,9.1,-36.7,1,322.953,3.997,51.189
4187.1,20.21,0.0,10.2,-36.9,1,323.721,3.991,50.241
4187.1,20.06,0.0,8.3,-37.0,1,324.247,3.987,49.630
4187.1,19.89,0.0,1.4,8.3,1,325.049,3.981,48.740
4187.1,19.83,5.7,0.0,-3.0,1,325.578,3.977,48.148
4191.0,19.92,34.1,0.0,-37.9,1,326.375,3.972,47.263
4191.0,20.04,43.1,0.0,-55.5,1,326.924,3.968,46.682
4191.0,20.23,40.5,0.0,-75.1,1,327.780,3.962,45.830
4191.0,20.32,32.7,0.0,-85.1,1,328.373,3.957,45.276
4195.0,20.33,16.3,0.0,-97.5,1,329.295,3.949,44.477
4195.0,20.23,10.0,0.0,-100.0,1,330.251,3.941,43.724
4195.0,20.16,9.1,0.0,-100.0,1,330.905,3.935,43.250
4199.0,20.04,9.1,0.0,-100.0,1,331.911,3.925,42.585
4199.0,19.96,9.2,0.0,-100.0,1,332.596,3.919,42.172
4199.0,19.83,9.3,0.0,-100.0,1,333.644,3.908,41.600
4199.0,19.74,9.7,0.0,-100.0,1,334.355,3.900,41.252
4203.2,19.63,10.1,0.0,-100.0,1,335.438,3.889,40.781
4203.2,19.56,9.7,0.0,-100.0,1,336.170,3.881,40.500
4203.2,19.44,9.4,0.0,-100.0,1,337.280,3.869,40.132
4203.2,19.36,9.5,0.0,-100.0,1,338.027,3.862,39.921
4207.4,19.25,9.7,0.0,-100.0,1,339.155,3.851,39.656
4207.4,19.18,10.1,0.0,-100.0,1,339.910,3.843,39.513
4207.4,19.07,10.8,0.0,-100.0,1,341.046,3.833,39.351
4207.4,19.01,11.0,0.0,-98.6,1,341.804,3.826,39.276
4211.7,18.92,12.1,0.0,-88.6,1,342.940,3.815,39.215
4211.7,18.89,18.5,0.0,-80.7,1,343.696,3.808,39.207
4211.7,18.99,52.0,0.0,-67.0,1,344.830,3.797,39.246
4211.7,19.33,46.0,0.0,-51.2,1,345.975,3.787,39.341
4216.2,19.54,61.4,0.0,-41.0,1,346.746,3.779,39.434
4216.2,19.98,73.0,0.0,-29.6,1,347.917,3.769,39.616
4216.2,20.33,80.5,0.0,-26.7,1,348.708,3.762,39.763
4216.2,20.90,80.3,0.0,-26.2,1,349.917,3.752,40.020
4221.2,21.29,79.2,0.0,-25.4,1,350.737,3.746,40.216
4221.2,21.87,78.1,0.0,-25.2,1,351.986,3.738,40.549
4221.2,22.26,79.3,0.0,-26.3,1,352.833,3.733,40.797
4221.2,22.82,75.2,0.0,-25.6,1,354.119,3.727,41.211
4226.6,23.19,72.4,0.0,-23.3,1,354.987,3.723,41.515
4226.6,23.75,79.3,0.0,-20.3,1,356.302,3.719,42.014
4226.6,24.16,80.0,0.0,-20.7,1,357.189,3.717,42.375
4226.6,24.75,74.3,0.0,-20.7,1,358.534,3.715,42.959
4232.4,25.14,81.0,0.0,-19.3,1,359.438,3.715,43.378
4232.4,25.75,78.6,0.0,-17.9,1,360.807,3.717,44.052
4232.4,26.38,80.9,0.0,-19.1,1,362.188,3.721,44.781
4232.4,26.79,80.3,0.0,-18.4,1,363.116,3.725,45.299
4238.1,27.39,81.2,0.0,-18.1,1,364.515,3.734,46.124
4238.1,27.80,85.1,0.0,-18.3,1,365.452,3.742,46.706
4238.1,28.37,71.7,0.0,-18.7,1,366.861,3.755,47.629
4238.1,28.72,78.7,0.0,-19.5,1,367.800,3.765,48.277
4243.8,29.25,71.1,0.0,-23.1,1,369.206,3.779,49.299
4243.8,29.55,69.8,0.0,-19.9,1,370.139,3.788,50.014
4243.8,29.99,69.4,0.0,-17.7,1,371.527,3.802,51.136
4243.8,30.29,72.8,0.0,-21.8,1,372.444,3.811,51.918
4249.5,30.71,69.6,0.0,-22.7,1,373.804,3.823,53.141
4249.5,30.98,67.1,0.0,-19.0,1,374.699,3.830,53.990
4249.5,31.39,74.0,0.0,-18.6,0,376.020,3.841,55.313
4249.5,31.39,0.0,0.0,-20.6,0,376.883,3.848,56.227
4255.4,31.69,88.3,0.0,-20.3,2,378.138,3.857,57.637
4255.4,32.14,77.5,0.0,-22.1,2,379.365,3.867,59.107
4255.4,32.43,85.7,0.0,-23.7,2,380.166,3.872,60.118
4255.4,32.85,80.1,0.0,-20.8,2,381.341,3.880,61.684
4261.6,33.13,74.8,0.0,-21.9,2,382.106,3.884,62.759
4261.6,33.49,71.6,0.0,-22.0,2,383.220,3.889,64.418
4261.6,33.72,72.2,0.0,-16.3,2,383.939,3.892,65.553
4261.6,34.09,72.2,0.0,-14.2,2,384.981,3.895,67.299
4268.1,34.35,79.2,0.0,-13.7,2,385.651,3.897,68.492
4268.1,34.77,80.0,0.0,-8.8,2,386.618,3.900,70.325
4268.1,35.08,88.4,0.0,-8.8,2,387.239,3.903,71.576
4268.1,35.58,85.7,0.0,-6.4,2,388.139,3.906,73.493
4274.9,35.81,74.6,0.0,-4.5,2,388.718,3.910,74.797
4274.9,36.23,78.4,0.0,-1.6,2,389.563,3.913,76.787
4274.9,36.48,57.5,0.0,-0.7,2,390.109,3.914,78.133
4274.9,36.88,83.3,0.0,-1.2,2,390.908,3.918,80.182
4282.0,37.11,90.6,0.0,-3.1,2,391.429,3.917,81.567
4282.0,37.41,0.0,0.0,-4.3,0,392.200,3.904,83.665
4282.0,37.58,83.9,0.0,-4.1,3,392.939,3.898,85.789
4282.0,37.82,91.0,0.0,-4.2,3,393.416,3.897,87.221
4289.3,38.27,48.4,0.0,-2.9,3,394.125,3.883,89.390
4289.3,38.51,76.9,0.0,-2.2,3,394.586,3.877,90.854
4289.3,38.88,91.1,0.0,-2.0,3,395.255,3.879,93.078
4289.3,39.25,91.1,0.0,-2.6,3,395.693,3.875,94.575
4297.0,39.58,62.1,0.0,-4.2,3,396.334,3.872,96.851
4297.0,39.65,89.0,0.0,-4.4,3,396.747,3.875,98.381
4297.0,40.04,17.7,0.0,-2.7,3,397.359,3.862,100.688
4297.0,40.20,64.6,0.0,-5.6,3,397.757,3.858,102.242
4304.7,40.57,91.1,0.0,-3.7,3,398.337,3.858,104.594
4304.7,40.92,83.2,0.0,-1.2,3,398.719,3.857,106.179
4304.7,41.41,91.1,0.0,1.0,3,399.282,3.850,108.584
4304.7,41.70,91.1,0.0,-0.1,3,399.648,3.846,110.205
4312.9,42.14,91.1,0.0,-2.7,3,400.187,3.840,112.660
4312.9,42.58,91.1,0.0,-5.2,3,400.719,3.837,115.144
4312.9,42.87,91.1,0.0,-5.8,3,401.069,3.835,116.816
4321.2,43.31,91.1,0.0,-5.9,3,401.583,3.832,119.349
4321.2,43.60,91.1,0.0,-5.8,3,401.916,3.831,121.055
4321.2,44.03,91.2,0.0,-6.1,3,402.400,3.829,123.638
4321.2,44.31,91.2,0.0,-7.5,3,402.710,3.828,125.376
4329.9,44.73,91.2,0.0,-8.7,3,403.151,3.825,128.010
4329.9,45.00,91.2,0.0,-8.7,3,403.429,3.822,129.782
4329.9,45.41,91.2,0.0,-8.3,3,403.815,3.817,132.466
4329.9,45.69,91.2,0.0,-7.9,3,404.052,3.813,134.272
4338.9,46.09,91.2,0.0,-7.6,3,404.373,3.807,137.006
4338.9,46.36,91.2,0.0,-7.6,3,404.565,3.803,138.845
4338.9,46.76,91.2,0.0,-7.9,3,404.819,3.797,141.626
4338.9,47.03,91.2,0.0,-8.3,3,404.967,3.793,143.495
4348.1,47.42,91.3,0.0,-8.4,3,405.155,3.786,146.322
4348.1,47.68,91.3,0.0,-8.1,3,405.256,3.781,148.221
4348.1,48.07,91.3,0.0,-7.8,3,405.372,3.774,151.090
4348.1,48.44,91.3,0.0,-8.7,3,405.444,3.768,153.984
4357.5,48.70,91.3,0.0,-9.2,3,405.467,3.763,155.926
4357.5,49.07,91.3,0.0,-9.6,3,405.463,3.756,158.858
4357.5,49.30,91.3,0.0,-9.6,3,405.432,3.751,160.825
4357.5,49.65,91.4,0.0,-10.3,3,405.343,3.744,163.792
4367.2,49.89,91.4,0.0,-10.8,3,405.255,3.739,165.780
4367.2,50.23,91.4,0.0,-11.1,3,405.076,3.731,168.778
4367.2,50.45,91.4,0.0,-11.3,3,404.924,3.726,170.785
4367.2,50.79,91.4,0.0,-11.9,3,404.645,3.719,173.809
4377.2,51.00,91.5,0.0,-12.4,0,404.426,3.714,175.833
4377.2,50.97,91.2,0.0,-11.3,4,404.045,3.704,178.868
4377.2,51.17,91.2,0.0,-11.2,4,403.754,3.699,180.890
4377.2,51.48,91.2,0.0,-12.2,4,403.264,3.691,183.929
4387.3,51.68,91.2,0.0,-12.9,4,402.901,3.685,185.960
4387.3,51.98,91.2,0.0,-13.7,4,402.299,3.676,189.010
4387.3,52.27,91.2,0.0,-13.4,4,401.628,3.668,192.064
4387.3,52.46,91.3,0.0,-13.6,4,401.141,3.663,194.101
4397.8,52.75,91.3,0.0,-13.7,4,400.351,3.656,197.156
4397.8,52.94,86.1,0.0,-12.9,4,399.784,3.652,199.192
4397.8,53.22,76.4,0.0,-12.5,4,398.869,3.648,202.242
4397.8,53.41,70.0,0.0,-13.3,4,398.216,3.647,204.272
4408.9,53.68,60.2,0.0,-15.5,4,397.177,3.645,207.312
4408.9,53.86,59.0,0.0,-17.4,4,396.446,3.643,209.334
4408.9,54.12,54.7,0.0,-19.6,4,395.289,3.641,212.360
4408.9,54.29,59.1,0.0,-19.2,4,394.475,3.644,214.369
4420.7,54.55,59.4,0.0,-18.2,4,393.192,3.651,217.371
4420.7,54.69,59.4,0.0,-17.2,4,392.297,3.656,219.363
4420.7,54.90,41.3,0.0,-16.2,4,390.895,3.663,222.337
4420.7,55.00,53.2,0.0,-16.5,4,389.919,3.668,224.306
4432.4,55.26,59.5,0.0,-16.6,4,388.395,3.676,227.241
4432.4,55.53,59.6,0.0,-17.0,4,386.801,3.684,230.157
4432.4,55.70,59.7,0.0,-16.8,4,385.702,3.687,232.090
4432.4,55.97,59.7,0.0,-16.2,4,383.998,3.688,234.974
4443.5,56.15,59.8,0.0,-15.2,4,382.824,3.687,236.885
4443.5,56.41,59.9,0.0,-12.9,4,381.005,3.687,239.729
4443.5,56.59,59.9,0.0,-12.7,4,379.754,3.689,241.611
4443.5,56.85,60.0,0.0,-11.2,4,377.821,3.693,244.410
4454.6,57.02,60.0,0.0,-11.8,4,376.494,3.698,246.261
4454.6,57.29,60.0,0.0,-13.1,4,374.452,3.706,249.015
4454.6,57.46,60.0,0.0,-12.4,4,373.056,3.712,250.836
4454.6,57.72,60.0,0.0,-9.9,4,370.910,3.721,253.543
4465.9,57.89,60.0,0.0,-8.4,4,369.446,3.728,255.333
4465.9,58.16,60.0,0.0,-7.2,4,367.202,3.738,257.994
4465.9,58.34,60.0,0.0,-7.4,4,365.676,3.745,259.754
4465.9,58.60,60.0,0.0,-7.4,4,363.345,3.754,262.375
4477.4,58.78,60.0,0.0,-7.2,4,361.765,3.758,264.110
4477.4,59.04,60.0,0.0,-6.7,4,359.355,3.765,266.695
4477.4,59.30,60.0,0.0,-6.7,4,356.900,3.770,269.259
4477.4,59.47,60.0,0.0,-6.8,4,355.240,3.770,270.957
4489.2,59.72,60.1,0.0,-6.7,4,352.712,3.770,273.486
4489.2,59.88,60.5,0.0,-6.6,4,351.002,3.771,275.158
4489.2,60.19,60.7,0.0,-7.6,4,348.401,3.777,277.648
4489.2,60.27,0.0,0.0,-6.4,0,346.642,3.785,279.295
4501.2,60.26,86.2,0.0,-4.7,5,343.977,3.800,281.735
4501.2,60.36,80.0,0.0,-1.8,5,342.185,3.802,283.349
4501.2,60.81,69.9,0.0,-0.0,5,339.458,3.803,285.757
4501.2,60.96,63.7,0.0,-0.0,5,337.615,3.805,287.349
4513.3,61.36,58.9,0.0,0.3,5,334.824,3.796,289.730
4513.3,61.59,58.9,0.0,0.0,5,332.940,3.799,291.311
4513.3,61.96,58.7,0.0,0.7,5,330.093,3.799,293.681
4513.3,62.13,58.8,0.0,0.7,5,328.182,3.797,295.265
4525.6,62.42,59.0,0.0,0.2,5,325.302,3.791,297.644
4525.6,62.57,59.2,0.0,-0.1,5,323.375,3.785,299.235
4525.6,62.80,59.3,0.0,-0.5,5,320.473,3.782,301.627
4538.1,63.04,59.3,0.0,-0.2,5,317.561,3.780,304.029
4538.1,63.20,59.4,0.0,0.2,5,315.614,3.781,305.636
4538.1,63.43,59.5,0.0,0.7,5,312.684,3.787,308.053
4538.1,63.58,59.5,0.0,0.8,5,310.725,3.791,309.670
4550.7,63.82,59.6,0.0,0.8,5,307.780,3.796,312.105
4550.7,63.97,59.6,0.0,0.8,5,305.812,3.800,313.736
4550.7,64.20,59.7,0.0,0.8,5,302.855,3.806,316.193
4550.7,64.35,59.7,0.0,0.8,5,300.881,3.811,317.839
4563.6,64.57,59.8,0.0,1.0,5,297.915,3.818,320.320
4563.6,64.72,59.8,0.0,1.2,5,295.934,3.821,321.982
4563.6,64.94,59.9,0.0,1.0,5,292.960,3.824,324.488
4563.6,65.09,59.9,0.0,0.9,5,290.974,3.823,326.167
4576.5,65.31,60.0,0.0,0.8,5,287.991,3.817,328.698
4576.5,65.46,60.0,0.0,0.7,5,286.001,3.812,330.394
4576.5,65.67,60.1,0.0,0.7,5,283.012,3.805,332.951
4576.5,65.89,60.1,0.0,0.7,5,280.018,3.795,335.522
4589.7,66.03,60.1,0.0,0.5,5,278.020,3.791,337.244
4589.7,66.23,60.1,0.0,0.6,5,275.018,3.790,339.839
4589.7,66.38,60.1,0.0,0.3,5,273.014,3.790,341.576
4589.7,66.58,60.1,0.0,0.4,5,270.004,3.793,344.192
4603.0,66.72,60.1,0.0,0.3,5,267.993,3.794,345.943
4603.0,66.92,60.1,0.0,0.2,5,264.972,3.799,348.578
4603.0,67.06,60.1,0.0,0.1,5,262.954,3.805,350.340
4603.0,67.25,60.1,0.0,0.1,5,259.921,3.816,352.992
4616.4,67.39,60.1,0.0,0.1,5,257.895,3.825,354.766
4616.4,67.58,60.1,0.0,0.1,5,254.849,3.840,357.433
4616.4,67.71,60.1,0.0,0.1,5,252.814,3.848,359.215
4616.4,67.90,60.1,0.0,-0.0,5,249.754,3.861,361.896
4629.9,68.09,60.1,0.0,0.1,5,246.687,3.878,364.585
4629.9,68.21,60.1,0.0,0.3,5,244.637,3.887,366.382
4629.9,68.41,60.1,0.0,0.3,5,241.555,3.897,369.083
4629.9,68.53,60.2,0.0,0.1,5,239.496,3.903,370.889
4643.6,68.71,60.2,0.0,0.0,5,236.401,3.911,373.603
4643.6,68.83,60.2,0.0,0.0,5,234.334,3.914,375.418
4643.6,69.02,60.2,0.0,0.1,5,231.226,3.915,378.145
4643.6,69.14,60.2,0.0,0.1,5,229.150,3.915,379.968
4657.4,69.31,60.2,0.0,0.1,5,226.029,3.911,382.709
4657.4,69.43,60.2,0.0,0.0,5,223.944,3.908,384.540
4657.4,69.61,60.3,0.0,0.0,5,220.811,3.903,387.293
4657.4,69.73,60.3,0.0,0.1,5,218.718,3.900,389.133
4671.3,69.90,60.3,0.0,0.1,5,215.572,3.895,391.897
4671.3,70.02,60.3,0.0,-0.0,5,213.471,3.890,393.745
4671.3,70.19,60.2,0.0,-0.0,5,210.312,3.882,396.522
4671.3,70.17,0.0,0.0,-0.0,0,207.149,3.874,399.305
4685.3,70.20,86.3,0.0,0.0,6,205.042,3.870,401.159
4685.3,70.37,76.6,0.0,0.1,6,201.877,3.865,403.945
4685.3,70.48,70.2,0.0,0.1,6,199.762,3.861,405.806
4685.3,70.64,60.5,0.0,0.1,6,196.584,3.856,408.603
4699.4,70.75,59.2,0.0,0.1,6,194.462,3.853,410.472
4699.4,70.92,59.2,0.0,0.1,6,191.273,3.848,413.280
4699.4,71.03,59.3,0.0,0.0,6,189.143,3.844,415.157
4699.4,71.19,59.3,0.0,0.1,6,185.942,3.838,417.978
4713.6,71.29,59.4,0.0,0.1,6,183.805,3.835,419.862
4713.6,71.45,59.4,0.0,0.2,6,180.594,3.832,422.695
4713.6,71.56,59.5,0.0,0.2,6,178.450,3.830,424.587
4713.6,71.71,59.5,0.0,0.2,6,175.228,3.826,427.432
4727.9,71.82,59.5,0.0,0.2,6,173.077,3.822,429.333
4727.9,71.97,59.6,0.0,0.2,6,169.846,3.815,432.191
4727.9,72.13,59.6,0.0,0.2,6,166.609,3.809,435.056
4727.9,72.23,59.7,0.0,0.1,6,164.448,3.807,436.970
4742.3,72.38,59.7,0.0,0.1,6,161.203,3.805,439.849
4742.3,72.48,59.7,0.0,0.1,6,159.036,3.805,441.772
4742.3,72.63,59.8,0.0,0.2,6,155.782,3.805,444.663
4742.3,72.73,59.8,0.0,0.2,6,153.609,3.807,446.594
4756.8,72.88,59.8,0.0,0.2,6,150.346,3.811,449.498
4756.8,72.98,59.9,0.0,0.2,6,148.168,3.814,451.438
4756.8,73.13,59.9,0.0,0.1,6,144.896,3.817,454.354
4756.8,73.23,59.9,0.0,0.1,6,142.712,3.818,456.302
4771.4,73.37,59.9,0.0,0.1,6,139.431,3.821,459.230
4771.4,73.46,60.0,0.0,0.0,6,137.241,3.824,461.186
4771.4,73.61,60.0,0.0,0.0,6,133.951,3.826,464.126
4771.4,73.70,60.0,0.0,0.0,6,131.755,3.827,466.090
4786.1,73.84,60.1,0.0,0.0,6,128.456,3.829,469.040
4786.1,73.93,60.1,0.0,0.1,6,126.254,3.831,471.011
4786.1,74.07,60.1,0.0,0.0,6,122.945,3.833,473.971
4800.9,74.21,60.2,0.0,0.0,6,119.630,3.834,476.938
4800.9,74.30,60.2,0.0,0.0,6,117.417,3.835,478.919
4800.9,74.44,60.2,0.0,0.0,6,114.093,3.834,481.895
4800.9,74.53,60.2,0.0,-0.0,6,111.873,3.833,483.883
4815.8,74.67,60.2,0.0,-0.0,6,108.539,3.830,486.868
4815.8,74.76,60.2,0.0,-0.0,6,106.312,3.826,488.862
4815.8,74.90,60.2,0.0,0.0,6,102.967,3.818,491.856
4815.8,74.98,60.2,0.0,0.0,6,100.734,3.813,493.855
4830.8,75.11,60.2,0.0,0.0,6,97.379,3.804,496.858
4830.8,75.20,60.2,0.0,0.0,6,95.139,3.797,498.862
4830.8,75.33,60.2,0.0,0.0,6,91.773,3.784,501.873
4830.8,75.42,60.2,0.0,0.0,6,89.526,3.774,503.883
4845.8,75.54,60.3,0.0,-0.0,6,86.152,3.757,506.903
4845.8,75.63,60.3,0.0,-0.0,6,83.898,3.744,508.919
4845.8,75.76,60.3,0.0,0.0,6,80.514,3.724,511.947
4845.8,75.84,60.3,0.0,0.0,6,78.254,3.711,513.968
4861.0,75.97,60.3,0.0,-0.0,6,74.860,3.690,517.004
4861.0,76.09,60.3,0.0,-0.1,6,71.461,3.668,520.045
4861.0,76.17,60.3,0.0,-0.1,6,69.191,3.653,522.075
4861.0,76.29,60.3,0.0,-0.1,6,65.781,3.629,525.123
4876.2,76.37,60.3,0.0,-0.1,6,63.505,3.612,527.157
4876.2,76.49,60.3,0.0,-0.1,6,60.085,3.585,530.213
4876.2,76.57,60.3,0.0,-0.1,6,57.802,3.566,532.251
4876.2,76.69,60.3,0.0,-0.0,6,54.372,3.534,535.313
4891.5,76.77,60.3,0.0,0.0,6,52.081,3.512,537.355
4891.5,76.89,60.3,0.0,0.0,6,48.641,3.476,540.423
4891.5,76.96,60.3,0.0,0.1,6,46.344,3.451,542.470
4891.5,77.08,60.3,0.0,0.3,6,42.894,3.412,545.544
4906.9,77.16,60.3,0.0,0.4,6,40.592,3.384,547.597
4906.9,77.28,60.3,0.0,0.3,6,37.135,3.338,550.680
4906.9,77.36,60.3,0.0,0.2,6,34.828,3.303,552.740
4906.9,77.46,60.3,0.0,0.1,6,31.366,3.247,555.835
4922.4,77.58,60.3,0.0,0.1,6,27.900,3.190,558.936
4922.4,77.65,60.3,0.0,0.1,6,25.589,3.151,561.008
4922.4,77.76,60.3,0.0,0.0,6,22.118,3.094,564.120
4922.4,77.84,60.3,0.0,0.1,6,19.803,3.055,566.198
4937.9,77.94,60.3,0.0,0.1,6,16.326,2.994,569.320
4937.9,78.02,60.4,0.0,-0.0,6,14.006,2.954,571.405
4937.9,78.12,60.4,0.0,-0.4,6,10.522,2.895,574.535
4937.9,78.20,60.4,0.0,-0.6,6,8.197,2.856,576.624
4953.5,77.99,5.9,40.9,-0.7,6,4.707,2.800,579.756
4953.5,77.47,0.0,68.3,-0.6,6,2.389,2.765,581.832
4953.5,76.37,0.0,79.9,-0.4,6,-1.054,2.706,584.909
4953.5,75.51,0.0,78.3,-0.4,6,-3.322,2.665,586.932
4968.9,74.29,0.0,79.3,-0.5,6,-6.682,2.608,589.920
4968.9,73.07,0.0,80.9,-0.5,6,-9.992,2.554,592.853
4968.9,72.24,0.0,80.2,-0.6,6,-12.171,2.519,594.778
4968.9,71.01,0.0,80.7,-0.6,6,-15.398,2.467,597.621
4983.4,70.20,0.0,80.4,-0.6,6,-17.521,2.435,599.485
4983.4,68.98,0.0,80.5,-0.6,6,-20.665,2.388,602.236
4983.4,68.17,0.0,81.2,-0.8,6,-22.734,2.356,604.040
4983.4,66.96,0.0,81.6,-1.1,6,-25.796,2.306,606.701
4997.1,66.15,0.0,80.6,-1.1,6,-27.809,2.273,608.444
4997.1,64.94,0.0,80.8,-1.0,6,-30.791,2.223,611.012
4997.1,64.14,0.0,80.5,-1.0,6,-32.752,2.192,612.693
4997.1,62.95,0.0,81.2,-1.2,6,-35.656,2.148,615.167
5010.0,62.16,0.0,81.3,-1.3,6,-37.566,2.119,616.786
5010.0,60.98,26.5,82.3,-1.6,0,-40.393,2.077,619.166
5010.0,60.19,0.0,82.1,-1.5,5,-42.254,2.049,620.721
5010.0,59.00,0.0,81.8,-1.7,5,-45.007,2.007,623.006
5022.1,57.81,0.0,80.8,-2.0,5,-47.715,1.965,625.233
5022.1,57.02,0.0,80.4,-2.6,5,-49.497,1.937,626.685
5022.1,55.86,0.0,80.3,-3.4,5,-52.135,1.897,628.812
5022.1,55.09,0.0,80.7,-4.0,5,-53.871,1.870,630.197
5033.5,53.93,0.0,80.5,-4.4,5,-56.443,1.831,632.220
5033.5,53.16,0.0,80.1,-4.7,0,-58.137,1.806,633.532
5033.5,52.04,0.0,80.7,-4.6,4,-60.651,1.769,635.444
5033.5,51.27,0.0,79.0,-4.4,4,-62.308,1.744,636.680
5044.0,50.14,0.0,68.9,-3.8,4,-64.767,1.706,638.474
5044.0,49.46,0.0,57.7,-3.5,4,-66.390,1.682,639.630
5044.0,48.62,0.0,48.8,-3.5,4,-68.812,1.647,641.303
5044.0,48.11,0.0,45.5,-4.2,4,-70.420,1.624,642.380
5053.8,47.41,0.0,47.5,-6.1,4,-72.825,1.591,643.940
5053.8,46.91,0.0,50.4,-7.3,4,-74.423,1.569,644.944
5053.8,46.14,0.0,50.9,-8.4,4,-76.810,1.537,646.395
5053.8,45.63,0.0,46.4,-9.1,4,-78.393,1.516,647.326
5063.0,44.94,0.0,39.5,-9.0,4,-80.756,1.484,648.668
5063.0,44.34,0.0,29.4,-8.1,4,-83.111,1.452,649.945
5063.0,44.02,0.0,25.0,-8.4,4,-84.678,1.431,650.761
5071.7,43.59,0.0,18.6,-10.1,4,-87.030,1.399,651.936
5071.7,43.35,0.0,15.1,-11.0,4,-88.599,1.376,652.686
5071.7,42.99,30.5,29.2,-12.1,0,-90.957,1.343,653.761
5071.7,42.68,0.0,36.7,-12.7,3,-92.529,1.322,654.444
5080.3,42.09,0.0,33.1,-12.3,3,-94.879,1.290,655.416
5080.3,41.73,0.0,23.0,-11.7,3,-96.440,1.269,656.028
5080.3,41.34,0.0,12.6,-11.8,3,-98.777,1.239,656.892
5080.3,41.14,0.0,9.4,-12.6,3,-100.336,1.218,657.433
5088.6,40.89,0.0,5.7,-14.4,3,-102.677,1.188,658.192
5088.6,40.75,0.0,3.6,-15.6,3,-104.240,1.167,658.664
5088.6,40.57,0.0,1.3,-16.5,3,-106.590,1.136,659.319
5088.6,40.46,0.0,1.5,-17.3,3,-108.160,1.117,659.721
5097.0,40.30,0.0,0.8,-18.2,3,-110.519,1.088,660.272
5097.0,40.13,0.0,1.6,-18.3,3,-112.882,1.058,660.761
5097.0,40.02,0.0,2.0,-18.3,3,-114.459,1.038,661.049
5097.0,39.85,0.0,2.8,-18.5,3,-116.825,1.010,661.428
5105.4,39.73,0.0,2.8,-18.4,3,-118.403,0.992,661.643
5105.4,39.54,0.0,2.8,-17.9,3,-120.766,0.965,661.909
5105.4,39.42,0.0,3.3,-15.3,3,-122.339,0.948,662.048
5105.4,39.23,0.0,3.6,-13.8,3,-124.694,0.925,662.200
5113.5,39.11,0.0,3.0,-15.2,3,-126.260,0.910,662.265
5113.5,38.93,0.0,3.2,-13.8,3,-128.601,0.889,662.311
5113.5,38.82,0.0,2.6,-14.1,3,-130.156,0.875,662.309
5113.5,38.65,0.0,4.1,-15.3,3,-132.479,0.854,662.258
5121.8,38.53,0.0,4.0,-17.5,3,-134.022,0.841,662.193
5121.8,38.34,0.0,4.1,-18.9,3,-136.323,0.821,662.046
5121.8,38.22,0.0,1.4,-20.4,3,-137.849,0.808,661.916
5121.8,38.07,3.0,0.0,-21.9,3,-140.124,0.790,661.669
5130.0,37.99,3.8,0.0,-19.6,3,-141.633,0.777,661.469
5130.0,37.86,0.6,0.0,-17.0,3,-143.881,0.759,661.117
5130.0,37.72,0.3,1.0,-18.8,3,-146.110,0.742,660.703
5130.0,37.61,0.0,0.3,-21.1,3,-147.584,0.731,660.393
5137.9,37.46,1.6,0.0,-24.4,3,-149.777,0.714,659.876
5137.9,37.37,2.1,0.0,-26.1,3,-151.225,0.704,659.496
5137.9,37.23,2.7,0.0,-27.8,3,-153.375,0.688,658.874
5137.9,37.13,3.6,0.0,-28.5,3,-154.792,0.677,658.424
5146.0,36.98,0.6,2.6,-29.6,3,-156.893,0.662,657.696
5146.0,36.85,0.0,2.8,-29.8,3,-158.275,0.652,657.174
5146.0,36.62,0.0,3.9,-29.7,3,-160.315,0.639,656.339
5146.0,36.47,1.5,0.3,-29.0,3,-161.651,0.631,655.747
5153.8,36.32,8.8,0.0,-27.2,3,-163.620,0.622,654.803
5153.8,36.24,15.0,0.0,-26.3,3,-164.909,0.618,654.137
5153.8,36.15,17.8,0.0,-24.5,3,-166.808,0.614,653.083
5153.8,36.10,13.8,0.0,-23.3,3,-168.051,0.613,652.346
5162.1,36.02,12.5,0.0,-23.6,3,-169.881,0.611,651.191
5162.1,35.91,8.1,0.0,-28.7,3,-171.667,0.607,649.981
5162.1,35.82,15.9,0.0,-33.0,3,-172.833,0.603,649.145
5162.1,35.78,30.7,0.0,-38.8,3,-174.542,0.599,647.844
5170.2,35.78,32.8,0.0,-43.5,3,-175.654,0.600,646.944
5170.2,35.80,33.4,0.0,-50.7,3,-177.285,0.604,645.547
5170.2,35.79,35.2,0.0,-54.9,3,-178.348,0.606,644.588
5170.2,35.81,29.8,0.0,-60.6,3,-179.906,0.610,643.109
5177.8,35.75,17.4,0.0,-64.4,3,-180.919,0.614,642.098
5177.8,35.61,11.5,0.0,-68.8,3,-182.395,0.619,640.546
5177.8,35.51,9.8,0.0,-70.2,3,-183.347,0.623,639.489
5177.8,35.33,8.7,0.0,-69.8,3,-184.724,0.631,637.870
5185.5,35.21,8.5,0.0,-67.3,3,-185.607,0.636,636.770
5185.5,35.03,8.6,0.0,-66.9,3,-186.879,0.647,635.090
5185.5,34.92,8.7,0.0,-65.6,3,-187.692,0.654,633.951
5185.5,34.75,8.5,0.0,-65.0,3,-188.860,0.663,632.217
5192.5,34.58,9.0,0.0,-64.0,3,-189.963,0.673,630.453
5192.5,34.48,9.4,0.0,-63.1,3,-190.662,0.681,629.262
5192.5,34.31,10.3,0.0,-61.1,3,-191.656,0.693,627.453
5192.5,34.22,33.9,0.0,-58.9,0,-192.283,0.701,626.233
5199.3,34.05,8.4,0.0,-54.7,2,-193.170,0.710,624.387
5199.3,33.98,16.2,0.0,-50.2,2,-193.725,0.716,623.145
5199.3,33.90,23.9,0.0,-42.7,2,-194.504,0.723,621.264
5199.3,33.91,33.2,0.0,-37.4,2,-194.988,0.726,619.997
5205.8,34.05,57.9,0.0,-29.1,2,-195.663,0.731,618.074
5205.8,34.25,70.0,0.0,-23.0,2,-196.081,0.733,616.775
5205.8,34.53,61.0,0.0,-13.6,2,-196.664,0.734,614.796
5205.8,34.74,67.9,0.0,-8.4,2,-197.021,0.735,613.458
5212.4,35.07,69.3,0.0,-2.2,2,-197.511,0.737,611.422
5212.4,35.46,81.8,0.0,0.1,2,-197.947,0.740,609.353
5212.4,35.79,90.6,0.0,-0.5,2,-198.212,0.742,607.954
5219.4,36.32,91.1,0.0,-3.3,2,-198.572,0.746,605.822
5219.4,36.68,91.1,0.0,-5.8,2,-198.789,0.748,604.379
5219.4,37.21,91.1,0.0,-8.8,2,-199.082,0.753,602.183
5219.4,37.56,91.1,0.0,-11.4,2,-199.256,0.757,600.698
5226.8,38.07,91.2,0.0,-11.8,2,-199.487,0.764,598.442
5226.8,38.41,91.2,0.0,-9.6,2,-199.620,0.770,596.919
5226.8,38.92,91.2,0.0,-6.5,2,-199.789,0.780,594.606
5226.8,39.43,91.2,0.0,-4.0,2,-199.923,0.791,592.260
5234.6,39.77,91.2,0.0,-2.6,2,-199.994,0.800,590.679
5234.6,40.15,46.6,0.0,-0.1,2,-200.079,0.814,588.282
5234.6,40.14,7.3,7.4,1.3,2,-200.124,0.826,586.676
5234.6,39.83,0.0,34.9,3.8,2,-200.186,0.842,584.275
5242.6,39.43,0.0,51.7,5.5,2,-200.229,0.852,582.690
5242.6,38.63,0.0,56.0,7.0,2,-200.302,0.868,580.347
5242.6,38.09,0.0,48.9,8.2,2,-200.361,0.879,578.813
5242.6,37.38,0.0,41.9,9.8,2,-200.467,0.896,576.550
5250.3,36.95,0.0,34.8,10.9,2,-200.554,0.907,575.066
5489.1,47.41,91.4,0.0,2.8,0,-286.239,0.145,635.707
5617.4,59.80,60.1,0.0,5.4,4,-218.386,-0.464,738.962
5617.4,60.06,60.1,0.0,5.2,4,-215.967,-0.451,741.622
5617.4,60.23,60.1,0.0,5.1,4,-214.333,-0.440,743.387
5617.4,60.48,60.1,0.0,5.2,4,-211.849,-0.421,746.022
5629.7,60.65,60.1,0.0,5.0,4,-210.172,-0.407,747.770
5629.7,60.89,59.9,0.0,4.8,0,-207.625,-0.385,750.378
5629.7,60.84,0.0,0.0,4.3,0,-205.909,-0.369,752.106
5629.7,60.99,82.9,0.0,3.7,5,-203.313,-0.342,754.675
5642.1,61.16,76.3,0.0,3.6,5,-201.562,-0.322,756.379
5642.1,61.40,66.6,0.0,4.3,5,-198.908,-0.295,758.922
5642.1,61.56,60.1,0.0,4.7,5,-197.120,-0.278,760.610
5642.1,61.79,58.9,0.0,5.1,5,-194.411,-0.255,763.130
5654.7,61.95,58.9,0.0,5.4,5,-192.586,-0.242,764.801
5654.7,62.19,59.0,0.0,5.5,5,-189.821,-0.229,767.295
5654.7,62.34,59.0,0.0,5.2,5,-187.959,-0.224,768.949
5654.7,62.57,59.2,0.0,4.9,5,-185.137,-0.219,771.413
5667.3,62.80,59.2,0.0,4.8,5,-182.278,-0.214,773.855
5667.3,62.95,59.3,0.0,4.8,5,-180.351,-0.210,775.471
5667.3,63.18,59.3,0.0,5.3,5,-177.431,-0.202,777.877
5667.3,63.32,59.4,0.0,5.5,5,-175.465,-0.198,779.468
5680.2,63.55,59.5,0.0,5.8,5,-172.487,-0.194,781.837
5680.2,63.69,59.5,0.0,6.3,5,-170.482,-0.194,783.404
5680.2,63.92,59.6,0.0,6.4,5,-167.443,-0.197,785.731
5680.2,64.06,59.7,0.0,6.4,5,-165.395,-0.199,787.266
5693.2,64.26,59.7,0.0,6.2,5,-162.290,-0.199,789.541
5693.2,64.40,59.7,0.0,6.2,5,-160.198,-0.197,791.038
5693.2,64.62,59.8,0.0,6.8,5,-157.026,-0.194,793.257
5693.2,64.75,59.9,0.0,6.8,5,-154.890,-0.193,794.717
5706.4,64.96,59.9,0.0,6.4,5,-151.654,-0.193,796.878
5706.4,65.10,59.9,0.0,5.9,5,-149.475,-0.191,798.297
5706.4,65.30,60.0,0.0,5.6,5,-146.173,-0.182,800.393
5706.4,65.45,60.0,0.0,6.2,5,-143.952,-0.177,801.772
5719.7,65.64,60.1,0.0,6.8,5,-140.591,-0.173,803.812
5719.7,65.84,60.1,0.0,6.9,5,-137.195,-0.171,805.817
5719.7,65.97,60.1,0.0,6.4,5,-134.910,-0.170,807.131
5719.7,66.15,60.1,0.0,6.4,5,-131.451,-0.165,809.065
5733.1,66.29,60.1,0.0,7.2,5,-129.125,-0.165,810.333
5733.1,66.48,60.1,0.0,7.3,5,-125.606,-0.165,812.198
5733.1,66.60,60.1,0.0,7.3,5,-123.239,-0.163,813.415
5733.1,66.78,60.1,0.0,7.4,5,-119.660,-0.160,815.202
5746.7,66.90,60.1,0.0,7.1,5,-117.253,-0.158,816.367
5746.7,67.08,60.1,0.0,7.5,5,-113.614,-0.154,818.072
5746.7,67.20,60.1,0.0,7.6,5,-111.168,-0.152,819.182
5746.7,67.37,60.1,0.0,7.9,5,-107.471,-0.149,820.803
5760.3,67.49,60.1,0.0,7.9,5,-104.988,-0.145,821.854
5760.3,67.65,60.1,0.0,7.6,5,-101.234,-0.138,823.386
5760.3,67.77,60.1,0.0,7.5,5,-98.714,-0.134,824.377
5760.3,67.93,60.1,0.0,7.4,5,-94.907,-0.128,825.817
5773.8,68.10,60.1,0.0,7.8,5,-91.068,-0.121,827.202
5773.8,68.21,60.1,0.0,8.0,5,-88.493,-0.118,828.095
5773.8,68.37,60.1,0.0,7.5,5,-84.604,-0.113,829.386
5773.8,68.47,60.2,0.0,7.3,5,-81.996,-0.108,830.213
5787.5,68.63,60.2,0.0,7.1,5,-78.060,-0.101,831.406
5787.5,68.74,60.2,0.0,7.0,5,-75.420,-0.096,832.169
5787.5,68.90,60.2,0.0,6.9,5,-71.440,-0.089,833.265
5787.5,69.00,60.2,0.0,7.4,5,-68.772,-0.084,833.964
5801.1,69.16,60.2,0.0,5.6,5,-64.750,-0.075,834.963
5801.1,69.27,60.2,0.0,5.1,5,-62.055,-0.068,835.597
5801.1,69.43,60.2,0.0,4.2,5,-57.994,-0.056,836.504
5801.1,69.53,60.3,0.0,3.9,5,-55.276,-0.046,837.080
5814.9,69.70,60.3,0.0,3.7,5,-51.182,-0.030,837.907
5814.9,69.81,60.3,0.0,3.7,5,-48.442,-0.017,838.435
5814.9,69.97,60.3,0.0,3.7,5,-44.319,0.005,839.196
5814.9,70.08,60.2,0.0,3.7,5,-41.561,0.020,839.684
5828.8,70.25,60.2,0.0,3.6,5,-37.411,0.044,840.387
5828.8,70.21,0.0,0.0,3.4,0,-33.248,0.066,841.056
5828.8,70.25,86.3,0.0,3.1,6,-30.473,0.082,841.482
134.5,76.00,60.3,0.0,0.3,6,147.154,1.419,861.400
