opponent,v3,Sheldon van der Linde,0,1771613600333
Game,version,date,track,car,event,laptime [s],S1 [s],S2 [s],S3 [s],S4+ [s]
LMU,1.2,2026-02-20 18:53:20,Silverstone Grand Prix Circuit - ELMS,BMW M Team WRT 2025 #20:LM (Hyper),Live,107.093,0,0,0
Tracklen [m],TotalLaps
5869.1,10
,
,
lapdistance [m],speed [m/s],throttle [%],brake [%],steer [%],gear [int],world_x [m],world_y [m],world_z [m]
75.9,72.19,90.7,0.0,0.0,6,88.275,1.081,854.257
90.3,72.29,90.8,0.0,-0.0,6,91.148,1.104,854.566
90.3,72.43,90.8,0.0,-0.1,6,95.465,1.137,855.030
90.3,72.52,90.8,0.0,-0.0,6,98.347,1.158,855.340
90.3,72.66,90.9,0.0,0.0,6,102.677,1.188,855.806
104.8,72.75,90.9,0.0,0.1,6,105.568,1.209,856.116
104.8,72.88,91.0,0.0,0.4,6,109.912,1.241,856.582
104.8,73.02,91.0,0.0,0.6,6,114.264,1.273,857.048
104.8,73.11,91.0,0.0,0.6,6,117.170,1.293,857.358
119.3,73.25,91.1,0.0,0.3,6,121.536,1.323,857.821
119.3,73.34,91.1,0.0,0.3,6,124.451,1.340,858.127
119.3,73.47,91.1,0.0,0.3,6,128.831,1.364,858.585
119.3,73.56,91.2,0.0,0.4,6,131.756,1.380,858.888
134.0,73.68,91.2,0.0,0.4,6,136.149,1.406,859.340
134.0,73.76,91.2,0.0,0.4,6,139.083,1.427,859.640
134.0,73.90,91.3,0.0,0.2,6,143.489,1.460,860.089
134.0,73.99,91.3,0.0,0.1,6,146.432,1.478,860.386
148.8,74.11,91.3,0.0,0.1,6,150.853,1.506,860.829
148.8,74.20,91.3,0.0,0.2,6,153.804,1.524,861.124
148.8,74.32,91.4,0.0,0.3,6,158.238,1.549,861.563
148.8,74.41,91.4,0.0,0.3,6,161.198,1.565,861.856
163.6,74.53,91.4,0.0,0.2,6,165.645,1.592,862.292
163.6,74.65,91.5,0.0,0.1,6,170.099,1.621,862.727
163.6,74.74,91.5,0.0,0.0,6,173.073,1.640,863.016
178.5,74.86,91.5,0.0,-0.1,6,177.540,1.669,863.448
178.5,74.95,91.5,0.0,-0.2,6,180.522,1.688,863.735
178.5,75.06,91.6,0.0,-0.4,6,185.001,1.717,864.167
178.5,75.14,91.6,0.0,-0.5,6,187.991,1.735,864.456
193.5,75.26,91.6,0.0,-0.6,6,192.482,1.763,864.892
193.5,75.34,91.7,0.0,-0.8,6,195.479,1.783,865.187
193.5,75.46,91.7,0.0,-0.6,6,199.981,1.811,865.634
193.5,75.54,91.7,0.0,-0.4,6,202.985,1.829,865.937
208.6,75.66,91.8,0.0,-0.4,6,207.497,1.855,866.399
208.6,75.73,91.8,0.0,-0.4,6,210.509,1.871,866.710
208.6,75.84,91.8,0.0,-0.0,6,215.031,1.898,867.183
208.6,75.92,91.8,0.0,0.2,6,218.050,1.917,867.501
223.8,76.03,91.9,0.0,0.3,6,222.583,1.948,867.980
223.8,76.11,91.9,0.0,0.5,6,225.609,1.969,868.299
223.8,76.22,91.9,0.0,0.6,6,230.153,1.999,868.775
223.8,76.29,91.9,0.0,0.7,6,233.187,2.020,869.090
239.0,76.41,91.9,0.0,0.8,6,237.744,2.053,869.557
239.0,76.50,82.1,0.0,1.0,6,242.308,2.084,870.015
239.0,76.46,38.1,41.8,1.2,6,245.353,2.100,870.316
239.0,75.60,0.0,81.7,1.7,6,249.901,2.125,870.756
254.3,74.76,0.0,87.5,2.0,6,252.897,2.141,871.039
254.3,73.42,0.0,90.9,2.2,6,257.326,2.166,871.445
254.3,72.51,0.0,91.5,2.3,6,260.235,2.181,871.702
254.3,71.14,0.0,91.7,2.7,6,264.533,2.204,872.064
268.8,70.23,0.0,91.6,3.1,6,267.353,2.220,872.287
268.8,68.88,0.0,92.4,3.6,6,271.518,2.240,872.592
268.8,67.97,0.0,92.2,3.7,6,274.251,2.252,872.775
268.8,66.62,0.0,92.7,4.1,0,278.284,2.268,873.013
282.3,65.72,31.3,92.6,3.8,0,280.929,2.277,873.147
282.3,64.37,0.0,89.0,3.5,5,284.831,2.292,873.305
282.3,63.52,0.0,84.1,3.3,5,287.389,2.301,873.381
282.3,62.28,0.0,69.2,2.4,5,291.164,2.315,873.450
295.0,61.56,0.0,55.9,1.9,5,293.642,2.326,873.462
295.0,60.73,0.0,27.0,2.2,5,297.310,2.343,873.426
295.0,60.20,0.0,19.3,4.4,5,300.937,2.360,873.322
295.0,59.90,0.0,18.4,6.3,5,303.337,2.373,873.213
307.0,59.49,0.0,10.3,10.1,5,306.912,2.392,872.995
307.0,59.26,0.0,7.1,9.9,5,309.280,2.407,872.811
307.0,58.98,0.0,8.4,9.7,5,312.813,2.430,872.484
307.0,58.78,0.0,5.1,9.3,5,315.155,2.444,872.231
318.7,58.53,1.0,0.4,9.2,5,318.648,2.465,871.801
318.7,58.39,0.3,2.8,9.3,5,320.964,2.478,871.480
318.7,58.12,0.0,12.5,10.1,5,324.419,2.498,870.946
318.7,57.88,0.0,15.2,10.6,5,326.707,2.510,870.555
330.3,57.47,0.0,24.6,10.5,5,330.109,2.527,869.917
330.3,57.13,0.0,28.2,9.9,5,332.355,2.538,869.457
330.3,56.65,0.0,4.9,9.8,5,335.686,2.554,868.714
330.3,56.48,18.7,0.0,11.2,5,337.885,2.565,868.182
341.9,56.46,54.1,0.0,14.4,5,341.162,2.582,867.323
341.9,56.51,65.5,0.0,17.1,5,343.336,2.593,866.709
341.9,56.62,69.6,0.0,21.3,5,346.584,2.608,865.725
341.9,56.68,65.0,0.0,24.6,5,348.739,2.618,865.026
353.7,56.74,60.7,0.0,26.7,5,351.955,2.633,863.914
353.7,56.67,18.1,0.0,27.9,5,355.143,2.649,862.725
353.7,56.54,12.1,0.0,28.7,5,357.249,2.660,861.890
353.7,56.41,39.1,0.0,28.9,5,360.371,2.678,860.575
365.9,56.38,50.4,0.0,28.9,5,362.431,2.689,859.657
365.9,56.40,65.3,0.0,29.0,5,365.491,2.707,858.215
365.9,56.42,54.6,0.0,29.6,5,367.512,2.718,857.212
365.9,56.37,40.4,0.0,32.4,5,370.511,2.734,855.644
377.7,56.32,44.7,0.0,34.7,5,372.486,2.746,854.558
377.7,56.27,42.3,0.0,38.2,5,375.411,2.763,852.869
377.7,56.21,37.9,0.0,40.1,5,377.336,2.774,851.705
377.7,56.10,32.4,0.0,42.7,5,380.183,2.791,849.903
389.7,56.02,29.4,0.0,43.9,5,382.054,2.801,848.666
389.7,55.87,26.0,0.0,45.3,5,384.817,2.816,846.759
389.7,55.76,24.7,0.0,45.5,5,386.628,2.826,845.453
389.7,55.59,23.6,0.0,45.1,5,389.296,2.842,843.443
401.3,55.47,22.6,0.0,44.3,5,391.042,2.853,842.069
401.3,55.29,21.8,0.0,42.9,5,393.609,2.869,839.959
401.3,55.17,22.0,0.0,42.3,5,395.286,2.879,838.521
401.3,54.99,23.6,0.0,41.2,5,397.748,2.895,836.315
412.6,54.82,25.2,0.0,39.9,5,400.144,2.912,834.054
412.6,54.72,25.3,0.0,39.0,5,401.705,2.923,832.517
412.6,54.57,26.8,0.0,37.6,5,403.992,2.940,830.167
412.6,54.48,30.1,0.0,36.8,5,405.479,2.951,828.572
423.7,54.38,37.0,0.0,34.5,5,407.657,2.965,826.139
423.7,54.33,40.8,0.0,32.6,5,409.073,2.975,824.489
423.7,54.30,50.2,0.0,29.6,5,411.146,2.987,821.974
423.7,54.31,61.6,0.0,26.7,5,412.493,2.993,820.270
434.6,54.43,82.4,0.0,21.1,5,414.462,3.005,817.670
434.6,54.54,85.2,0.0,18.1,5,415.740,3.015,815.906
434.6,54.74,85.3,0.0,14.4,5,417.611,3.029,813.214
434.6,54.87,85.4,0.0,12.4,5,418.828,3.037,811.392
445.3,55.08,85.5,0.0,9.7,5,420.609,3.048,808.616
445.3,55.22,85.6,0.0,8.7,5,421.765,3.057,806.737
445.3,55.45,85.7,0.0,8.5,5,423.456,3.073,803.881
445.3,55.59,85.8,0.0,8.7,5,424.558,3.084,801.953
456.1,55.83,85.9,0.0,8.9,5,426.173,3.104,799.027
456.1,55.98,86.0,0.0,9.0,5,427.227,3.118,797.056
456.1,56.21,86.1,0.0,8.6,5,428.775,3.140,794.068
467.2,56.44,86.2,0.0,8.8,5,430.282,3.165,791.044
467.2,56.59,86.0,0.0,9.3,5,431.264,3.182,789.008
467.2,56.82,86.2,0.0,8.3,5,432.703,3.205,785.925
467.2,56.98,86.5,0.0,7.5,5,433.637,3.220,783.850
478.5,57.20,86.7,0.0,8.1,5,435.000,3.246,780.709
478.5,57.35,86.0,0.0,7.9,5,435.886,3.261,778.596
478.5,57.57,85.7,0.0,7.6,5,437.176,3.284,775.400
478.5,57.72,86.8,0.0,7.2,5,438.013,3.299,773.252
489.8,57.92,87.1,0.0,6.5,5,439.233,3.324,770.005
489.8,58.06,87.2,0.0,6.7,5,440.023,3.341,767.825
489.8,58.32,87.2,0.0,5.6,5,441.175,3.368,764.530
489.8,58.46,87.3,0.0,5.1,5,441.920,3.388,762.317
501.3,58.67,79.6,0.0,4.7,5,443.005,3.417,758.975
501.3,58.83,73.2,0.0,4.4,5,444.049,3.444,755.609
501.3,58.93,85.3,0.0,4.7,5,444.724,3.460,753.353
501.3,59.19,87.6,0.0,2.9,5,445.706,3.482,749.949
513.0,59.34,87.7,0.0,2.4,5,446.339,3.499,747.665
513.0,59.54,87.2,0.0,3.7,5,447.263,3.523,744.221
513.0,59.70,87.1,0.0,4.2,5,447.863,3.541,741.912
513.0,59.93,87.9,0.0,4.8,5,448.739,3.566,738.433
524.8,60.07,88.1,0.0,5.0,5,449.307,3.583,736.102
524.8,60.30,88.1,0.0,4.8,5,450.133,3.606,732.586
524.8,60.45,88.2,0.0,5.1,5,450.663,3.624,730.231
524.8,60.68,88.3,0.0,5.2,5,451.429,3.652,726.679
536.8,60.83,88.3,0.0,5.1,5,451.921,3.671,724.300
536.8,61.05,88.4,0.0,4.5,5,452.628,3.701,720.713
536.8,61.20,88.5,0.0,4.4,5,453.080,3.721,718.310
536.8,61.43,88.5,0.0,3.4,5,453.731,3.748,714.690
549.0,61.65,88.6,0.0,2.5,5,454.351,3.772,711.051
549.0,61.80,88.7,0.0,2.2,5,454.748,3.789,708.614
549.0,62.02,88.7,0.0,2.3,5,455.322,3.817,704.945
549.0,62.17,88.8,0.0,2.0,5,455.694,3.838,702.490
561.4,62.40,88.9,0.0,1.5,5,456.237,3.867,698.793
561.4,62.54,88.9,0.0,1.0,5,456.590,3.887,696.319
561.4,62.77,89.0,0.0,0.9,5,457.109,3.920,692.596
561.4,62.92,89.1,0.0,0.9,5,457.449,3.942,690.106
573.8,63.14,89.1,0.0,0.9,5,457.953,3.974,686.359
573.8,63.28,89.2,0.0,1.0,5,458.285,3.996,683.853
573.8,63.50,89.3,0.0,1.1,5,458.777,4.029,680.082
573.8,63.64,89.3,0.0,1.0,5,459.101,4.050,677.560
586.4,63.86,89.4,0.0,0.9,5,459.580,4.082,673.765
586.4,64.08,89.5,0.0,0.9,5,460.052,4.115,669.957
586.4,64.22,89.5,0.0,1.0,5,460.362,4.136,667.410
586.4,64.43,89.6,0.0,1.2,5,460.820,4.168,663.579
599.1,64.57,89.6,0.0,1.2,5,461.121,4.189,661.017
599.1,64.78,89.7,0.0,1.2,5,461.564,4.220,657.162
599.1,64.92,89.8,0.0,1.2,5,461.854,4.242,654.585
599.1,65.12,89.8,0.0,1.4,5,462.281,4.275,650.708
612.1,65.26,89.9,0.0,1.5,5,462.560,4.297,648.115
612.1,65.47,89.9,0.0,1.4,5,462.969,4.329,644.215
612.1,65.60,90.0,0.0,1.4,5,463.234,4.351,641.608
612.1,65.80,90.0,0.0,1.4,5,463.623,4.382,637.686
625.1,65.94,90.1,0.0,1.4,5,463.876,4.403,635.063
625.1,66.13,90.1,0.0,1.3,5,464.243,4.436,631.119
625.1,66.27,90.2,0.0,1.3,5,464.482,4.457,628.482
625.1,66.46,90.3,0.0,1.2,5,464.829,4.488,624.516
638.4,66.66,90.3,0.0,1.2,5,465.164,4.519,620.537
638.4,66.79,90.4,0.0,1.3,5,465.380,4.540,617.877
638.4,66.97,90.4,0.0,1.1,5,465.696,4.571,613.877
638.4,67.10,90.4,0.0,1.2,5,465.900,4.593,611.204
651.7,67.29,90.5,0.0,1.0,5,466.198,4.625,607.183
651.7,67.42,90.5,0.0,0.8,5,466.391,4.646,604.496
651.7,67.61,90.6,0.0,0.7,5,466.672,4.677,600.455
651.7,67.74,90.6,0.0,0.8,5,466.855,4.698,597.755
665.3,67.92,90.7,0.0,-0.1,5,467.124,4.729,593.694
665.3,68.04,90.7,0.0,-0.7,5,467.302,4.750,590.981
665.3,68.23,90.8,0.0,-0.8,5,467.569,4.779,586.902
665.3,68.35,90.8,0.0,-0.7,5,467.749,4.798,584.177
678.9,68.53,90.9,0.0,0.1,5,468.025,4.824,580.080
678.9,68.71,90.9,0.0,0.8,5,468.304,4.849,575.973
678.9,68.83,91.0,0.0,1.5,5,468.491,4.865,573.228
692.6,69.01,91.0,0.0,1.0,5,468.767,4.885,569.103
692.6,69.13,91.1,0.0,0.3,5,468.948,4.897,566.346
692.6,69.30,91.1,0.0,0.2,5,469.214,4.913,562.202
692.6,69.42,91.1,0.0,0.4,5,469.388,4.924,559.433
706.5,69.59,91.2,0.0,0.5,5,469.643,4.940,555.271
706.5,69.70,91.2,0.0,0.0,5,469.810,4.949,552.491
706.5,69.88,91.3,0.0,0.2,5,470.057,4.961,548.311
706.5,69.98,91.3,0.0,-0.3,5,470.220,4.969,545.519
720.6,70.15,91.4,0.0,-0.3,5,470.463,4.977,541.322
720.6,70.27,91.4,0.0,0.4,5,470.625,4.981,538.518
720.6,70.42,91.5,0.0,0.2,5,470.869,4.986,534.305
720.6,70.59,91.5,0.0,1.0,5,471.114,4.990,530.082
734.7,70.70,91.5,0.0,1.1,5,471.276,4.991,527.261
734.7,70.86,91.6,0.0,0.9,5,471.516,4.989,523.021
734.7,70.97,91.6,0.0,0.4,5,471.672,4.987,520.189
734.7,71.13,91.6,0.0,0.0,5,471.901,4.982,515.932
749.0,71.23,91.7,0.0,0.1,5,472.050,4.978,513.089
749.0,71.39,91.7,0.0,0.2,5,472.271,4.970,508.816
749.0,71.49,91.8,0.0,0.2,5,472.416,4.963,505.963
749.0,71.66,91.8,0.0,0.1,5,472.633,4.950,501.674
763.3,71.75,91.9,0.0,0.1,5,472.775,4.939,498.810
763.3,71.90,91.9,0.0,0.1,5,472.988,4.920,494.506
763.3,72.00,92.0,0.0,0.1,5,473.128,4.905,491.631
763.3,72.14,92.0,0.0,0.1,0,473.337,4.881,487.312
777.7,72.06,0.0,0.0,0.1,0,473.475,4.865,484.431
777.7,72.14,91.1,0.0,0.6,6,473.680,4.841,480.111
777.7,72.29,91.1,0.0,-0.4,6,473.882,4.818,475.784
777.7,72.38,91.2,0.0,-0.8,6,474.015,4.805,472.894
792.2,72.52,91.2,0.0,-1.5,6,474.217,4.788,468.552
792.2,72.62,91.2,0.0,-2.0,6,474.354,4.776,465.652
792.2,72.77,91.3,0.0,-2.6,6,474.572,4.756,461.296
792.2,72.86,91.3,0.0,-2.9,6,474.727,4.745,458.388
806.7,73.00,91.3,0.0,-4.1,6,474.981,4.728,454.020
806.7,73.09,91.3,0.0,-4.1,6,475.167,4.714,451.104
806.7,73.22,91.4,0.0,-4.5,6,475.476,4.690,446.726
806.7,73.30,91.4,0.0,-4.4,6,475.705,4.675,443.805
821.3,73.43,91.5,0.0,-5.2,6,476.087,4.654,439.419
821.3,73.52,91.5,0.0,-5.8,6,476.367,4.636,436.494
821.3,73.64,91.5,0.0,-6.0,6,476.829,4.606,432.104
821.3,73.71,91.5,0.0,-6.1,6,477.171,4.590,429.177
836.0,73.82,91.6,0.0,-6.6,6,477.736,4.572,424.787
836.0,73.94,91.6,0.0,-6.7,6,478.362,4.552,420.399
836.0,74.01,91.6,0.0,-6.6,6,478.815,4.539,417.475
836.0,74.11,91.6,0.0,-6.7,6,479.554,4.522,413.094
850.7,74.19,91.7,0.0,-7.2,6,480.085,4.512,410.176
850.7,74.29,91.7,0.0,-8.3,6,480.938,4.495,405.804
850.7,74.36,91.7,0.0,-9.0,6,481.546,4.484,402.894
850.7,74.45,91.8,0.0,-9.6,6,482.518,4.463,398.537
865.4,74.52,91.7,0.0,-9.4,6,483.207,4.446,395.639
865.4,74.60,91.8,0.0,-8.4,6,484.304,4.417,391.302
865.4,74.66,91.8,0.0,-7.7,6,485.076,4.392,388.419
865.4,74.75,91.8,0.0,-7.8,6,486.299,4.349,384.106
880.1,74.81,91.8,0.0,-8.5,6,487.157,4.317,381.241
880.1,74.89,91.9,0.0,-8.3,6,488.509,4.267,376.959
880.1,74.99,91.9,0.0,-7.7,6,489.938,4.214,372.696
880.1,75.05,91.9,0.0,-7.3,6,490.934,4.178,369.865
895.1,75.14,91.9,0.0,-6.8,6,492.490,4.121,365.638
895.1,75.20,92.0,0.0,-7.0,6,493.570,4.083,362.832
895.1,75.29,92.0,0.0,-6.0,6,495.251,4.027,358.642
895.1,75.36,92.0,0.0,-4.2,6,496.411,3.989,355.862
910.6,75.47,92.0,0.0,-0.8,6,498.204,3.933,351.708
910.6,75.54,92.0,0.0,1.4,6,499.430,3.895,348.948
910.6,75.66,91.7,0.0,2.8,6,501.299,3.844,344.815
910.6,75.75,90.1,0.0,3.2,6,502.554,3.809,342.059
926.1,75.87,92.2,0.0,3.5,6,504.430,3.750,337.917
926.1,75.90,53.5,14.8,4.2,6,505.670,3.707,335.146
926.1,75.43,0.0,47.6,4.9,6,507.497,3.646,330.986
926.1,74.85,0.0,52.3,5.0,6,508.683,3.609,328.223
941.6,73.96,0.0,50.2,4.8,6,510.405,3.566,324.103
941.6,73.09,0.0,53.2,4.9,6,512.056,3.526,320.011
941.6,72.49,0.0,48.9,4.9,6,513.116,3.500,317.298
956.2,71.66,0.0,44.7,5.2,6,514.639,3.467,313.249
956.2,71.10,0.0,68.3,5.4,6,515.610,3.447,310.563
956.2,69.99,0.0,74.4,5.6,6,516.997,3.420,306.561
956.2,69.23,0.0,66.8,5.2,6,517.873,3.406,303.916
970.0,68.19,0.0,59.0,5.5,6,519.114,3.390,299.983
970.0,67.53,0.0,51.2,6.8,6,519.895,3.381,297.383
970.0,66.69,0.0,41.3,7.6,6,520.995,3.366,293.509
970.0,66.19,0.0,39.3,7.7,6,521.680,3.356,290.940
983.0,65.63,41.5,1.7,7.9,6,522.636,3.340,287.105
983.0,65.64,84.3,0.0,8.7,6,523.227,3.328,284.547
983.0,65.54,11.5,35.9,10.8,6,524.045,3.308,280.695
983.0,65.12,0.0,26.9,12.5,6,524.542,3.296,278.128
996.5,64.63,0.0,2.6,11.3,6,525.212,3.280,274.295
996.5,64.53,72.8,0.0,11.8,6,525.794,3.268,270.465
996.5,64.53,33.6,20.2,10.9,6,526.135,3.260,267.907
996.5,64.16,0.0,4.4,9.8,0,526.573,3.257,264.070
1011.0,64.01,31.7,0.0,8.6,0,526.826,3.247,261.519
1011.0,63.87,77.8,0.0,7.9,5,527.138,3.231,257.698
1011.0,63.83,48.5,0.0,7.8,5,527.282,3.238,255.148
1011.0,63.74,28.8,0.0,8.6,5,527.440,3.239,251.324
1024.9,63.71,40.0,0.0,10.5,5,527.511,3.227,248.775
1024.9,63.55,14.6,1.9,14.1,5,527.534,3.218,244.957
1024.9,63.36,0.0,7.4,16.0,5,527.498,3.217,242.419
1024.9,63.02,0.0,8.2,17.7,5,527.375,3.213,238.628
1037.9,62.78,0.0,5.5,17.2,5,527.246,3.212,236.115
1037.9,62.44,0.0,2.4,15.1,5,526.979,3.216,232.368
1037.9,62.25,0.0,0.9,13.1,5,526.749,3.224,229.884
1037.9,61.99,0.6,0.1,10.7,5,526.328,3.240,226.180
1050.5,61.73,3.5,0.0,10.7,5,525.821,3.256,222.503
1050.5,61.57,8.6,0.0,8.9,5,525.435,3.266,220.067
1050.5,61.33,5.3,0.0,6.3,5,524.785,3.284,216.438
1050.5,61.19,18.0,0.0,6.3,5,524.303,3.299,214.035
1062.5,61.13,60.3,0.0,6.6,5,523.513,3.325,210.453
1062.5,61.23,84.7,0.0,6.8,5,522.943,3.343,208.074
1062.5,61.44,87.1,0.0,6.9,5,522.033,3.373,204.508
1062.5,61.58,87.1,0.0,5.9,5,521.394,3.393,202.133
1074.7,61.80,87.2,0.0,2.8,5,520.393,3.424,198.571
1074.7,61.95,87.3,0.0,0.8,5,519.701,3.445,196.195
1074.7,62.17,87.4,0.0,-0.6,5,518.637,3.476,192.627
1074.7,62.32,87.5,0.0,-1.5,5,517.916,3.496,190.245
1087.2,62.55,87.6,0.0,-2.4,5,516.825,3.525,186.661
1087.2,62.69,87.6,0.0,-3.0,5,516.099,3.544,184.265
1087.2,62.91,87.7,0.0,-4.0,5,515.018,3.571,180.655
1087.2,62.91,18.5,36.3,-5.0,5,513.956,3.595,177.030
1099.9,62.45,0.0,70.3,-5.1,5,513.267,3.608,174.617
1099.9,61.33,0.0,89.9,-4.7,5,512.271,3.626,171.036
1099.9,60.50,0.0,86.4,-4.4,5,511.636,3.638,168.681
1099.9,59.27,0.0,75.7,-1.9,5,510.730,3.654,165.203
1112.2,58.53,0.0,67.2,-1.3,5,510.157,3.664,162.916
1112.2,57.55,0.0,55.2,-1.7,5,509.344,3.679,159.529
1112.2,56.95,0.0,62.8,-3.6,5,508.832,3.688,157.296
1112.2,55.99,0.0,61.8,-5.3,5,508.112,3.705,153.983
1123.8,55.39,31.8,59.7,-7.8,0,507.661,3.716,151.800
1123.8,54.52,0.0,46.6,-9.0,4,507.030,3.731,148.563
1123.8,54.02,0.0,35.0,-8.8,4,506.642,3.741,146.426
1123.8,53.47,0.0,16.0,-9.6,4,506.114,3.754,143.245
1135.1,53.22,0.0,7.7,-10.2,4,505.797,3.760,141.135
1189.7,49.93,15.3,0.0,-18.3,4,509.521,3.595,87.175
1189.7,49.77,15.9,0.0,-26.1,4,510.438,3.568,84.328
1189.7,49.67,13.8,0.0,-31.2,4,511.087,3.546,82.448
1200.1,49.51,13.3,0.0,-39.4,4,512.116,3.510,79.657
1200.1,49.40,12.6,0.0,-44.3,4,512.837,3.483,77.815
1200.1,49.23,13.5,0.0,-48.9,4,513.971,3.442,75.081
1200.1,49.12,12.9,0.0,-50.5,4,514.760,3.413,73.280
1210.3,48.95,18.0,0.0,-49.8,4,515.996,3.369,70.610
1210.3,48.85,20.3,0.0,-47.5,4,516.857,3.341,68.854
1210.3,48.70,21.9,0.0,-41.5,4,518.205,3.300,66.256
1220.1,48.59,27.4,0.0,-38.0,4,519.624,3.264,63.706
1220.1,48.53,31.7,0.0,-34.3,4,520.609,3.243,62.032
1220.1,48.49,42.2,0.0,-22.5,4,522.144,3.215,59.559
1220.1,48.54,53.9,0.0,-14.5,4,523.204,3.196,57.934
1229.8,48.66,51.6,0.0,-3.8,4,524.848,3.169,55.526
1229.8,48.61,15.0,34.7,2.6,4,525.976,3.151,53.940
1229.8,47.95,0.0,60.1,11.5,4,527.688,3.126,51.598
1229.8,47.36,0.0,69.3,13.5,4,528.820,3.109,50.063
1239.4,46.36,0.0,77.8,13.0,4,530.480,3.082,47.790
1239.4,45.64,34.3,83.0,11.8,0,531.551,3.065,46.293
1239.4,44.53,0.0,87.7,9.6,3,533.099,3.040,44.071
1239.4,43.77,0.0,68.9,7.9,3,534.090,3.024,42.608
1248.3,42.88,0.0,30.7,4.9,3,535.515,2.999,40.433
1248.3,42.50,0.0,14.8,3.1,3,536.424,2.982,38.988
1248.3,42.14,0.0,4.4,1.5,3,537.728,2.955,36.809
1248.3,41.90,0.0,0.5,3.2,3,538.962,2.926,34.611
1256.7,41.76,1.5,0.0,6.9,3,539.746,2.905,33.132
1256.7,41.58,1.9,0.0,14.3,3,540.862,2.874,30.895
1256.7,41.47,5.0,0.0,19.9,3,541.567,2.852,29.391
1256.7,41.31,2.8,0.2,27.4,3,542.569,2.817,27.119
1265.1,41.19,3.5,0.0,30.9,3,543.200,2.794,25.594
1265.1,41.13,32.0,0.0,33.1,3,544.094,2.758,23.293
1265.1,41.17,41.9,0.0,32.6,3,544.654,2.733,21.746
1265.1,41.35,58.8,0.0,31.2,3,545.439,2.698,19.400
1273.5,41.47,52.7,0.0,30.9,3,545.927,2.674,17.817
1273.5,41.60,45.4,0.0,31.8,3,546.604,2.638,15.419
1273.5,41.66,39.2,0.0,32.8,3,547.018,2.613,13.807
1273.5,41.68,34.5,0.0,34.9,3,547.581,2.574,11.371
1282.4,41.70,38.8,0.0,35.9,3,547.915,2.548,9.737
1282.4,41.77,43.1,0.0,35.8,3,548.356,2.510,7.273
1282.4,41.82,39.5,0.0,36.6,3,548.609,2.484,5.621
1282.4,41.86,35.6,0.0,38.5,3,548.931,2.443,3.132
1291.3,41.89,35.2,0.0,41.6,3,549.182,2.401,0.632
1291.3,41.89,29.1,0.0,43.5,3,549.310,2.372,-1.038
1291.3,41.86,27.8,0.0,45.5,3,549.442,2.328,-3.547
1291.3,41.84,30.8,0.0,45.9,3,549.490,2.299,-5.220
1300.3,41.85,35.2,0.0,45.1,3,549.503,2.255,-7.730
1300.3,41.90,47.9,0.0,45.3,3,549.472,2.224,-9.404
1300.3,42.02,44.2,0.0,46.1,3,549.369,2.177,-11.919
1300.3,42.05,38.4,0.0,47.0,3,549.261,2.145,-13.596
1309.5,42.02,23.6,0.0,48.3,3,549.037,2.097,-16.109
1309.5,41.97,23.4,0.0,48.8,3,548.846,2.067,-17.777
1309.5,41.90,24.7,0.0,48.5,3,548.498,2.024,-20.269
1309.5,41.85,26.1,0.0,47.3,3,548.225,1.996,-21.921
1318.3,41.81,29.0,0.0,44.3,3,547.753,1.955,-24.386
1318.3,41.78,34.1,0.0,40.3,3,547.204,1.918,-26.832
1318.3,41.80,39.4,0.0,37.3,3,546.795,1.894,-28.453
1318.3,41.88,52.1,0.0,32.2,3,546.117,1.861,-30.869
1327.4,42.01,63.5,0.0,29.0,3,545.622,1.840,-32.471
1327.4,42.26,74.8,0.0,25.4,3,544.819,1.809,-34.867
1327.4,42.49,82.5,0.0,23.1,3,544.243,1.786,-36.461
1327.4,42.85,81.3,0.0,19.8,3,543.318,1.752,-38.847
1336.6,43.06,79.4,0.0,17.6,3,542.660,1.730,-40.433
1336.6,43.37,77.5,0.0,13.2,3,541.607,1.699,-42.802
1336.6,43.57,71.7,0.0,10.0,3,540.861,1.680,-44.372
1336.6,43.88,80.7,0.0,6.3,3,539.681,1.653,-46.714
1345.7,44.13,83.7,0.0,5.5,3,538.854,1.635,-48.267
1345.7,44.51,84.6,0.0,5.9,3,537.555,1.607,-50.586
1345.7,44.77,84.7,0.0,6.7,3,536.649,1.590,-52.124
1345.7,45.16,84.9,0.0,9.1,3,535.231,1.565,-54.419
1354.9,45.55,85.1,0.0,11.2,3,533.749,1.541,-56.700
1354.9,45.83,85.1,0.0,12.2,3,532.726,1.526,-58.214
1354.9,46.21,85.3,0.0,13.4,3,531.142,1.503,-60.474
1354.9,46.46,85.5,0.0,13.6,3,530.054,1.487,-61.974
1364.1,46.85,85.7,0.0,12.8,3,528.375,1.461,-64.213
1364.1,47.10,85.8,0.0,11.9,3,527.224,1.442,-65.697
1364.1,47.47,86.0,0.0,10.8,3,525.447,1.412,-67.908
1364.1,47.72,86.1,0.0,9.9,3,524.230,1.390,-69.371
1373.4,48.09,86.3,0.0,11.4,3,522.356,1.356,-71.549
1373.4,48.33,86.4,0.0,12.3,3,521.073,1.332,-72.987
1373.4,48.68,86.5,0.0,12.3,3,519.098,1.295,-75.124
1373.4,48.92,86.6,0.0,13.0,3,517.749,1.270,-76.533
1382.9,49.28,86.8,0.0,14.8,3,515.675,1.230,-78.625
1382.9,49.51,86.8,0.0,15.6,3,514.261,1.202,-80.004
1382.9,49.85,87.0,0.0,16.0,3,512.090,1.160,-82.045
1392.6,50.18,87.1,0.0,14.8,3,509.859,1.120,-84.050
1392.6,50.41,87.2,0.0,13.7,3,508.338,1.096,-85.366
1392.6,50.72,87.4,0.0,13.3,3,506.009,1.061,-87.308
1392.6,50.95,87.5,0.0,12.7,3,504.426,1.036,-88.584
1402.5,51.01,0.0,0.0,11.6,0,502.012,0.994,-90.466
1402.5,51.09,85.9,0.0,10.2,4,500.381,0.963,-91.692
1402.5,51.40,86.0,0.0,7.3,4,497.892,0.916,-93.497
1402.5,51.61,86.1,0.0,4.4,4,496.205,0.885,-94.677
1412.6,51.93,86.2,0.0,1.4,4,493.633,0.839,-96.417
1412.6,52.14,86.3,0.0,0.9,4,491.894,0.810,-97.559
1412.6,52.47,86.4,0.0,1.4,4,489.255,0.768,-99.257
1412.6,52.69,86.5,0.0,1.2,4,487.480,0.743,-100.384
1423.1,53.01,86.6,0.0,0.2,4,484.797,0.706,-102.072
1423.1,53.23,86.7,0.0,-0.6,4,482.997,0.683,-103.200
1423.1,53.55,86.9,0.0,-1.6,4,480.282,0.649,-104.899
1423.1,53.87,87.0,0.0,-2.5,4,477.552,0.615,-106.611
1433.9,54.09,87.1,0.0,-3.1,4,475.725,0.592,-107.761
1433.9,54.41,87.2,0.0,-5.1,4,472.977,0.560,-109.504
1433.9,54.61,87.4,0.0,-5.3,4,471.143,0.539,-110.680
1433.9,54.87,87.6,0.0,-4.5,4,468.390,0.510,-112.471
1445.1,55.08,87.6,0.0,-4.8,4,466.556,0.492,-113.684
1445.1,55.39,87.7,0.0,-5.2,4,463.806,0.464,-115.534
1445.1,55.58,87.7,0.0,-6.3,4,461.977,0.448,-116.791
1445.1,55.84,87.9,0.0,-8.1,4,459.240,0.428,-118.712
1456.6,56.07,87.9,0.0,-9.2,4,457.419,0.407,-120.012
1456.6,56.32,88.1,0.0,-10.6,4,454.698,0.375,-122.004
1456.6,56.51,88.1,0.0,-10.7,4,452.895,0.355,-123.361
1456.6,56.76,88.3,0.0,-10.3,4,450.209,0.327,-125.442
1468.3,56.95,88.2,0.0,-9.8,4,448.433,0.309,-126.861
1468.3,57.20,88.5,0.0,-9.5,4,445.793,0.287,-129.041
1468.3,57.36,88.5,0.0,-9.3,4,444.049,0.274,-130.527
1468.3,57.64,88.6,0.0,-9.6,4,441.457,0.254,-132.805
1480.3,57.82,88.6,0.0,-8.7,4,439.748,0.243,-134.357
1480.3,58.07,88.7,0.0,-7.6,4,437.212,0.232,-136.735
1480.3,58.33,88.8,0.0,-7.7,4,434.707,0.224,-139.167
1480.3,58.51,88.9,0.0,-8.1,4,433.053,0.220,-140.817
1492.3,58.77,89.0,0.0,-7.9,4,430.593,0.212,-143.332
1492.3,58.94,89.0,0.0,-7.4,4,428.968,0.206,-145.036
1492.3,59.20,89.1,0.0,-6.8,4,426.555,0.199,-147.631
1492.3,59.37,89.2,0.0,-6.6,4,424.962,0.195,-149.387
1504.4,59.62,89.3,0.0,-6.5,4,422.598,0.191,-152.061
1504.4,59.79,89.3,0.0,-6.5,4,421.038,0.191,-153.869
1504.4,60.04,89.4,0.0,-7.1,4,418.723,0.196,-156.619
1504.4,60.20,89.5,0.0,-7.2,4,417.194,0.198,-158.475
1516.4,60.45,89.6,0.0,-6.9,4,414.924,0.198,-161.294
1516.4,60.70,89.7,0.0,-7.0,4,412.683,0.194,-164.155
1516.4,60.86,89.7,0.0,-6.9,4,411.207,0.191,-166.086
1516.4,61.09,89.9,0.0,-7.3,4,409.019,0.181,-169.017
1528.5,61.25,89.9,0.0,-7.2,4,407.579,0.172,-170.995
1528.5,61.47,90.0,0.0,-7.8,4,405.449,0.158,-173.998
1528.5,61.62,90.1,0.0,-6.7,4,404.051,0.148,-176.024
1528.5,61.86,90.1,0.0,-5.5,4,401.983,0.130,-179.097
1540.7,62.01,90.2,0.0,-4.1,4,400.624,0.115,-181.168
1540.7,62.24,90.2,0.0,-2.9,0,398.613,0.092,-184.306
1540.7,62.18,0.0,0.0,-2.4,0,397.291,0.078,-186.415
1540.7,62.33,89.1,0.0,-2.2,5,395.334,0.056,-189.594
1553.1,62.48,89.1,0.0,-2.3,5,394.040,0.043,-191.728
1553.1,62.71,89.2,0.0,-2.3,5,392.111,0.025,-194.950
1553.1,62.93,89.3,0.0,-1.9,5,390.194,0.010,-198.194
1553.1,63.08,89.4,0.0,-1.6,5,388.922,0.002,-200.370
1565.6,63.31,89.4,0.0,-1.4,5,387.022,-0.009,-203.651
1565.6,63.46,89.5,0.0,-1.4,5,385.759,-0.015,-205.849
1565.6,63.68,89.5,0.0,-1.4,5,383.872,-0.022,-209.163
1565.6,63.83,89.6,0.0,-1.3,5,382.616,-0.025,-211.383
1578.3,64.05,89.7,0.0,-0.7,5,380.737,-0.030,-214.727
1578.3,64.19,89.7,0.0,-0.8,5,379.487,-0.033,-216.966
1578.3,64.41,89.8,0.0,-1.0,5,377.613,-0.036,-220.338
1578.3,64.56,89.8,0.0,-1.2,5,376.365,-0.038,-222.595
1591.2,64.70,89.9,0.0,-1.3,5,375.119,-0.039,-224.860
1591.2,64.92,89.9,0.0,-1.3,5,373.252,-0.040,-228.270
1591.2,65.13,90.0,0.0,-1.2,5,371.387,-0.041,-231.696
1591.2,65.27,90.1,0.0,-1.0,5,370.146,-0.043,-233.990
1604.2,65.48,90.1,0.0,-0.8,5,368.288,-0.048,-237.443
1604.2,65.62,90.1,0.0,-0.9,5,367.050,-0.054,-239.755
1604.2,65.83,90.2,0.0,-1.0,5,365.197,-0.063,-243.235
1617.3,66.04,90.3,0.0,-1.2,5,363.347,-0.075,-246.731
1617.3,66.17,90.3,0.0,-1.3,5,362.116,-0.083,-249.070
1617.3,66.37,90.4,0.0,-1.3,5,360.272,-0.096,-252.593
1617.3,66.51,90.4,0.0,-1.3,5,359.045,-0.107,-254.950
1630.5,66.71,90.5,0.0,-1.3,5,357.210,-0.122,-258.500
1630.5,66.85,90.5,0.0,-1.2,5,355.989,-0.132,-260.875
1630.5,67.04,90.6,0.0,-1.0,5,354.162,-0.148,-264.452
1630.5,67.24,90.6,0.0,-0.8,5,352.341,-0.164,-268.045
1643.9,67.37,90.7,0.0,-0.8,5,351.130,-0.175,-270.449
1643.9,67.56,90.7,0.0,-0.8,5,349.316,-0.192,-274.067
1643.9,67.69,90.8,0.0,-0.9,5,348.109,-0.203,-276.488
1643.9,67.89,90.8,0.0,-0.7,5,346.299,-0.219,-280.130
1657.5,68.08,90.9,0.0,-0.3,5,344.491,-0.237,-283.786
1657.5,68.20,90.9,0.0,-0.2,5,343.286,-0.250,-286.230
1657.5,68.39,91.0,0.0,-0.1,5,341.479,-0.271,-289.908
1657.5,68.52,91.0,0.0,-0.1,5,340.274,-0.286,-292.366
1671.1,68.71,91.1,0.0,-0.1,5,338.464,-0.308,-296.064
1671.1,68.83,91.1,0.0,-0.0,5,337.256,-0.322,-298.535
1671.1,69.02,91.1,0.0,0.0,5,335.442,-0.351,-302.251
1671.1,69.13,91.2,0.0,-0.0,5,334.230,-0.368,-304.733
1684.9,69.31,91.2,0.0,-0.0,5,332.409,-0.389,-308.466
1684.9,69.43,91.3,0.0,-0.0,5,331.193,-0.402,-310.959
1684.9,69.62,91.3,0.0,0.0,5,329.364,-0.426,-314.708
1684.9,69.73,91.4,0.0,-0.0,5,328.143,-0.442,-317.213
1698.8,69.90,91.4,0.0,-0.2,5,326.307,-0.467,-320.978
1698.8,70.08,91.5,0.0,-0.1,5,324.467,-0.491,-324.751
1698.8,70.19,91.5,0.0,-0.1,5,323.238,-0.507,-327.273
1698.8,70.36,91.5,0.0,-0.0,5,321.391,-0.531,-331.063
1712.8,70.47,91.6,0.0,-0.2,5,320.157,-0.547,-333.595
1712.8,70.64,91.6,0.0,-0.3,5,318.304,-0.571,-337.400
1712.8,70.75,91.6,0.0,-0.3,5,317.066,-0.587,-339.942
1712.8,70.91,91.7,0.0,-0.2,5,315.206,-0.612,-343.763
1727.0,71.03,91.7,0.0,-0.1,5,313.964,-0.629,-346.316
1727.0,71.19,91.8,0.0,-0.0,5,312.100,-0.653,-350.153
1727.0,71.29,91.8,0.0,-0.0,5,310.855,-0.670,-352.716
1727.0,71.45,91.9,0.0,-0.1,5,308.986,-0.696,-356.568
1741.2,71.56,91.9,0.0,-0.1,5,307.738,-0.714,-359.142
1741.2,71.71,92.0,0.0,-0.1,5,305.864,-0.742,-363.009
1741.2,71.87,92.0,0.0,-0.1,5,303.987,-0.770,-366.886
1741.2,71.97,92.0,0.0,-0.2,5,302.734,-0.791,-369.475
1755.6,72.04,0.0,0.0,-0.3,0,300.852,-0.822,-373.366
1755.6,71.97,91.1,0.0,-0.2,6,299.599,-0.843,-375.958
1755.6,72.12,91.2,0.0,-0.1,6,297.719,-0.875,-379.850
1755.6,72.22,91.2,0.0,-0.1,6,296.464,-0.897,-382.450
1770.0,72.37,91.2,0.0,-0.1,6,294.579,-0.931,-386.356
1770.0,72.47,91.3,0.0,-0.1,6,293.321,-0.952,-388.965
1770.0,72.62,91.3,0.0,-0.1,6,291.432,-0.984,-392.885
1770.0,72.72,91.3,0.0,-0.1,6,290.170,-1.005,-395.504
1784.5,72.86,91.3,0.0,0.0,6,288.275,-1.038,-399.438
1784.5,72.96,91.4,0.0,0.1,6,287.009,-1.060,-402.065
1784.5,73.10,91.4,0.0,0.2,6,285.108,-1.096,-406.012
1784.5,73.19,91.4,0.0,0.2,6,283.839,-1.117,-408.648
1799.1,73.33,91.5,0.0,0.1,6,281.930,-1.144,-412.607
1799.1,73.48,91.5,0.0,0.2,6,280.017,-1.172,-416.574
1799.1,73.57,91.5,0.0,0.2,6,278.739,-1.191,-419.222
1813.8,73.71,91.6,0.0,0.2,6,276.817,-1.219,-423.200
1813.8,73.80,91.6,0.0,0.3,6,275.533,-1.239,-425.856
1813.8,73.94,91.6,0.0,0.3,6,273.603,-1.269,-429.845
1813.8,74.03,91.6,0.0,0.3,6,272.312,-1.288,-432.508
1828.5,74.16,91.7,0.0,0.3,6,270.371,-1.319,-436.507
1828.5,74.25,91.7,0.0,0.3,6,269.074,-1.340,-439.177
1828.5,74.39,91.7,0.0,0.4,6,267.122,-1.370,-443.186
1828.5,74.48,91.7,0.0,0.4,6,265.818,-1.390,-445.862
1843.4,74.61,91.8,0.0,0.4,6,263.855,-1.418,-449.881
1843.4,74.70,91.8,0.0,0.4,6,262.542,-1.437,-452.562
1843.4,74.83,91.8,0.0,0.3,6,260.566,-1.464,-456.589
1843.4,74.96,91.9,0.0,0.4,6,258.583,-1.490,-460.621
1858.4,75.04,91.9,0.0,0.4,6,257.256,-1.507,-463.311
1858.4,75.17,91.9,0.0,0.4,6,255.260,-1.535,-467.351
1858.4,75.26,91.9,0.0,0.4,6,253.924,-1.554,-470.047
1858.4,75.38,91.9,0.0,0.4,6,251.914,-1.580,-474.094
1873.4,75.47,92.0,0.0,0.3,6,250.569,-1.598,-476.794
1873.4,75.59,92.0,0.0,0.3,6,248.545,-1.624,-480.848
1873.4,75.67,92.0,0.0,0.4,6,247.191,-1.640,-483.553
1873.4,75.79,92.1,0.0,0.3,6,245.154,-1.664,-487.614
1888.6,75.87,92.1,0.0,0.3,6,243.791,-1.680,-490.324
1888.6,75.99,92.1,0.0,0.3,6,241.741,-1.703,-494.393
1888.6,76.08,92.1,0.0,0.5,6,240.370,-1.718,-497.107
1888.6,76.19,92.2,0.0,0.4,6,238.308,-1.739,-501.184
1903.8,76.28,92.2,0.0,0.3,6,236.930,-1.755,-503.903
1903.8,76.39,92.2,0.0,0.2,6,234.857,-1.779,-507.987
1903.8,76.51,92.2,0.0,0.2,6,232.778,-1.802,-512.075
1903.8,76.58,92.2,0.0,0.3,6,231.388,-1.817,-514.803
1919.1,76.70,92.3,0.0,0.3,6,229.298,-1.841,-518.899
1919.1,76.78,92.3,0.0,0.2,6,227.901,-1.858,-521.632
1919.1,76.89,92.3,0.0,0.1,6,225.800,-1.883,-525.736
1919.1,76.97,92.3,0.0,0.1,6,224.397,-1.899,-528.474
1934.4,77.07,92.3,0.0,-0.0,6,222.287,-1.920,-532.585
1934.4,77.15,92.4,0.0,-0.1,6,220.878,-1.934,-535.328
1934.4,77.27,92.4,0.0,-0.2,6,218.761,-1.957,-539.448
1934.4,77.38,92.4,0.0,-0.3,6,216.640,-1.986,-543.575
1949.9,77.45,92.4,0.0,-0.4,6,215.226,-2.008,-546.329
1949.9,77.56,92.4,0.0,-0.4,6,213.104,-2.047,-550.467
1949.9,77.63,92.5,0.0,-0.3,6,211.690,-2.075,-553.230
1949.9,77.74,92.5,0.0,-0.4,6,209.570,-2.120,-557.380
1965.4,77.81,92.5,0.0,-0.5,6,208.158,-2.150,-560.152
1965.4,77.91,92.5,0.0,-0.4,6,206.042,-2.198,-564.316
1965.4,77.99,92.5,0.0,-0.5,6,204.632,-2.232,-567.097
1965.4,78.10,92.5,0.0,-0.6,6,202.521,-2.283,-571.276
1981.0,78.17,92.6,0.0,-0.7,6,201.116,-2.317,-574.067
1981.0,78.27,92.6,0.0,-0.7,6,199.010,-2.369,-578.261
1981.0,78.33,92.6,0.0,-0.7,6,197.609,-2.405,-581.061
1981.0,78.43,92.7,0.0,-0.3,6,195.509,-2.460,-585.269
1996.6,78.50,92.7,0.0,-0.4,6,194.112,-2.496,-588.079
1996.6,78.60,92.7,0.0,-0.3,6,192.019,-2.547,-592.302
1996.6,78.71,92.7,0.0,-0.0,6,189.927,-2.603,-596.531
1996.6,78.77,92.7,0.0,0.2,6,188.533,-2.642,-599.355
2012.4,78.87,92.8,0.0,0.4,6,186.442,-2.698,-603.596
2012.4,78.94,92.8,0.0,0.5,6,185.046,-2.736,-606.427
2012.4,79.04,92.8,0.0,0.6,6,182.947,-2.793,-610.675
2012.4,79.09,92.8,0.0,0.8,6,181.545,-2.826,-613.509
2028.1,79.20,92.8,0.0,0.9,6,179.433,-2.878,-617.762
2028.1,79.26,92.8,0.0,1.1,6,178.019,-2.914,-620.598
2028.1,79.34,92.8,0.0,1.2,6,175.886,-2.964,-624.851
2028.1,79.40,92.9,0.0,1.3,6,174.457,-2.992,-627.686
2044.0,79.50,92.9,0.0,1.3,6,172.301,-3.033,-631.937
2044.0,79.56,92.9,0.0,1.2,6,170.855,-3.058,-634.770
2044.0,79.64,92.9,0.0,1.1,6,168.673,-3.094,-639.018
2059.9,79.73,93.0,0.0,1.0,6,166.475,-3.127,-643.263
2059.9,79.78,93.0,0.0,1.1,6,165.001,-3.147,-646.093
2059.9,79.87,93.0,0.0,1.0,6,162.779,-3.172,-650.335
2059.9,79.92,93.0,0.0,0.8,6,161.290,-3.186,-653.163
2075.8,80.00,93.1,0.0,0.7,6,159.046,-3.202,-657.403
2075.8,80.06,93.1,0.0,0.6,6,157.543,-3.210,-660.230
2075.8,80.14,93.1,0.0,0.5,6,155.279,-3.219,-664.469
2075.8,80.20,93.1,0.0,1.9,6,153.763,-3.222,-667.294
2091.8,80.28,93.1,0.0,2.0,6,151.478,-3.223,-671.531
2091.8,80.33,93.1,0.0,2.0,6,149.944,-3.221,-674.354
2091.8,80.40,93.2,0.0,1.9,6,147.627,-3.213,-678.582
2091.8,80.45,93.2,0.0,1.8,6,146.069,-3.207,-681.397
2107.9,80.52,93.2,0.0,1.1,6,143.714,-3.193,-685.613
2107.9,80.57,93.2,0.0,1.2,6,142.131,-3.182,-688.419
2107.9,80.64,93.2,0.0,1.2,6,139.742,-3.161,-692.624
2107.9,80.61,0.0,0.0,1.0,0,138.140,-3.143,-695.424
2123.9,80.53,92.4,0.0,0.1,7,135.729,-3.113,-699.612
2123.9,80.61,92.4,0.0,0.4,7,133.307,-3.079,-703.795
2123.9,80.65,92.4,0.0,0.9,7,131.687,-3.053,-706.584
2123.9,80.72,92.4,0.0,1.1,7,129.250,-3.011,-710.767
2140.0,80.76,92.4,0.0,1.3,7,127.620,-2.980,-713.554
2140.0,80.83,92.5,0.0,1.7,7,125.165,-2.927,-717.734
2140.0,80.87,92.5,0.0,1.8,7,123.519,-2.888,-720.518
2140.0,80.94,92.5,0.0,2.0,7,121.036,-2.826,-724.688
2156.1,80.96,81.1,7.5,2.2,7,119.370,-2.780,-727.464
2156.1,80.50,0.0,56.5,1.7,7,116.856,-2.707,-731.609
2156.1,79.83,0.0,77.8,1.8,7,115.181,-2.653,-734.346
2156.1,78.55,0.0,88.7,1.5,7,112.683,-2.566,-738.391
2172.1,77.63,0.0,90.8,1.3,7,111.031,-2.506,-741.043
2172.1,76.24,0.0,91.9,1.0,7,108.572,-2.414,-744.952
2172.1,75.31,0.0,91.8,1.1,7,106.947,-2.352,-747.512
2172.1,73.92,28.1,92.1,1.4,0,104.532,-2.258,-751.284
2187.1,72.55,0.0,92.7,2.1,6,102.143,-2.166,-754.974
2187.1,71.64,0.0,93.8,2.4,6,100.564,-2.107,-757.388
2187.1,70.28,0.0,94.7,2.6,6,98.214,-2.025,-760.940
2187.1,69.30,0.0,91.5,1.9,6,96.661,-1.975,-763.262
2201.2,67.93,0.0,90.2,1.1,6,94.344,-1.896,-766.666
2201.2,67.05,0.0,92.2,1.5,6,92.808,-1.844,-768.887
2201.2,65.67,29.2,91.3,1.4,0,90.519,-1.769,-772.148
2201.2,64.78,0.0,91.6,0.9,5,89.003,-1.719,-774.273
2214.4,63.44,0.0,92.1,2.1,5,86.747,-1.643,-777.391
2214.4,62.53,0.0,91.2,2.4,5,85.256,-1.593,-779.424
2214.4,61.22,0.0,91.2,2.0,5,83.038,-1.522,-782.404
2214.4,60.34,0.0,90.9,2.3,5,81.574,-1.476,-784.346
2226.7,59.02,0.0,90.7,2.7,5,79.397,-1.411,-787.192
2226.7,58.14,0.0,90.8,3.2,5,77.958,-1.370,-789.043
2226.7,56.84,0.0,90.8,3.9,0,75.819,-1.310,-791.752
2226.7,55.57,0.0,92.6,4.5,4,73.700,-1.253,-794.379
2238.0,54.70,0.0,92.0,4.1,4,72.299,-1.217,-796.083
2238.0,53.41,0.0,82.4,4.1,4,70.212,-1.164,-798.568
2238.0,52.63,0.0,74.9,4.2,4,68.828,-1.130,-800.177
2238.0,51.60,0.0,45.3,3.9,4,66.756,-1.079,-802.519
2248.6,51.09,0.0,30.6,3.1,4,65.371,-1.046,-804.036
2248.6,50.53,0.0,18.6,2.5,4,63.274,-0.995,-806.249
2248.6,50.24,0.0,15.5,3.4,4,61.860,-0.962,-807.685
2248.6,49.86,0.0,12.3,6.4,4,59.711,-0.912,-809.782
2258.6,49.63,0.0,11.1,8.8,4,58.259,-0.879,-811.144
2258.6,49.32,0.0,9.0,12.8,4,56.056,-0.828,-813.133
2258.6,49.12,0.0,8.2,15.1,4,54.571,-0.793,-814.425
2258.6,48.85,0.0,7.1,17.1,4,52.319,-0.743,-816.315
2268.3,48.66,0.0,6.5,17.6,4,50.803,-0.710,-817.542
2268.3,48.40,0.0,4.8,16.7,4,48.504,-0.661,-819.328
2268.3,48.14,0.0,3.0,15.7,4,46.173,-0.612,-821.047
2268.3,47.99,0.0,0.8,15.2,4,44.602,-0.579,-822.155
2277.9,47.78,0.6,0.0,15.4,4,42.220,-0.531,-823.761
2277.9,47.66,6.7,0.0,15.5,4,40.614,-0.500,-824.794
2277.9,47.49,7.4,0.0,16.5,4,38.180,-0.453,-826.283
2277.9,47.39,10.6,0.0,17.2,4,36.539,-0.421,-827.237
2287.6,47.23,6.6,0.0,18.6,4,34.054,-0.373,-828.608
2287.6,47.12,8.5,0.0,19.2,4,32.382,-0.341,-829.483
2287.6,46.95,3.4,0.0,20.2,4,29.854,-0.293,-830.736
2287.6,46.83,7.5,0.0,20.3,4,28.155,-0.262,-831.530
2297.3,46.66,7.7,0.0,19.7,4,25.589,-0.215,-832.661
2297.3,46.50,10.5,0.0,18.9,4,23.001,-0.166,-833.716
2297.3,46.39,6.2,0.0,18.3,4,21.265,-0.133,-834.377
2307.1,46.22,6.3,0.0,18.6,4,18.646,-0.084,-835.305
2307.1,46.04,4.3,0.0,19.8,4,16.013,-0.037,-836.161
2307.1,45.86,6.4,0.0,20.7,4,13.369,0.008,-836.941
2307.1,45.74,5.0,0.0,20.4,4,11.601,0.038,-837.419
2316.7,45.57,7.3,0.0,19.1,4,8.940,0.085,-838.070
2316.7,45.45,3.0,0.0,18.3,4,7.162,0.117,-838.461
2316.7,45.28,4.5,0.0,17.4,4,4.491,0.165,-838.983
2316.7,45.15,1.2,0.1,17.0,4,2.708,0.197,-839.290
2326.3,44.97,3.1,0.0,16.2,4,0.034,0.242,-839.689
2326.3,44.84,0.8,0.2,15.9,4,-1.748,0.272,-839.914
2326.3,44.67,37.7,0.0,17.1,0,-4.418,0.315,-840.191
2326.3,44.57,0.4,1.7,16.5,3,-6.197,0.343,-840.336
2335.8,44.35,1.8,0.0,13.8,3,-8.860,0.384,-840.493
2335.8,44.16,0.5,0.2,12.9,3,-11.514,0.423,-840.581
2335.8,44.08,27.4,0.0,13.3,3,-13.278,0.448,-840.602
2335.8,44.23,65.8,0.0,14.0,3,-15.926,0.484,-840.579
2345.2,44.38,47.6,12.3,14.5,3,-17.697,0.507,-840.529
2345.2,44.09,0.0,44.4,16.4,3,-20.352,0.538,-840.405
2345.2,43.67,0.0,21.9,17.1,3,-22.104,0.557,-840.291
2345.2,43.34,22.3,0.0,15.8,3,-24.703,0.583,-840.073
2354.7,43.39,65.2,0.0,14.6,3,-26.428,0.599,-839.893
2354.7,43.76,83.5,0.0,13.9,3,-29.022,0.620,-839.573
2354.7,44.01,80.0,0.0,13.9,3,-30.759,0.632,-839.325
2354.7,44.36,80.6,0.0,14.5,3,-33.374,0.648,-838.900
2363.7,44.59,83.7,0.0,15.3,3,-35.123,0.659,-838.579
2363.7,44.94,82.3,0.0,16.7,3,-37.753,0.675,-838.038
2363.7,45.17,82.6,0.0,17.2,3,-39.510,0.686,-837.638
2363.7,45.50,74.2,0.0,18.3,3,-42.148,0.703,-836.978
2373.3,45.76,67.0,0.0,19.2,3,-44.786,0.718,-836.247
2373.3,45.92,67.7,0.0,20.1,3,-46.542,0.727,-835.722
2373.3,46.17,74.2,0.0,21.6,3,-49.171,0.738,-834.875
2373.3,46.36,75.1,0.0,21.6,3,-50.920,0.744,-834.271
2383.1,46.64,77.3,0.0,21.6,3,-53.536,0.755,-833.302
2383.1,46.84,78.2,0.0,21.5,3,-55.274,0.761,-832.616
2383.1,47.13,81.3,0.0,21.3,3,-57.873,0.769,-831.526
2383.1,47.33,84.0,0.0,21.0,3,-59.599,0.772,-830.760
2392.9,47.65,85.7,0.0,20.4,3,-62.179,0.774,-829.551
2392.9,47.86,85.8,0.0,19.8,3,-63.891,0.774,-828.704
2392.9,48.17,85.7,0.0,19.6,3,-66.444,0.773,-827.371
2392.9,48.37,83.7,0.0,19.9,3,-68.136,0.771,-826.441
2402.8,48.64,76.6,0.0,20.5,3,-70.655,0.766,-824.985
2402.8,48.79,76.8,0.0,21.2,3,-72.320,0.761,-823.974
2402.8,49.04,82.8,0.0,22.6,3,-74.793,0.753,-822.395
2412.6,49.31,84.6,0.0,23.6,3,-77.236,0.743,-820.743
2412.6,49.50,85.2,0.0,24.3,3,-78.848,0.736,-819.601
2412.6,49.73,70.6,0.0,25.4,3,-81.240,0.723,-817.829
2412.6,49.83,55.9,0.0,26.1,3,-82.814,0.713,-816.609
2422.5,49.92,59.6,0.0,28.5,3,-85.138,0.697,-814.724
2422.5,50.02,73.1,0.0,30.3,3,-86.663,0.685,-813.433
2422.5,50.24,73.4,0.0,32.2,3,-88.917,0.666,-811.441
2422.5,50.40,59.3,0.0,34.1,3,-91.130,0.643,-809.387
2432.3,50.51,62.1,0.0,35.1,3,-93.297,0.617,-807.274
2432.3,50.60,67.3,0.0,34.7,3,-94.715,0.599,-805.833
2432.3,50.77,73.4,0.0,34.0,3,-96.800,0.573,-803.620
2432.3,50.92,87.7,0.0,34.1,0,-98.163,0.555,-802.112
2442.1,50.80,37.5,0.0,33.3,4,-100.163,0.526,-799.805
2442.1,50.70,8.8,0.0,31.7,4,-101.459,0.505,-798.242
2442.1,50.75,74.0,0.0,28.6,4,-103.347,0.474,-795.858
2442.1,50.89,81.0,0.0,27.1,4,-104.575,0.451,-794.239
2451.8,51.13,84.8,0.0,25.3,4,-106.373,0.415,-791.763
2451.8,51.30,85.3,0.0,23.9,4,-107.543,0.388,-790.082
2451.8,51.55,86.2,0.0,22.5,4,-109.251,0.346,-787.513
2451.8,51.71,86.3,0.0,21.9,4,-110.361,0.316,-785.771
2461.9,51.93,72.1,0.0,18.2,4,-111.985,0.264,-783.120
2461.9,52.14,80.9,0.0,10.7,4,-113.556,0.204,-780.423
2461.9,52.26,79.5,0.0,5.8,4,-114.570,0.163,-778.599
2461.9,52.52,81.9,0.0,-1.2,4,-116.040,0.105,-775.823
2472.2,52.64,86.9,0.0,-4.1,4,-116.990,0.070,-773.948
2472.2,52.89,63.1,0.0,-9.6,4,-118.392,0.003,-771.111
2472.2,53.08,74.5,0.0,-12.9,4,-119.314,-0.056,-769.204
2472.2,53.36,87.0,0.0,-10.9,4,-120.669,-0.145,-766.316
2482.8,53.70,87.1,0.0,-5.3,4,-122.008,-0.221,-763.398
2482.8,53.83,87.5,0.0,-2.4,4,-122.906,-0.272,-761.444
2482.8,54.06,88.2,0.0,2.3,4,-124.263,-0.375,-758.508
2482.8,54.36,61.4,0.0,6.0,4,-125.185,-0.455,-756.545
2493.8,54.58,86.0,0.0,0.3,4,-126.608,-0.559,-753.607
2493.8,54.79,87.6,0.0,-3.7,4,-127.577,-0.625,-751.647
2493.8,55.12,87.7,0.0,-6.9,4,-129.052,-0.722,-748.700
2493.8,55.33,87.7,0.0,-6.9,4,-130.050,-0.787,-746.731
2505.0,55.61,87.9,0.0,-4.8,4,-131.574,-0.883,-743.773
2505.0,55.85,87.9,0.0,-3.4,4,-132.607,-0.953,-741.799
2505.0,56.17,88.0,0.0,-2.1,4,-134.187,-1.064,-738.836
2505.0,56.37,88.2,0.0,-2.0,4,-135.262,-1.137,-736.861
2516.4,56.69,88.2,0.0,-2.8,4,-136.902,-1.250,-733.895
2516.4,56.96,88.4,0.0,-3.5,4,-138.574,-1.370,-730.927
2516.4,57.19,88.4,0.0,-3.5,4,-139.705,-1.452,-728.945
2528.0,57.50,88.5,0.0,-3.4,4,-141.427,-1.582,-725.970
2528.0,57.70,88.6,0.0,-3.4,4,-142.591,-1.672,-723.984
2528.0,58.01,88.7,0.0,-3.2,4,-144.362,-1.815,-721.002
2528.0,58.21,88.7,0.0,-2.8,4,-145.560,-1.912,-719.014
2539.7,58.51,88.8,0.0,-2.7,4,-147.383,-2.058,-716.029
2539.7,58.70,88.9,0.0,-2.6,4,-148.614,-2.156,-714.037
2539.7,59.00,89.0,0.0,-2.6,4,-150.486,-2.304,-711.047
2539.7,59.20,89.1,0.0,-2.5,4,-151.748,-2.403,-709.051
2551.6,59.48,89.2,0.0,-2.1,4,-153.664,-2.550,-706.054
2551.6,59.68,89.2,0.0,-1.9,4,-154.957,-2.644,-704.055
2551.6,59.96,89.4,0.0,-1.8,4,-156.916,-2.782,-701.051
2551.6,60.25,89.4,0.0,-1.8,4,-158.899,-2.918,-698.043
2563.7,60.44,89.5,0.0,-1.9,4,-160.233,-3.008,-696.034
2563.7,60.72,89.6,0.0,-2.1,4,-162.253,-3.139,-693.016
2563.7,60.89,89.7,0.0,-2.0,4,-163.612,-3.223,-691.001
2563.7,61.16,89.8,0.0,-1.9,4,-165.670,-3.342,-687.975
2576.0,61.33,89.8,0.0,-1.8,4,-167.054,-3.414,-685.956
2576.0,61.59,89.9,0.0,-1.7,4,-169.149,-3.515,-682.923
2576.0,61.76,90.0,0.0,-1.7,4,-170.559,-3.576,-680.900
2576.0,62.02,90.1,0.0,-1.4,4,-172.691,-3.657,-677.861
2588.4,62.18,90.1,0.0,-1.2,0,-174.125,-3.705,-675.834
2588.4,62.13,89.0,0.0,-1.1,5,-176.289,-3.764,-672.798
2588.4,62.29,89.0,0.0,-1.1,5,-177.740,-3.797,-670.777
2588.4,62.53,89.1,0.0,-1.2,5,-179.931,-3.837,-667.741
2600.9,62.69,89.1,0.0,-1.2,5,-181.402,-3.859,-665.714
2600.9,62.93,89.2,0.0,-1.1,5,-183.623,-3.888,-662.670
2600.9,63.16,89.3,0.0,-1.1,5,-185.861,-3.915,-659.621
2600.9,63.32,89.3,0.0,-1.1,5,-187.362,-3.932,-657.586
2613.5,63.54,89.4,0.0,-1.1,5,-189.627,-3.954,-654.528
2613.5,63.69,89.5,0.0,-1.0,5,-191.146,-3.967,-652.487
2613.5,63.91,89.5,0.0,-1.0,5,-193.438,-3.984,-649.421
2613.5,64.06,89.6,0.0,-0.9,5,-194.974,-3.994,-647.374
2626.2,64.28,89.7,0.0,-0.9,5,-197.292,-4.004,-644.300
2626.2,64.42,89.7,0.0,-0.9,5,-198.845,-4.009,-642.248
2626.2,64.64,89.8,0.0,-0.8,5,-201.188,-4.012,-639.166
2626.2,64.79,89.8,0.0,-0.8,5,-202.758,-4.012,-637.108
2639.1,65.00,89.9,0.0,-0.8,5,-205.125,-4.007,-634.017
2639.1,65.14,89.9,0.0,-0.8,5,-206.711,-4.000,-631.954
2639.1,65.35,90.0,0.0,-1.0,5,-209.102,-3.983,-628.855
2639.1,65.49,90.0,0.0,-2.1,5,-210.705,-3.969,-626.787
2652.1,65.70,90.1,0.0,-2.1,5,-213.122,-3.948,-623.682
2652.1,65.90,90.1,0.0,-3.7,5,-215.559,-3.926,-620.576
2652.1,66.03,90.2,0.0,-4.1,5,-217.196,-3.910,-618.508
2652.1,66.23,90.3,0.0,-2.9,5,-219.675,-3.889,-615.410
2665.2,66.36,90.3,0.0,-1.6,5,-221.344,-3.876,-613.350
2665.2,66.56,90.4,0.0,-0.6,5,-223.871,-3.860,-610.265
2665.2,66.69,90.4,0.0,-0.8,5,-225.568,-3.853,-608.211
2665.2,66.89,90.4,0.0,-1.1,5,-228.130,-3.848,-605.130
2678.5,67.03,90.5,0.0,-1.2,5,-229.848,-3.848,-603.075
2678.5,67.07,25.8,10.2,-0.9,5,-232.437,-3.851,-599.994
2678.5,66.80,0.0,50.9,-0.9,5,-234.165,-3.857,-597.947
2678.5,65.86,0.0,77.9,-1.1,5,-236.741,-3.870,-594.908
2691.9,65.08,0.0,84.4,-0.7,5,-238.440,-3.881,-592.911
2691.9,63.84,0.0,89.8,-0.0,5,-240.954,-3.903,-589.969
2691.9,62.98,0.0,90.5,0.0,5,-242.606,-3.921,-588.042
2691.9,61.68,0.0,91.4,0.0,5,-245.048,-3.952,-585.207
2704.7,60.37,0.0,90.8,-0.5,5,-247.443,-3.987,-582.434
2704.7,59.51,0.0,91.5,-0.9,5,-249.015,-4.012,-580.622
2704.7,58.20,0.0,90.9,-0.9,5,-251.334,-4.051,-577.955
2704.7,57.34,0.0,91.9,-0.5,5,-252.855,-4.077,-576.213
2716.6,56.06,32.4,91.6,0.1,0,-255.098,-4.115,-573.652
2716.6,55.20,0.0,93.1,0.5,4,-256.569,-4.141,-571.980
2716.6,53.90,0.0,91.8,0.8,4,-258.736,-4.178,-569.523
2716.6,53.06,0.0,92.9,0.3,4,-260.155,-4.204,-567.920
2727.5,51.78,0.0,91.0,-0.0,4,-262.243,-4.243,-565.565
2727.5,50.93,0.0,89.5,-0.6,4,-263.609,-4.269,-564.028
2727.5,49.70,0.0,91.1,-1.3,4,-265.620,-4.309,-561.773
2727.5,48.86,0.0,90.6,-1.9,4,-266.935,-4.337,-560.303
2737.6,47.61,0.0,91.2,-2.5,4,-268.871,-4.378,-558.148
2737.6,46.78,0.0,90.9,-3.4,4,-270.137,-4.403,-556.745
2737.6,45.56,35.3,89.3,-3.9,0,-272.001,-4.439,-554.694
2746.9,44.34,0.0,91.3,-4.0,3,-273.829,-4.473,-552.707
2746.9,43.52,0.0,90.6,-3.2,3,-275.027,-4.495,-551.419
2746.9,42.30,0.0,88.0,-1.3,3,-276.794,-4.527,-549.544
2746.9,41.51,0.0,89.5,-1.5,3,-277.952,-4.548,-548.330
2755.3,40.32,0.0,87.1,-1.2,3,-279.660,-4.578,-546.564
2755.3,39.52,0.0,84.6,-1.2,3,-280.780,-4.598,-545.424
2755.3,38.39,36.3,82.7,-1.6,0,-282.433,-4.626,-543.769
2755.3,37.67,0.0,79.2,-2.2,2,-283.519,-4.643,-542.701
2763.0,36.61,0.0,71.4,-3.4,2,-285.123,-4.669,-541.152
2763.0,35.94,0.0,66.8,-4.1,2,-286.177,-4.686,-540.153
2763.0,35.02,0.0,65.5,-4.3,2,-287.739,-4.710,-538.705
2763.0,34.41,0.0,64.9,-5.4,2,-288.769,-4.727,-537.772
2770.0,33.51,0.0,63.6,-9.2,2,-290.295,-4.751,-536.420
2770.0,32.92,0.0,64.8,-12.1,2,-291.302,-4.767,-535.551
2770.0,32.03,0.0,67.1,-14.5,2,-292.798,-4.789,-534.300
2770.0,31.42,0.0,65.5,-14.9,2,-293.784,-4.803,-533.500
2776.3,30.59,28.3,58.4,-14.5,0,-295.249,-4.824,-532.352
2776.3,29.77,0.0,51.8,-12.0,1,-296.700,-4.842,-531.266
2776.3,29.26,0.0,47.2,-9.9,1,-297.659,-4.854,-530.576
2776.3,28.56,0.0,43.3,-9.2,1,-299.088,-4.870,-529.591
2782.0,28.12,0.0,42.0,-10.4,1,-300.036,-4.879,-528.969
2782.0,27.48,0.0,40.4,-13.8,1,-301.451,-4.892,-528.084
2782.0,27.08,0.0,38.7,-15.1,1,-302.391,-4.900,-527.527
2782.0,26.49,0.0,35.2,-19.3,1,-303.791,-4.910,-526.738
2787.2,26.13,0.0,33.9,-22.1,1,-304.720,-4.916,-526.241
2787.2,25.60,0.0,33.3,-24.6,1,-306.105,-4.924,-525.540
2787.2,25.25,0.0,30.5,-24.0,1,-307.024,-4.930,-525.102
2787.2,24.78,0.0,24.3,-24.5,1,-308.393,-4.937,-524.487
2792.1,24.51,0.0,22.5,-26.0,1,-309.303,-4.940,-524.106
2792.1,24.12,0.0,21.2,-27.3,1,-310.663,-4.945,-523.577
2792.1,23.88,0.0,16.1,-27.9,1,-311.568,-4.947,-523.253
2792.1,23.58,0.0,13.0,-28.8,1,-312.921,-4.948,-522.810
2797.4,23.30,0.0,12.2,-29.2,1,-314.272,-4.948,-522.416
2797.4,23.13,0.0,9.3,-28.3,1,-315.170,-4.947,-522.181
2797.4,22.91,0.0,8.0,-29.0,1,-316.516,-4.943,-521.867
2797.4,22.77,0.0,8.5,-30.0,1,-317.411,-4.940,-521.684
2802.9,22.54,0.0,4.3,-36.4,1,-318.750,-4.934,-521.449
2802.9,22.44,11.0,0.0,-37.4,1,-319.640,-4.929,-521.319
2802.9,22.53,39.6,0.0,-35.0,1,-320.979,-4.921,-521.165
2802.9,22.69,50.1,0.0,-32.7,1,-321.880,-4.917,-521.086
2808.5,23.02,45.0,0.0,-25.3,1,-323.248,-4.911,-521.003
2808.5,23.19,41.3,0.0,-21.7,1,-324.171,-4.910,-520.968
2808.5,23.25,5.2,9.8,-24.6,1,-325.566,-4.908,-520.951
2808.5,23.13,0.0,15.0,-28.0,1,-326.495,-4.906,-520.964
2814.6,22.82,0.0,8.7,-31.6,1,-327.872,-4.903,-521.019
2814.6,22.68,0.0,4.8,-32.9,1,-328.780,-4.899,-521.081
2814.6,22.51,0.0,1.2,-34.7,1,-330.129,-4.893,-521.213
2814.6,22.38,0.7,0.0,-36.5,1,-331.465,-4.886,-521.388
2819.0,22.32,9.0,0.0,-39.1,1,-332.347,-4.882,-521.530
2819.0,22.38,35.1,0.0,-43.2,1,-333.663,-4.874,-521.783
2819.0,22.52,44.3,0.0,-44.1,1,-334.538,-4.869,-521.980
2819.0,22.80,52.9,0.0,-44.6,1,-335.854,-4.858,-522.318
2823.7,23.02,55.8,0.0,-45.4,1,-336.734,-4.850,-522.572
2823.7,23.46,76.8,0.0,-46.9,1,-338.060,-4.837,-522.997
2823.7,23.70,50.4,0.0,-45.3,1,-338.949,-4.827,-523.311
2823.7,23.96,42.4,0.0,-39.1,1,-340.281,-4.810,-523.831
2828.4,24.08,39.2,0.0,-33.7,1,-341.164,-4.798,-524.209
2828.4,24.32,45.9,0.0,-27.8,1,-342.478,-4.780,-524.825
2828.4,24.50,52.9,0.0,-25.7,1,-343.348,-4.767,-525.267
2828.4,24.80,49.6,0.0,-21.8,1,-344.645,-4.747,-525.975
2833.2,25.04,57.2,0.0,-19.1,1,-345.505,-4.734,-526.478
2833.2,25.46,63.6,0.0,-13.4,1,-346.790,-4.713,-527.277
2833.2,25.95,70.2,0.0,-3.6,1,-348.075,-4.693,-528.128
2833.2,26.33,77.0,0.0,2.7,1,-348.935,-4.679,-528.719
2838.3,26.96,80.1,0.0,3.9,1,-350.241,-4.658,-529.639
2838.3,27.37,73.7,0.0,11.5,1,-351.125,-4.644,-530.270
2838.3,27.84,56.1,0.0,15.2,1,-352.473,-4.622,-531.231
2838.3,28.06,48.1,0.0,17.0,1,-353.389,-4.608,-531.872
2843.6,28.31,36.9,0.0,14.3,1,-354.787,-4.586,-532.823
2843.6,28.42,30.7,0.0,13.5,1,-355.734,-4.573,-533.447
2843.6,28.54,27.4,0.0,12.0,1,-357.173,-4.554,-534.367
2843.6,28.62,26.4,0.0,12.2,1,-358.145,-4.541,-534.970
2849.5,28.70,22.4,0.0,18.4,1,-359.618,-4.523,-535.857
2849.5,28.72,18.5,0.0,18.9,1,-360.611,-4.512,-536.434
2849.5,28.73,17.4,0.0,15.8,1,-362.116,-4.496,-537.274
2849.5,28.74,14.3,0.0,19.9,1,-363.128,-4.487,-537.818
2855.4,28.67,8.1,0.0,24.6,1,-364.661,-4.473,-538.606
2855.4,28.62,15.9,0.0,27.6,1,-366.209,-4.462,-539.351
2855.4,28.63,17.5,0.0,30.4,1,-367.251,-4.455,-539.825
2861.6,28.63,21.6,0.0,37.4,1,-368.832,-4.447,-540.496
2861.6,28.66,25.7,0.0,44.2,1,-369.898,-4.444,-540.917
2861.6,28.70,33.3,0.0,50.3,1,-371.516,-4.438,-541.503
2861.6,28.82,45.6,0.0,53.8,1,-372.607,-4.437,-541.865
2868.1,29.05,44.3,0.0,57.7,1,-374.271,-4.436,-542.365
2868.1,29.17,39.6,0.0,61.5,1,-375.395,-4.435,-542.668
2868.1,29.28,32.3,0.0,61.5,1,-377.098,-4.439,-543.079
2868.1,29.26,25.5,0.0,61.5,1,-378.245,-4.439,-543.313
2875.6,29.21,22.9,0.0,65.8,1,-379.974,-4.436,-543.607
2875.6,29.22,20.1,0.0,68.9,1,-381.132,-4.437,-543.770
2875.6,29.07,17.4,0.0,76.4,1,-383.451,-4.442,-544.009
2875.6,29.01,15.5,0.0,76.4,1,-384.611,-4.444,-544.084
2882.3,28.86,11.5,0.0,78.0,1,-386.346,-4.447,-544.137
2882.3,28.76,10.9,0.0,79.4,1,-387.499,-4.448,-544.135
2882.3,28.60,10.8,0.0,80.9,1,-389.219,-4.450,-544.079
2882.3,28.51,10.8,0.0,81.8,1,-390.359,-4.452,-544.008
2888.8,28.36,10.7,0.0,83.1,1,-392.058,-4.454,-543.851
2888.8,28.26,10.6,0.0,83.1,1,-393.182,-4.456,-543.712
2888.8,28.11,10.6,0.0,85.3,1,-394.854,-4.457,-543.454
2888.8,28.01,10.5,0.0,85.9,1,-395.957,-4.458,-543.248
2895.4,27.84,10.6,0.0,84.7,1,-397.594,-4.459,-542.888
2895.4,27.73,10.6,0.0,82.4,1,-398.671,-4.460,-542.614
2895.4,27.58,10.6,0.0,77.4,1,-400.265,-4.463,-542.154
2895.4,27.43,10.6,0.0,71.0,1,-401.832,-4.468,-541.636
2901.0,27.35,10.9,0.0,66.4,1,-402.861,-4.474,-541.258
2901.0,27.22,12.6,0.0,58.8,1,-404.379,-4.483,-540.644
2901.0,27.16,15.2,0.0,53.3,1,-405.373,-4.491,-540.203
2901.0,27.15,49.0,0.0,41.3,1,-406.838,-4.503,-539.494
2906.3,27.30,36.6,0.0,28.9,1,-407.802,-4.512,-538.988
2906.3,27.47,43.9,0.0,9.1,1,-409.231,-4.527,-538.179
2906.3,27.64,43.4,0.0,-2.3,1,-410.174,-4.538,-537.610
2906.3,28.05,70.0,0.0,-10.3,1,-411.585,-4.556,-536.718
2911.7,28.44,74.9,0.0,-9.8,1,-412.529,-4.569,-536.100
2911.7,29.05,75.6,0.0,-3.1,1,-413.961,-4.589,-535.141
2911.7,29.45,76.3,0.0,6.1,1,-414.927,-4.604,-534.482
2911.7,30.03,75.8,0.0,13.0,1,-416.391,-4.627,-533.464
2917.4,30.41,75.9,0.0,14.2,1,-417.376,-4.642,-532.765
2917.4,30.98,77.7,0.0,14.5,1,-418.864,-4.666,-531.682
2917.4,31.36,78.2,0.0,14.5,1,-419.862,-4.683,-530.937
2917.4,31.92,78.6,0.0,15.0,1,-421.366,-4.709,-529.779
2923.4,32.49,80.8,0.0,13.7,1,-422.873,-4.735,-528.572
2923.4,32.88,83.2,0.0,12.1,1,-423.878,-4.752,-527.737
2923.4,33.46,85.2,0.0,10.7,1,-425.386,-4.777,-526.441
2923.4,33.86,85.6,0.0,9.7,1,-426.391,-4.793,-525.547
2929.9,34.44,85.7,0.0,8.7,1,-427.898,-4.816,-524.159
2929.9,34.82,85.8,0.0,7.8,1,-428.901,-4.831,-523.205
2929.9,35.39,85.8,0.0,7.9,0,-430.404,-4.853,-521.729
2929.9,35.42,0.0,0.0,8.2,0,-431.398,-4.867,-520.720
2936.8,35.81,84.0,0.0,8.9,2,-432.872,-4.887,-519.178
2936.8,36.17,84.1,0.0,9.5,2,-433.853,-4.899,-518.125
2936.8,36.70,84.3,0.0,8.8,2,-435.322,-4.917,-516.508
2936.8,37.06,84.4,0.0,9.4,2,-436.301,-4.930,-515.406
2943.9,37.58,84.6,0.0,11.4,2,-437.767,-4.948,-513.714
2943.9,37.92,83.2,0.0,12.4,2,-438.740,-4.960,-512.561
2943.9,38.40,78.6,0.0,13.4,2,-440.191,-4.976,-510.790
2943.9,38.69,76.8,0.0,13.9,2,-441.150,-4.987,-509.583
2951.4,39.14,81.0,0.0,13.5,2,-442.570,-5.003,-507.732
2951.4,39.61,85.0,0.0,13.0,2,-443.969,-5.018,-505.830
2951.4,39.92,85.3,0.0,12.5,2,-444.887,-5.026,-504.532
2959.2,40.40,85.4,0.0,12.4,2,-446.243,-5.037,-502.542
2959.2,40.71,85.5,0.0,12.7,2,-447.132,-5.044,-501.185
2959.2,41.16,85.6,0.0,13.1,2,-448.440,-5.052,-499.107
2959.2,41.47,85.6,0.0,13.4,2,-449.294,-5.057,-497.693
2967.1,41.92,85.7,0.0,13.5,2,-450.547,-5.061,-495.529
2967.1,42.22,85.7,0.0,13.9,2,-451.363,-5.063,-494.058
2967.1,42.64,85.8,0.0,14.8,2,-452.556,-5.065,-491.810
2967.1,42.79,0.0,0.0,15.2,0,-453.332,-5.067,-490.287
2975.3,42.89,84.1,0.0,14.4,3,-454.453,-5.073,-487.978
2975.3,43.16,84.2,0.0,13.6,3,-455.176,-5.078,-486.417
2975.3,43.56,84.4,0.0,13.3,3,-456.228,-5.086,-484.038
2975.3,43.82,84.4,0.0,13.0,3,-456.906,-5.093,-482.428
2983.8,44.22,84.5,0.0,13.1,3,-457.888,-5.108,-479.977
2983.8,44.61,84.6,0.0,13.2,3,-458.826,-5.125,-477.483
2983.8,44.87,84.7,0.0,13.6,3,-459.426,-5.138,-475.798
2983.8,45.26,84.8,0.0,13.4,3,-460.288,-5.162,-473.236
2992.5,45.50,84.9,0.0,12.9,3,-460.834,-5.179,-471.505
2992.5,45.88,84.9,0.0,12.4,3,-461.612,-5.208,-468.877
2992.5,46.13,85.0,0.0,12.4,3,-462.101,-5.228,-467.103
2992.5,46.51,85.0,0.0,12.3,3,-462.791,-5.262,-464.412
3001.5,46.75,85.1,0.0,12.6,3,-463.219,-5.285,-462.597
3001.5,47.11,85.2,0.0,12.9,3,-463.816,-5.323,-459.846
3001.5,47.36,85.2,0.0,12.9,3,-464.181,-5.349,-457.993
3001.5,47.72,85.3,0.0,12.9,3,-464.679,-5.390,-455.186
3010.8,47.95,85.3,0.0,13.4,3,-464.977,-5.417,-453.296
3010.8,48.31,85.4,0.0,14.4,3,-465.371,-5.457,-450.436
3010.8,48.67,85.4,0.0,12.7,3,-465.703,-5.497,-447.547
3010.8,48.90,85.5,0.0,13.4,3,-465.890,-5.524,-445.605
3020.4,49.26,85.5,0.0,13.0,3,-466.122,-5.564,-442.670
3020.4,49.50,85.5,0.0,12.8,3,-466.244,-5.591,-440.699
3020.4,49.85,85.8,0.0,12.7,3,-466.377,-5.632,-437.723
3020.4,50.07,85.7,0.0,12.6,3,-466.433,-5.659,-435.726
3030.4,50.40,82.5,0.0,12.2,3,-466.468,-5.699,-432.713
3030.4,50.60,79.8,0.0,11.9,3,-466.457,-5.725,-430.694
3030.4,50.88,74.9,0.0,11.7,3,-466.387,-5.762,-427.651
3030.4,51.04,74.8,0.0,13.8,3,-466.305,-5.785,-425.614
3040.8,51.31,81.8,0.0,15.4,3,-466.127,-5.818,-422.550
3040.8,51.36,0.0,0.0,14.5,0,-465.879,-5.847,-419.477
3040.8,51.43,84.4,0.0,14.5,4,-465.674,-5.864,-417.433
3040.8,51.71,84.6,0.0,14.8,4,-465.306,-5.887,-414.361
3051.8,51.89,84.8,0.0,14.1,4,-465.020,-5.901,-412.309
3051.8,52.15,85.0,0.0,13.5,4,-464.529,-5.920,-409.227
3051.8,52.31,85.2,0.0,12.4,4,-464.161,-5.932,-407.171
3051.8,52.59,85.4,0.0,11.8,4,-463.559,-5.959,-404.084
3063.1,52.71,75.9,0.0,11.6,4,-463.122,-5.982,-402.023
3063.1,52.91,69.0,0.0,10.5,4,-462.410,-6.023,-398.936
3063.1,53.03,83.5,0.0,10.8,4,-461.888,-6.047,-396.883
3063.1,53.24,85.6,0.0,12.8,4,-461.030,-6.078,-393.814
3074.1,53.40,85.7,0.0,14.7,4,-460.409,-6.094,-391.774
3074.1,53.65,85.8,0.0,18.1,4,-459.405,-6.115,-388.724
3074.1,53.82,85.9,0.0,19.9,4,-458.692,-6.128,-386.697
3074.1,54.08,86.0,0.0,21.1,4,-457.560,-6.148,-383.665
3085.0,54.33,86.1,0.0,19.8,4,-456.352,-6.167,-380.646
3085.0,54.49,86.2,0.0,17.9,4,-455.506,-6.178,-378.641
3085.0,54.76,86.3,0.0,14.3,4,-454.173,-6.192,-375.648
3085.0,54.93,86.4,0.0,12.3,4,-453.242,-6.198,-373.661
3095.7,55.19,86.6,0.0,10.0,4,-451.787,-6.207,-370.696
3095.7,55.38,86.7,0.0,8.5,4,-450.780,-6.214,-368.727
3095.7,55.66,86.8,0.0,6.0,4,-449.216,-6.227,-365.787
3095.7,55.85,86.8,0.0,5.0,4,-448.140,-6.236,-363.834
3106.7,56.14,86.9,0.0,4.9,4,-446.477,-6.249,-360.915
3106.7,56.33,87.0,0.0,5.5,4,-445.342,-6.257,-358.975
3106.7,56.62,87.1,0.0,6.1,4,-443.601,-6.270,-356.068
3106.7,56.82,87.2,0.0,6.0,4,-442.416,-6.278,-354.134
3117.9,57.10,87.3,0.0,5.9,4,-440.603,-6.289,-351.238
3117.9,57.28,87.4,0.0,6.2,4,-439.371,-6.296,-349.311
3117.9,57.57,87.5,0.0,6.1,4,-437.488,-6.307,-346.426
3129.2,57.85,87.6,0.0,5.9,4,-435.561,-6.318,-343.549
3129.2,58.03,87.7,0.0,5.6,4,-434.252,-6.325,-341.637
3129.2,58.29,87.9,0.0,4.7,4,-432.252,-6.332,-338.779
3129.2,58.48,87.9,0.0,4.3,4,-430.894,-6.336,-336.879
3140.9,58.75,88.1,0.0,3.2,4,-428.823,-6.338,-334.037
3140.9,58.93,88.1,0.0,2.8,4,-427.421,-6.336,-332.148
3140.9,59.19,88.2,0.0,2.2,4,-425.289,-6.329,-329.318
3140.9,59.38,88.3,0.0,1.9,4,-423.850,-6.323,-327.433
3152.7,59.65,88.4,0.0,1.3,4,-421.671,-6.312,-324.605
3152.7,59.83,88.4,0.0,0.7,4,-420.205,-6.303,-322.718
3152.7,60.09,88.6,0.0,-0.1,4,-417.990,-6.289,-319.884
3152.7,60.27,88.6,0.0,-0.6,4,-416.505,-6.280,-317.990
3164.8,60.52,88.7,0.0,-0.8,4,-414.265,-6.265,-315.142
3164.8,60.78,88.8,0.0,-0.9,4,-412.017,-6.250,-312.281
3164.8,60.95,88.9,0.0,-1.0,4,-410.515,-6.239,-310.366
3164.8,61.19,89.0,0.0,-1.1,4,-408.259,-6.221,-307.479
3177.0,61.36,89.0,0.0,-1.1,4,-406.754,-6.210,-305.545
3177.0,61.61,89.1,0.0,-1.1,4,-404.494,-6.191,-302.630
3177.0,61.77,89.2,0.0,-1.1,4,-402.988,-6.178,-300.676
3177.0,62.01,89.3,0.0,-0.9,4,-400.727,-6.159,-297.731
3189.3,62.17,89.4,0.0,-0.7,4,-399.220,-6.146,-295.757
3189.3,62.40,89.5,0.0,-0.6,0,-396.959,-6.126,-292.783
3189.3,62.34,0.0,0.0,-0.6,0,-395.453,-6.113,-290.793
3189.3,62.49,88.3,0.0,-0.7,5,-393.199,-6.092,-287.805
3201.8,62.64,88.4,0.0,-0.8,5,-391.696,-6.078,-285.805
3201.8,62.87,88.5,0.0,-0.7,5,-389.439,-6.059,-282.792
3201.8,63.09,88.5,0.0,-0.5,5,-387.180,-6.041,-279.764
3201.8,63.23,88.6,0.0,-0.5,5,-385.671,-6.027,-277.738
3214.4,63.45,88.7,0.0,-0.5,5,-383.406,-6.002,-274.687
3214.4,63.59,88.8,0.0,-0.4,5,-381.894,-5.984,-272.646
3214.4,63.82,88.8,0.0,-0.2,5,-379.622,-5.957,-269.573
3214.4,63.96,88.9,0.0,-0.1,5,-378.105,-5.939,-267.516
3227.2,64.18,89.0,0.0,-0.2,5,-375.826,-5.912,-264.422
3227.2,64.31,89.0,0.0,-0.2,5,-374.303,-5.895,-262.352
3227.2,64.53,89.1,0.0,-0.1,5,-372.014,-5.867,-259.238
3227.2,64.67,89.1,0.0,0.0,5,-370.485,-5.847,-257.155
3240.1,64.87,89.2,0.0,0.2,5,-368.187,-5.814,-254.022
3240.1,65.01,89.3,0.0,0.4,5,-366.651,-5.791,-251.928
3240.1,65.23,89.3,0.0,0.5,5,-364.341,-5.756,-248.778
3240.1,65.36,89.4,0.0,0.6,5,-362.796,-5.731,-246.672
3253.1,65.56,89.5,0.0,0.4,5,-360.470,-5.693,-243.508
3253.1,65.76,89.6,0.0,0.4,5,-358.134,-5.651,-240.337
3253.1,65.89,89.6,0.0,0.3,5,-356.570,-5.623,-238.218
3253.1,66.10,89.7,0.0,0.3,5,-354.216,-5.580,-235.036
3266.3,66.23,89.7,0.0,0.1,5,-352.640,-5.552,-232.910
3266.3,66.43,89.8,0.0,-0.0,5,-350.267,-5.510,-229.716
3266.3,66.56,89.8,0.0,0.1,5,-348.679,-5.485,-227.583
3266.3,66.75,89.9,0.0,0.1,5,-346.289,-5.451,-224.377
3279.6,66.88,89.9,0.0,0.2,5,-344.691,-5.426,-222.235
3279.6,67.06,90.0,0.0,0.1,5,-342.286,-5.385,-219.017
3279.6,67.19,90.1,0.0,0.0,5,-340.678,-5.356,-216.867
3279.6,67.38,90.1,0.0,-0.1,5,-338.259,-5.312,-213.635
3293.0,67.50,90.2,0.0,-0.1,5,-336.642,-5.282,-211.476
3293.0,67.70,90.2,0.0,0.1,5,-334.210,-5.234,-208.231
3293.0,67.81,90.3,0.0,0.1,5,-332.584,-5.203,-206.063
3293.0,68.00,90.3,0.0,-0.0,5,-330.141,-5.156,-202.803
3306.5,68.18,90.4,0.0,-0.2,5,-327.691,-5.107,-199.535
3306.5,68.30,90.4,0.0,-0.2,5,-326.054,-5.072,-197.351
3306.5,68.48,90.5,0.0,-0.2,5,-323.595,-5.019,-194.067
3306.5,68.59,90.5,0.0,-0.2,5,-321.952,-4.982,-191.873
3320.2,68.77,90.6,0.0,-0.3,5,-319.485,-4.926,-188.574
3320.2,68.89,90.6,0.0,-0.2,5,-317.837,-4.890,-186.369
3320.2,69.06,90.7,0.0,-0.2,5,-315.361,-4.835,-183.053
3320.2,69.18,90.7,0.0,-0.2,5,-313.709,-4.798,-180.837
3334.0,69.35,90.8,0.0,-0.3,5,-311.227,-4.742,-177.505
3334.0,69.46,90.8,0.0,-0.3,5,-309.570,-4.706,-175.278
3334.0,69.63,90.9,0.0,-0.3,5,-307.082,-4.651,-171.929
3334.0,69.74,90.9,0.0,-0.3,5,-305.421,-4.614,-169.691
3347.9,69.90,91.0,0.0,-0.3,5,-302.927,-4.557,-166.327
3347.9,70.01,91.0,0.0,-0.3,5,-301.262,-4.518,-164.078
3347.9,70.16,91.1,0.0,-0.4,5,-298.763,-4.460,-160.697
3347.9,70.27,91.1,0.0,-0.4,5,-297.094,-4.420,-158.438
3361.9,70.43,91.1,0.0,-0.3,5,-294.590,-4.360,-155.041
3361.9,70.53,91.2,0.0,-0.3,5,-292.919,-4.320,-152.771
3361.9,70.69,91.2,0.0,-0.2,5,-290.410,-4.259,-149.358
3376.0,70.85,91.3,0.0,-0.3,5,-287.899,-4.198,-145.935
3376.0,70.95,91.3,0.0,-0.2,5,-286.223,-4.157,-143.648
3376.0,71.10,91.3,0.0,-0.1,5,-283.708,-4.096,-140.209
3376.0,71.20,91.4,0.0,0.0,5,-282.029,-4.056,-137.911
3390.3,71.35,91.4,0.0,0.2,5,-279.508,-3.997,-134.458
3390.3,71.45,91.5,0.0,0.2,5,-277.824,-3.956,-132.151
3390.3,71.59,91.6,0.0,0.2,5,-275.296,-3.895,-128.685
3390.3,71.68,91.6,0.0,0.1,5,-273.607,-3.853,-126.371
3404.6,71.83,91.6,0.0,-0.1,5,-271.068,-3.791,-122.894
3404.6,71.93,91.7,0.0,-0.1,5,-269.372,-3.749,-120.574
3404.6,72.07,91.7,0.0,-0.0,5,-266.823,-3.687,-117.087
3404.6,72.07,0.0,0.0,-0.1,0,-265.121,-3.645,-114.760
3419.0,72.04,90.8,0.0,-0.3,6,-262.572,-3.583,-111.272
3419.0,72.13,90.8,0.0,-0.5,6,-260.871,-3.540,-108.944
3419.0,72.27,90.9,0.0,-0.7,6,-258.318,-3.473,-105.445
3419.0,72.35,90.9,0.0,-0.6,6,-256.616,-3.428,-103.108
3433.5,72.49,90.9,0.0,-0.3,6,-254.062,-3.361,-99.593
3433.5,72.58,91.0,0.0,-0.3,6,-252.361,-3.315,-97.244
3433.5,72.71,91.0,0.0,-0.4,6,-249.809,-3.249,-93.711
3433.5,72.85,91.0,0.0,-0.5,6,-247.258,-3.183,-90.168
3448.0,72.94,91.1,0.0,-0.5,6,-245.557,-3.140,-87.801
3587.6,66.62,52.7,0.0,31.4,6,-143.178,-1.247,10.693
3730.2,66.30,90.5,0.0,-9.2,5,-3.955,0.166,13.311
3730.2,66.45,90.6,0.0,-10.4,5,0.011,0.194,12.950
3730.2,66.55,90.6,0.0,-11.1,5,2.663,0.216,12.748
3743.6,66.70,90.7,0.0,-11.3,5,6.653,0.252,12.509
3743.6,66.80,90.7,0.0,-11.3,5,9.320,0.279,12.394
3743.6,66.95,90.7,0.0,-10.8,5,13.330,0.322,12.288
3743.6,67.02,90.8,0.0,-10.8,5,16.009,0.353,12.266
3757.3,67.15,90.9,0.0,-11.5,5,20.034,0.404,12.303
3757.3,67.29,90.9,0.0,-11.2,5,24.065,0.459,12.426
3757.3,67.38,90.9,0.0,-10.8,5,26.755,0.501,12.559
3771.3,67.50,91.0,0.0,-9.7,5,30.791,0.567,12.830
3771.3,67.61,91.0,0.0,-10.5,5,33.483,0.608,13.055
3771.3,67.74,91.1,0.0,-13.7,5,37.523,0.660,13.450
3771.3,67.82,91.1,0.0,-14.9,5,40.216,0.693,13.761
3785.4,67.92,91.2,0.0,-15.6,5,44.252,0.746,14.302
3785.4,68.00,91.2,0.0,-15.7,5,46.938,0.783,14.713
3785.4,68.10,91.2,0.0,-15.1,5,50.962,0.840,15.404
3785.4,68.18,91.2,0.0,-14.9,5,53.639,0.877,15.914
3799.4,68.29,91.3,0.0,-14.2,5,57.644,0.933,16.754
3799.4,68.33,91.3,0.0,-13.4,5,60.306,0.973,17.367
3799.4,68.42,91.4,0.0,-12.4,5,64.286,1.032,18.363
3799.4,68.50,91.5,0.0,-11.8,5,66.929,1.072,19.076
3813.4,68.59,91.5,0.0,-10.9,5,70.878,1.131,20.221
3813.4,68.70,91.4,0.0,-10.1,5,74.806,1.191,21.455
3813.4,68.72,91.6,0.0,-9.5,5,77.412,1.230,22.328
3813.4,68.82,91.6,0.0,-9.1,5,81.300,1.287,23.710
3827.6,68.90,91.5,0.0,-9.1,5,83.876,1.327,24.682
3827.6,68.99,91.5,0.0,-9.7,5,87.718,1.385,26.213
3827.6,69.04,91.7,0.0,-10.0,5,90.262,1.425,27.284
3827.6,69.15,91.7,0.0,-11.7,5,94.052,1.486,28.961
3841.6,69.23,91.6,0.0,-12.4,5,96.562,1.526,30.127
3841.6,69.33,91.7,0.0,-13.2,5,100.299,1.588,31.945
3841.6,69.40,91.7,0.0,-13.1,5,102.772,1.631,33.202
3841.6,69.50,91.7,0.0,-12.2,5,106.452,1.696,35.155
3855.5,69.58,91.7,0.0,-11.3,5,108.886,1.739,36.501
3855.5,69.69,91.8,0.0,-10.3,5,112.506,1.804,38.586
3855.5,69.75,91.8,0.0,-9.3,5,114.898,1.847,40.019
3855.5,69.87,91.9,0.0,-8.6,5,118.453,1.911,42.233
3869.4,69.99,91.9,0.0,-9.0,5,121.970,1.974,44.520
3869.4,70.11,91.9,0.0,-9.8,5,125.449,2.033,46.876
3869.4,70.19,91.9,0.0,-9.9,5,127.748,2.071,48.485
3869.4,70.30,92.0,0.0,-10.0,5,131.164,2.127,50.952
3883.3,70.38,92.0,0.0,-9.8,5,133.420,2.163,52.633
3883.3,70.50,92.0,0.0,-9.1,5,136.771,2.213,55.207
3883.3,70.58,92.1,0.0,-8.9,5,138.982,2.244,56.960
3883.3,70.70,92.1,0.0,-8.8,5,142.264,2.287,59.641
3963.4,55.55,0.0,91.5,-0.2,4,191.994,2.646,108.597
4009.3,35.26,0.0,38.0,10.7,2,229.764,2.942,141.742
4047.3,29.41,2.1,0.4,31.6,2,261.934,2.780,153.381
4047.3,29.32,5.5,0.0,31.7,2,263.108,2.773,153.408
4047.3,29.21,36.6,0.0,31.8,0,264.864,2.764,153.394
4053.5,29.09,4.3,0.0,31.9,1,266.611,2.757,153.313
4053.5,28.99,4.7,0.0,31.8,1,267.770,2.754,153.221
4053.5,28.84,3.2,0.0,32.2,1,269.494,2.750,153.027
4061.0,28.72,8.2,0.0,34.7,1,271.201,2.749,152.769
4061.0,28.64,7.1,0.0,37.1,1,272.329,2.748,152.561
4061.0,28.51,7.4,0.0,40.1,1,274.005,2.749,152.199
4061.0,28.43,12.1,0.0,42.6,1,275.110,2.751,151.921
4067.8,28.33,7.1,0.0,43.2,1,276.747,2.756,151.451
4067.8,28.25,8.5,0.0,42.8,1,277.823,2.761,151.102
4067.8,28.17,16.8,0.0,44.7,1,279.414,2.771,150.526
4067.8,28.11,15.5,0.0,44.6,1,280.459,2.779,150.107
4075.7,28.10,28.3,0.0,42.9,1,282.001,2.794,149.426
4106.4,31.79,42.6,0.0,6.2,1,303.888,3.338,128.038
4168.7,23.93,0.0,11.2,-30.8,1,315.657,4.037,64.290
4173.5,23.68,0.0,9.8,-32.3,1,316.101,4.047,62.932
4173.5,23.52,0.0,10.1,-32.9,1,316.420,4.053,62.043
4173.5,23.27,0.0,8.2,-33.5,1,316.934,4.060,60.737
4173.5,23.13,0.0,7.7,-34.2,1,317.299,4.064,59.883
4178.1,22.92,0.0,5.7,-35.5,1,317.882,4.068,58.631
4178.1,22.79,0.0,6.1,-35.9,1,318.293,4.071,57.814
4178.1,22.60,0.0,5.3,-37.9,1,318.943,4.072,56.617
4178.1,22.42,0.0,4.2,-39.7,1,319.632,4.072,55.455
4182.5,22.30,0.0,3.8,-39.9,1,320.114,4.071,54.702
4182.5,22.14,0.0,2.9,-39.5,1,320.868,4.068,53.603
4182.5,22.03,0.0,5.5,-39.2,1,321.392,4.065,52.891
4182.5,21.84,0.0,5.0,-40.5,1,322.207,4.059,51.857
4186.6,21.72,0.0,5.5,-40.3,1,322.770,4.054,51.192
4186.6,21.54,0.0,5.7,-39.3,1,323.641,4.046,50.229
4186.6,21.42,0.0,5.6,-39.0,1,324.239,4.040,49.612
4186.6,21.23,0.0,7.1,-40.2,1,325.160,4.032,48.723
4190.7,21.10,0.0,6.4,-41.6,1,325.788,4.025,48.156
4190.7,20.91,0.0,5.1,-43.8,1,326.752,4.014,47.344
4190.7,20.80,0.0,4.3,-45.1,1,327.408,4.007,46.828
4190.7,20.63,0.0,2.8,-45.6,1,328.411,3.994,46.094
4194.8,20.54,2.4,0.4,-50.8,1,329.093,3.985,45.632
4194.8,20.53,28.5,0.0,-54.7,1,330.137,3.971,44.980
4194.8,20.69,45.1,0.0,-55.2,1,331.214,3.957,44.375
4194.8,20.87,52.8,0.0,-55.0,1,331.952,3.947,43.995
4198.8,21.11,43.1,0.0,-47.1,1,333.092,3.932,43.461
4198.8,21.24,32.7,0.0,-41.7,1,333.872,3.923,43.130
4198.8,21.47,50.5,0.0,-33.5,1,335.068,3.908,42.674
4198.8,21.70,58.5,0.0,-29.0,1,335.884,3.899,42.393
4203.5,22.13,67.0,0.0,-24.7,1,337.138,3.885,42.004
4203.5,22.43,59.3,0.0,-29.3,1,337.996,3.876,41.763
4203.5,22.74,44.8,0.0,-37.1,1,339.311,3.863,41.435
4203.5,22.90,41.7,0.0,-40.7,1,340.203,3.855,41.242
4237.3,22.67,16.5,0.0,-75.3,1,363.680,3.791,45.102
4237.3,22.66,25.0,0.0,-67.0,1,364.819,3.799,45.844
4237.3,22.72,36.3,0.0,-59.9,1,365.561,3.804,46.367
4237.3,22.99,63.2,0.0,-47.2,1,366.650,3.812,47.196
4242.1,23.21,51.9,0.0,-37.5,1,367.367,3.818,47.779
4242.1,23.58,52.5,0.0,-16.8,1,368.427,3.826,48.698
4242.1,24.07,79.8,0.0,-3.2,1,369.477,3.834,49.664
4242.1,24.46,75.5,0.0,-1.0,1,370.181,3.839,50.332
4246.9,25.08,80.9,0.0,-4.2,1,371.243,3.847,51.369
4246.9,25.50,80.4,0.0,-8.2,1,371.958,3.852,52.083
4246.9,26.11,80.5,0.0,-14.0,1,373.039,3.860,53.190
4246.9,26.52,80.1,0.0,-16.4,1,373.765,3.865,53.951
4251.9,27.12,79.2,0.0,-17.5,1,374.858,3.872,55.130
4251.9,27.53,79.1,0.0,-17.4,1,375.588,3.876,55.943
4251.9,28.13,80.0,0.0,-19.6,1,376.682,3.883,57.202
4251.9,28.71,77.5,0.0,-21.9,1,377.771,3.890,58.514
4257.2,29.07,66.4,0.0,-20.6,1,378.490,3.895,59.418
4257.2,29.56,73.0,0.0,-18.1,1,379.553,3.901,60.818
4257.2,29.90,72.7,0.0,-15.2,1,380.250,3.905,61.780
4257.2,30.41,70.7,0.0,-11.5,1,381.278,3.910,63.268
4263.0,30.94,77.5,0.0,-10.8,1,382.286,3.914,64.806
4263.0,31.31,80.8,0.0,-10.4,1,382.947,3.916,65.860
4263.0,31.89,81.4,0.0,-10.8,1,383.921,3.919,67.485
4269.1,32.47,85.1,0.0,-11.0,1,384.875,3.922,69.162
4269.1,32.88,85.3,0.0,-9.9,1,385.499,3.924,70.310
4269.1,33.48,85.5,0.0,-8.3,1,386.416,3.927,72.075
4269.1,33.87,85.6,0.0,-7.8,1,387.016,3.929,73.281
4275.6,34.46,85.7,0.0,-7.9,1,387.897,3.932,75.130
4275.6,34.85,85.7,0.0,-8.3,1,388.472,3.934,76.391
4275.6,35.42,85.8,0.0,-9.2,1,389.319,3.935,78.320
4275.6,35.64,0.0,0.0,-9.7,0,389.872,3.934,79.630
4282.6,35.83,84.1,0.0,-10.0,2,390.675,3.932,81.614
4282.6,36.19,84.2,0.0,-9.6,2,391.197,3.929,82.956
4282.6,36.71,84.4,0.0,-9.3,2,391.963,3.923,85.003
4282.6,37.05,84.2,0.0,-8.4,2,392.462,3.918,86.390
4289.7,37.57,84.7,0.0,-6.5,2,393.190,3.911,88.506
4289.7,37.93,84.7,0.0,-5.9,2,393.663,3.907,89.939
4289.7,38.44,84.9,0.0,-5.8,2,394.352,3.902,92.123
4289.7,38.79,84.9,0.0,-6.0,2,394.799,3.900,93.601
4297.3,39.31,85.1,0.0,-6.9,2,395.454,3.897,95.850
4297.3,39.80,85.2,0.0,-6.9,2,396.090,3.895,98.135
4297.3,40.14,85.2,0.0,-6.4,2,396.504,3.894,99.679
4297.3,40.64,85.4,0.0,-5.4,2,397.109,3.890,102.024
4305.2,40.97,85.4,0.0,-4.9,2,397.503,3.888,103.607
4305.2,41.45,85.5,0.0,-4.6,2,398.078,3.885,106.011
4305.2,41.77,85.6,0.0,-4.4,2,398.452,3.883,107.633
4305.2,42.24,85.7,0.0,-4.7,2,398.999,3.881,110.092
4313.5,42.55,85.7,0.0,-4.8,2,399.355,3.879,111.749
4313.5,43.01,85.8,0.0,-5.2,2,399.875,3.875,114.262
4313.5,43.33,0.0,0.0,-5.6,0,400.378,3.870,116.805
4313.5,43.34,84.0,0.0,-5.7,3,400.700,3.867,118.508
4322.0,43.76,84.2,0.0,-6.0,3,401.163,3.863,121.078
4322.0,44.05,84.3,0.0,-6.4,3,401.460,3.861,122.809
4322.0,44.47,84.4,0.0,-6.9,3,401.885,3.858,125.428
4322.0,44.74,84.5,0.0,-7.1,3,402.154,3.855,127.192
4330.7,45.16,84.6,0.0,-7.1,3,402.535,3.850,129.861
4330.7,45.43,84.6,0.0,-7.0,3,402.772,3.847,131.656
4330.7,45.84,84.7,0.0,-7.1,3,403.102,3.841,134.374
4330.7,46.11,84.8,0.0,-7.1,3,403.303,3.837,136.201
4339.7,46.51,84.9,0.0,-7.3,3,403.577,3.832,138.966
4339.7,46.78,84.9,0.0,-7.3,3,403.740,3.828,140.824
4339.7,47.18,85.0,0.0,-7.7,3,403.956,3.822,143.634
4339.7,47.57,85.1,0.0,-8.0,3,404.135,3.814,146.470
4349.0,47.83,85.2,0.0,-7.9,3,404.233,3.810,148.375
4349.0,48.21,85.3,0.0,-8.1,3,404.346,3.804,151.253
4349.0,48.46,85.3,0.0,-8.7,3,404.398,3.800,153.185
4349.0,48.84,85.4,0.0,-9.3,3,404.441,3.795,156.103
4358.5,49.08,85.4,0.0,-9.6,3,404.445,3.791,158.061
4358.5,49.45,85.5,0.0,-10.0,3,404.409,3.785,161.016
4358.5,49.69,85.5,0.0,-10.7,3,404.358,3.781,162.998
4358.5,50.04,85.6,0.0,-11.7,3,404.238,3.774,165.986
4368.3,50.27,85.7,0.0,-12.0,3,404.127,3.769,167.989
4368.3,50.60,85.7,0.0,-12.0,3,403.912,3.762,171.007
4368.3,50.82,85.8,0.0,-10.9,3,403.735,3.758,173.027
4368.3,51.15,85.8,0.0,-9.3,3,403.418,3.750,176.069
4378.4,51.48,85.8,0.0,-8.6,3,403.042,3.741,179.125
4378.4,51.70,85.9,0.0,-8.9,0,402.758,3.736,181.168
4378.4,51.66,84.0,0.0,-10.1,4,402.284,3.727,184.232
4378.4,51.87,84.0,0.0,-10.2,4,401.936,3.721,186.273
4388.7,52.16,84.1,0.0,-10.6,4,401.366,3.713,189.341
4388.7,52.36,84.2,0.0,-10.4,4,400.953,3.708,191.390
4388.7,52.66,84.3,0.0,-11.3,4,400.281,3.703,194.467
4388.7,52.85,84.4,0.0,-12.7,4,399.799,3.700,196.521
4399.6,53.14,84.6,0.0,-15.0,4,399.022,3.696,199.604
4399.6,53.32,84.7,0.0,-16.2,4,398.465,3.695,201.658
4399.6,53.59,84.9,0.0,-18.1,4,397.570,3.695,204.738
4410.9,53.87,85.0,0.0,-20.0,4,396.603,3.693,207.813
4410.9,54.11,85.2,0.0,-21.7,4,395.563,3.690,210.880
4410.9,54.24,85.3,0.0,-20.5,4,394.823,3.690,212.916
4410.9,54.48,85.5,0.0,-17.3,4,393.642,3.698,215.956
4422.5,54.63,85.7,0.0,-15.7,4,392.811,3.705,217.972
4422.5,54.84,85.4,0.0,-12.9,4,391.500,3.712,220.982
4422.5,54.98,85.9,0.0,-11.7,4,390.580,3.717,222.977
4422.5,55.18,86.0,0.0,-10.9,4,389.131,3.725,225.947
4434.3,55.34,85.1,0.0,-10.9,4,388.119,3.731,227.911
4434.3,55.53,86.2,0.0,-12.2,4,386.535,3.739,230.834
4434.3,55.70,86.3,0.0,-12.9,4,385.437,3.741,232.769
4434.3,55.90,86.4,0.0,-14.5,4,383.726,3.741,235.646
4445.3,56.05,86.4,0.0,-15.0,4,382.542,3.740,237.546
4445.3,56.29,86.5,0.0,-15.1,4,380.700,3.741,240.368
4445.3,56.52,86.6,0.0,-14.9,4,378.783,3.744,243.155
4445.3,56.68,86.7,0.0,-14.3,4,377.463,3.747,244.995
4456.4,56.92,86.8,0.0,-13.3,4,375.426,3.755,247.726
4456.4,57.10,86.9,0.0,-12.3,4,374.031,3.761,249.530
4456.4,57.35,87.0,0.0,-10.4,4,371.886,3.768,252.210
4456.4,57.52,87.1,0.0,-8.2,4,370.422,3.774,253.980
4467.7,57.78,87.2,0.0,-5.6,4,368.177,3.784,256.610
4467.7,57.96,87.3,0.0,-5.1,4,366.650,3.790,258.350
4467.7,58.23,87.4,0.0,-5.5,4,364.319,3.798,260.941
4467.7,58.41,87.5,0.0,-5.5,4,362.740,3.802,262.658
4479.2,58.68,87.6,0.0,-5.5,4,360.337,3.808,265.220
4479.2,58.86,87.6,0.0,-5.5,4,358.712,3.812,266.918
4479.2,59.12,87.8,0.0,-5.6,4,356.242,3.816,269.453
4479.2,59.30,87.8,0.0,-5.5,4,354.574,3.817,271.134
4491.0,59.56,88.0,0.0,-5.7,4,352.038,3.818,273.640
4491.0,59.81,88.0,0.0,-6.3,4,349.460,3.820,276.126
4491.0,59.97,88.2,0.0,-6.7,4,347.720,3.822,277.772
4491.0,60.23,88.2,0.0,-6.5,4,345.076,3.823,280.223
4503.0,60.39,88.3,0.0,-5.2,4,343.291,3.825,281.845
4503.0,60.60,88.5,0.0,-3.9,4,340.581,3.828,284.258
4503.0,60.76,88.6,0.0,-3.3,4,338.753,3.829,285.855
4503.0,61.03,88.6,0.0,-2.0,4,335.982,3.830,288.236
4515.1,61.29,88.7,0.0,-1.0,4,333.179,3.830,290.604
4515.1,61.46,88.7,0.0,-0.6,4,331.295,3.831,292.177
4515.1,61.70,88.8,0.0,-0.1,4,328.450,3.830,294.534
4515.1,61.87,88.9,0.0,0.1,4,326.543,3.828,296.105
4527.4,62.10,89.0,0.0,0.2,4,323.669,3.828,298.464
4527.4,62.26,89.1,0.0,0.2,4,321.746,3.827,300.041
4527.4,62.28,0.0,0.0,0.4,0,318.855,3.826,302.411
4527.4,62.36,87.9,0.0,0.6,5,316.929,3.825,303.992
4539.8,62.58,88.0,0.0,0.9,5,314.034,3.827,306.373
4539.8,62.73,88.1,0.0,0.9,5,312.100,3.831,307.966
4539.8,62.96,88.2,0.0,0.9,5,309.193,3.838,310.368
4539.8,63.12,88.2,0.0,0.8,5,307.252,3.841,311.977
4552.3,63.34,88.3,0.0,0.8,5,304.335,3.847,314.402
4552.3,63.56,88.4,0.0,0.9,5,301.414,3.855,316.842
4552.3,63.70,88.5,0.0,0.9,5,299.464,3.860,318.477
4565.0,63.92,88.6,0.0,0.9,5,296.534,3.866,320.942
4565.0,64.07,88.6,0.0,0.9,5,294.579,3.869,322.594
4565.0,64.29,88.7,0.0,0.7,5,291.642,3.871,325.085
4565.0,64.44,88.7,0.0,0.7,5,289.682,3.868,326.754
4577.9,64.66,88.8,0.0,0.8,5,286.739,3.862,329.271
4577.9,64.80,88.9,0.0,0.7,5,284.774,3.858,330.956
4577.9,65.01,89.0,0.0,0.7,5,281.823,3.850,333.497
4577.9,65.16,89.0,0.0,0.7,5,279.854,3.843,335.199
4590.9,65.35,89.1,0.0,0.5,5,276.896,3.839,337.764
4590.9,65.49,89.2,0.0,0.5,5,274.922,3.839,339.481
4590.9,65.70,89.2,0.0,0.4,5,271.956,3.839,342.068
4590.9,65.84,89.3,0.0,0.5,5,269.975,3.841,343.798
4604.0,66.05,89.4,0.0,0.4,5,266.998,3.844,346.404
4604.0,66.25,89.4,0.0,0.2,5,264.015,3.850,349.021
4604.0,66.38,89.5,0.0,0.0,5,262.022,3.856,350.772
4604.0,66.58,89.6,0.0,0.0,5,259.027,3.868,353.406
4617.3,66.71,89.6,0.0,0.1,5,257.027,3.876,355.167
4617.3,66.91,89.7,0.0,0.3,5,254.018,3.890,357.816
4617.3,67.05,89.7,0.0,0.3,5,252.008,3.898,359.586
4617.3,67.24,89.8,0.0,0.0,5,248.985,3.912,362.249
4630.7,67.36,89.9,0.0,0.1,5,246.966,3.923,364.028
4630.7,67.56,89.9,0.0,0.3,5,243.930,3.936,366.704
4630.7,67.68,90.0,0.0,0.2,5,241.901,3.943,368.493
4630.7,67.87,90.0,0.0,0.1,5,238.851,3.952,371.182
4644.3,68.00,90.1,0.0,0.0,5,236.813,3.958,372.980
4644.3,68.19,90.1,0.0,0.1,5,233.750,3.962,375.683
4644.3,68.31,90.2,0.0,0.1,5,231.704,3.963,377.490
4644.3,68.50,90.2,0.0,0.0,5,228.627,3.963,380.206
4657.9,68.69,90.3,0.0,-0.0,5,225.543,3.959,382.931
4657.9,68.80,90.4,0.0,-0.0,5,223.482,3.956,384.751
4657.9,68.99,90.4,0.0,0.0,5,220.385,3.952,387.488
4657.9,69.11,90.4,0.0,0.0,5,218.316,3.949,389.317
4671.7,69.28,90.5,0.0,0.1,5,215.206,3.944,392.067
4671.7,69.40,90.5,0.0,0.0,5,213.128,3.940,393.904
4671.7,69.58,90.6,0.0,-0.1,5,210.005,3.932,396.666
4671.7,69.70,90.6,0.0,-0.0,5,207.918,3.926,398.511
4685.6,69.86,90.7,0.0,0.1,5,204.783,3.920,401.285
4685.6,69.98,90.7,0.0,0.1,5,202.689,3.917,403.138
4685.6,70.15,90.8,0.0,0.0,5,199.541,3.912,405.924
4685.6,70.26,90.8,0.0,-0.1,5,197.438,3.909,407.785
4699.6,70.43,90.9,0.0,0.0,5,194.278,3.905,410.583
4699.6,70.60,91.0,0.0,0.1,5,191.112,3.899,413.388
4699.6,70.71,91.0,0.0,0.2,5,188.997,3.895,415.263
4699.6,70.87,91.1,0.0,0.1,5,185.818,3.890,418.080
4713.8,70.97,91.1,0.0,0.1,5,183.696,3.887,419.961
4713.8,71.14,91.1,0.0,0.1,5,180.507,3.885,422.790
4713.8,71.24,91.2,0.0,0.1,5,178.377,3.883,424.680
4713.8,71.40,91.2,0.0,0.1,5,175.177,3.879,427.522
4728.0,71.51,91.3,0.0,0.2,5,173.041,3.875,429.420
4728.0,71.66,91.4,0.0,0.2,5,169.832,3.868,432.274
4728.0,71.76,91.4,0.0,0.2,5,167.690,3.864,434.181
4728.0,71.90,91.5,0.0,0.1,5,164.471,3.861,437.047
4742.3,72.00,91.5,0.0,0.1,0,162.323,3.860,438.962
4830.1,74.65,91.4,0.0,-0.0,6,93.651,3.850,500.606
4830.1,74.79,91.4,0.0,0.0,6,90.315,3.836,503.601
4830.1,74.87,91.4,0.0,0.0,6,88.088,3.825,505.601
4845.0,75.00,91.4,0.0,-0.0,6,84.742,3.806,508.603
4845.0,75.08,91.5,0.0,0.0,6,82.508,3.793,510.608
4845.0,75.21,91.5,0.0,-0.0,6,79.153,3.773,513.619
4845.0,75.29,91.5,0.0,-0.1,6,76.912,3.759,515.629
4860.0,75.41,91.6,0.0,-0.1,6,73.547,3.738,518.647
4860.0,75.50,91.6,0.0,-0.1,6,71.300,3.723,520.662
4860.0,75.62,91.6,0.0,-0.5,6,67.924,3.700,523.688
4860.0,75.70,91.7,0.0,-0.3,6,65.670,3.685,525.707
4875.1,75.82,91.7,0.0,-0.4,6,62.282,3.659,528.738
4875.1,75.91,91.7,0.0,-0.7,6,60.019,3.641,530.759
4875.1,76.03,91.7,0.0,-0.7,6,56.615,3.612,533.790
4890.3,76.15,91.8,0.0,-0.3,6,53.201,3.579,536.820
4890.3,76.23,91.8,0.0,0.2,6,50.919,3.556,538.841
4890.3,76.35,91.8,0.0,0.0,6,47.490,3.521,541.872
4890.3,76.43,91.8,0.0,0.5,6,45.200,3.495,543.894
4905.6,76.55,91.9,0.0,0.8,6,41.759,3.454,546.930
4905.6,76.62,91.9,0.0,0.7,6,39.464,3.425,548.958
4905.6,76.74,91.9,0.0,0.4,6,36.019,3.376,552.007
4905.6,76.81,92.0,0.0,0.2,6,33.721,3.340,554.045
4920.9,76.93,92.0,0.0,0.1,6,30.275,3.284,557.110
4920.9,77.01,92.0,0.0,0.2,6,27.977,3.246,559.158
4920.9,77.12,92.0,0.0,0.2,6,24.529,3.188,562.238
4920.9,77.19,92.1,0.0,0.2,6,22.230,3.149,564.296
4936.3,77.31,92.1,0.0,0.2,6,18.778,3.090,567.388
4936.3,77.42,92.1,0.0,0.1,6,15.322,3.029,570.487
4936.3,77.50,92.1,0.0,-0.1,6,13.017,2.990,572.557
4936.3,77.61,92.2,0.0,-0.5,6,9.556,2.932,575.666
4951.8,77.68,92.2,0.0,-0.2,6,7.245,2.893,577.741
4951.8,77.79,92.2,0.0,-0.1,6,3.775,2.839,580.856
4951.8,77.86,92.2,0.0,-0.4,6,1.458,2.802,582.934
4951.8,77.77,16.4,33.9,-0.9,6,-2.021,2.741,586.052
4967.4,77.25,0.0,74.5,-0.9,6,-4.333,2.700,588.120
4967.4,76.01,0.0,91.1,-0.1,6,-7.767,2.643,591.184
4967.4,75.10,0.0,94.5,0.3,6,-10.025,2.605,593.195
4967.4,73.69,0.0,92.9,0.2,6,-13.364,2.551,596.161
4982.4,72.77,0.0,93.3,-0.2,6,-15.557,2.516,598.106
4982.4,71.39,0.0,93.1,-1.0,6,-18.795,2.468,600.975
4982.4,70.49,0.0,92.6,-1.1,6,-20.922,2.437,602.856
4982.4,69.12,0.0,91.7,-1.4,6,-24.065,2.386,605.630
5053.9,47.76,0.0,47.2,-7.1,4,-71.661,1.660,644.131
5053.9,47.03,0.0,46.0,-7.5,4,-74.048,1.626,645.678
5053.9,46.32,0.0,44.2,-8.4,4,-76.428,1.592,647.157
5053.9,45.87,0.0,41.6,-8.8,4,-78.010,1.571,648.106
5063.2,45.23,36.6,36.9,-9.0,0,-80.378,1.538,649.473
5063.2,44.85,0.0,31.3,-8.2,3,-81.954,1.517,650.347
5063.2,44.33,0.0,23.9,-8.1,3,-84.315,1.486,651.605
5063.2,44.04,0.0,21.0,-9.5,3,-85.890,1.465,652.409
5071.9,43.63,0.0,19.9,-11.3,3,-88.253,1.433,653.564
5071.9,43.20,0.0,34.9,-13.0,3,-90.618,1.400,654.659
5071.9,42.81,0.0,41.8,-13.6,3,-92.192,1.379,655.354
5080.4,42.16,0.0,39.5,-13.4,3,-94.543,1.347,656.344
5080.4,41.75,0.0,29.2,-12.7,3,-96.102,1.327,656.966
5080.4,41.28,0.0,15.1,-11.9,3,-98.432,1.298,657.845
5080.4,40.97,0.0,8.7,-12.6,3,-100.761,1.269,658.658
5088.7,40.80,0.0,7.1,-13.6,3,-102.316,1.250,659.165
5088.7,40.57,0.0,3.8,-16.1,3,-104.652,1.220,659.875
5088.7,40.44,0.0,4.5,-17.2,3,-106.212,1.200,660.313
5088.7,40.24,0.0,3.4,-18.6,3,-108.556,1.172,660.917
5097.0,40.11,0.0,3.7,-19.2,3,-110.120,1.153,661.286
5097.0,39.91,0.0,3.6,-19.0,3,-112.468,1.124,661.787
5097.0,39.78,0.0,3.1,-18.4,3,-114.033,1.105,662.085
5097.0,39.58,0.0,4.7,-18.0,3,-116.382,1.078,662.476
5105.2,39.44,0.0,3.0,-18.1,3,-117.947,1.061,662.700
5105.2,39.25,0.0,3.8,-17.9,3,-120.291,1.034,662.982
5105.2,39.12,0.0,3.4,-17.5,3,-121.851,1.017,663.133
5105.2,38.93,0.0,3.4,-17.0,3,-124.186,0.994,663.302
5113.1,38.73,0.0,3.3,-17.6,3,-126.514,0.972,663.405
5113.1,38.61,0.0,2.9,-18.1,3,-128.060,0.958,663.438
5113.1,38.42,0.0,4.2,-19.2,3,-130.371,0.938,663.435
5113.1,38.29,0.0,3.2,-19.7,3,-131.905,0.924,663.399
5121.2,38.11,0.0,2.7,-19.4,3,-134.195,0.904,663.291
5121.2,37.98,0.0,3.8,-19.2,3,-135.713,0.891,663.184
5121.2,37.80,0.0,1.7,-19.6,3,-137.976,0.872,662.970
5121.2,37.63,0.0,2.9,-20.2,3,-140.223,0.854,662.694
5129.0,37.46,0.0,1.3,-20.2,3,-142.450,0.836,662.355
5129.0,37.29,0.0,2.2,-20.7,3,-144.656,0.818,661.955
5129.0,37.11,0.0,1.1,-20.6,3,-146.840,0.802,661.493
5136.9,37.00,0.0,1.6,-21.1,3,-148.283,0.791,661.150
5136.9,36.83,0.0,1.5,-21.9,3,-150.425,0.775,660.586
5136.9,36.72,0.0,0.8,-22.3,3,-151.838,0.765,660.177
5136.9,36.56,0.0,2.5,-22.9,3,-153.935,0.750,659.514
5144.9,36.42,39.8,1.8,-23.7,0,-156.001,0.735,658.792
5144.9,36.31,0.0,2.4,-23.8,2,-157.362,0.725,658.277
5144.9,36.10,0.0,1.9,-23.6,2,-159.374,0.711,657.457
5144.9,35.97,0.0,1.0,-23.3,2,-160.695,0.702,656.878
5152.5,35.78,0.0,3.8,-22.5,2,-162.642,0.690,655.960
5152.5,35.64,0.4,0.6,-22.2,2,-163.918,0.684,655.317
5152.5,35.46,0.7,0.3,-22.2,2,-165.795,0.676,654.305
5152.5,35.27,2.5,0.3,-22.7,2,-167.630,0.669,653.238
5160.5,35.17,7.0,0.0,-22.7,2,-168.828,0.666,652.497
5160.5,35.05,8.9,0.0,-23.0,2,-170.590,0.661,651.342
5160.5,34.98,13.7,0.0,-24.2,2,-171.740,0.659,650.542
5160.5,34.96,23.8,0.0,-25.7,2,-173.431,0.656,649.301
5167.9,34.94,24.1,0.0,-26.6,2,-174.534,0.656,648.443
5167.9,34.99,34.2,0.0,-28.7,2,-176.155,0.657,647.111
5167.9,35.11,39.3,0.0,-30.1,2,-177.735,0.660,645.724
5167.9,35.20,42.3,0.0,-31.5,2,-178.767,0.662,644.769
5175.8,35.37,46.3,0.0,-32.7,2,-180.283,0.667,643.292
5175.8,35.49,49.2,0.0,-33.6,2,-181.271,0.670,642.278
5175.8,35.69,52.1,0.0,-36.3,2,-182.721,0.675,640.711
5175.8,35.83,50.8,0.0,-35.5,2,-183.665,0.679,639.636
5183.2,36.01,51.8,0.0,-32.4,2,-185.042,0.686,637.979
5183.2,36.18,61.3,0.0,-29.7,2,-185.935,0.692,636.845
5183.2,36.50,69.2,0.0,-26.4,2,-187.237,0.702,635.098
5183.2,36.70,61.0,0.0,-25.0,2,-188.081,0.709,633.902
5190.7,36.85,26.4,1.9,-23.5,2,-189.309,0.719,632.067
5190.7,36.75,2.2,10.6,-22.3,2,-190.094,0.726,630.820
5190.7,36.47,1.3,0.9,-21.1,2,-191.212,0.738,628.929
5197.9,36.35,28.5,0.0,-19.6,2,-192.260,0.751,627.014
5197.9,36.40,39.9,0.0,-21.2,2,-192.925,0.758,625.720
5197.9,36.58,53.5,0.0,-22.2,2,-193.876,0.767,623.749
5197.9,36.71,51.6,0.0,-20.8,2,-194.481,0.771,622.414
5204.8,36.91,50.2,0.0,-17.0,2,-195.343,0.776,620.381
5204.8,37.05,55.4,0.0,-15.4,2,-195.887,0.778,619.006
5204.8,37.27,53.7,0.0,-13.8,2,-196.660,0.779,616.914
5204.8,37.43,55.1,0.0,-12.2,2,-197.143,0.778,615.501
5211.9,37.68,61.3,0.0,-13.7,2,-197.821,0.777,613.353
5211.9,37.86,62.4,0.0,-15.4,2,-198.240,0.777,611.902
5211.9,38.16,65.7,0.0,-18.2,2,-198.818,0.778,609.696
5211.9,38.37,66.9,0.0,-18.1,2,-199.169,0.779,608.207
5219.3,38.68,69.9,0.0,-18.5,2,-199.648,0.780,605.946
5219.3,38.89,68.0,0.0,-18.1,2,-199.934,0.781,604.422
5219.3,39.20,75.6,0.0,-16.3,2,-200.311,0.783,602.110
5219.3,39.45,74.5,0.0,-14.6,2,-200.528,0.786,600.553
5227.1,39.78,75.7,0.0,-8.5,2,-200.801,0.791,598.193
5227.1,40.12,69.2,0.0,-0.9,2,-201.012,0.798,595.805
5227.1,40.37,78.4,0.0,4.2,2,-201.120,0.803,594.200
5227.1,40.82,85.5,0.0,8.9,2,-201.237,0.814,591.769
5235.3,41.14,83.9,0.0,9.7,2,-201.289,0.823,590.131
5235.3,41.26,6.5,29.5,6.2,2,-201.339,0.840,587.656
5235.3,40.93,0.0,39.2,4.6,2,-201.365,0.851,586.011
5235.3,40.26,0.0,62.9,5.3,2,-201.411,0.867,583.573
5243.4,39.63,0.0,71.2,5.1,2,-201.451,0.876,581.974
5243.4,38.64,0.0,65.2,8.1,2,-201.527,0.892,579.625
5243.4,38.03,0.0,56.6,8.6,2,-201.592,0.902,578.092
5243.4,37.23,0.0,47.2,10.4,2,-201.713,0.919,575.837
5251.1,36.76,0.0,38.1,13.0,2,-201.812,0.930,574.360
5251.1,36.20,0.0,27.7,14.6,2,-201.994,0.947,572.178
5251.1,35.88,0.0,22.7,14.5,2,-202.138,0.956,570.743
5251.1,35.49,0.0,15.1,16.5,2,-202.392,0.970,568.617
5258.4,35.27,0.0,11.1,17.4,2,-202.586,0.978,567.215
5258.4,34.99,0.0,10.0,15.6,2,-202.920,0.989,565.133
5258.4,34.72,0.0,11.2,16.5,2,-203.306,1.003,563.078
5258.4,34.54,0.0,12.3,15.6,2,-203.591,1.011,561.721
5265.8,34.24,0.0,14.5,12.0,2,-204.056,1.024,559.711
5265.8,34.03,0.0,15.6,13.5,2,-204.389,1.034,558.386
5265.8,33.67,0.0,31.6,14.4,2,-204.925,1.050,556.426
5265.8,33.32,0.0,42.2,17.3,2,-205.303,1.062,555.140
5272.9,32.71,0.0,53.0,19.7,2,-205.898,1.080,553.250
5272.9,32.22,0.0,47.5,20.2,2,-206.314,1.091,552.018
5272.9,31.55,0.0,35.2,18.5,2,-206.965,1.109,550.218
5272.9,31.18,0.0,29.0,15.7,2,-207.420,1.121,549.048
5280.4,30.72,0.0,20.2,10.5,2,-208.134,1.140,547.334
5280.4,30.47,0.0,15.9,8.9,2,-208.631,1.154,546.215
5280.4,30.17,0.0,13.5,13.2,2,-209.404,1.175,544.568
5280.4,29.97,0.0,14.4,16.4,2,-209.937,1.190,543.490
5287.2,29.68,0.0,14.5,20.9,2,-210.762,1.211,541.901
5287.2,29.39,36.9,12.4,29.7,0,-211.616,1.231,540.349
5287.2,29.23,0.0,9.6,33.2,1,-212.206,1.244,539.335
5287.2,28.96,0.0,6.3,27.9,1,-213.126,1.263,537.851
5293.8,28.80,0.0,5.4,30.2,1,-213.761,1.276,536.886
5293.8,28.58,0.0,2.0,34.3,1,-214.750,1.294,535.477
5293.8,28.45,0.1,0.2,34.1,1,-215.434,1.306,534.564
5293.8,28.27,1.7,0.0,36.4,1,-216.497,1.322,533.235
5300.8,28.15,3.4,0.0,39.4,1,-217.229,1.333,532.376
5300.8,28.00,7.0,0.0,44.3,1,-218.363,1.348,531.131
5300.8,27.91,9.0,0.0,47.2,1,-219.143,1.357,530.330
5300.8,27.80,11.8,0.0,52.4,1,-220.347,1.370,529.171
5306.8,27.73,13.1,0.0,53.2,1,-221.173,1.378,528.428
5306.8,27.64,13.8,0.0,54.9,1,-222.443,1.389,527.357
5306.8,27.59,14.7,0.0,56.1,1,-223.311,1.396,526.674
5306.8,27.52,17.0,0.0,58.0,1,-224.642,1.406,525.694
5312.7,27.49,17.7,0.0,59.2,1,-225.549,1.412,525.071
5312.7,27.45,17.9,0.0,61.3,1,-226.937,1.421,524.182
5312.7,27.41,17.2,0.0,62.8,1,-227.880,1.426,523.620
5312.7,27.35,15.9,0.0,65.5,1,-229.317,1.432,522.824
5318.5,27.30,15.9,0.0,67.2,1,-230.290,1.436,522.326
5318.5,27.22,15.1,0.0,69.1,1,-231.769,1.440,521.628
5318.5,27.13,14.4,0.0,70.2,1,-233.270,1.444,520.990
5318.5,27.07,14.2,0.0,70.7,1,-234.281,1.446,520.599
5324.5,26.98,13.7,0.0,71.3,1,-235.812,1.448,520.065
5324.5,26.91,13.2,0.0,71.8,1,-236.841,1.449,519.744
5324.5,26.81,13.0,0.0,72.4,1,-238.395,1.449,519.316
5324.5,26.74,13.0,0.0,72.3,1,-239.437,1.449,519.066
5330.2,26.63,12.9,0.0,71.9,1,-241.005,1.449,518.745
5330.2,26.56,13.1,0.0,71.3,1,-242.054,1.448,518.567
5330.2,26.46,14.4,0.0,69.0,1,-243.630,1.446,518.354
5330.2,26.42,15.5,0.0,66.9,1,-244.683,1.444,518.247
5335.8,26.35,17.5,0.0,63.7,1,-246.262,1.440,518.142
5335.8,26.33,19.7,0.0,61.4,1,-247.315,1.438,518.108
5335.8,26.33,25.8,0.0,56.9,1,-248.894,1.433,518.110
5335.8,26.37,30.3,0.0,53.8,1,-249.947,1.429,518.146
5341.3,26.51,39.1,0.0,49.2,1,-251.529,1.422,518.253
5341.3,26.65,47.1,0.0,46.4,1,-252.587,1.418,518.358
5341.3,26.97,55.4,0.0,42.4,1,-254.181,1.410,518.567
5347.0,27.31,53.1,0.0,38.9,1,-255.786,1.401,518.837
5347.0,27.53,52.4,0.0,37.2,1,-256.861,1.394,519.052
5347.0,27.84,52.4,0.0,28.2,1,-258.478,1.384,519.425
5347.0,28.05,50.0,0.0,27.6,1,-259.559,1.376,519.708
5352.8,28.34,48.7,0.0,28.4,1,-261.182,1.363,520.185
5352.8,28.54,49.6,0.0,23.6,1,-262.263,1.355,520.537
5352.8,28.85,46.9,0.0,17.0,1,-263.884,1.341,521.116
5352.8,29.04,44.7,0.0,16.9,1,-264.963,1.331,521.535
5358.9,29.31,42.9,0.0,21.5,1,-266.578,1.317,522.209
5358.9,29.47,41.2,0.0,24.9,1,-267.651,1.306,522.688
5358.9,29.68,39.3,0.0,29.5,1,-269.254,1.290,523.450
5358.9,29.82,39.9,0.0,31.0,1,-270.315,1.279,523.987
5365.5,30.03,39.7,0.0,32.7,1,-271.897,1.262,524.836
5365.5,30.17,40.3,0.0,34.2,1,-272.943,1.251,525.432
5365.5,30.38,44.7,0.0,35.9,1,-274.497,1.232,526.371
5365.5,30.54,47.4,0.0,35.4,1,-275.522,1.220,527.029
5372.0,30.81,50.6,0.0,39.8,1,-277.042,1.201,528.065
5372.0,31.00,54.8,0.0,42.7,1,-278.043,1.189,528.790
5372.0,31.33,58.8,0.0,46.4,1,-279.525,1.169,529.928
5372.0,31.52,47.6,0.0,48.8,1,-280.500,1.156,530.722
5378.7,31.69,37.8,0.0,53.0,1,-281.935,1.135,531.961
5378.7,31.74,23.2,0.0,58.3,1,-283.331,1.114,533.255
5378.7,31.70,18.8,0.0,61.4,1,-284.234,1.099,534.146
5378.7,31.61,16.3,0.0,65.9,1,-285.544,1.078,535.522
5385.9,31.54,15.1,0.0,69.2,1,-286.386,1.065,536.463
5385.9,31.42,13.6,0.0,73.3,1,-287.604,1.045,537.907
5385.9,31.33,13.0,0.0,75.5,1,-288.384,1.032,538.891
5385.9,31.20,12.5,0.0,72.8,1,-289.505,1.013,540.395
5392.7,31.11,12.5,0.0,74.6,1,-290.221,1.000,541.415
5392.7,30.97,12.5,0.0,76.5,1,-291.244,0.980,542.971
5392.7,30.87,12.3,0.0,74.5,1,-291.893,0.967,544.024
5392.7,30.72,12.4,0.0,77.5,1,-292.813,0.948,545.627
5399.9,30.63,12.2,0.0,75.5,1,-293.390,0.935,546.710
5399.9,30.49,12.0,0.0,75.0,1,-294.201,0.917,548.354
5399.9,30.40,12.0,0.0,74.9,1,-294.706,0.905,549.463
5399.9,30.26,11.8,0.0,77.3,1,-295.410,0.886,551.141
5406.5,30.17,11.7,0.0,78.4,1,-295.844,0.873,552.269
5406.5,30.02,11.6,0.0,79.4,1,-296.439,0.853,553.974
5406.5,29.92,11.5,0.0,78.2,1,-296.798,0.840,555.117
5406.5,29.76,11.5,0.0,73.1,1,-297.280,0.822,556.841
5413.0,29.67,11.9,0.0,65.7,1,-297.563,0.810,557.996
5413.0,29.57,15.9,0.0,58.4,1,-297.929,0.793,559.734
5413.0,29.55,25.9,0.0,52.9,1,-298.137,0.781,560.898
5413.0,29.71,51.6,0.0,39.0,1,-298.394,0.763,562.655
5419.9,29.93,67.0,0.0,30.4,1,-298.532,0.751,563.839
5419.9,30.43,66.4,0.0,6.1,1,-298.694,0.732,565.641
5419.9,30.97,83.5,0.0,-7.1,1,-298.811,0.715,567.478
5419.9,31.42,84.7,0.0,-8.1,1,-298.874,0.704,568.723
5426.5,32.09,84.9,0.0,-2.6,1,-298.949,0.689,570.626
5426.5,32.51,85.0,0.0,2.7,1,-298.990,0.679,571.917
5426.5,33.15,85.1,0.0,8.6,1,-299.041,0.666,573.885
5426.5,33.56,85.3,0.0,10.6,1,-299.067,0.659,575.218
5433.3,34.16,85.5,0.0,12.0,1,-299.088,0.652,577.248
5433.3,34.55,85.6,0.0,12.3,1,-299.087,0.647,578.621
5433.3,35.11,85.8,0.0,10.4,1,-299.057,0.643,580.710
5433.3,35.34,0.0,0.0,8.7,0,-299.018,0.641,582.120
5440.6,35.53,84.0,0.0,8.3,2,-298.927,0.639,584.240
5440.6,35.88,84.1,0.0,8.9,2,-298.847,0.637,585.665
5440.6,36.41,84.3,0.0,9.9,2,-298.696,0.634,587.827
5440.6,36.77,84.4,0.0,10.9,2,-298.575,0.631,589.285
5479.5,43.65,72.3,0.0,4.8,3,-289.425,0.322,626.123
5479.5,43.98,70.1,0.0,4.7,3,-288.444,0.286,628.561
5488.2,44.20,68.3,0.0,4.9,3,-287.772,0.261,630.191
5488.2,44.51,67.9,0.0,5.4,3,-286.738,0.220,632.643
5488.2,44.73,68.3,0.0,5.0,3,-286.033,0.191,634.281
5488.2,45.04,70.7,0.0,4.7,3,-284.948,0.148,636.745
5497.1,45.37,72.1,0.0,4.7,3,-283.835,0.103,639.217
5497.1,45.59,72.7,0.0,4.1,3,-283.077,0.072,640.870
5497.1,45.90,70.1,0.0,4.4,3,-281.912,0.030,643.354
5497.1,46.11,69.6,0.0,5.0,3,-281.119,0.003,645.015
5506.1,46.44,69.5,0.0,5.3,3,-279.904,-0.037,647.511
5506.1,46.62,69.5,0.0,5.3,3,-279.077,-0.063,649.178
5506.1,46.94,71.3,0.0,5.0,3,-277.809,-0.102,651.681
5506.1,47.13,72.1,0.0,4.5,3,-276.947,-0.127,653.353
5515.5,47.46,72.7,0.0,3.5,3,-275.626,-0.164,655.863
5515.5,47.67,73.6,0.0,3.6,3,-274.726,-0.185,657.539
5515.5,47.98,75.8,0.0,4.2,3,-273.348,-0.208,660.055
5515.5,48.22,76.2,0.0,4.4,3,-272.413,-0.219,661.737
5525.0,48.56,74.3,0.0,4.6,3,-270.984,-0.233,664.263
5525.0,48.76,74.2,0.0,4.8,3,-270.015,-0.244,665.950
5525.0,49.08,74.7,0.0,4.3,3,-268.536,-0.261,668.484
5525.0,49.28,74.9,0.0,4.4,3,-267.531,-0.272,670.174
5534.8,49.59,75.6,0.0,4.6,3,-265.997,-0.286,672.712
5534.8,49.79,75.9,0.0,4.8,3,-264.956,-0.296,674.405
5534.8,50.11,76.5,0.0,4.7,3,-263.369,-0.309,676.946
5534.8,50.31,76.9,0.0,4.6,3,-262.292,-0.318,678.641
5544.7,50.62,77.7,0.0,4.5,3,-260.651,-0.328,681.185
5544.7,50.92,78.3,0.0,4.2,3,-258.976,-0.336,683.728
5544.7,51.13,78.9,0.0,3.9,3,-257.841,-0.339,685.425
5544.7,51.34,79.0,0.0,2.9,3,-256.693,-0.343,687.121
5554.9,51.65,79.9,0.0,2.4,3,-254.946,-0.347,689.669
5554.9,51.95,82.2,0.0,1.8,0,-253.174,-0.351,692.221
5554.9,51.93,0.0,0.0,1.4,0,-251.981,-0.355,693.923
5554.9,52.11,73.5,0.0,0.8,4,-250.181,-0.360,696.471
5565.2,52.29,72.9,0.0,0.7,4,-248.972,-0.364,698.172
5565.2,52.54,70.6,0.0,1.4,4,-247.144,-0.371,700.731
5565.2,52.70,70.7,0.0,1.8,4,-245.916,-0.377,702.441
5565.2,52.95,70.8,0.0,2.4,4,-244.061,-0.386,705.010
5575.6,53.10,71.0,0.0,2.7,4,-242.814,-0.391,706.725
5575.6,53.35,71.2,0.0,3.0,4,-240.927,-0.398,709.301
5575.6,53.51,71.3,0.0,3.3,4,-239.656,-0.403,711.019
5575.6,53.75,71.6,0.0,3.7,4,-237.730,-0.408,713.596
5586.2,53.91,71.7,0.0,3.8,4,-236.432,-0.411,715.313
5586.2,54.15,72.0,0.0,4.1,4,-234.462,-0.414,717.887
5586.2,54.38,72.2,0.0,4.3,4,-232.464,-0.416,720.457
5586.2,54.54,72.4,0.0,4.3,4,-231.115,-0.417,722.167
5597.1,54.77,72.8,0.0,3.3,4,-229.067,-0.418,724.728
5597.1,54.93,72.9,0.0,2.0,4,-227.684,-0.418,726.431
5597.1,55.17,73.0,0.0,2.9,4,-225.588,-0.417,728.983
5597.1,55.33,73.3,0.0,2.7,4,-224.176,-0.415,730.682
5608.2,55.56,73.6,0.0,3.4,4,-222.037,-0.412,733.230
5608.2,55.72,73.8,0.0,4.9,4,-220.597,-0.409,734.927
5608.2,55.95,74.2,0.0,5.3,4,-218.414,-0.402,737.467
5608.2,56.10,74.5,0.0,5.9,4,-216.942,-0.395,739.155
5619.7,56.32,74.9,0.0,4.5,4,-214.705,-0.383,741.678
5619.7,56.48,75.1,0.0,4.3,4,-213.195,-0.372,743.354
5619.7,56.71,75.3,0.0,4.5,4,-210.902,-0.355,745.858
5619.7,56.85,75.4,0.0,4.5,4,-209.355,-0.342,747.520
5631.2,57.08,76.1,0.0,5.1,4,-207.007,-0.321,750.003
5631.2,57.23,76.3,0.0,4.3,4,-205.424,-0.305,751.652
5631.2,57.45,76.7,0.0,4.7,4,-203.021,-0.279,754.114
5642.9,57.68,77.0,0.0,5.6,4,-200.586,-0.253,756.562
5642.9,57.83,77.2,0.0,6.0,4,-198.945,-0.236,758.187
5642.9,58.05,77.7,0.0,6.1,4,-196.454,-0.214,760.612
5642.9,58.20,78.1,0.0,5.6,4,-194.774,-0.200,762.218
5654.8,58.41,78.6,0.0,5.7,4,-192.223,-0.181,764.612
5654.8,58.57,78.3,0.0,5.8,4,-190.504,-0.172,766.198
5654.8,58.79,78.5,0.0,5.3,4,-187.895,-0.165,768.562
5654.8,58.94,78.7,0.0,5.0,4,-186.135,-0.163,770.126
5666.7,59.15,79.2,0.0,4.8,4,-183.465,-0.159,772.453
5666.7,59.29,79.5,0.0,4.8,4,-181.664,-0.156,773.992
5666.7,59.51,80.2,0.0,4.9,4,-178.934,-0.148,776.283
5666.7,59.65,80.6,0.0,5.2,4,-177.095,-0.143,777.798
5678.8,59.88,80.9,0.0,5.8,4,-174.309,-0.138,780.056
5678.8,60.03,81.2,0.0,6.0,4,-172.434,-0.136,781.549
5678.8,60.24,81.8,0.0,6.4,4,-169.592,-0.136,783.772
5678.8,60.39,81.8,0.0,6.0,4,-167.678,-0.139,785.241
5691.2,60.60,82.4,0.0,5.9,4,-164.777,-0.142,787.421
5691.2,60.81,83.2,0.0,6.1,4,-161.837,-0.141,789.570
5691.2,60.95,83.6,0.0,6.7,4,-159.856,-0.138,790.986
5691.2,61.18,83.9,0.0,7.2,4,-156.854,-0.135,793.085
5703.6,61.32,83.9,0.0,7.1,4,-154.832,-0.136,794.467
5703.6,61.51,84.9,0.0,5.7,4,-151.768,-0.136,796.513
5703.6,61.65,85.2,0.0,4.7,4,-149.705,-0.134,797.857
5703.6,61.85,86.1,0.0,4.1,4,-146.578,-0.127,799.843
5716.3,61.90,0.0,0.0,5.1,0,-144.473,-0.120,801.148
5716.3,61.90,77.0,0.0,6.3,5,-141.301,-0.115,803.075
5716.3,62.02,77.1,0.0,7.3,5,-139.170,-0.114,804.342
5716.3,62.18,78.5,0.0,7.7,5,-135.948,-0.112,806.212
5728.9,62.30,77.9,0.0,7.1,5,-133.781,-0.110,807.437
5728.9,62.45,77.7,0.0,7.2,5,-130.503,-0.104,809.242
5728.9,62.56,77.8,0.0,7.4,5,-128.299,-0.105,810.423
5728.9,62.71,78.0,0.0,7.5,5,-124.965,-0.104,812.155
5741.7,62.82,78.1,0.0,7.6,5,-122.722,-0.102,813.284
5741.7,62.98,78.3,0.0,7.7,5,-119.331,-0.099,814.939
5741.7,63.14,78.6,0.0,6.7,5,-115.905,-0.095,816.545
5741.7,63.25,78.6,0.0,6.2,5,-113.604,-0.093,817.589
5754.5,63.41,78.6,0.0,5.8,5,-110.125,-0.091,819.118
5754.5,63.51,78.7,0.0,5.9,5,-107.790,-0.089,820.111
5754.5,63.67,79.1,0.0,6.2,5,-104.262,-0.084,821.564
5754.5,63.78,79.1,0.0,6.3,5,-101.895,-0.080,822.508
5767.4,63.94,79.3,0.0,6.4,5,-98.321,-0.073,823.889
5767.4,64.05,79.6,0.0,6.4,5,-95.924,-0.070,824.786
5767.4,64.21,79.8,0.0,6.7,5,-92.307,-0.063,826.095
5767.4,64.31,79.8,0.0,6.8,5,-89.881,-0.060,826.943
5780.3,64.47,80.2,0.0,6.5,5,-86.220,-0.057,828.178
5780.3,64.57,80.4,0.0,6.2,5,-83.766,-0.053,828.974
5780.3,64.73,81.6,0.0,6.4,5,-80.063,-0.045,830.127
5780.3,64.84,82.6,0.0,6.4,5,-77.580,-0.040,830.870
5793.2,65.01,84.3,0.0,6.6,5,-73.836,-0.032,831.943
5793.2,65.13,85.3,0.0,6.5,5,-71.326,-0.027,832.631
5793.2,65.30,86.4,0.0,6.9,5,-67.542,-0.019,833.623
5793.2,65.42,87.1,0.0,5.5,5,-65.005,-0.013,834.256
5859.5,68.24,90.0,0.0,0.3,5,-5.734,0.301,844.283
5859.5,68.43,90.1,0.0,0.1,5,-1.663,0.329,844.768
5859.5,68.55,90.2,0.0,-0.1,5,1.057,0.348,845.088
3.9,68.73,90.2,0.0,-0.2,5,5.146,0.371,845.568
