opponent,v3,Loïc Duval,0,1771613619725
Game,version,date,track,car,event,laptime [s],S1 [s],S2 [s],S3 [s],S4+ [s]
LMU,1.2,2026-02-20 18:53:39,Silverstone Grand Prix Circuit - ELMS,Peugeot TotalEnergies 2025 #94:LM (Hyper),Live,109.576,0,0,0
Tracklen [m],TotalLaps
5869.1,13
,
,
lapdistance [m],speed [m/s],throttle [%],brake [%],steer [%],gear [int],world_x [m],world_y [m],world_z [m]
69.6,70.87,59.2,0.0,0.1,5,74.729,0.911,853.386
69.6,71.03,59.3,0.0,0.0,5,78.961,0.948,853.848
69.6,71.14,59.3,0.0,0.0,5,81.787,0.970,854.156
83.8,71.29,59.3,0.0,-0.0,5,86.034,1.003,854.617
83.8,71.39,59.3,0.0,-0.0,5,88.871,1.025,854.925
83.8,71.54,59.3,0.0,0.0,5,93.134,1.059,855.387
83.8,71.65,59.4,0.0,0.1,5,95.980,1.080,855.695
98.1,71.80,59.4,0.0,0.1,5,100.258,1.111,856.158
98.1,71.90,59.4,0.0,0.1,5,103.115,1.131,856.467
98.1,72.05,59.4,0.0,0.2,5,107.408,1.162,856.930
112.4,72.20,59.4,0.0,0.3,5,111.710,1.193,857.394
112.4,72.29,59.4,0.0,0.4,5,114.583,1.214,857.703
112.4,72.44,59.3,0.0,0.3,5,118.900,1.246,858.165
112.4,72.54,59.3,0.0,0.2,5,121.783,1.265,858.471
126.9,72.68,59.2,0.0,0.2,5,126.116,1.289,858.928
126.9,72.78,59.1,0.0,0.2,5,129.009,1.304,859.231
126.9,72.91,59.0,0.0,0.2,5,133.356,1.327,859.683
126.9,73.00,59.0,0.0,0.2,5,136.259,1.343,859.983
141.6,73.13,58.7,0.0,0.2,5,140.619,1.376,860.431
141.6,73.14,0.0,0.0,0.2,0,143.530,1.399,860.728
141.6,73.12,85.0,0.0,0.1,6,147.893,1.426,861.171
141.6,73.21,78.6,0.0,0.1,6,150.805,1.444,861.464
156.1,73.34,69.0,0.0,0.2,6,155.179,1.470,861.903
156.1,73.43,62.7,0.0,0.2,6,158.100,1.486,862.194
156.1,73.56,58.2,0.0,0.1,6,162.488,1.510,862.629
156.1,73.69,58.3,0.0,0.1,6,166.884,1.538,863.062
170.8,73.78,58.3,0.0,0.1,6,169.819,1.558,863.350
170.8,73.91,58.3,0.0,0.0,6,174.228,1.587,863.780
170.8,74.00,58.3,0.0,-0.1,6,177.172,1.607,864.067
170.8,74.13,58.3,0.0,-0.2,6,181.595,1.637,864.496
185.6,74.21,58.4,0.0,-0.3,6,184.547,1.655,864.782
185.6,74.34,58.4,0.0,-0.4,6,188.982,1.681,865.214
185.6,74.42,58.4,0.0,-0.4,6,191.943,1.699,865.504
185.6,74.54,58.4,0.0,-0.5,6,196.390,1.727,865.944
200.5,74.63,58.5,0.0,-0.3,6,199.358,1.746,866.241
200.5,74.75,58.5,0.0,-0.2,6,203.817,1.772,866.694
200.5,74.83,58.5,0.0,-0.3,6,206.792,1.789,866.999
200.5,74.96,58.5,0.0,-0.1,6,211.262,1.811,867.464
215.5,75.03,58.5,0.0,0.0,6,214.245,1.827,867.777
215.5,75.15,58.6,0.0,0.3,6,218.725,1.857,868.250
215.5,75.24,58.6,0.0,0.4,6,221.716,1.878,868.567
215.5,75.35,58.6,0.0,0.5,6,226.208,1.910,869.043
230.5,75.48,58.6,0.0,0.6,6,230.708,1.941,869.515
230.5,75.55,58.6,0.0,0.5,6,233.713,1.962,869.827
230.5,75.36,7.9,39.7,0.5,6,238.220,1.997,870.289
230.5,74.85,0.0,67.7,0.6,6,241.211,2.018,870.591
245.6,73.73,0.0,81.3,0.7,6,245.651,2.043,871.032
245.6,72.91,0.0,83.9,0.9,6,248.572,2.058,871.317
245.6,71.65,0.0,85.1,1.2,6,252.891,2.082,871.728
245.6,70.79,0.0,85.2,1.4,6,255.729,2.097,871.991
260.0,69.52,0.0,84.8,1.5,6,259.924,2.120,872.366
260.0,68.67,0.0,85.1,1.5,6,262.680,2.135,872.602
260.0,67.43,0.0,85.7,2.0,6,266.752,2.159,872.933
260.0,66.58,0.0,85.7,2.3,6,269.426,2.173,873.136
273.6,65.33,0.0,85.5,2.5,6,273.376,2.191,873.412
273.6,64.07,0.0,85.1,2.8,0,277.253,2.207,873.651
273.6,63.25,22.9,86.1,2.8,0,279.797,2.217,873.788
273.6,61.99,0.0,83.3,2.5,5,283.554,2.231,873.955
286.3,61.19,0.0,75.3,2.6,5,286.017,2.240,874.039
286.3,60.08,0.0,62.7,2.4,5,289.656,2.252,874.126
286.3,59.44,0.0,53.8,2.2,5,292.048,2.260,874.152
286.3,58.63,0.0,32.7,3.2,5,295.590,2.276,874.142
298.2,58.25,0.0,20.0,4.4,5,297.927,2.287,874.102
298.2,57.83,0.0,16.5,6.4,5,301.408,2.302,873.991
298.2,57.57,0.0,15.7,7.5,5,303.714,2.314,873.883
298.2,57.21,0.0,8.4,8.4,5,307.151,2.332,873.671
309.6,57.02,0.0,6.0,8.5,5,309.429,2.345,873.495
309.6,56.76,0.0,6.7,8.7,5,312.828,2.368,873.178
309.6,56.59,0.0,3.7,9.0,5,315.082,2.382,872.932
309.6,56.37,1.8,0.1,8.8,5,318.444,2.404,872.508
320.8,56.17,0.4,2.2,9.3,5,321.785,2.424,872.020
320.8,56.01,0.0,9.2,8.9,5,324.000,2.437,871.658
320.8,55.71,0.0,9.3,9.1,5,327.299,2.456,871.062
320.8,55.50,0.0,14.5,9.3,5,329.481,2.467,870.630
331.9,55.14,0.0,15.8,10.3,5,332.726,2.483,869.930
331.9,54.90,0.0,5.0,10.6,5,334.869,2.494,869.428
331.9,54.71,29.4,0.0,11.0,5,338.055,2.510,868.619
331.9,54.69,39.2,0.0,11.6,5,340.165,2.521,868.041
343.0,54.72,43.7,0.0,13.5,5,343.314,2.536,867.114
343.0,54.76,40.5,0.0,15.1,5,345.402,2.546,866.457
343.0,54.79,30.0,0.0,18.1,5,348.518,2.561,865.412
343.0,54.77,23.6,0.0,19.5,5,350.582,2.571,864.676
354.7,54.68,12.4,0.0,19.7,5,353.655,2.586,863.516
354.7,54.58,9.0,0.0,19.7,5,355.684,2.597,862.704
354.7,54.42,12.7,0.0,19.2,5,358.695,2.615,861.429
366.2,54.31,21.8,0.0,18.4,5,361.668,2.633,860.086
366.2,54.30,37.0,0.0,18.2,5,363.628,2.644,859.152
366.2,54.35,36.7,0.0,18.6,5,366.542,2.661,857.692
366.2,54.34,24.6,0.0,19.9,5,368.466,2.672,856.680
377.5,54.30,26.9,0.0,22.6,5,371.321,2.689,855.108
377.5,54.30,32.8,0.0,24.2,5,373.203,2.700,854.024
377.5,54.32,33.6,0.0,25.7,5,375.995,2.717,852.344
377.5,54.32,32.3,0.0,26.0,5,377.836,2.729,851.190
388.9,54.30,26.5,0.0,25.9,5,380.563,2.746,849.406
388.9,54.26,25.6,0.0,25.6,5,382.358,2.756,848.184
388.9,54.22,24.8,0.0,25.2,5,385.012,2.770,846.301
388.9,54.18,26.8,0.0,24.8,5,386.755,2.780,845.012
400.5,54.15,29.6,0.0,24.0,5,389.329,2.795,843.028
400.5,54.14,30.8,0.0,23.1,5,391.018,2.806,841.672
400.5,54.13,29.3,0.0,22.3,5,393.510,2.822,839.589
400.5,54.11,29.5,0.0,21.6,5,395.952,2.837,837.449
411.7,54.12,32.1,0.0,21.0,5,397.552,2.848,835.991
411.7,54.15,37.6,0.0,19.7,5,399.909,2.864,833.757
411.7,54.17,31.5,0.0,18.9,5,401.453,2.876,832.237
411.7,54.19,33.9,0.0,17.6,5,403.726,2.892,829.914
422.7,54.24,43.2,0.0,16.7,5,405.212,2.903,828.335
422.7,54.38,50.1,0.0,15.1,5,407.402,2.918,825.922
422.7,54.45,38.6,0.0,14.5,5,408.835,2.927,824.284
422.7,54.50,29.5,0.0,14.4,5,410.943,2.939,821.787
433.6,54.56,47.6,0.0,14.0,5,412.321,2.945,820.097
433.6,54.73,50.4,0.0,12.8,5,414.347,2.955,817.519
433.6,54.85,50.6,0.0,12.4,5,415.669,2.965,815.772
433.6,55.03,50.8,0.0,12.3,5,417.615,2.978,813.111
444.3,55.15,49.6,0.0,12.3,5,418.888,2.985,811.313
444.3,55.29,41.1,0.0,12.4,5,420.759,2.994,808.578
444.3,55.40,50.7,0.0,12.2,5,421.977,3.003,806.730
444.3,55.57,51.4,0.0,11.5,5,423.762,3.018,803.920
455.1,55.71,51.6,0.0,11.2,5,424.924,3.028,802.023
455.1,55.90,51.7,0.0,10.7,5,426.624,3.048,799.138
455.1,56.09,52.0,0.0,10.8,5,428.270,3.070,796.210
455.1,56.23,52.0,0.0,10.6,5,429.340,3.085,794.235
466.1,56.42,52.3,0.0,10.7,5,430.899,3.110,791.237
466.1,56.55,52.3,0.0,10.9,5,431.909,3.127,789.217
466.1,56.76,52.5,0.0,10.3,5,433.384,3.148,786.155
466.1,56.89,52.6,0.0,9.4,5,434.338,3.162,784.093
477.3,57.04,52.9,0.0,9.0,5,435.722,3.189,780.969
477.3,57.19,52.7,0.0,9.1,5,436.616,3.210,778.866
477.3,57.34,53.6,0.0,8.4,5,437.918,3.238,775.687
477.3,57.52,53.6,0.0,5.1,5,438.764,3.247,773.552
488.7,57.68,53.3,0.0,1.9,5,439.990,3.258,770.321
488.7,57.91,53.6,0.0,4.4,5,441.155,3.278,767.056
488.7,58.05,53.5,0.0,6.2,5,441.903,3.298,764.862
488.7,58.27,53.6,0.0,6.6,5,442.991,3.330,761.547
500.0,58.40,49.4,0.0,5.2,5,443.696,3.349,759.323
500.0,58.52,45.4,0.0,3.8,5,444.722,3.374,755.970
500.0,58.65,52.7,0.0,3.4,5,445.384,3.391,753.722
500.0,58.85,54.4,0.0,2.5,5,446.346,3.415,750.331
511.6,59.00,54.2,0.0,2.2,5,446.968,3.431,748.058
511.6,59.21,54.2,0.0,3.1,5,447.876,3.457,744.630
511.6,59.36,54.1,0.0,3.5,5,448.466,3.475,742.334
511.6,59.59,54.7,0.0,4.1,5,449.331,3.504,738.872
523.4,59.73,54.9,0.0,4.4,5,449.894,3.522,736.554
523.4,59.91,55.3,0.0,4.5,5,450.713,3.553,733.059
523.4,60.12,55.4,0.0,3.7,5,451.498,3.584,729.546
523.4,60.26,55.5,0.0,3.0,5,452.003,3.602,727.192
535.3,60.48,55.4,0.0,2.7,5,452.729,3.624,723.643
535.3,60.61,55.6,0.0,2.9,5,453.191,3.642,721.266
535.3,60.83,55.7,0.0,3.4,5,453.855,3.671,717.685
535.3,60.98,55.7,0.0,3.3,5,454.282,3.689,715.286
547.4,61.20,55.8,0.0,2.8,5,454.898,3.712,711.674
547.4,61.34,55.8,0.0,2.1,5,455.294,3.727,709.256
547.4,61.55,56.0,0.0,1.8,5,455.866,3.754,705.614
547.4,61.70,56.1,0.0,1.5,5,456.235,3.775,703.177
559.6,61.84,56.2,0.0,1.4,5,456.595,3.795,700.733
559.6,62.06,56.2,0.0,1.0,5,457.123,3.823,697.054
559.6,62.27,56.4,0.0,0.7,5,457.636,3.855,693.360
559.6,62.42,56.4,0.0,0.7,5,457.973,3.877,690.890
571.9,62.63,56.5,0.0,0.7,5,458.471,3.908,687.172
571.9,62.77,56.6,0.0,0.8,5,458.799,3.929,684.686
571.9,62.99,56.7,0.0,0.8,5,459.285,3.961,680.945
584.3,63.20,56.8,0.0,0.8,5,459.764,3.992,677.190
584.3,63.34,56.9,0.0,0.8,5,460.080,4.013,674.680
584.3,63.55,57.0,0.0,0.8,5,460.546,4.046,670.902
584.3,63.69,57.1,0.0,0.9,5,460.853,4.067,668.376
597.0,63.89,57.2,0.0,1.0,5,461.307,4.099,664.577
597.0,64.03,57.2,0.0,1.0,5,461.605,4.120,662.036
597.0,64.24,57.3,0.0,1.0,5,462.044,4.150,658.214
597.0,64.44,57.4,0.0,0.9,5,462.474,4.183,654.378
609.7,64.58,57.5,0.0,0.9,5,462.754,4.206,651.813
609.7,64.78,57.6,0.0,1.1,5,463.166,4.239,647.955
609.7,64.92,57.6,0.0,1.0,5,463.435,4.260,645.375
609.7,65.12,57.7,0.0,1.1,5,463.829,4.292,641.495
622.7,65.32,57.8,0.0,1.1,5,464.211,4.323,637.601
622.7,65.45,57.9,0.0,1.2,5,464.459,4.345,634.998
622.7,65.65,57.9,0.0,1.2,5,464.821,4.378,631.082
622.7,65.78,58.0,0.0,1.1,5,465.056,4.399,628.465
635.8,65.97,58.0,0.0,1.0,5,465.398,4.430,624.528
635.8,66.10,58.0,0.0,0.9,5,465.619,4.450,621.896
635.8,66.30,58.1,0.0,0.8,5,465.940,4.481,617.937
635.8,66.43,58.1,0.0,0.9,5,466.148,4.502,615.291
649.0,66.61,58.2,0.0,0.9,5,466.450,4.533,611.312
649.0,66.74,58.2,0.0,0.8,5,466.647,4.555,608.653
649.0,66.93,58.3,0.0,0.6,5,466.932,4.586,604.653
649.0,67.12,58.3,0.0,0.5,5,467.209,4.617,600.642
662.4,67.24,58.3,0.0,0.4,5,467.388,4.638,597.961
662.4,67.43,58.4,0.0,0.6,5,467.651,4.668,593.930
662.4,67.55,58.4,0.0,0.6,5,467.822,4.689,591.236
662.4,67.74,58.4,0.0,0.6,5,468.073,4.718,587.186
675.9,67.86,58.5,0.0,0.6,5,468.237,4.737,584.479
675.9,68.04,58.5,0.0,0.5,5,468.476,4.764,580.410
675.9,68.16,58.5,0.0,0.5,5,468.632,4.781,577.691
675.9,68.34,58.6,0.0,0.6,5,468.859,4.805,573.603
689.5,68.46,58.6,0.0,0.3,5,469.006,4.820,570.871
689.5,68.64,58.7,0.0,-0.1,5,469.224,4.839,566.764
689.5,68.75,58.7,0.0,-0.2,5,469.366,4.850,564.021
689.5,68.93,58.8,0.0,-0.3,5,469.579,4.866,559.896
703.3,69.04,58.8,0.0,-0.2,5,469.721,4.877,557.141
703.3,69.22,58.9,0.0,0.3,5,469.937,4.892,552.999
703.3,69.39,58.9,0.0,-0.1,5,470.154,4.905,548.846
703.3,69.51,58.9,0.0,-0.6,5,470.300,4.912,546.072
717.2,69.68,59.0,0.0,-0.4,5,470.522,4.921,541.903
717.2,69.79,59.0,0.0,-0.1,5,470.672,4.925,539.118
717.2,69.97,59.1,0.0,0.1,5,470.901,4.930,534.931
717.2,70.08,59.1,0.0,0.5,5,471.056,4.933,532.135
731.2,70.25,59.1,0.0,0.6,5,471.290,4.936,527.932
731.2,70.36,59.1,0.0,0.6,5,471.445,4.936,525.125
731.2,70.53,59.2,0.0,0.3,5,471.674,4.933,520.904
731.2,70.64,59.2,0.0,0.2,5,471.824,4.930,518.085
745.4,70.80,59.2,0.0,0.1,5,472.047,4.924,513.848
745.4,70.91,59.2,0.0,0.2,5,472.193,4.920,511.018
745.4,71.07,59.3,0.0,0.2,5,472.410,4.911,506.764
745.4,71.19,59.3,0.0,0.1,5,472.554,4.903,503.923
759.6,71.34,59.3,0.0,0.1,5,472.767,4.888,499.652
759.6,71.51,59.3,0.0,0.1,5,472.979,4.870,495.372
759.6,71.61,59.3,0.0,0.2,5,473.119,4.855,492.514
773.9,71.77,59.4,0.0,0.1,5,473.328,4.832,488.218
773.9,71.88,59.4,0.0,0.1,5,473.465,4.815,485.348
773.9,72.03,59.4,0.0,0.3,5,473.671,4.792,481.036
773.9,72.14,59.4,0.0,0.1,5,473.806,4.775,478.156
788.3,72.29,59.4,0.0,-0.7,5,474.008,4.754,473.829
788.3,72.39,59.4,0.0,-0.8,5,474.143,4.742,470.939
788.3,72.54,59.3,0.0,-1.3,5,474.349,4.725,466.596
788.3,72.64,59.2,0.0,-1.7,5,474.492,4.712,463.696
802.8,72.78,59.1,0.0,-2.2,5,474.720,4.693,459.340
802.8,72.87,59.0,0.0,-2.8,5,474.885,4.682,456.432
802.8,73.01,58.9,0.0,-3.1,5,475.156,4.664,452.064
802.8,73.15,58.8,0.0,-3.4,5,475.459,4.640,447.690
817.4,73.23,58.7,0.0,-3.5,5,475.683,4.625,444.771
817.4,73.18,0.0,0.0,-3.9,0,476.058,4.604,440.393
817.4,73.20,85.0,0.0,-4.1,6,476.331,4.588,437.479
817.4,73.32,75.4,0.0,-4.2,6,476.782,4.557,433.107
832.0,73.40,69.1,0.0,-4.9,6,477.115,4.539,430.192
832.0,73.51,59.6,0.0,-5.7,6,477.667,4.519,425.820
832.0,73.59,58.3,0.0,-6.1,6,478.070,4.508,422.906
832.0,73.70,58.3,0.0,-6.2,6,478.729,4.488,418.537
846.7,73.77,58.3,0.0,-6.1,6,479.207,4.476,415.627
846.7,73.87,58.3,0.0,-6.5,6,479.985,4.460,411.267
846.7,73.94,58.3,0.0,-6.7,6,480.544,4.449,408.364
846.7,74.04,58.3,0.0,-5.5,6,481.443,4.432,404.017
861.3,74.11,58.3,0.0,-6.0,6,482.082,4.420,401.124
861.3,74.21,58.4,0.0,-6.3,6,483.099,4.397,396.793
861.3,74.31,58.4,0.0,-6.2,6,484.184,4.369,392.472
861.3,74.38,58.4,0.0,-6.4,6,484.944,4.346,389.597
875.9,74.48,58.4,0.0,-6.6,6,486.139,4.305,385.295
875.9,74.55,58.4,0.0,-7.0,6,486.974,4.274,382.434
875.9,74.64,58.5,0.0,-6.7,6,488.285,4.225,378.155
875.9,74.70,58.5,0.0,-6.7,6,489.200,4.190,375.312
890.8,74.79,58.5,0.0,-6.3,6,490.634,4.137,371.063
890.8,74.86,58.5,0.0,-6.3,6,491.631,4.100,368.242
890.8,74.95,58.5,0.0,-6.6,6,493.187,4.043,364.026
890.8,75.04,58.6,0.0,-6.0,6,494.818,3.987,359.833
906.2,75.10,58.6,0.0,-4.6,6,495.945,3.950,357.051
906.2,75.15,32.8,36.5,-1.7,6,497.692,3.894,352.895
906.2,74.72,0.0,45.7,-0.1,6,498.886,3.857,350.143
906.2,73.96,0.0,27.7,2.0,6,500.697,3.803,346.067
921.5,73.61,0.0,19.5,2.6,6,501.910,3.771,343.376
921.5,73.12,0.0,44.5,2.6,6,503.723,3.718,339.363
921.5,72.62,0.0,54.4,2.3,6,504.917,3.677,336.703
921.5,71.73,0.0,54.6,2.4,6,506.673,3.616,332.742
936.5,71.14,0.0,51.6,2.5,6,507.812,3.580,330.121
936.5,70.31,0.0,44.9,3.2,6,509.472,3.536,326.215
936.5,69.81,0.0,41.1,3.9,6,510.547,3.510,323.626
936.5,69.09,0.0,43.2,4.3,6,512.108,3.473,319.761
950.7,68.60,0.0,39.7,4.4,6,513.114,3.448,317.196
950.7,67.92,0.0,35.5,4.4,6,514.564,3.416,313.365
950.7,67.19,0.0,60.1,4.4,6,515.944,3.387,309.551
950.7,66.55,0.0,63.0,4.5,6,516.822,3.371,307.023
964.0,65.59,0.0,55.7,4.3,6,518.073,3.351,303.259
964.0,65.00,0.0,49.6,4.0,6,518.863,3.341,300.769
964.0,64.21,0.0,42.3,5.0,6,519.984,3.328,297.057
964.0,63.73,0.0,37.0,5.6,6,520.691,3.319,294.597
976.7,63.08,0.0,33.5,5.7,6,521.687,3.305,290.924
976.7,62.73,27.6,5.5,6.4,0,522.309,3.295,288.486
976.7,62.64,74.3,0.0,7.7,5,523.182,3.278,284.831
976.7,62.72,47.6,0.0,8.9,5,523.726,3.266,282.383
989.0,62.46,0.2,15.1,11.1,5,524.481,3.247,278.701
989.0,62.20,0.0,4.4,11.6,5,524.940,3.235,276.250
989.0,62.02,42.7,0.0,10.2,5,525.560,3.222,272.577
1002.6,62.07,48.7,0.0,10.6,5,526.103,3.210,268.894
1002.6,62.04,15.6,1.7,10.6,5,526.424,3.201,266.432
1002.6,61.83,25.8,0.0,10.9,5,526.835,3.196,262.740
1002.6,61.79,34.2,0.0,10.6,5,527.068,3.194,260.278
1016.4,61.89,41.0,4.6,9.2,5,527.361,3.183,256.580
1016.4,61.76,7.5,17.6,10.3,5,527.508,3.183,254.111
1016.4,61.39,0.0,11.5,12.1,5,527.666,3.182,250.419
1016.4,61.16,0.0,7.5,12.7,5,527.733,3.175,247.968
1029.6,60.76,0.0,5.6,13.3,5,527.766,3.165,244.311
1029.6,60.56,0.0,7.0,13.8,5,527.738,3.162,241.885
1029.6,60.23,0.0,6.1,14.5,5,527.627,3.159,238.262
1029.6,60.02,0.0,4.5,14.6,5,527.507,3.158,235.860
1041.7,59.72,0.0,0.9,14.3,5,527.256,3.163,232.276
1041.7,59.56,0.0,0.1,13.5,5,527.039,3.171,229.900
1041.7,59.33,3.7,0.0,12.6,5,526.643,3.186,226.355
1041.7,59.19,2.8,0.0,12.5,5,526.334,3.196,224.005
1053.6,58.98,6.7,0.0,12.0,5,525.805,3.210,220.499
1053.6,58.78,8.5,0.0,9.9,5,525.195,3.225,217.019
1053.6,58.67,11.0,0.0,9.2,5,524.742,3.238,214.714
1053.6,58.58,30.6,0.0,8.2,5,523.998,3.262,211.278
1065.1,58.63,46.9,0.0,7.4,5,523.460,3.280,208.997
1065.1,58.81,54.3,0.0,6.3,5,522.596,3.308,205.582
1065.1,58.95,54.4,0.0,5.6,5,521.985,3.328,203.308
1065.1,59.17,54.5,0.0,3.5,5,521.023,3.357,199.898
1076.8,59.31,54.6,0.0,1.7,5,520.356,3.377,197.624
1076.8,59.54,54.8,0.0,0.2,5,519.325,3.407,194.212
1076.8,59.69,54.8,0.0,-0.6,5,518.623,3.427,191.933
1076.8,59.91,55.0,0.0,-1.7,5,517.558,3.457,188.508
1088.9,60.07,55.1,0.0,-2.3,5,516.845,3.475,186.217
1088.9,60.29,55.2,0.0,-3.0,5,515.781,3.503,182.767
1088.9,60.44,55.3,0.0,-2.6,5,515.078,3.520,180.457
1088.9,60.30,8.2,58.5,-3.5,5,514.041,3.543,176.982
1101.1,59.34,0.0,76.5,-4.8,5,513.038,3.560,173.532
1101.1,58.59,0.0,80.4,-3.8,5,512.396,3.571,171.261
1101.1,57.47,0.0,70.3,-2.5,5,511.478,3.589,167.900
1101.1,56.78,0.0,63.7,-0.9,5,510.896,3.600,165.690
1112.8,55.85,0.0,52.2,0.1,5,510.067,3.615,162.413
1112.8,55.32,0.0,45.2,-0.6,5,509.543,3.625,160.251
1112.8,54.58,0.0,53.2,-3.7,5,508.799,3.639,157.037
1112.8,54.04,0.0,53.0,-4.7,5,508.330,3.649,154.915
1123.8,53.24,0.0,51.2,-6.6,5,507.665,3.666,151.765
1123.8,52.73,0.0,43.4,-7.1,5,507.249,3.676,149.686
1123.8,52.08,37.2,31.3,-6.8,0,506.671,3.690,146.595
1123.8,51.75,0.0,20.2,-6.9,4,506.318,3.699,144.548
1134.8,51.37,0.0,8.1,-7.7,4,505.838,3.709,141.492
1134.8,51.11,0.0,1.2,-9.5,4,505.423,3.716,138.445
1134.8,50.98,0.0,0.1,-10.9,4,505.182,3.719,136.418
1134.8,50.80,0.0,2.0,-13.0,4,504.874,3.721,133.379
1145.5,50.66,0.0,0.6,-14.4,4,504.705,3.720,131.357
1145.5,50.49,9.7,0.0,-16.8,4,504.504,3.714,128.329
1145.5,50.40,10.1,0.0,-17.8,4,504.405,3.705,126.313
1145.5,50.27,26.1,0.0,-17.1,4,504.318,3.690,123.295
1156.1,50.18,7.6,0.3,-16.4,4,504.304,3.681,121.285
1156.1,49.94,0.0,0.9,-15.3,4,504.351,3.673,118.281
1156.1,49.80,0.4,0.1,-13.8,4,504.428,3.673,116.288
1156.1,49.60,6.4,0.0,-12.1,4,504.609,3.677,113.312
1166.6,49.51,6.8,0.0,-11.5,4,504.764,3.675,111.336
1166.6,49.31,6.3,0.0,-11.5,4,505.048,3.664,108.385
1166.6,49.18,13.8,0.0,-11.1,4,505.277,3.654,106.428
1166.6,49.03,19.5,0.0,-12.2,4,505.694,3.651,103.511
1177.0,48.96,11.2,0.0,-13.8,4,506.010,3.647,101.576
1177.0,48.79,2.2,0.0,-17.3,4,506.529,3.629,98.689
1177.0,48.59,14.8,0.0,-20.7,4,507.120,3.612,95.829
1177.0,48.51,16.5,0.0,-23.1,4,507.553,3.601,93.935
1187.3,48.37,7.5,0.0,-27.2,4,508.252,3.578,91.114
1187.3,48.24,10.2,0.0,-30.3,4,508.754,3.560,89.248
1187.3,48.07,9.6,0.0,-34.2,4,509.567,3.537,86.475
1187.3,47.97,9.7,0.0,-36.7,4,510.142,3.519,84.643
1197.5,47.80,9.1,0.0,-38.6,4,511.052,3.488,81.917
1197.5,47.69,9.6,0.0,-39.7,4,511.691,3.464,80.117
1197.5,47.51,9.7,0.0,-41.0,4,512.699,3.426,77.445
1197.5,47.39,9.8,0.0,-41.6,4,513.405,3.400,75.683
1207.3,47.20,9.7,0.0,-42.9,4,514.514,3.358,73.072
1207.3,47.01,10.3,0.0,-42.9,4,515.686,3.315,70.500
1207.3,46.88,10.5,0.0,-42.2,4,516.501,3.287,68.808
1216.9,46.68,11.0,0.0,-39.4,4,517.776,3.248,66.308
1216.9,46.51,14.1,0.0,-38.5,4,519.114,3.213,63.853
1216.9,46.36,17.1,0.0,-35.7,4,520.513,3.183,61.444
1216.9,46.27,19.2,0.0,-29.9,4,521.479,3.165,59.863
1226.2,46.21,38.2,0.0,-20.5,4,522.974,3.139,57.527
1226.2,46.28,71.5,0.0,-13.8,4,524.004,3.121,55.991
1226.2,46.47,40.1,15.9,-4.0,4,525.600,3.097,53.711
1226.2,46.27,1.5,36.9,3.7,4,526.692,3.081,52.210
1235.4,45.64,0.0,55.6,11.0,4,528.339,3.056,49.996
1235.4,45.10,0.0,64.6,12.3,4,529.426,3.038,48.541
1235.4,44.18,31.5,74.4,10.9,0,531.015,3.012,46.382
1235.4,43.51,0.0,78.5,9.1,3,532.039,2.996,44.957
1244.3,42.45,0.0,69.8,6.2,3,533.517,2.973,42.841
1244.3,41.55,0.0,30.6,3.1,3,534.924,2.949,40.750
1244.3,41.18,0.0,12.7,1.2,3,535.823,2.934,39.361
1244.3,40.87,0.0,2.5,0.4,3,537.114,2.908,37.265
1252.6,40.73,0.1,0.2,1.3,3,537.938,2.889,35.857
1252.6,40.55,3.6,0.0,6.4,3,539.118,2.860,33.723
1252.6,40.46,6.9,0.0,11.3,3,539.868,2.840,32.287
1252.6,40.34,8.7,0.0,19.2,3,540.938,2.808,30.112
1260.7,40.27,8.6,0.0,23.7,3,541.618,2.786,28.651
1260.7,40.14,3.4,0.2,27.5,3,542.591,2.753,26.443
1260.7,40.04,10.1,0.0,28.2,3,543.206,2.730,24.962
1260.7,40.05,49.7,0.0,27.6,3,544.076,2.695,22.724
1268.8,40.16,65.0,0.0,26.6,3,544.622,2.671,21.216
1268.8,40.44,75.7,0.0,26.1,3,545.390,2.637,18.925
1268.8,40.59,62.6,0.0,26.8,3,545.869,2.614,17.377
1268.8,40.71,39.1,0.0,29.2,3,546.535,2.579,15.030
1277.4,40.68,18.0,0.0,32.7,3,547.136,2.541,12.663
1277.4,40.62,19.8,0.0,34.8,3,547.500,2.516,11.079
1277.4,40.55,27.0,0.0,36.5,3,547.986,2.479,8.693
1277.4,40.54,27.9,0.0,37.2,3,548.273,2.454,7.097
1286.2,40.48,21.2,0.0,38.6,3,548.646,2.417,4.695
1286.2,40.44,24.8,0.0,39.6,3,548.859,2.391,3.091
1286.2,40.39,21.6,0.0,41.4,3,549.123,2.350,0.680
1286.2,40.33,15.8,0.0,42.3,3,549.261,2.323,-0.928
1294.8,40.21,14.9,0.0,43.0,3,549.412,2.281,-3.339
1294.8,40.12,14.7,0.0,43.1,3,549.475,2.253,-4.945
1294.8,40.00,14.8,0.0,42.6,3,549.511,2.211,-7.348
1294.8,39.92,14.6,0.0,42.6,3,549.497,2.182,-8.946
1303.2,39.80,13.6,0.0,43.5,3,549.422,2.138,-11.336
1303.2,39.71,13.3,0.0,43.9,3,549.335,2.108,-12.924
1303.2,39.58,12.9,0.0,44.4,3,549.146,2.063,-15.295
1311.9,39.44,13.4,0.0,44.1,3,548.889,2.020,-17.651
1311.9,39.35,13.7,0.0,43.6,3,548.679,1.992,-19.212
1311.9,39.22,14.8,0.0,42.3,3,548.307,1.952,-21.540
1311.9,39.14,15.8,0.0,40.9,3,548.020,1.926,-23.080
1320.5,39.04,18.7,0.0,38.1,3,547.533,1.889,-25.374
1320.5,38.97,21.7,0.0,36.1,3,547.169,1.866,-26.891
1320.5,38.92,28.9,0.0,32.7,3,546.564,1.833,-29.148
1320.5,38.93,40.6,0.0,29.1,3,545.889,1.803,-31.383
1328.7,39.05,54.9,0.0,26.4,3,545.146,1.774,-33.601
1328.7,39.17,65.8,0.0,24.9,3,544.616,1.753,-35.072
1328.7,39.47,87.4,0.0,22.8,3,543.767,1.721,-37.272
1328.7,39.71,89.6,0.0,20.9,3,543.165,1.700,-38.735
1337.3,40.07,89.6,0.0,17.3,3,542.205,1.669,-40.927
1337.3,40.31,89.6,0.0,14.4,3,541.527,1.649,-42.384
1337.3,40.68,89.6,0.0,9.8,3,540.451,1.622,-44.562
1337.3,40.95,89.6,0.0,7.4,3,539.697,1.605,-46.009
1345.9,41.35,89.6,0.0,6.2,3,538.513,1.579,-48.174
1345.9,41.61,89.6,0.0,6.6,3,537.690,1.562,-49.614
1345.9,42.01,89.6,0.0,7.4,3,536.406,1.536,-51.768
1345.9,42.28,89.6,0.0,8.1,3,535.517,1.520,-53.200
1354.6,42.68,89.6,0.0,8.6,3,534.139,1.498,-55.343
1354.6,43.08,89.7,0.0,8.6,3,532.708,1.476,-57.480
1354.6,43.34,89.7,0.0,8.4,3,531.725,1.462,-58.901
1354.6,43.73,89.7,0.0,8.6,3,530.207,1.441,-61.026
1363.2,44.00,89.7,0.0,8.5,3,529.166,1.426,-62.437
1363.2,44.38,89.7,0.0,8.1,3,527.561,1.402,-64.547
1363.2,44.65,89.7,0.0,8.0,3,526.461,1.384,-65.946
1363.2,45.03,89.7,0.0,8.1,3,524.767,1.356,-68.035
1372.1,45.42,89.7,0.0,7.9,3,523.019,1.325,-70.109
1372.1,45.67,89.7,0.0,7.9,3,521.824,1.303,-71.483
1372.1,46.05,89.8,0.0,7.7,3,519.987,1.269,-73.530
1372.1,46.30,89.8,0.0,9.2,3,518.732,1.246,-74.885
1381.1,46.68,89.8,0.0,10.8,3,516.805,1.211,-76.900
1381.1,46.88,52.6,0.0,11.4,3,515.491,1.185,-78.232
1381.1,47.14,89.8,0.0,12.3,3,513.479,1.144,-80.206
1381.1,47.38,89.8,0.0,12.3,3,512.108,1.117,-81.506
1390.2,47.73,89.8,0.0,11.6,3,510.003,1.078,-83.431
1390.2,47.96,89.8,0.0,10.7,3,508.568,1.054,-84.695
1390.2,48.30,89.8,0.0,10.0,3,506.368,1.019,-86.565
1390.2,48.53,89.9,0.0,9.4,3,504.871,0.996,-87.793
1399.6,48.88,89.9,0.0,8.6,3,502.583,0.958,-89.609
1399.6,49.22,89.9,0.0,5.8,3,500.245,0.915,-91.394
1399.6,49.46,89.9,0.0,4.1,3,498.657,0.885,-92.565
1409.3,49.81,89.9,0.0,2.1,3,496.235,0.840,-94.296
1409.3,50.05,89.9,0.0,1.8,3,494.595,0.810,-95.435
1409.3,50.41,89.9,0.0,2.2,3,492.101,0.766,-97.125
1409.3,50.65,89.9,0.0,2.3,3,490.418,0.738,-98.243
1419.4,51.01,90.0,0.0,1.7,3,487.867,0.699,-99.912
1419.4,51.24,90.0,0.0,0.9,3,486.150,0.674,-101.022
1419.4,51.59,90.1,0.0,-0.1,3,483.553,0.640,-102.686
1419.4,51.82,90.0,0.0,-0.7,3,481.809,0.617,-103.796
1429.7,51.91,0.0,0.0,-1.0,0,479.180,0.584,-105.465
1429.7,52.04,89.8,0.0,-1.4,4,477.426,0.562,-106.579
1429.7,52.35,89.8,0.0,-2.4,4,474.786,0.529,-108.261
1429.7,52.67,89.8,0.0,-3.7,4,472.135,0.496,-109.962
1440.4,52.89,86.5,0.0,-3.5,4,470.364,0.474,-111.111
1440.4,53.18,76.8,0.0,-3.0,4,467.707,0.447,-112.860
1440.4,53.40,70.2,0.0,-3.6,4,465.934,0.431,-114.045
1440.4,53.71,60.6,0.0,-4.3,4,463.277,0.408,-115.850
1451.3,53.94,57.4,0.0,-5.2,4,461.506,0.393,-117.074
1451.3,54.21,57.5,0.0,-6.4,4,458.855,0.372,-118.943
1451.3,54.36,57.7,0.0,-7.0,4,457.092,0.355,-120.210
1451.3,54.55,44.6,0.0,-7.4,4,454.459,0.326,-122.145
1462.6,54.63,39.2,0.0,-7.6,4,452.715,0.306,-123.458
1462.6,54.82,47.5,0.0,-8.2,4,450.119,0.271,-125.465
1462.6,54.99,46.3,0.0,-9.2,4,448.402,0.251,-126.834
1462.6,55.17,56.6,0.0,-9.2,4,445.853,0.231,-128.936
1474.0,55.38,58.0,0.0,-8.7,4,444.169,0.220,-130.368
1474.0,55.65,58.0,0.0,-8.6,4,441.663,0.202,-132.561
1474.0,55.92,58.1,0.0,-7.1,4,439.186,0.188,-134.812
1474.0,56.10,58.2,0.0,-6.4,4,437.552,0.181,-136.344
1485.7,56.38,58.2,0.0,-6.3,4,435.124,0.173,-138.687
1485.7,56.56,58.3,0.0,-6.3,4,433.520,0.169,-140.276
1485.7,56.84,58.3,0.0,-6.5,4,431.134,0.163,-142.700
1485.7,57.02,58.4,0.0,-6.3,4,429.557,0.157,-144.342
1497.3,57.29,58.5,0.0,-5.8,4,427.212,0.150,-146.844
1497.3,57.47,58.6,0.0,-5.6,4,425.662,0.145,-148.537
1497.3,57.74,58.7,0.0,-5.4,4,423.361,0.140,-151.114
1497.3,57.91,58.7,0.0,-5.1,4,421.842,0.139,-152.858
1509.0,58.18,58.8,0.0,-4.5,4,419.585,0.142,-155.509
1509.0,58.36,58.9,0.0,-4.5,4,418.093,0.146,-157.300
1509.0,58.62,58.9,0.0,-4.5,4,415.874,0.149,-160.018
1509.0,58.80,59.0,0.0,-4.8,4,414.406,0.148,-161.851
1520.7,59.07,59.0,0.0,-5.1,4,412.222,0.143,-164.631
1520.7,59.32,59.1,0.0,-5.3,4,410.061,0.136,-167.449
1520.7,59.50,59.1,0.0,-5.4,4,408.634,0.129,-169.348
1520.7,59.75,59.1,0.0,-6.4,4,406.515,0.115,-172.230
1532.4,59.91,59.2,0.0,-5.7,4,405.119,0.106,-174.173
1532.4,60.16,59.2,0.0,-4.6,4,403.051,0.091,-177.122
1532.4,60.33,59.2,0.0,-4.6,4,401.689,0.079,-179.109
1532.4,60.58,59.3,0.0,-4.2,4,399.669,0.058,-182.122
1544.4,60.74,59.1,0.0,-3.9,4,398.338,0.044,-184.150
1544.4,60.98,58.9,0.0,-3.3,4,396.364,0.022,-187.221
1544.4,61.14,58.8,0.0,-2.9,4,395.061,0.008,-189.287
1544.4,61.38,58.5,0.0,-2.5,0,393.126,-0.011,-192.412
1556.6,61.33,0.0,0.0,-2.2,0,391.849,-0.022,-194.508
1556.6,61.47,81.1,0.0,-1.4,5,389.955,-0.037,-197.665
1556.6,61.62,74.4,0.0,-1.2,5,388.701,-0.045,-199.784
1556.6,61.85,64.3,0.0,-1.2,5,386.831,-0.055,-202.981
1568.9,62.07,56.3,0.0,-1.4,5,384.970,-0.063,-206.199
1568.9,62.22,56.3,0.0,-1.4,5,383.735,-0.066,-208.355
1568.9,62.44,56.4,0.0,-1.1,5,381.887,-0.071,-211.606
1568.9,62.59,56.5,0.0,-0.5,5,380.658,-0.074,-213.783
1581.3,62.81,56.6,0.0,-0.8,5,378.819,-0.078,-217.064
1581.3,62.95,56.7,0.0,-1.0,5,377.594,-0.081,-219.261
1581.3,63.17,56.8,0.0,-1.2,5,375.759,-0.084,-222.570
1581.3,63.31,56.9,0.0,-1.1,5,374.538,-0.085,-224.784
1593.9,63.52,57.0,0.0,-0.9,5,372.708,-0.085,-228.120
1593.9,63.67,57.1,0.0,-0.8,5,371.491,-0.086,-230.353
1593.9,63.88,57.2,0.0,-0.8,5,369.667,-0.089,-233.716
1593.9,64.02,57.2,0.0,-0.8,5,368.453,-0.091,-235.968
1606.7,64.24,57.3,0.0,-0.9,5,366.633,-0.098,-239.358
1606.7,64.38,57.4,0.0,-0.9,5,365.422,-0.105,-241.627
1606.7,64.59,57.5,0.0,-0.9,5,363.607,-0.115,-245.043
1619.5,64.80,57.5,0.0,-0.9,5,361.796,-0.128,-248.476
1619.5,64.94,57.6,0.0,-1.0,5,360.590,-0.137,-250.773
1619.5,65.14,57.7,0.0,-1.0,5,358.785,-0.151,-254.233
1619.5,65.28,57.8,0.0,-1.0,5,357.585,-0.161,-256.548
1632.6,65.49,57.9,0.0,-0.8,5,355.788,-0.176,-260.035
1632.6,65.62,57.9,0.0,-0.8,5,354.593,-0.186,-262.369
1632.6,65.83,58.0,0.0,-0.7,5,352.804,-0.202,-265.883
1632.6,65.96,58.0,0.0,-0.7,5,351.614,-0.212,-268.234
1645.7,66.16,58.1,0.0,-0.8,5,349.832,-0.228,-271.774
1645.7,66.30,58.1,0.0,-0.6,5,348.646,-0.239,-274.143
1645.7,66.50,58.1,0.0,-0.4,5,346.869,-0.255,-277.708
1645.7,66.63,58.2,0.0,-0.3,5,345.686,-0.266,-280.093
1659.0,66.83,58.2,0.0,-0.3,5,343.911,-0.283,-283.681
1659.0,66.96,58.3,0.0,-0.3,5,342.728,-0.296,-286.081
1659.0,67.15,58.3,0.0,-0.2,5,340.953,-0.316,-289.691
1659.0,67.28,58.3,0.0,-0.2,5,339.769,-0.331,-292.105
1672.4,67.47,58.4,0.0,-0.1,5,337.991,-0.353,-295.735
1672.4,67.66,58.4,0.0,-0.1,5,336.210,-0.375,-299.376
1672.4,67.80,58.4,0.0,-0.2,5,335.021,-0.394,-301.810
1672.4,67.98,58.5,0.0,-0.1,5,333.233,-0.421,-305.470
1686.0,68.10,58.5,0.0,-0.0,5,332.039,-0.434,-307.915
1686.0,68.29,58.6,0.0,0.0,5,330.245,-0.453,-311.592
1686.0,68.42,58.6,0.0,-0.0,5,329.047,-0.469,-314.049
1686.0,68.60,58.7,0.0,-0.1,5,327.245,-0.494,-317.743
1699.6,68.72,58.7,0.0,-0.1,5,326.041,-0.511,-320.211
1699.6,68.90,58.8,0.0,-0.0,5,324.231,-0.535,-323.922
1699.6,69.02,58.8,0.0,-0.0,5,323.023,-0.550,-326.401
1699.6,69.20,58.9,0.0,-0.0,5,321.206,-0.573,-330.128
1713.4,69.32,58.9,0.0,-0.0,5,319.993,-0.589,-332.619
1713.4,69.50,59.0,0.0,-0.1,5,318.170,-0.612,-336.363
1713.4,69.62,59.0,0.0,-0.1,5,316.952,-0.628,-338.864
1713.4,69.80,59.0,0.0,-0.1,5,315.123,-0.652,-342.625
1727.4,69.97,59.1,0.0,-0.1,5,313.289,-0.677,-346.396
1727.4,70.09,59.1,0.0,-0.1,5,312.065,-0.693,-348.915
1727.4,70.26,59.1,0.0,-0.1,5,310.226,-0.717,-352.702
1727.4,70.37,59.2,0.0,-0.1,5,308.998,-0.734,-355.232
1741.4,70.55,59.2,0.0,-0.1,5,307.153,-0.760,-359.035
1741.4,70.66,59.2,0.0,-0.1,5,305.922,-0.778,-361.576
1741.4,70.83,59.2,0.0,-0.1,5,304.072,-0.806,-365.396
1741.4,70.94,59.3,0.0,-0.1,5,302.836,-0.826,-367.948
1755.5,71.11,59.3,0.0,-0.1,5,300.981,-0.857,-371.783
1755.5,71.21,59.3,0.0,-0.1,5,299.742,-0.877,-374.346
1755.5,71.38,59.3,0.0,-0.1,5,297.882,-0.909,-378.197
1755.5,71.49,59.3,0.0,-0.0,5,296.640,-0.931,-380.770
1769.8,71.65,59.4,0.0,-0.0,5,294.774,-0.965,-384.638
1769.8,71.76,59.4,0.0,-0.1,5,293.529,-0.987,-387.221
1769.8,71.91,59.4,0.0,-0.0,5,291.658,-1.018,-391.103
1769.8,72.07,59.4,0.0,0.0,5,289.784,-1.050,-394.995
1784.2,72.18,59.4,0.0,0.1,5,288.532,-1.071,-397.594
1784.2,72.33,59.4,0.0,0.0,5,286.652,-1.105,-401.499
1784.2,72.44,59.4,0.0,0.1,5,285.396,-1.128,-404.108
1784.2,72.58,59.3,0.0,0.1,5,283.508,-1.162,-408.027
1798.6,72.68,59.1,0.0,0.1,5,282.247,-1.181,-410.644
1798.6,72.83,59.0,0.0,0.1,5,280.352,-1.207,-414.576
1798.6,72.93,59.1,0.0,0.1,5,279.085,-1.225,-417.201
1798.6,73.07,58.9,0.0,0.2,5,277.181,-1.254,-421.145
1813.2,73.16,58.8,0.0,0.2,5,275.909,-1.272,-423.779
1813.2,73.13,0.0,0.0,0.2,0,273.998,-1.302,-427.731
1813.2,73.15,85.0,0.0,0.1,6,272.723,-1.321,-430.364
1813.2,73.30,75.4,0.0,0.1,6,270.807,-1.351,-434.317
1827.9,73.39,69.1,0.0,0.2,6,269.526,-1.371,-436.956
1827.9,73.53,59.5,0.0,0.2,6,267.599,-1.401,-440.920
1827.9,73.67,58.3,0.0,0.3,6,265.666,-1.430,-444.890
1827.9,73.76,58.3,0.0,0.3,6,264.373,-1.449,-447.540
1842.6,73.90,58.3,0.0,0.3,6,262.428,-1.478,-451.519
1842.6,73.99,58.3,0.0,0.3,6,261.127,-1.496,-454.175
1842.6,74.13,58.3,0.0,0.3,6,259.170,-1.522,-458.164
1842.6,74.22,58.4,0.0,0.4,6,257.860,-1.540,-460.826
1857.4,74.35,58.4,0.0,0.4,6,255.890,-1.565,-464.823
1857.4,74.44,58.4,0.0,0.4,6,254.571,-1.583,-467.491
1857.4,74.57,58.4,0.0,0.3,6,252.587,-1.610,-471.496
1857.4,74.66,58.5,0.0,0.3,6,251.260,-1.627,-474.169
1872.3,74.79,58.5,0.0,0.3,6,249.262,-1.654,-478.182
1872.3,74.87,58.5,0.0,0.3,6,247.925,-1.671,-480.860
1872.3,75.00,58.5,0.0,0.3,6,245.913,-1.695,-484.880
1872.3,75.08,58.5,0.0,0.3,6,244.568,-1.711,-487.563
1887.3,75.21,58.6,0.0,0.2,6,242.543,-1.735,-491.592
1887.3,75.34,58.6,0.0,0.2,6,240.510,-1.757,-495.625
1887.3,75.42,58.6,0.0,0.2,6,239.151,-1.772,-498.316
1902.3,75.55,58.6,0.0,0.2,6,237.107,-1.794,-502.357
1902.3,75.63,58.7,0.0,0.2,6,235.740,-1.810,-505.054
1902.3,75.75,58.7,0.0,0.2,6,233.685,-1.833,-509.103
1902.3,75.83,58.7,0.0,0.2,6,232.312,-1.848,-511.806
1917.5,75.95,58.7,0.0,0.2,6,230.246,-1.872,-515.863
1917.5,76.04,58.8,0.0,0.2,6,228.865,-1.887,-518.571
1917.5,76.16,58.8,0.0,0.1,6,226.789,-1.913,-522.637
1917.5,76.23,58.8,0.0,0.1,6,225.401,-1.930,-525.351
1932.7,76.35,58.9,0.0,0.0,6,223.315,-1.954,-529.425
1932.7,76.43,58.9,0.0,-0.0,6,221.921,-1.967,-532.143
1932.7,76.59,58.9,0.0,-0.1,6,219.127,-1.995,-537.589
1932.7,76.67,58.9,0.0,-0.2,6,217.728,-2.012,-540.316
1948.0,76.79,58.9,0.0,-0.3,6,215.627,-2.041,-544.411
1948.0,76.87,59.0,0.0,-0.3,6,214.225,-2.065,-547.146
1948.0,76.98,59.0,0.0,-0.3,6,212.122,-2.104,-551.254
1948.0,77.06,59.0,0.0,-0.3,6,210.721,-2.132,-553.997
1963.4,77.17,59.0,0.0,-0.3,6,208.620,-2.178,-558.119
1963.4,77.24,59.1,0.0,-0.4,6,207.220,-2.208,-560.872
1963.4,77.36,59.1,0.0,-0.4,6,205.122,-2.257,-565.008
1963.4,77.43,59.1,0.0,-0.4,6,203.725,-2.290,-567.770
1978.9,77.54,59.2,0.0,-0.4,6,201.633,-2.341,-571.922
1978.9,77.62,59.2,0.0,-0.5,6,200.239,-2.375,-574.694
1978.9,77.73,59.2,0.0,-0.4,6,198.152,-2.427,-578.861
1978.9,77.84,59.2,0.0,-0.3,6,196.069,-2.481,-583.036
1994.4,77.92,59.3,0.0,-0.2,6,194.682,-2.517,-585.825
1994.4,78.02,59.3,0.0,-0.2,6,192.604,-2.570,-590.016
1994.4,78.10,59.3,0.0,-0.1,6,191.220,-2.604,-592.815
1994.4,78.21,59.3,0.0,0.1,6,189.144,-2.660,-597.019
2010.0,78.28,59.3,0.0,0.2,6,187.761,-2.698,-599.826
2010.0,78.39,59.3,0.0,0.3,6,185.684,-2.754,-604.042
2010.0,78.46,59.3,0.0,0.4,6,184.297,-2.792,-606.855
2010.0,78.56,59.4,0.0,0.5,6,182.211,-2.848,-611.078
2025.7,78.63,59.4,0.0,0.7,6,180.817,-2.882,-613.896
2025.7,78.74,59.4,0.0,0.7,6,178.717,-2.934,-618.124
2025.7,78.81,59.4,0.0,0.8,6,177.311,-2.969,-620.943
2025.7,78.91,59.4,0.0,0.8,6,175.191,-3.018,-625.173
2041.4,78.97,59.4,0.0,0.8,6,173.769,-3.046,-627.992
2041.4,79.08,59.5,0.0,0.9,6,171.623,-3.085,-632.220
2041.4,79.15,59.4,0.0,0.9,6,170.185,-3.111,-635.038
2041.4,79.25,59.5,0.0,0.9,6,168.014,-3.146,-639.265
2057.2,79.34,59.5,0.0,0.8,6,165.828,-3.179,-643.490
2057.2,79.40,59.5,0.0,0.7,6,164.363,-3.198,-646.307
2057.2,79.50,59.5,0.0,0.6,6,162.153,-3.223,-650.530
2057.2,79.56,59.5,0.0,0.5,6,160.673,-3.237,-653.346
2073.1,79.65,59.5,0.0,0.4,6,158.440,-3.254,-657.568
2073.1,79.71,59.5,0.0,0.5,6,156.945,-3.261,-660.383
2073.1,79.80,59.5,0.0,0.6,6,154.693,-3.269,-664.605
2073.1,79.87,59.6,0.0,0.6,6,153.186,-3.271,-667.420
2089.0,79.95,59.6,0.0,0.5,6,150.917,-3.272,-671.644
2089.0,80.02,59.6,0.0,0.5,6,149.398,-3.270,-674.460
2089.0,80.10,59.6,0.0,1.0,6,147.110,-3.263,-678.684
2089.0,80.16,59.6,0.0,1.2,6,145.579,-3.257,-681.500
2105.0,80.24,59.6,0.0,1.0,6,143.269,-3.244,-685.721
2105.0,80.30,59.6,0.0,1.2,6,141.719,-3.233,-688.533
2105.0,80.38,59.6,0.0,1.3,6,139.378,-3.212,-692.746
2105.0,80.43,59.6,0.0,1.2,6,137.806,-3.195,-695.552
2121.0,80.51,59.5,0.0,1.0,6,135.432,-3.165,-699.757
2121.0,80.59,59.5,0.0,0.8,6,133.040,-3.131,-703.956
2121.0,80.64,59.4,0.0,0.9,6,131.437,-3.105,-706.754
2137.1,80.72,59.3,0.0,1.2,6,129.019,-3.063,-710.947
2137.1,80.76,59.3,0.0,1.4,6,127.399,-3.032,-713.740
2137.1,80.83,59.2,0.0,1.6,6,124.955,-2.979,-717.926
2137.1,80.74,26.0,35.7,1.6,6,123.316,-2.941,-720.712
2153.2,79.94,0.0,72.9,1.8,6,120.854,-2.878,-724.861
2153.2,79.15,0.0,81.6,1.2,6,119.218,-2.833,-727.592
2153.2,77.86,0.0,84.5,0.4,6,116.779,-2.760,-731.624
2153.2,77.00,0.0,85.0,0.6,6,115.164,-2.706,-734.268
2168.7,75.69,0.0,85.4,1.0,6,112.759,-2.622,-738.169
2168.7,74.81,0.0,82.5,1.0,6,111.169,-2.565,-740.726
2168.7,73.56,0.0,83.3,0.8,6,108.803,-2.476,-744.498
2168.7,72.28,0.0,84.8,0.7,6,106.459,-2.386,-748.195
2183.4,71.42,0.0,84.8,0.8,6,104.910,-2.326,-750.617
2183.4,70.15,0.0,85.7,1.4,6,102.605,-2.238,-754.186
2183.4,69.28,0.0,84.7,1.6,6,101.081,-2.180,-756.523
2183.4,68.07,0.0,89.0,2.0,6,98.813,-2.097,-759.964
2197.2,67.18,0.0,86.9,1.4,6,97.313,-2.048,-762.217
2197.2,65.86,0.0,82.6,0.3,6,95.078,-1.977,-765.525
2197.2,65.04,0.0,84.1,0.6,6,93.595,-1.926,-767.683
2197.2,63.81,26.3,86.2,1.3,0,91.381,-1.851,-770.855
2210.2,62.96,0.0,85.9,1.0,5,89.916,-1.803,-772.925
2210.2,61.70,0.0,85.0,1.3,5,87.734,-1.730,-775.964
2210.2,60.88,0.0,85.4,1.6,5,86.290,-1.681,-777.947
2210.2,59.63,0.0,84.6,1.2,5,84.142,-1.611,-780.857
2222.3,58.82,0.0,85.0,0.9,5,82.722,-1.565,-782.755
2222.3,57.59,0.0,84.4,1.3,5,80.610,-1.501,-785.538
2222.3,56.37,0.0,84.0,2.4,5,78.520,-1.439,-788.246
2222.3,55.57,0.0,84.6,3.4,5,77.138,-1.399,-790.009
2233.6,54.36,0.0,84.6,4.2,5,75.080,-1.342,-792.588
2233.6,53.56,34.8,85.3,4.3,0,73.717,-1.306,-794.263
2233.6,52.37,0.0,83.7,3.4,4,71.684,-1.255,-796.709
2233.6,51.56,0.0,75.5,2.3,4,70.337,-1.221,-798.293
2244.1,50.48,0.0,61.3,0.3,4,68.323,-1.171,-800.600
2244.1,49.86,0.0,41.6,-0.9,4,66.982,-1.139,-802.093
2244.1,49.20,0.0,21.8,-1.7,4,64.960,-1.091,-804.269
2244.1,48.89,0.0,16.0,-0.7,4,63.598,-1.058,-805.681
2253.9,48.53,0.0,12.0,3.7,4,61.529,-1.010,-807.746
2253.9,48.21,0.0,9.3,8.8,4,59.432,-0.962,-809.751
2253.9,48.03,0.0,8.9,11.0,4,58.018,-0.930,-811.058
2253.9,47.76,0.0,7.7,12.3,4,55.878,-0.880,-812.975
2263.4,47.58,0.0,7.4,12.1,4,54.437,-0.847,-814.224
2263.4,47.33,0.0,6.6,11.4,4,52.253,-0.798,-816.051
2263.4,47.16,0.0,5.6,11.0,4,50.782,-0.767,-817.237
2263.4,46.92,0.0,4.4,10.6,4,48.551,-0.720,-818.966
2272.8,46.77,0.0,3.1,10.9,4,47.047,-0.688,-820.084
2272.8,46.55,0.0,1.4,11.7,4,44.767,-0.640,-821.708
2272.8,46.43,0.0,0.2,12.6,4,43.232,-0.609,-822.757
2272.8,46.25,1.8,0.0,13.5,4,40.905,-0.564,-824.278
2282.2,46.14,5.1,0.0,14.0,4,39.338,-0.533,-825.257
2282.2,45.99,7.1,0.0,14.5,4,36.963,-0.487,-826.671
2282.2,45.89,6.5,0.0,14.7,4,35.365,-0.456,-827.578
2282.2,45.74,6.2,0.0,15.0,4,32.946,-0.409,-828.883
2291.6,45.58,5.3,0.0,15.3,4,30.503,-0.362,-830.122
2291.6,45.47,4.9,0.0,15.4,4,28.861,-0.332,-830.910
2291.6,45.32,7.8,0.0,15.4,4,26.381,-0.286,-832.036
2291.6,45.22,9.4,0.0,15.5,4,24.716,-0.255,-832.746
2301.2,45.08,9.2,0.0,15.7,4,22.201,-0.207,-833.754
2301.2,44.99,9.6,0.0,14.6,4,20.514,-0.175,-834.386
2301.2,44.84,3.8,0.0,14.4,4,17.972,-0.127,-835.278
2301.2,44.73,2.7,0.0,15.7,4,16.269,-0.097,-835.836
2310.6,44.56,4.2,0.0,17.8,4,13.707,-0.053,-836.617
2310.6,44.46,6.5,0.0,17.0,4,11.993,-0.024,-837.098
2310.6,44.30,5.0,0.0,15.3,4,9.414,0.021,-837.760
2310.6,44.19,3.6,0.0,14.8,4,7.690,0.053,-838.160
2320.0,44.02,1.0,0.0,14.5,4,5.099,0.100,-838.700
2320.0,43.91,0.7,0.6,14.5,4,3.370,0.131,-839.022
2320.0,43.73,0.0,0.1,14.3,4,0.776,0.176,-839.448
2329.0,43.55,0.0,0.9,14.3,0,-1.819,0.220,-839.804
2329.0,43.46,37.0,1.5,15.1,0,-3.547,0.249,-840.004
2329.0,43.27,0.0,1.8,14.4,3,-6.138,0.290,-840.246
2329.0,43.13,0.0,0.4,13.0,3,-7.861,0.317,-840.370
2338.2,42.95,0.1,1.1,11.9,3,-10.440,0.356,-840.500
2338.2,42.83,3.0,0.2,12.1,3,-12.155,0.381,-840.550
2338.2,42.82,50.3,0.0,12.3,3,-14.723,0.417,-840.571
2338.2,42.95,70.4,0.0,12.6,3,-16.438,0.440,-840.551
2347.4,43.00,10.5,27.4,13.1,3,-19.018,0.472,-840.472
2347.4,42.70,0.0,38.0,14.2,3,-20.731,0.492,-840.388
2347.4,42.18,0.0,5.0,15.0,3,-23.272,0.519,-840.218
2347.4,42.07,31.0,0.0,14.5,3,-24.950,0.535,-840.071
2356.6,42.27,85.0,0.0,14.0,3,-27.463,0.558,-839.798
2356.6,42.62,89.6,0.0,13.4,3,-29.987,0.577,-839.466
2356.6,42.87,89.7,0.0,13.2,3,-31.677,0.587,-839.209
2356.6,43.23,89.7,0.0,13.2,3,-34.222,0.602,-838.771
2365.7,43.46,89.7,0.0,13.3,3,-35.923,0.613,-838.440
2365.7,43.82,89.7,0.0,13.5,3,-38.482,0.628,-837.887
2365.7,44.05,89.7,0.0,13.7,3,-40.191,0.639,-837.479
2365.7,44.41,89.7,0.0,14.3,3,-42.758,0.655,-836.811
2375.1,44.64,89.7,0.0,14.6,3,-44.472,0.665,-836.327
2375.1,45.00,89.7,0.0,15.5,3,-47.044,0.678,-835.547
2375.1,45.22,89.7,0.0,16.3,3,-48.760,0.685,-834.990
2375.1,45.56,89.7,0.0,16.3,3,-51.332,0.694,-834.096
2384.7,45.79,89.7,0.0,16.4,3,-53.044,0.701,-833.460
2384.7,46.12,89.8,0.0,16.7,3,-55.607,0.710,-832.447
2384.7,46.44,89.8,0.0,17.2,3,-58.163,0.718,-831.365
2384.7,46.66,89.8,0.0,17.6,3,-59.863,0.721,-830.606
2394.1,46.99,89.8,0.0,18.3,3,-62.405,0.722,-829.410
2394.1,47.20,89.8,0.0,18.9,3,-64.092,0.722,-828.574
2394.1,47.51,89.8,0.0,20.3,3,-66.611,0.721,-827.260
2394.1,47.71,89.8,0.0,21.4,3,-68.281,0.719,-826.346
2403.9,48.02,87.2,0.0,23.0,3,-70.771,0.714,-824.917
2403.9,48.18,73.8,0.0,24.2,3,-72.421,0.710,-823.927
2403.9,48.36,66.6,0.0,26.2,3,-74.872,0.701,-822.385
2403.9,48.44,54.7,0.0,27.3,3,-76.489,0.695,-821.320
2413.6,48.46,33.7,0.0,29.1,3,-78.884,0.685,-819.671
2413.6,48.43,29.8,0.0,30.2,3,-80.458,0.677,-818.540
2413.6,48.36,22.3,0.0,31.2,3,-82.780,0.664,-816.797
2413.6,48.29,25.5,0.0,31.6,3,-84.302,0.655,-815.605
2423.2,48.25,35.9,0.0,32.2,3,-86.545,0.639,-813.773
2423.2,48.23,35.8,0.0,32.4,3,-88.740,0.620,-811.887
2423.2,48.21,34.1,0.0,32.6,3,-90.177,0.607,-810.601
2423.2,48.16,31.1,0.0,33.5,3,-92.292,0.585,-808.629
2432.6,48.12,30.0,0.0,33.8,3,-93.673,0.568,-807.287
2432.6,48.03,15.3,0.0,33.8,3,-95.699,0.543,-805.233
2432.6,47.92,11.7,0.0,33.6,3,-97.017,0.527,-803.838
2432.6,47.75,11.5,0.0,33.1,3,-98.944,0.502,-801.711
2441.8,47.64,11.5,0.0,32.3,3,-100.196,0.484,-800.271
2441.8,47.48,11.4,0.0,30.4,3,-102.021,0.456,-798.077
2441.8,47.43,33.9,0.0,28.9,3,-103.202,0.437,-796.592
2441.8,47.44,42.8,0.0,27.4,3,-104.926,0.407,-794.328
2450.8,47.48,47.3,0.0,26.7,3,-106.045,0.384,-792.795
2450.8,47.58,61.7,0.0,25.6,3,-107.678,0.349,-790.458
2450.8,47.73,82.4,0.0,25.0,3,-108.739,0.324,-788.875
2450.8,47.97,84.9,0.0,23.2,3,-110.296,0.281,-786.464
2460.1,48.30,87.9,0.0,17.9,3,-111.812,0.230,-784.007
2460.1,48.48,89.6,0.0,14.9,3,-112.796,0.195,-782.341
2460.1,48.79,89.9,0.0,9.4,3,-114.229,0.140,-779.799
2460.1,48.97,89.9,0.0,5.6,3,-115.157,0.101,-778.079
2469.7,49.32,88.8,0.0,-1.5,3,-116.509,0.040,-775.461
2469.7,49.51,89.9,0.0,-4.7,3,-117.382,0.001,-773.689
2469.7,49.86,90.0,0.0,-8.2,3,-118.665,-0.068,-771.001
2469.7,50.11,89.9,0.0,-10.2,3,-119.505,-0.121,-769.189
2479.7,50.46,89.9,0.0,-7.8,3,-120.749,-0.202,-766.442
2479.7,50.69,90.0,0.0,-4.3,3,-121.578,-0.256,-764.598
2479.7,51.02,90.0,0.0,-1.5,0,-122.841,-0.334,-761.820
2479.7,51.05,0.0,0.0,-1.3,0,-123.697,-0.388,-759.967
2490.0,51.29,89.7,0.0,-1.6,4,-124.997,-0.481,-757.191
2490.0,51.51,89.7,0.0,-2.1,4,-125.882,-0.547,-755.337
2490.0,51.84,89.8,0.0,-2.5,4,-127.241,-0.644,-752.552
2490.0,52.06,89.8,0.0,-2.5,4,-128.165,-0.708,-750.693
2500.5,52.39,89.8,0.0,-2.7,4,-129.580,-0.803,-747.900
2500.5,52.61,89.8,0.0,-2.6,4,-130.539,-0.866,-746.034
2500.5,52.93,85.8,0.0,-2.3,4,-132.005,-0.960,-743.229
2511.2,53.27,76.0,0.0,-2.4,4,-133.500,-1.057,-740.418
2511.2,53.48,69.7,0.0,-2.3,4,-134.512,-1.125,-738.541
2511.2,53.81,60.0,0.0,-2.3,4,-136.056,-1.232,-735.719
2511.2,54.02,57.3,0.0,-2.4,4,-137.102,-1.305,-733.834
2522.2,54.35,57.6,0.0,-2.6,4,-138.696,-1.418,-731.003
2522.2,54.58,57.6,0.0,-2.6,4,-139.775,-1.496,-729.113
2522.2,54.90,57.8,0.0,-2.7,4,-141.418,-1.619,-726.273
2522.2,55.11,57.8,0.0,-2.8,4,-142.529,-1.706,-724.376
2533.3,55.44,57.9,0.0,-2.8,4,-144.219,-1.841,-721.526
2533.3,55.65,58.0,0.0,-2.6,4,-145.362,-1.934,-719.624
2533.3,55.97,58.1,0.0,-2.3,4,-147.102,-2.074,-716.767
2533.3,56.18,58.1,0.0,-2.1,4,-148.279,-2.168,-714.861
2544.6,56.49,58.2,0.0,-2.0,4,-150.068,-2.310,-711.997
2544.6,56.70,58.3,0.0,-2.0,4,-151.275,-2.405,-710.085
2544.6,57.01,58.4,0.0,-1.8,4,-153.108,-2.547,-707.212
2544.6,57.21,58.4,0.0,-1.6,4,-154.344,-2.639,-705.294
2556.1,57.51,58.5,0.0,-1.5,4,-156.221,-2.773,-702.413
2556.1,57.72,58.6,0.0,-1.5,4,-157.485,-2.861,-700.488
2556.1,58.02,58.7,0.0,-1.5,4,-159.399,-2.991,-697.596
2556.1,58.32,58.8,0.0,-1.5,4,-161.336,-3.119,-694.696
2567.8,58.52,58.9,0.0,-1.6,4,-162.640,-3.202,-692.759
2746.1,40.59,0.0,85.5,-0.1,3,-277.904,-4.596,-548.409
2785.9,25.43,0.0,30.4,-14.2,1,-305.732,-4.964,-526.242
2785.9,24.95,0.0,27.7,-16.8,1,-307.093,-4.972,-525.583
2785.9,24.65,0.0,23.1,-18.5,1,-307.995,-4.977,-525.170
2790.9,24.27,0.0,20.1,-20.4,1,-309.344,-4.983,-524.590
2790.9,24.03,0.0,19.2,-21.1,1,-310.241,-4.986,-524.230
2790.9,23.69,0.0,14.8,-21.2,1,-311.584,-4.988,-523.733
2790.9,23.50,0.0,13.0,-21.4,1,-312.478,-4.989,-523.429
2796.2,23.23,0.0,12.5,-21.2,1,-313.817,-4.990,-523.013
2796.2,22.96,0.0,11.0,-20.9,1,-315.153,-4.988,-522.644
2796.2,22.79,0.0,8.6,-21.8,1,-316.042,-4.986,-522.425
2801.8,22.57,0.0,8.7,-24.1,1,-317.372,-4.981,-522.134
2801.8,22.42,0.0,8.2,-28.4,1,-318.256,-4.977,-521.967
2801.8,22.21,7.6,0.5,-31.6,1,-319.579,-4.968,-521.761
2801.8,22.20,33.3,0.0,-31.3,1,-320.460,-4.960,-521.652
2807.5,22.42,55.2,0.0,-27.7,1,-321.792,-4.950,-521.527
2807.5,22.65,60.4,0.0,-22.1,1,-322.692,-4.945,-521.466
2807.5,23.05,40.5,0.0,-18.1,1,-324.060,-4.941,-521.404
2807.5,23.12,17.5,2.6,-17.6,1,-324.983,-4.940,-521.385
2813.0,22.99,0.0,17.1,-18.2,1,-326.368,-4.943,-521.392
2813.0,22.79,0.0,14.8,-19.5,1,-327.283,-4.947,-521.422
2813.0,22.45,0.0,5.3,-21.1,1,-328.636,-4.945,-521.514
2813.0,22.34,0.0,2.7,-22.2,1,-329.527,-4.939,-521.605
2818.1,22.20,0.0,0.5,-25.8,1,-330.852,-4.929,-521.777
2818.1,22.08,7.2,0.0,-30.5,1,-332.163,-4.921,-521.989
2818.1,22.10,29.6,0.0,-32.3,1,-333.031,-4.917,-522.156
2818.1,22.27,49.2,0.0,-32.7,1,-334.328,-4.909,-522.446
2822.8,22.45,57.5,0.0,-32.7,1,-335.194,-4.903,-522.668
2822.8,22.80,64.7,0.0,-33.7,1,-336.498,-4.892,-523.044
2822.8,23.09,88.1,0.0,-34.5,1,-337.371,-4.883,-523.323
2822.8,23.53,53.2,0.0,-33.0,1,-338.691,-4.869,-523.784
2827.5,23.74,66.3,0.0,-30.8,1,-339.573,-4.859,-524.123
2827.5,24.04,56.2,0.0,-27.4,1,-340.894,-4.841,-524.680
2827.5,24.26,56.5,0.0,-25.8,1,-341.771,-4.829,-525.083
2827.5,24.56,59.7,0.0,-22.4,1,-343.081,-4.809,-525.737
2832.3,24.77,57.4,0.0,-19.4,1,-343.949,-4.796,-526.204
2832.3,25.11,59.4,0.0,-14.1,1,-345.244,-4.775,-526.950
2832.3,25.35,59.6,0.0,-11.4,1,-346.104,-4.762,-527.477
2832.3,25.77,71.9,0.0,-1.6,1,-347.389,-4.741,-528.312
2837.3,26.30,79.8,0.0,5.1,1,-348.679,-4.720,-529.189
2837.3,26.89,88.7,0.0,3.0,1,-349.985,-4.700,-530.104
2837.3,27.30,80.9,0.0,9.5,1,-350.866,-4.685,-530.734
2837.3,27.80,53.4,0.0,15.7,1,-352.211,-4.663,-531.696
2842.7,27.96,38.8,0.0,16.5,1,-353.124,-4.648,-532.336
2842.7,28.10,26.4,0.0,12.4,1,-354.516,-4.627,-533.281
2842.7,28.16,23.7,0.0,10.3,1,-355.457,-4.614,-533.897
2842.7,28.25,27.8,0.0,10.4,1,-356.887,-4.595,-534.801
2880.8,29.18,14.5,0.0,60.7,1,-385.455,-4.499,-544.039
2950.2,39.04,89.8,0.0,10.1,2,-441.818,-5.045,-509.591
2950.2,39.51,89.8,0.0,9.6,2,-443.245,-5.062,-507.716
2950.2,39.82,89.8,0.0,9.0,2,-444.184,-5.073,-506.437
2950.2,40.27,89.9,0.0,8.1,2,-445.570,-5.084,-504.475
2958.0,40.58,0.0,0.0,7.4,0,-446.928,-5.093,-502.462
2958.0,40.53,89.6,0.0,7.4,3,-447.809,-5.098,-501.100
2958.0,40.91,89.6,0.0,6.6,3,-449.097,-5.106,-499.025
2965.9,41.27,89.6,0.0,6.5,3,-450.351,-5.111,-496.903
2965.9,41.53,89.6,0.0,6.6,3,-451.168,-5.114,-495.462
2965.9,41.92,89.6,0.0,7.1,3,-452.363,-5.118,-493.263
2965.9,42.18,89.6,0.0,7.8,3,-453.140,-5.120,-491.771
2974.1,42.55,89.6,0.0,9.2,3,-454.274,-5.124,-489.498
2974.1,42.81,89.7,0.0,9.5,3,-455.011,-5.129,-487.958
2974.1,43.21,89.7,0.0,10.7,3,-456.084,-5.136,-485.612
2974.1,43.45,89.7,0.0,11.5,3,-456.777,-5.142,-484.024
3018.5,49.54,89.9,0.0,10.6,3,-466.980,-5.698,-436.992
3082.2,54.04,50.1,0.0,14.2,4,-456.653,-6.216,-381.240
3137.5,58.85,59.0,0.0,1.8,4,-426.265,-6.375,-329.893
3149.3,59.13,59.0,0.0,1.2,4,-424.121,-6.365,-327.079
3149.3,59.31,59.1,0.0,1.0,4,-422.675,-6.357,-325.203
3149.3,59.58,59.1,0.0,0.4,4,-420.486,-6.346,-322.387
3149.3,59.76,59.1,0.0,-0.0,4,-419.015,-6.338,-320.507
3161.2,60.02,59.2,0.0,-0.3,4,-416.794,-6.324,-317.683
3161.2,60.20,59.2,0.0,-0.5,4,-415.306,-6.315,-315.795
3161.2,60.46,59.2,0.0,-0.7,4,-413.066,-6.300,-312.952
3161.2,60.71,59.2,0.0,-0.9,4,-410.819,-6.285,-310.096
3173.4,60.88,59.1,0.0,-0.9,4,-409.319,-6.275,-308.183
3173.4,61.12,58.8,0.0,-0.9,4,-407.066,-6.259,-305.299
3173.4,61.28,58.7,0.0,-0.9,4,-405.563,-6.248,-303.367
3173.4,61.43,0.0,0.0,-0.8,0,-403.309,-6.231,-300.454
3185.6,61.38,87.8,0.0,-0.7,5,-401.811,-6.219,-298.508
3185.6,61.61,77.7,0.0,-0.5,5,-399.567,-6.200,-295.580
3185.6,61.75,71.0,0.0,-0.4,5,-398.071,-6.186,-293.619
3185.6,61.97,60.9,0.0,-0.5,5,-395.826,-6.168,-290.664
3197.9,62.12,56.3,0.0,-0.6,5,-394.329,-6.154,-288.685
3197.9,62.33,56.4,0.0,-0.7,5,-392.081,-6.134,-285.704
3197.9,62.48,56.5,0.0,-0.6,5,-390.581,-6.120,-283.709
3197.9,62.70,56.6,0.0,-0.5,5,-388.330,-6.101,-280.704
3210.4,62.84,56.6,0.0,-0.4,5,-386.828,-6.088,-278.693
3210.4,63.05,56.8,0.0,-0.5,5,-384.571,-6.066,-275.665
3210.4,63.27,56.9,0.0,-0.4,5,-382.311,-6.040,-272.624
3210.4,63.41,56.9,0.0,-0.2,5,-380.802,-6.022,-270.589
3223.1,63.62,57.0,0.0,-0.2,5,-378.536,-5.994,-267.526
3223.1,63.76,57.1,0.0,-0.2,5,-377.022,-5.976,-265.477
3223.1,63.97,57.2,0.0,-0.2,5,-374.748,-5.950,-262.394
3223.1,64.11,57.3,0.0,-0.2,5,-373.228,-5.932,-260.332
3235.9,64.32,57.3,0.0,-0.1,5,-370.945,-5.904,-257.230
3235.9,64.45,57.4,0.0,0.0,5,-369.419,-5.883,-255.156
3235.9,64.65,57.5,0.0,0.2,5,-367.125,-5.849,-252.036
3235.9,64.79,57.6,0.0,0.3,5,-365.592,-5.826,-249.950
3315.3,68.09,58.6,0.0,-0.1,5,-324.252,-5.080,-194.544
3315.3,68.27,58.6,0.0,-0.2,5,-321.798,-5.025,-191.271
3315.3,68.39,58.7,0.0,-0.2,5,-320.159,-4.988,-189.085
3315.3,68.57,58.7,0.0,-0.2,5,-317.697,-4.933,-185.797
3329.0,68.68,58.7,0.0,-0.2,5,-316.053,-4.897,-183.599
3329.0,68.85,58.8,0.0,-0.2,5,-313.583,-4.841,-180.295
3329.0,69.02,58.8,0.0,-0.3,5,-311.110,-4.787,-176.981
3329.0,69.14,58.8,0.0,-0.2,5,-309.458,-4.750,-174.766
3342.8,69.31,58.9,0.0,-0.2,5,-306.978,-4.696,-171.435
3342.8,69.42,58.9,0.0,-0.3,5,-305.322,-4.659,-169.210
3342.8,69.58,59.0,0.0,-0.3,5,-302.836,-4.602,-165.863
3342.8,69.70,59.0,0.0,-0.3,5,-301.177,-4.563,-163.626
3356.7,69.86,59.0,0.0,-0.3,5,-298.685,-4.505,-160.263
3356.7,69.97,59.1,0.0,-0.3,5,-297.022,-4.466,-158.015
3356.7,70.13,59.1,0.0,-0.2,5,-294.524,-4.406,-154.636
3356.7,70.29,59.1,0.0,-0.2,5,-292.024,-4.347,-151.246
3370.7,70.40,59.2,0.0,-0.2,5,-290.356,-4.306,-148.981
3370.7,70.56,59.2,0.0,-0.2,5,-287.852,-4.245,-145.574
3370.7,70.66,59.2,0.0,-0.1,5,-286.181,-4.204,-143.298
3370.7,70.82,59.2,0.0,-0.1,5,-283.671,-4.144,-139.876
3384.8,70.98,59.3,0.0,-0.0,5,-281.158,-4.085,-136.444
3384.8,71.08,59.3,0.0,0.1,5,-279.480,-4.045,-134.152
3384.8,71.23,59.3,0.0,0.1,5,-276.960,-3.985,-130.707
3399.1,71.39,59.3,0.0,0.1,5,-274.434,-3.924,-127.255
3399.1,71.48,59.3,0.0,0.1,5,-272.747,-3.883,-124.949
3399.1,71.64,59.3,0.0,0.1,5,-270.211,-3.821,-121.486
3399.1,71.73,59.4,0.0,-0.0,5,-268.517,-3.780,-119.173
3413.4,71.88,59.4,0.0,-0.1,5,-265.971,-3.718,-115.698
3413.4,71.98,59.4,0.0,0.2,5,-264.270,-3.676,-113.378
3413.4,72.12,59.4,0.0,-0.2,5,-261.715,-3.612,-109.892
3413.4,72.22,59.4,0.0,-0.4,5,-260.009,-3.569,-107.564
3427.8,72.36,59.4,0.0,-0.6,5,-257.448,-3.503,-104.064
3427.8,72.46,59.4,0.0,-0.5,5,-255.739,-3.458,-101.726
3427.8,72.60,59.2,0.0,-0.4,5,-253.176,-3.390,-98.210
3427.8,72.68,59.1,0.0,-0.4,5,-251.468,-3.345,-95.860
3442.4,72.82,59.1,0.0,-0.4,5,-248.906,-3.278,-92.327
3442.4,72.91,59.1,0.0,-0.4,5,-247.199,-3.235,-89.965
3442.4,73.05,59.0,0.0,-0.3,5,-244.638,-3.171,-86.414
3442.4,73.13,58.9,0.0,-0.0,5,-242.931,-3.128,-84.042
3457.0,73.26,58.8,0.0,0.7,5,-240.369,-3.065,-80.475
3457.0,73.21,0.0,0.0,1.3,0,-237.805,-3.002,-76.905
3457.0,73.22,85.0,0.0,1.0,6,-236.095,-2.960,-74.529
3457.0,73.35,75.5,0.0,1.0,6,-233.520,-2.897,-70.966
3471.7,73.42,58.5,0.0,1.3,6,-231.794,-2.854,-68.591
3471.7,73.20,1.7,43.3,2.5,6,-229.196,-2.790,-65.039
3471.7,72.66,0.0,69.1,3.0,6,-227.463,-2.745,-62.690
3471.7,71.54,0.0,81.7,3.1,6,-224.876,-2.678,-59.219
3486.2,70.71,0.0,84.4,2.6,6,-223.161,-2.632,-56.947
3486.2,69.43,0.0,79.8,2.6,6,-220.603,-2.564,-53.608
3486.2,68.30,0.0,56.3,3.2,6,-218.057,-2.496,-50.353
3486.2,67.70,0.0,44.5,3.8,6,-216.360,-2.452,-48.227
3499.9,66.97,0.0,31.9,4.8,6,-213.803,-2.388,-45.098
3499.9,66.56,0.0,23.4,6.4,6,-212.087,-2.345,-43.052
3499.9,66.09,0.0,10.5,5.1,6,-209.489,-2.282,-40.038
3499.9,65.86,0.0,4.9,4.7,6,-207.737,-2.240,-38.065
3513.1,65.60,4.0,0.0,5.3,6,-205.076,-2.177,-35.154
3513.1,65.48,10.1,0.0,4.9,6,-203.280,-2.134,-33.245
3513.1,65.32,11.4,0.0,4.9,6,-200.551,-2.071,-30.425
3513.1,65.21,9.5,0.0,5.3,6,-198.712,-2.030,-28.573
3526.0,64.92,2.2,24.5,5.6,6,-195.923,-1.968,-25.837
3526.0,64.58,0.0,85.1,5.7,6,-194.052,-1.926,-24.047
3526.0,63.60,0.0,21.2,6.5,6,-191.240,-1.862,-21.423
3526.0,63.34,70.4,0.0,6.6,6,-188.417,-1.797,-18.873
3538.6,63.43,75.2,0.0,7.4,6,-186.510,-1.755,-17.203
3538.6,63.55,62.1,0.0,10.1,6,-183.610,-1.697,-14.735
3538.6,63.62,41.6,0.0,12.4,6,-181.650,-1.665,-13.114
3538.6,63.59,35.3,0.0,15.3,6,-178.673,-1.623,-10.727
3551.2,63.60,44.9,0.0,16.0,6,-176.665,-1.600,-9.167
3551.2,63.68,53.0,0.0,16.4,6,-173.612,-1.571,-6.874
3551.2,63.74,53.2,0.0,16.4,6,-171.547,-1.555,-5.380
3551.2,63.82,53.3,0.0,16.7,6,-168.405,-1.531,-3.196
3564.1,63.85,48.5,0.0,17.6,6,-166.280,-1.515,-1.780
3564.1,63.84,36.2,0.0,19.6,6,-163.052,-1.487,0.280
3564.1,63.83,35.3,0.0,21.1,6,-160.872,-1.466,1.610
3564.1,63.81,45.7,0.0,22.4,6,-157.564,-1.430,3.537
3577.5,63.84,41.6,0.0,23.1,6,-154.212,-1.393,5.389
3577.5,63.82,43.8,0.0,24.3,6,-151.956,-1.369,6.582
3577.5,63.85,43.6,0.0,25.7,6,-148.542,-1.342,8.318
3577.5,63.80,19.1,0.0,28.2,6,-146.244,-1.324,9.430
3591.2,63.60,16.6,0.0,31.8,6,-142.771,-1.294,11.026
3591.2,63.47,16.6,0.0,33.4,6,-140.441,-1.272,12.041
3591.2,63.26,15.2,0.0,35.0,6,-136.925,-1.237,13.489
3591.2,63.11,14.2,0.0,35.8,6,-134.570,-1.213,14.406
3604.7,62.89,11.9,0.0,36.9,6,-131.020,-1.176,15.707
3604.7,62.72,10.8,0.0,37.7,6,-128.645,-1.153,16.525
3604.7,62.47,9.2,0.0,39.4,6,-125.070,-1.119,17.678
3617.4,62.20,8.2,0.0,40.2,6,-121.484,-1.087,18.741
3617.4,61.92,8.2,0.0,40.9,0,-117.889,-1.055,19.711
3617.4,61.74,29.0,0.0,41.7,0,-115.488,-1.033,20.307
3617.4,61.44,7.9,0.0,42.3,5,-111.885,-1.003,21.128
3629.7,61.24,8.8,0.0,42.6,5,-109.481,-0.982,21.623
3629.7,60.96,8.7,0.0,42.8,5,-105.876,-0.947,22.288
3629.7,60.78,8.7,0.0,43.1,5,-103.472,-0.923,22.680
3629.7,60.51,8.7,0.0,42.9,5,-99.870,-0.888,23.197
3641.6,60.33,8.6,0.0,42.7,5,-97.471,-0.865,23.492
3641.6,60.06,8.6,0.0,41.9,5,-93.878,-0.826,23.857
3641.6,59.88,8.6,0.0,40.8,5,-91.487,-0.799,24.051
3641.6,59.62,8.5,0.0,38.7,5,-87.908,-0.758,24.268
3653.3,59.45,8.5,0.0,36.7,5,-85.528,-0.731,24.364
3653.3,59.21,10.4,0.0,33.2,5,-81.969,-0.689,24.435
3653.3,58.99,13.6,0.0,29.6,5,-78.423,-0.647,24.418
3653.3,58.87,16.8,0.0,27.1,5,-76.067,-0.618,24.357
3664.9,58.73,24.0,0.0,23.0,5,-72.544,-0.573,24.192
3664.9,58.68,31.2,0.0,20.0,5,-70.201,-0.543,24.035
3664.9,58.68,38.7,0.0,16.1,5,-66.694,-0.500,23.731
3664.9,58.71,39.5,0.0,13.8,5,-64.360,-0.472,23.483
3676.6,58.81,52.2,0.0,10.5,5,-60.862,-0.431,23.045
3676.6,58.92,54.5,0.0,8.6,5,-58.532,-0.399,22.708
3676.6,59.11,54.7,0.0,5.5,5,-55.037,-0.346,22.143
3676.6,59.25,54.9,0.0,3.7,5,-52.706,-0.311,21.731
3688.4,59.47,54.8,0.0,1.1,5,-49.208,-0.265,21.070
3688.4,59.61,54.8,0.0,-0.6,5,-46.873,-0.240,20.603
3688.4,59.83,54.9,0.0,-1.5,5,-43.366,-0.203,19.871
3688.4,59.98,55.0,0.0,-1.8,5,-41.023,-0.177,19.371
3700.2,60.20,55.1,0.0,-2.6,5,-37.497,-0.138,18.622
3700.2,60.42,55.3,0.0,-3.9,5,-33.955,-0.101,17.885
3700.2,60.56,55.4,0.0,-4.7,5,-31.584,-0.077,17.406
3700.2,60.76,55.6,0.0,-5.6,5,-28.011,-0.043,16.712
3712.3,60.92,55.5,0.0,-6.1,5,-25.619,-0.024,16.268
3712.3,61.12,55.7,0.0,-4.8,5,-22.014,0.001,15.635
3712.3,61.26,55.9,0.0,-4.7,5,-19.599,0.016,15.237
3712.3,61.45,56.0,0.0,-4.8,5,-15.961,0.038,14.679
3724.6,61.66,56.0,0.0,-5.3,5,-12.304,0.060,14.167
3724.6,61.79,56.1,0.0,-5.7,5,-9.855,0.076,13.853
3724.6,61.99,56.3,0.0,-7.0,5,-6.167,0.101,13.422
3724.6,62.13,56.3,0.0,-8.1,5,-3.699,0.117,13.163
3737.1,62.31,56.4,0.0,-8.5,5,0.018,0.143,12.825
3737.1,62.43,56.5,0.0,-8.7,5,2.505,0.163,12.635
3737.1,62.60,56.6,0.0,-9.0,5,6.248,0.197,12.409
3737.1,62.71,56.7,0.0,-9.1,5,8.752,0.222,12.298
3749.8,62.87,56.8,0.0,-9.3,5,12.517,0.262,12.193
3749.8,62.99,56.9,0.0,-9.2,5,15.034,0.291,12.164
3749.8,63.16,56.9,0.0,-9.6,5,18.818,0.337,12.184
3749.8,63.27,57.0,0.0,-9.6,5,21.345,0.370,12.240
3762.7,63.43,57.1,0.0,-9.2,5,25.142,0.424,12.388
3762.7,63.59,57.2,0.0,-8.4,5,28.945,0.485,12.617
3762.7,63.69,57.2,0.0,-8.1,5,31.483,0.526,12.812
3776.0,63.80,57.3,0.0,-9.6,5,35.291,0.582,13.159
3776.0,63.90,40.3,0.0,-11.5,5,37.831,0.613,13.425
3776.0,63.92,41.7,0.0,-13.6,5,41.638,0.659,13.886
3776.0,63.99,56.5,0.0,-13.6,5,44.171,0.693,14.237
3789.1,64.12,57.4,0.0,-12.4,5,47.967,0.746,14.831
3789.1,64.21,57.5,0.0,-11.6,5,50.496,0.782,15.271
3789.1,64.35,57.5,0.0,-11.3,5,54.283,0.835,15.999
3789.1,64.45,57.6,0.0,-11.7,5,56.803,0.870,16.530
3802.4,64.59,57.6,0.0,-12.1,5,60.575,0.924,17.397
3802.4,64.68,57.6,0.0,-12.3,5,63.084,0.962,18.021
3802.4,64.82,57.9,0.0,-12.6,5,66.837,1.017,19.022
3802.4,64.91,57.7,0.0,-12.5,5,69.332,1.054,19.733
3815.9,65.05,57.7,0.0,-12.3,5,73.061,1.109,20.864
3815.9,65.19,57.7,0.0,-11.9,5,76.775,1.164,22.076
3815.9,65.28,58.0,0.0,-11.8,5,79.240,1.202,22.929
3815.9,65.41,58.0,0.0,-11.8,5,82.921,1.258,24.275
3829.2,65.50,57.9,0.0,-11.5,5,85.364,1.295,25.215
3829.2,65.65,58.0,0.0,-10.9,5,89.010,1.352,26.692
3829.2,65.73,58.0,0.0,-10.2,5,91.427,1.390,27.721
3829.2,65.87,58.1,0.0,-9.8,5,95.032,1.448,29.329
3842.5,65.96,58.1,0.0,-9.4,5,97.421,1.488,30.444
3842.5,66.11,58.1,0.0,-9.1,5,100.981,1.548,32.181
3842.5,66.20,58.2,0.0,-8.9,5,103.339,1.590,33.379
3842.5,66.35,58.2,0.0,-8.7,5,106.854,1.652,35.238
3855.7,66.44,58.2,0.0,-8.4,5,109.181,1.694,36.516
3855.7,66.59,58.2,0.0,-8.2,5,112.649,1.756,38.491
3855.7,66.69,58.3,0.0,-8.1,5,114.944,1.797,39.845
3855.7,66.83,58.3,0.0,-8.0,5,118.361,1.859,41.935
3869.0,66.98,58.3,0.0,-8.1,5,121.747,1.920,44.089
3869.0,67.08,58.3,0.0,-8.3,5,123.987,1.959,45.561
3869.0,67.23,58.4,0.0,-8.3,5,127.321,2.015,47.822
3869.0,67.32,58.4,0.0,-8.2,5,129.525,2.052,49.366
3882.4,67.46,58.4,0.0,-8.4,5,132.803,2.106,51.733
3882.4,67.56,58.4,0.0,-8.4,5,134.968,2.139,53.345
3882.4,67.70,58.5,0.0,-8.3,5,138.186,2.187,55.816
3882.4,67.79,58.5,0.0,-8.5,5,140.310,2.217,57.498
3895.8,67.93,58.5,0.0,-8.6,5,143.465,2.257,60.072
3895.8,68.03,58.5,0.0,-8.3,5,145.547,2.279,61.820
3895.8,68.17,58.6,0.0,-7.6,5,148.639,2.306,64.491
3895.8,68.27,58.6,0.0,-6.4,5,150.678,2.321,66.304
3909.5,68.41,58.7,0.0,-4.7,5,153.702,2.340,69.072
3909.5,68.56,58.7,0.0,-3.4,5,156.688,2.357,71.894
3909.5,68.60,27.1,14.7,-2.6,5,158.660,2.367,73.802
3909.5,68.15,0.0,54.8,-1.6,5,161.581,2.381,76.688
3923.1,67.55,0.0,71.2,-0.8,5,163.497,2.390,78.612
3923.1,66.42,0.0,80.3,0.5,5,166.318,2.404,81.479
3923.1,65.62,0.0,82.4,0.9,5,168.163,2.416,83.371
3923.1,64.40,0.0,84.1,0.8,5,170.879,2.435,86.174
3936.3,63.57,0.0,84.5,0.6,5,172.659,2.448,88.016
3936.3,62.34,0.0,84.9,0.4,5,175.283,2.469,90.736
3936.3,61.52,0.0,85.3,0.2,5,177.005,2.483,92.519
3936.3,60.28,0.0,85.0,0.2,5,179.546,2.501,95.148
4006.0,36.53,0.0,41.5,-1.6,3,223.101,2.876,136.754
4006.0,36.10,0.0,38.6,0.4,3,224.264,2.880,137.626
4006.0,35.51,0.0,36.5,4.4,3,226.007,2.883,138.884
4006.0,35.13,0.0,35.1,7.3,0,227.167,2.884,139.691
4013.2,34.63,0.0,35.6,10.1,2,228.905,2.884,140.858
4013.2,34.26,0.0,35.1,10.4,2,230.062,2.882,141.608
4013.2,33.71,0.0,34.2,10.4,2,231.792,2.879,142.689
4013.2,33.35,0.0,34.3,10.5,2,232.942,2.876,143.381
4019.9,32.82,0.0,32.4,10.6,2,234.662,2.870,144.374
4019.9,32.48,0.0,31.1,10.7,2,235.805,2.865,145.006
4019.9,31.99,0.0,29.2,11.3,2,237.517,2.857,145.909
4019.9,31.67,0.0,24.7,12.1,2,238.655,2.852,146.480
4026.2,31.28,0.0,17.2,13.0,2,240.360,2.843,147.292
4026.2,31.06,0.0,13.6,13.9,2,241.498,2.836,147.804
4026.2,30.78,0.0,10.5,15.7,2,243.207,2.827,148.526
4032.2,30.54,0.0,7.0,17.5,2,244.921,2.817,149.196
4032.2,30.41,0.0,5.2,18.5,2,246.066,2.811,149.613
4032.2,30.22,0.0,4.3,19.6,2,247.791,2.801,150.192
4032.2,30.10,0.0,3.5,20.2,2,248.944,2.795,150.548
4038.0,29.93,0.0,2.1,21.1,2,250.678,2.785,151.033
4038.0,29.82,0.0,4.1,19.7,2,251.837,2.777,151.325
4038.0,29.65,0.0,3.5,18.9,2,253.578,2.765,151.716
4038.0,29.54,0.0,1.4,19.8,2,254.740,2.757,151.944
4043.7,29.40,1.7,0.0,21.7,2,256.484,2.745,152.238
4043.7,29.31,1.8,1.6,20.5,2,257.647,2.738,152.400
4043.7,29.17,0.1,0.1,20.9,2,259.391,2.727,152.593
4043.7,29.09,3.1,0.0,22.6,2,260.552,2.720,152.690
4050.3,28.97,0.8,0.1,25.1,2,262.292,2.711,152.786
4050.3,28.85,5.2,0.0,26.7,2,264.026,2.702,152.820
4050.3,28.78,5.2,0.0,27.7,2,265.179,2.697,152.808
4050.3,28.66,5.5,0.0,28.9,2,266.901,2.691,152.736
4056.8,28.58,6.3,0.0,29.5,2,268.043,2.689,152.652
4056.8,28.46,1.8,0.0,30.8,2,269.745,2.687,152.471
4056.8,28.38,4.8,0.0,32.4,2,270.871,2.686,152.316
4056.8,28.26,37.2,0.0,35.2,0,272.546,2.686,152.032
4063.5,28.18,2.2,0.0,36.6,1,273.652,2.686,151.808
4063.5,28.03,8.3,0.0,38.2,1,275.293,2.689,151.418
4063.5,27.94,6.7,0.0,38.9,1,276.372,2.694,151.121
4063.5,27.81,10.2,0.0,42.9,1,277.969,2.702,150.625
4071.5,27.74,13.2,0.0,46.3,1,279.018,2.709,150.260
4071.5,27.65,11.9,0.0,51.5,1,280.569,2.721,149.663
4071.5,27.57,14.2,0.0,53.8,1,281.587,2.730,149.233
4071.5,27.45,12.5,0.0,55.2,1,283.084,2.749,148.537
4107.0,29.85,74.1,0.0,4.5,1,303.275,3.279,127.972
4107.0,30.34,80.1,0.0,5.8,1,304.112,3.298,126.373
4107.0,30.82,67.5,0.0,7.1,1,304.924,3.315,124.730
4107.0,31.14,84.0,0.0,7.6,1,305.452,3.325,123.609
4112.9,31.64,77.4,0.0,8.0,1,306.220,3.340,121.891
4112.9,31.98,81.2,0.0,8.3,1,306.717,3.350,120.720
4112.9,32.46,74.7,0.0,8.9,1,307.436,3.364,118.927
4112.9,32.75,74.1,0.0,9.0,1,307.897,3.373,117.707
4119.3,33.20,76.2,0.0,9.3,1,308.558,3.385,115.843
4119.3,33.62,73.5,0.0,9.4,1,309.179,3.396,113.939
4119.3,33.88,77.4,0.0,8.9,0,309.569,3.403,112.647
4126.0,33.88,85.3,0.0,8.3,2,310.109,3.415,110.686
4126.0,34.17,89.6,0.0,8.8,2,310.439,3.423,109.367
4126.0,34.65,85.6,0.0,9.6,2,310.896,3.436,107.355
4126.0,35.10,75.8,0.0,10.1,2,311.310,3.450,105.304
4132.9,35.33,56.2,0.0,10.2,2,311.558,3.460,103.918
4132.9,35.49,30.6,0.0,13.0,2,311.883,3.478,101.818
4132.9,35.49,15.5,0.0,14.9,2,312.066,3.491,100.410
4132.9,35.34,0.2,7.3,14.5,2,312.295,3.511,98.297
4140.0,35.18,0.0,16.3,12.5,2,312.417,3.526,96.891
4140.0,34.78,0.0,36.3,8.3,2,312.557,3.549,94.795
4140.0,34.39,0.0,46.1,5.4,2,312.625,3.566,93.412
4140.0,33.70,0.0,57.2,2.0,2,312.694,3.594,91.369
4146.7,33.14,0.0,65.4,0.9,2,312.724,3.614,90.032
4146.7,32.21,0.0,72.9,-0.6,2,312.750,3.645,88.069
4146.7,31.55,0.0,74.7,-2.2,2,312.758,3.667,86.792
4146.7,30.53,0.0,76.5,-5.0,2,312.765,3.700,84.928
4152.7,29.51,34.1,76.8,-7.2,0,312.773,3.734,83.125
4152.7,28.85,0.0,76.5,-8.1,1,312.782,3.756,81.957
4152.7,27.85,0.0,59.4,-9.2,1,312.807,3.787,80.255
4152.7,27.27,0.0,46.5,-9.4,1,312.834,3.808,79.152
4158.2,26.60,0.0,32.4,-10.2,1,312.896,3.837,77.537
4158.2,26.26,0.0,27.1,-11.6,1,312.954,3.855,76.481
4158.2,25.83,0.0,21.9,-14.2,1,313.070,3.880,74.922
4158.2,25.46,0.0,16.8,-16.5,1,313.221,3.902,73.391
4163.2,25.14,0.0,13.0,-18.1,1,313.409,3.922,71.884
4163.2,24.85,0.0,13.2,-19.2,1,313.636,3.940,70.401
4163.2,24.58,0.0,11.5,-20.1,1,313.902,3.957,68.942
4168.1,24.41,0.0,10.3,-20.6,1,314.101,3.967,67.983
4168.1,24.16,0.0,11.3,-20.3,1,314.434,3.982,66.564
4168.1,24.00,0.0,11.1,-20.7,1,314.678,3.991,65.632
4168.1,23.75,0.0,10.3,-22.0,1,315.076,4.002,64.256
4172.8,23.51,0.0,9.3,-23.4,1,315.514,4.012,62.907
4172.8,23.35,0.0,10.3,-23.7,1,315.828,4.018,62.024
4172.8,23.11,0.0,8.9,-24.2,1,316.332,4.026,60.724
4172.8,22.96,0.0,7.6,-24.7,1,316.690,4.030,59.874
4177.4,22.76,0.0,5.5,-25.8,1,317.259,4.034,58.626
4177.4,22.64,0.0,4.3,-26.5,1,317.661,4.037,57.812
4177.4,22.45,0.0,5.5,-27.4,1,318.296,4.039,56.617
4177.4,22.27,0.0,4.7,-28.2,1,318.969,4.039,55.456
4181.8,22.15,0.0,4.0,-28.5,1,319.439,4.038,54.702
4181.8,21.99,0.0,3.0,-28.7,1,320.176,4.036,53.601
4181.8,21.89,0.0,5.4,-28.9,1,320.686,4.033,52.887
4181.8,21.71,0.0,5.4,-29.6,1,321.481,4.028,51.847
4185.9,21.59,0.0,5.3,-29.8,1,322.029,4.023,51.176
4185.9,21.41,0.0,5.6,-29.7,1,322.878,4.016,50.205
4185.9,21.23,0.0,5.6,-29.7,1,323.758,4.008,49.277
4185.9,21.10,0.0,7.4,-29.5,1,324.361,4.002,48.682
4189.9,20.90,0.0,6.9,-30.1,1,325.287,3.993,47.827
4189.9,20.78,0.0,6.2,-31.1,1,325.917,3.987,47.281
4189.9,20.60,0.0,5.0,-32.8,1,326.883,3.976,46.501
4189.9,20.48,0.0,4.1,-33.9,1,327.539,3.968,46.006
4193.8,20.33,0.0,1.1,-32.0,1,328.542,3.956,45.304
4193.8,20.27,8.7,0.0,-30.1,1,329.222,3.947,44.861
4193.8,20.34,35.8,0.0,-27.9,1,330.264,3.933,44.232
4193.8,20.48,47.7,0.0,-29.6,1,330.975,3.924,43.832
4197.8,20.76,62.5,0.0,-34.7,1,332.070,3.910,43.259
4197.8,21.05,89.0,0.0,-35.1,1,332.822,3.901,42.894
4197.8,21.41,54.3,0.0,-41.2,1,333.985,3.886,42.374
4202.3,21.66,49.3,0.0,-44.9,1,335.186,3.872,41.899
4202.3,21.84,53.9,0.0,-44.0,1,336.006,3.862,41.610
4202.3,22.12,54.2,0.0,-43.4,1,337.265,3.848,41.217
4202.3,22.29,54.1,0.0,-45.2,1,338.122,3.839,40.985
4207.3,22.48,35.8,0.0,-48.8,1,339.431,3.826,40.681
4207.3,22.54,27.5,0.0,-48.9,1,340.315,3.818,40.511
4207.3,22.56,23.1,0.0,-53.3,1,341.652,3.807,40.305
4207.3,22.57,22.8,0.0,-57.0,1,342.549,3.799,40.199
4212.5,22.54,17.0,0.0,-62.0,1,343.898,3.789,40.087
4212.5,22.50,14.6,0.0,-64.3,1,344.798,3.782,40.043
4212.5,22.41,11.8,0.0,-66.7,1,346.145,3.772,40.026
4212.5,22.34,10.6,0.0,-67.8,1,347.040,3.765,40.047
4217.8,22.22,9.7,0.0,-69.6,1,348.374,3.757,40.128
4217.8,22.14,9.3,0.0,-69.9,1,349.257,3.751,40.214
4217.8,22.01,9.1,0.0,-70.9,1,350.570,3.744,40.393
4217.8,21.92,9.1,0.0,-68.0,1,351.435,3.740,40.544
4223.2,21.80,9.5,0.0,-68.0,1,352.718,3.735,40.820
4223.2,21.67,9.9,0.0,-68.4,1,353.979,3.730,41.152
4223.2,21.59,9.8,0.0,-67.1,1,354.806,3.727,41.406
4223.2,21.49,10.5,0.0,-64.4,1,356.027,3.724,41.831
4228.6,21.42,11.6,0.0,-61.7,1,356.826,3.722,42.144
4228.6,21.35,16.4,0.0,-53.5,1,358.001,3.720,42.657
4228.6,21.35,28.1,0.0,-48.3,1,358.770,3.719,43.029
4228.6,21.55,71.3,0.0,-35.2,1,359.905,3.718,43.631
4233.7,21.86,74.0,0.0,-25.6,1,360.657,3.719,44.062
4233.7,22.32,85.0,0.0,-13.4,1,361.787,3.720,44.752
4233.7,22.69,78.7,0.0,-8.0,1,362.545,3.722,45.238
4233.7,23.26,89.3,0.0,-4.5,1,363.690,3.726,46.002
4238.9,23.67,89.2,0.0,-4.6,1,364.463,3.730,46.534
4238.9,24.30,89.1,0.0,-7.1,1,365.636,3.738,47.365
4238.9,24.70,89.1,0.0,-9.2,1,366.428,3.745,47.941
4238.9,25.30,89.1,0.0,-11.7,1,367.627,3.755,48.840
4244.0,25.71,89.1,0.0,-13.2,1,368.434,3.763,49.462
4244.0,26.30,75.8,0.0,-13.5,1,369.653,3.774,50.434
4244.0,26.82,84.8,0.0,-12.6,1,370.876,3.786,51.455
4244.0,27.19,73.8,0.0,-12.3,1,371.691,3.793,52.163
4249.3,27.69,83.0,0.0,-12.2,1,372.910,3.804,53.267
4249.3,28.02,69.1,0.0,-11.9,1,373.719,3.811,54.033
4249.3,28.50,79.5,0.0,-11.2,1,374.924,3.821,55.224
4249.3,28.83,66.6,0.0,-10.5,1,375.720,3.827,56.048
4254.6,29.33,86.6,0.0,-10.9,1,376.903,3.836,57.329
4254.6,29.68,73.5,0.0,-11.3,1,377.685,3.841,58.212
4254.6,30.16,78.3,0.0,-11.6,1,378.843,3.850,59.582
4254.6,30.49,75.4,0.0,-11.5,1,379.604,3.855,60.525
4260.4,30.96,80.6,0.0,-11.1,1,380.729,3.863,61.985
4260.4,31.27,68.2,0.0,-11.1,1,381.465,3.867,62.988
4260.4,31.71,79.1,0.0,-10.8,1,382.548,3.873,64.535
4260.4,32.01,73.9,0.0,-10.1,1,383.253,3.876,65.596
4266.4,32.46,76.8,0.0,-10.2,1,384.286,3.880,67.230
4266.4,32.92,78.6,0.0,-8.9,1,385.286,3.884,68.916
4266.4,33.23,80.5,0.0,-7.1,1,385.935,3.887,70.068
4266.4,33.60,0.0,0.0,-5.5,0,386.880,3.891,71.838
4272.9,33.59,87.8,0.0,-5.3,2,387.484,3.894,73.038
4272.9,34.09,89.6,0.0,-6.0,2,388.359,3.898,74.868
4272.9,34.44,89.6,0.0,-6.7,2,388.928,3.900,76.115
4272.9,34.96,89.6,0.0,-7.6,2,389.764,3.901,78.020
4279.6,35.29,89.6,0.0,-7.6,2,390.311,3.900,79.313
4279.6,35.78,89.4,0.0,-6.7,2,391.115,3.897,81.288
4279.6,36.16,88.2,0.0,-5.9,2,391.639,3.893,82.627
4279.6,36.58,88.1,0.0,-5.1,2,392.404,3.889,84.668
4286.7,36.88,71.4,0.0,-3.6,2,392.901,3.884,86.050
4286.7,37.32,88.9,0.0,-1.4,2,393.625,3.879,88.154
4286.7,37.61,73.8,0.0,-0.5,2,394.093,3.877,89.577
4286.7,37.95,76.5,0.0,0.9,2,394.773,3.873,91.739
4294.1,38.26,88.7,0.0,1.2,2,395.211,3.871,93.197
4294.1,38.67,70.7,0.0,1.0,2,395.850,3.868,95.412
4294.1,38.93,83.7,0.0,-0.0,2,396.263,3.865,96.907
4294.1,39.44,89.8,0.0,-2.2,2,396.867,3.862,99.179
4301.6,39.78,89.8,0.0,-3.2,2,397.260,3.861,100.713
4301.6,40.29,89.9,0.0,-3.2,2,397.840,3.857,103.044
4301.6,40.78,89.9,0.0,-2.8,2,398.405,3.851,105.408
4301.6,41.10,89.9,0.0,-2.6,2,398.773,3.847,107.003
4309.5,41.55,89.9,0.0,-3.0,2,399.311,3.843,109.422
4309.5,41.85,89.9,0.0,-3.3,0,399.661,3.840,111.053
4309.5,41.88,89.6,0.0,-3.6,3,400.170,3.836,113.513
4309.5,42.16,89.6,0.0,-3.8,3,400.498,3.833,115.161
4317.8,42.57,89.6,0.0,-3.9,3,400.976,3.829,117.656
4317.8,42.84,89.6,0.0,-4.1,3,401.284,3.826,119.336
4317.8,43.25,89.7,0.0,-4.5,3,401.729,3.822,121.879
4317.8,43.52,89.7,0.0,-4.7,3,402.013,3.820,123.590
4326.3,43.92,89.7,0.0,-5.0,3,402.419,3.816,126.181
4326.3,44.18,89.7,0.0,-5.0,3,402.675,3.813,127.924
4326.3,44.59,89.7,0.0,-4.9,3,403.036,3.808,130.562
4326.3,44.86,89.7,0.0,-4.9,3,403.261,3.804,132.336
4335.0,45.25,89.7,0.0,-5.0,3,403.572,3.797,135.021
4335.0,45.52,89.7,0.0,-5.1,3,403.761,3.793,136.826
4335.0,45.91,89.7,0.0,-5.2,3,404.018,3.788,139.556
4344.0,46.29,89.8,0.0,-5.4,3,404.242,3.781,142.312
4344.0,46.56,89.8,0.0,-5.6,3,404.372,3.777,144.164
4344.0,46.94,89.8,0.0,-5.7,3,404.537,3.770,146.963
4344.0,47.19,89.8,0.0,-5.5,3,404.626,3.765,148.843
4353.3,47.56,89.8,0.0,-5.9,3,404.726,3.759,151.683
4353.3,47.81,89.8,0.0,-6.4,3,404.770,3.755,153.589
4353.3,48.18,89.8,0.0,-6.8,3,404.802,3.749,156.468
4353.3,48.42,89.8,0.0,-7.1,3,404.798,3.745,158.399
4362.8,48.77,89.9,0.0,-7.3,3,404.754,3.738,161.314
4362.8,49.01,89.9,0.0,-6.8,3,404.697,3.734,163.268
4362.8,49.36,89.9,0.0,-5.7,3,404.571,3.727,166.216
4362.8,49.59,89.9,0.0,-5.5,3,404.460,3.722,168.191
4372.5,49.95,89.9,0.0,-5.7,3,404.252,3.715,171.170
4372.5,50.18,89.9,0.0,-6.4,3,404.087,3.711,173.165
4372.5,50.52,89.9,0.0,-7.3,3,403.800,3.704,176.171
4372.5,50.74,90.0,0.0,-7.8,3,403.582,3.699,178.184
4382.5,51.07,90.0,0.0,-10.4,3,403.211,3.691,181.215
4382.5,51.28,90.1,0.0,-11.7,3,402.932,3.686,183.243
4382.5,51.57,90.0,0.0,-12.8,0,402.462,3.678,186.292
4382.5,51.52,0.0,0.0,-12.9,0,402.112,3.672,188.324
4392.9,51.68,89.8,0.0,-11.9,4,401.528,3.665,191.362
4392.9,51.95,89.8,0.0,-11.8,4,400.870,3.659,194.400
4392.9,52.12,89.8,0.0,-12.2,4,400.391,3.656,196.426
4392.9,52.39,89.8,0.0,-12.5,4,399.608,3.650,199.461
4403.6,52.56,89.8,0.0,-12.8,4,399.044,3.648,201.482
4403.6,52.81,89.1,0.0,-14.4,4,398.132,3.647,204.508
4403.6,52.98,82.6,0.0,-15.5,4,397.483,3.646,206.522
4403.6,53.23,72.9,0.0,-17.6,4,396.450,3.644,209.535
4415.1,53.40,66.3,0.0,-18.5,4,395.719,3.643,211.539
4415.1,53.64,57.3,0.0,-19.0,4,394.558,3.645,214.532
4415.1,53.79,57.4,0.0,-19.3,4,393.740,3.650,216.519
4415.1,53.97,43.0,0.0,-19.7,4,392.453,3.657,219.484
4426.6,54.00,27.0,0.0,-19.9,4,391.556,3.661,221.448
4426.6,54.01,35.9,0.0,-20.4,4,390.151,3.669,224.368
4426.6,54.08,45.9,0.0,-20.1,4,389.175,3.675,226.297
4426.6,54.20,41.4,0.0,-19.7,4,387.653,3.685,229.167
4437.7,54.25,32.1,0.0,-19.5,4,386.602,3.689,231.064
4437.7,54.29,36.5,0.0,-19.3,4,384.972,3.691,233.883
4437.7,54.35,38.2,0.0,-18.8,4,383.849,3.691,235.743
4437.7,54.48,51.8,0.0,-17.4,4,382.109,3.690,238.504
4448.4,54.61,55.6,0.0,-16.0,4,380.910,3.691,240.327
4448.4,54.76,41.7,0.0,-14.2,4,379.054,3.693,243.033
4448.4,54.86,46.4,0.0,-13.1,4,377.780,3.696,244.816
4448.4,55.08,57.9,0.0,-11.5,4,375.813,3.704,247.463
4459.2,55.25,57.9,0.0,-10.0,4,374.467,3.709,249.210
4459.2,55.53,58.0,0.0,-8.3,4,372.397,3.717,251.810
4459.2,55.81,58.1,0.0,-6.8,4,370.269,3.725,254.383
4459.2,55.99,58.1,0.0,-6.0,4,368.820,3.732,256.086
4470.2,56.27,58.2,0.0,-5.3,4,366.605,3.741,258.622
4470.2,56.46,58.2,0.0,-5.2,4,365.103,3.746,260.303
4470.2,56.74,58.3,0.0,-4.7,4,362.813,3.754,262.810
4470.2,56.92,58.4,0.0,-4.5,4,361.263,3.758,264.472
4481.5,57.20,58.4,0.0,-4.4,4,358.903,3.763,266.952
4481.5,57.38,58.5,0.0,-4.6,4,357.308,3.766,268.597
4481.5,57.66,58.6,0.0,-4.8,4,354.883,3.768,271.052
4481.5,57.84,58.6,0.0,-4.9,4,353.245,3.768,272.679
4493.0,58.11,58.8,0.0,-4.9,4,350.753,3.768,275.106
4493.0,58.27,59.0,0.0,-5.3,4,349.070,3.769,276.713
4493.0,58.53,59.0,0.0,-5.1,4,346.513,3.771,279.108
4493.0,58.72,58.9,0.0,-5.1,4,344.787,3.772,280.694
4552.9,62.27,56.4,0.0,0.7,5,301.063,3.804,317.216
4552.9,62.50,56.5,0.0,0.8,5,298.192,3.811,319.617
4565.4,62.64,56.5,0.0,0.8,5,296.276,3.814,321.226
4565.4,62.86,56.7,0.0,0.7,5,293.397,3.818,323.651
4565.4,63.00,56.7,0.0,0.6,5,291.475,3.819,325.277
4565.4,63.22,56.8,0.0,0.7,5,288.589,3.814,327.728
4578.0,63.43,56.9,0.0,0.6,5,285.699,3.807,330.194
4578.0,63.57,57.0,0.0,0.6,5,283.770,3.803,331.846
4578.0,63.79,57.1,0.0,0.7,5,280.872,3.795,334.336
4578.0,63.94,57.1,0.0,0.4,5,278.938,3.788,336.004
4590.7,64.14,57.3,0.0,0.4,5,276.033,3.784,338.518
4590.7,64.28,57.4,0.0,0.3,5,274.094,3.785,340.202
4590.7,64.49,57.5,0.0,0.4,5,271.179,3.786,342.737
4590.7,64.63,57.5,0.0,0.3,5,269.233,3.788,344.433
4603.6,64.84,57.6,0.0,0.2,5,266.307,3.792,346.987
4603.6,64.98,57.7,0.0,0.1,5,264.353,3.795,348.697
4603.6,65.18,57.8,0.0,0.1,5,261.416,3.804,351.269
4603.6,65.32,57.9,0.0,0.1,5,259.453,3.812,352.989
4616.7,65.52,57.9,0.0,0.1,5,256.503,3.825,355.578
4616.7,65.66,58.0,0.0,0.1,5,254.531,3.834,357.308
4616.7,65.87,58.0,0.0,0.1,5,251.567,3.845,359.911
4616.7,65.99,58.1,0.0,0.0,5,249.586,3.854,361.651
4629.8,66.19,58.1,0.0,0.1,5,246.607,3.869,364.268
4629.8,66.32,58.1,0.0,0.2,5,244.616,3.879,366.017
4629.8,66.52,58.2,0.0,0.2,5,241.623,3.889,368.647
4629.8,66.65,58.2,0.0,0.1,5,239.623,3.895,370.406
4643.1,66.85,58.2,0.0,0.0,5,236.615,3.903,373.050
4643.1,67.04,58.3,0.0,0.0,5,233.600,3.907,375.703
4643.1,67.17,58.3,0.0,0.0,5,231.585,3.908,377.476
4643.1,67.30,58.3,0.0,0.1,5,229.567,3.908,379.253
4656.5,67.49,58.4,0.0,0.0,5,226.532,3.905,381.925
4656.5,67.67,58.4,0.0,0.0,5,223.490,3.901,384.604
4656.5,67.80,58.5,0.0,0.0,5,221.457,3.897,386.395
4656.5,67.98,58.5,0.0,0.0,5,218.401,3.893,389.088
4670.0,68.10,58.6,0.0,0.0,5,216.359,3.890,390.887
4670.0,68.29,58.6,0.0,0.1,5,213.289,3.884,393.592
4670.0,68.42,58.6,0.0,0.0,5,211.239,3.879,395.400
4670.0,68.59,58.7,0.0,0.0,5,208.156,3.871,398.118
4683.7,68.71,58.7,0.0,0.1,5,206.097,3.866,399.934
4683.7,68.89,58.8,0.0,0.1,5,203.001,3.861,402.665
4683.7,69.01,58.8,0.0,0.1,5,200.933,3.857,404.490
4683.7,69.19,58.8,0.0,0.0,5,197.825,3.852,407.233
4697.5,69.31,58.9,0.0,0.0,5,195.748,3.849,409.066
4697.5,69.49,58.9,0.0,0.1,5,192.627,3.844,411.822
4697.5,69.66,59.0,0.0,0.1,5,189.499,3.839,414.585
4697.5,69.77,59.0,0.0,0.1,5,187.409,3.835,416.431
4711.4,69.95,59.1,0.0,0.1,5,184.269,3.830,419.207
4711.4,70.06,59.1,0.0,0.1,5,182.171,3.828,421.062
4711.4,70.23,59.1,0.0,0.1,5,179.019,3.825,423.851
4711.4,70.35,59.2,0.0,0.1,5,176.914,3.823,425.714
4725.5,70.52,59.2,0.0,0.2,5,173.751,3.818,428.516
4725.5,70.63,59.2,0.0,0.2,5,171.639,3.814,430.388
4725.5,70.79,59.2,0.0,0.2,5,168.465,3.807,433.204
4725.5,70.90,59.2,0.0,0.2,5,166.346,3.804,435.085
4739.6,71.06,59.3,0.0,0.1,5,163.163,3.801,437.913
4739.6,71.17,59.3,0.0,0.1,5,161.037,3.801,439.803
4739.6,71.33,59.3,0.0,0.1,5,157.844,3.800,442.646
4739.6,71.44,59.3,0.0,0.2,5,155.712,3.800,444.545
4753.8,71.59,59.4,0.0,0.2,5,152.510,3.803,447.400
4753.8,71.70,59.4,0.0,0.2,5,150.371,3.807,449.308
4753.8,71.86,59.4,0.0,0.1,5,147.159,3.811,452.176
4768.2,72.01,59.4,0.0,0.1,5,143.941,3.813,455.052
4768.2,72.11,59.4,0.0,0.1,5,141.793,3.815,456.973
4768.2,72.26,59.4,0.0,0.0,5,138.566,3.818,459.861
4768.2,72.36,59.4,0.0,0.0,5,136.411,3.821,461.791
4782.6,72.51,59.3,0.0,0.1,5,133.174,3.823,464.691
4782.6,72.61,59.2,0.0,0.1,5,131.013,3.824,466.628
4782.6,72.75,59.1,0.0,0.0,5,127.766,3.826,469.539
4782.6,72.85,59.0,0.0,0.0,5,125.598,3.828,471.483
4797.2,72.99,59.0,0.0,0.0,5,122.342,3.829,474.405
4797.2,73.08,58.9,0.0,0.0,5,120.168,3.830,476.356
4797.2,73.22,58.8,0.0,0.0,5,116.901,3.831,479.287
4797.2,73.24,0.0,0.0,0.0,0,114.721,3.831,481.244
4811.8,73.20,85.0,0.0,-0.0,6,111.453,3.829,484.177
4811.8,73.29,78.6,0.0,0.0,6,109.273,3.827,486.134
4811.8,73.44,69.1,0.0,-0.0,6,105.997,3.823,489.074
4811.8,73.53,62.7,0.0,-0.0,6,103.810,3.818,491.037
4826.5,73.66,58.2,0.0,-0.0,6,100.523,3.809,493.986
4826.5,73.80,58.3,0.0,0.0,6,97.231,3.801,496.940
4826.5,73.89,58.3,0.0,0.0,6,95.032,3.795,498.912
4826.5,74.02,58.3,0.0,-0.0,6,91.729,3.782,501.875
4841.3,74.11,58.3,0.0,-0.0,6,89.524,3.772,503.853
4841.3,74.24,58.4,0.0,-0.0,6,86.211,3.755,506.825
4841.3,74.33,58.4,0.0,-0.0,6,83.999,3.743,508.809
4841.3,74.46,58.4,0.0,-0.0,6,80.677,3.723,511.789
4856.2,74.55,58.4,0.0,-0.0,6,78.458,3.710,513.779
4856.2,74.68,58.5,0.0,-0.0,6,75.125,3.689,516.767
4856.2,74.76,58.5,0.0,-0.0,6,72.900,3.675,518.763
4856.2,74.89,58.5,0.0,-0.0,6,69.557,3.653,521.759
4871.1,74.98,58.5,0.0,-0.1,6,67.325,3.638,523.760
4871.1,75.11,58.5,0.0,-0.1,6,63.972,3.614,526.764
4871.1,75.19,58.6,0.0,-0.1,6,61.733,3.596,528.770
4871.1,75.32,58.6,0.0,-0.1,6,58.369,3.569,531.781
4886.1,75.40,58.6,0.0,-0.0,6,56.123,3.549,533.791
4886.1,75.53,58.6,0.0,-0.0,6,52.748,3.517,536.809
4886.1,75.65,58.7,0.0,0.0,6,49.367,3.482,539.831
4886.1,75.73,58.7,0.0,0.1,6,47.109,3.458,541.848
4901.2,75.86,58.7,0.0,0.2,6,43.719,3.420,544.878
4901.2,75.94,58.7,0.0,0.2,6,41.455,3.393,546.901
4901.2,76.06,58.8,0.0,0.2,6,38.056,3.349,549.941
4901.2,76.15,58.8,0.0,0.2,6,35.788,3.317,551.971
4916.4,76.27,58.8,0.0,0.2,6,32.383,3.262,555.021
4916.4,76.35,58.8,0.0,0.1,6,30.111,3.225,557.059
4916.4,76.47,58.9,0.0,0.1,6,26.700,3.168,560.121
4916.4,76.55,58.9,0.0,0.0,6,24.424,3.130,562.166
4931.7,76.67,58.9,0.0,0.0,6,21.006,3.073,565.240
4931.7,76.75,58.9,0.0,0.0,6,18.726,3.034,567.292
4931.7,76.87,59.0,0.0,0.0,6,15.301,2.974,570.375
4931.7,76.95,59.0,0.0,-0.1,6,13.015,2.934,572.433
4947.1,77.06,59.1,0.0,-0.4,6,9.582,2.877,575.524
4947.1,77.14,59.0,0.0,-0.5,6,7.290,2.838,577.587
4947.1,77.20,33.0,30.9,-0.5,6,3.845,2.784,580.682
4947.1,76.79,2.5,67.9,-0.4,6,1.550,2.749,582.739
5016.7,58.23,0.0,84.8,-1.3,5,-44.297,2.019,622.656
5016.7,57.03,0.0,84.9,-1.3,5,-46.964,1.979,624.860
5016.7,56.23,0.0,85.1,-1.6,5,-48.717,1.951,626.297
5066.6,42.67,0.0,21.0,-6.8,3,-85.322,1.424,651.389
5066.6,42.29,0.0,15.0,-8.3,3,-87.608,1.393,652.517
5066.6,42.08,0.0,14.2,-9.1,3,-89.133,1.371,653.238
5075.0,41.71,0.0,30.0,-10.1,3,-91.425,1.340,654.273
5075.0,41.37,0.0,35.8,-10.5,3,-92.952,1.319,654.932
5075.0,40.80,0.0,30.3,-10.2,3,-95.232,1.288,655.869
5075.0,40.47,0.0,20.6,-9.7,3,-96.747,1.268,656.460
5083.2,40.11,0.0,12.3,-9.6,3,-99.016,1.239,657.294
5083.2,39.92,0.0,9.1,-10.1,3,-100.529,1.220,657.818
5083.2,39.69,0.0,5.6,-11.4,3,-102.801,1.190,658.554
5083.2,39.55,0.0,4.4,-12.4,3,-104.318,1.170,659.012
5091.4,39.37,0.0,2.3,-13.1,3,-106.597,1.141,659.651
5091.4,39.25,0.0,2.4,-13.6,3,-108.120,1.122,660.043
5091.4,39.09,0.0,2.4,-14.2,3,-110.408,1.094,660.583
5099.5,38.92,0.0,2.9,-14.3,3,-112.698,1.065,661.064
5099.5,38.80,0.0,3.4,-14.2,3,-114.226,1.046,661.350
5099.5,38.62,0.0,3.0,-14.3,3,-116.518,1.019,661.727
5099.5,38.50,0.0,3.3,-14.4,3,-118.045,1.001,661.944
5107.4,38.31,0.0,3.2,-14.3,3,-120.333,0.975,662.217
5107.4,38.19,0.0,3.5,-14.0,3,-121.857,0.958,662.363
5107.4,38.01,0.0,3.5,-13.7,3,-124.137,0.936,662.529
5107.4,37.89,0.0,3.4,-14.0,3,-125.653,0.921,662.604
5115.5,37.71,0.0,3.5,-14.6,3,-127.920,0.901,662.666
5115.5,37.59,0.0,3.1,-14.9,3,-129.427,0.887,662.673
5115.5,37.41,0.0,3.8,-15.4,3,-131.676,0.867,662.634
5115.5,37.29,0.0,4.0,-15.6,3,-133.170,0.854,662.575
5123.2,37.10,0.0,3.8,-15.5,3,-135.397,0.834,662.434
5123.2,36.98,0.0,4.1,-15.1,3,-136.874,0.822,662.307
5123.2,36.80,0.0,1.1,-15.7,3,-139.074,0.804,662.066
5123.2,36.65,0.0,0.7,-14.9,3,-141.256,0.786,661.765
5131.1,36.55,0.0,1.9,-13.1,3,-142.702,0.774,661.531
5131.1,36.40,0.0,2.0,-12.2,3,-144.854,0.757,661.133
5131.1,36.30,0.0,2.6,-13.6,3,-146.278,0.745,660.838
5131.1,36.14,0.0,1.6,-16.1,3,-148.395,0.729,660.349
5138.6,36.03,0.0,1.0,-17.4,3,-149.794,0.718,659.993
5138.6,35.88,0.0,1.2,-18.7,3,-151.873,0.703,659.413
5138.6,35.78,0.0,0.9,-19.2,3,-153.244,0.692,658.996
5138.6,35.63,0.0,1.6,-19.7,3,-155.278,0.677,658.323
5146.5,35.52,0.0,3.5,-20.0,3,-156.618,0.668,657.842
5146.5,35.33,0.0,4.1,-20.2,3,-158.600,0.653,657.073
5146.5,35.19,0.0,6.1,-20.1,3,-159.902,0.644,656.529
5146.5,34.97,0.0,0.8,-19.6,3,-161.821,0.632,655.665
5153.9,34.87,4.0,0.0,-19.1,3,-163.078,0.626,655.056
5153.9,34.73,6.4,0.0,-18.5,3,-164.930,0.620,654.093
5153.9,34.67,11.5,0.0,-18.0,3,-166.143,0.618,653.418
5153.9,34.57,7.9,0.0,-17.7,3,-167.931,0.616,652.360
5161.9,34.50,6.2,0.0,-18.7,0,-169.101,0.614,651.625
5161.9,34.40,4.6,0.8,-21.6,2,-170.823,0.610,650.483
5161.9,34.29,2.9,0.1,-24.6,2,-171.949,0.606,649.695
5161.9,34.19,19.8,0.0,-28.3,2,-173.601,0.602,648.474
5169.8,34.19,31.6,0.0,-29.8,2,-175.209,0.600,647.202
5169.8,34.25,41.5,0.0,-30.5,2,-176.258,0.603,646.322
5169.8,34.44,57.3,0.0,-32.7,2,-177.801,0.607,644.959
5169.8,34.61,63.6,0.0,-35.1,2,-178.814,0.609,644.021
5177.1,34.82,49.7,0.0,-36.2,2,-180.307,0.612,642.570
5177.1,34.90,34.1,0.0,-37.3,2,-181.282,0.615,641.572
5177.1,34.90,27.0,0.0,-38.8,2,-182.703,0.620,640.034
5177.1,34.89,24.0,0.0,-39.3,2,-183.623,0.625,638.985
5184.7,34.84,22.6,0.0,-39.3,2,-184.959,0.633,637.374
5184.7,34.82,23.1,0.0,-39.3,2,-185.819,0.639,636.279
5184.7,34.79,24.6,0.0,-39.4,2,-187.066,0.650,634.604
5184.7,34.78,24.4,0.0,-39.7,2,-187.869,0.657,633.467
5191.7,34.73,19.5,0.0,-39.9,2,-189.031,0.667,631.735
5191.7,34.69,18.1,0.0,-39.2,2,-189.774,0.674,630.563
5191.7,34.63,23.0,0.0,-37.8,2,-190.842,0.685,628.778
5191.7,34.61,27.6,0.0,-36.6,2,-191.521,0.694,627.572
5198.5,34.64,34.3,0.0,-34.5,2,-192.495,0.706,625.737
5198.5,34.72,39.8,0.0,-32.9,2,-193.415,0.715,623.871
5198.5,34.79,43.5,0.0,-31.6,2,-194.000,0.721,622.610
5198.5,34.94,51.6,0.0,-29.1,2,-194.832,0.727,620.691
5205.1,35.08,58.5,0.0,-27.2,2,-195.357,0.730,619.394
5205.1,35.36,70.4,0.0,-24.0,2,-196.104,0.732,617.418
5205.1,35.58,73.0,0.0,-21.8,2,-196.574,0.733,616.080
5205.1,35.90,71.6,0.0,-18.4,2,-197.239,0.732,614.042
5211.9,36.11,70.7,0.0,-16.5,2,-197.653,0.732,612.663
5211.9,36.40,60.6,0.0,-13.9,2,-198.227,0.732,610.565
5211.9,36.59,73.3,0.0,-12.5,2,-198.577,0.733,609.149
5211.9,36.89,72.8,0.0,-10.9,2,-199.055,0.735,606.997
5219.0,37.11,70.5,0.0,-10.2,2,-199.341,0.736,605.546
5219.0,37.40,68.2,0.0,-8.0,2,-199.721,0.738,603.344
5219.0,37.63,83.5,0.0,-6.9,2,-199.941,0.740,601.860
5219.0,38.01,76.8,0.0,-5.4,2,-200.223,0.745,599.609
5226.5,38.27,88.3,0.0,-3.7,2,-200.379,0.749,598.092
5226.5,38.72,84.2,0.0,-0.9,2,-200.569,0.757,595.792
5226.5,39.01,89.3,0.0,1.0,2,-200.667,0.763,594.241
5226.5,39.50,89.8,0.0,2.4,2,-200.775,0.774,591.889
5234.2,39.98,74.5,0.0,2.8,2,-200.841,0.787,589.506
5234.2,40.06,18.0,21.0,2.8,2,-200.870,0.798,587.905
5234.2,39.65,0.0,38.8,3.0,2,-200.904,0.815,585.511
5234.2,39.24,0.0,54.7,3.8,2,-200.928,0.826,583.933
5242.2,38.40,0.0,68.1,4.6,2,-200.975,0.841,581.601
5242.2,37.78,0.0,63.6,5.1,2,-201.015,0.852,580.077
5242.2,36.91,0.0,50.6,6.2,2,-201.093,0.869,577.837
5242.2,36.41,0.0,44.7,6.9,2,-201.160,0.880,576.371
5249.8,35.76,0.0,32.9,8.2,2,-201.286,0.896,574.209
5249.8,35.42,0.0,26.0,9.1,2,-201.390,0.908,572.789
5249.8,34.99,0.0,19.3,10.5,2,-201.578,0.923,570.684
5249.8,34.75,0.0,14.4,11.6,2,-201.726,0.933,569.297
5257.0,34.46,0.0,8.6,13.0,2,-201.982,0.946,567.236
5257.0,34.29,0.0,7.5,14.1,2,-202.179,0.954,565.875
5257.0,34.06,0.0,7.1,14.5,2,-202.515,0.967,563.852
5264.0,33.83,0.0,8.2,13.7,2,-202.903,0.980,561.852
5264.0,33.68,0.0,7.6,12.8,2,-203.188,0.989,560.532
5264.0,33.45,0.0,6.4,12.5,2,-203.656,1.003,558.573
5264.0,33.31,0.0,11.4,12.8,2,-203.995,1.012,557.282
5271.2,32.95,0.0,36.4,13.0,2,-204.542,1.029,555.369
5271.2,32.58,0.0,33.7,13.2,2,-204.929,1.040,554.116
5271.2,31.99,0.0,54.1,13.1,2,-205.538,1.057,552.275
5271.2,31.46,0.0,45.6,12.8,2,-205.961,1.068,551.077
5278.0,30.81,0.0,29.9,11.8,2,-206.621,1.085,549.329
5278.0,30.49,0.0,24.5,11.6,2,-207.081,1.097,548.192
5278.0,30.08,0.0,15.6,11.7,2,-207.802,1.115,546.524
5278.0,29.88,0.0,11.2,12.5,2,-208.305,1.129,545.435
5285.3,29.62,0.0,13.0,14.9,2,-209.090,1.149,543.833
5285.3,29.43,0.0,14.3,16.0,2,-209.635,1.162,542.784
5285.3,29.13,0.0,15.7,17.4,2,-210.478,1.182,541.243
5285.3,28.93,0.0,14.6,18.0,2,-211.059,1.194,540.237
5291.8,28.63,0.0,10.4,18.4,2,-211.958,1.212,538.762
5291.8,28.42,38.7,8.1,18.9,0,-212.894,1.230,537.329
5291.8,28.28,0.0,7.5,19.3,1,-213.538,1.241,536.396
5291.8,28.05,0.0,3.8,20.2,1,-214.536,1.258,535.032
5298.1,27.92,0.0,1.9,21.1,1,-215.221,1.269,534.146
5298.1,27.75,0.0,0.5,22.7,1,-216.279,1.285,532.854
5298.1,27.65,0.2,0.0,23.9,1,-217.006,1.295,532.017
5298.1,27.50,2.6,0.0,25.6,1,-218.125,1.310,530.799
5304.6,27.42,4.3,0.0,26.4,1,-218.891,1.319,530.012
5304.6,27.30,5.8,0.0,28.1,1,-220.071,1.332,528.870
5304.6,27.23,8.9,0.0,29.1,1,-220.877,1.340,528.136
5304.6,27.16,12.6,0.0,30.7,1,-222.116,1.351,527.075
5310.4,27.12,14.2,0.0,31.7,1,-222.963,1.359,526.395
5310.4,27.10,20.5,0.0,33.3,1,-224.262,1.369,525.416
5310.4,27.12,24.3,0.0,34.5,1,-225.147,1.375,524.790
5310.4,27.17,27.3,0.0,36.6,1,-226.506,1.384,523.892
5316.0,27.21,26.6,0.0,38.3,1,-227.431,1.389,523.321
5316.0,27.25,23.2,0.0,41.4,1,-228.846,1.397,522.505
5316.0,27.24,19.1,0.0,44.6,1,-230.292,1.403,521.741
5316.0,27.22,18.1,0.0,46.5,1,-231.269,1.407,521.261
5321.7,27.18,17.7,0.0,49.2,1,-232.756,1.411,520.588
5321.7,27.14,16.6,0.0,50.9,1,-233.759,1.414,520.170
5321.7,27.07,14.9,0.0,53.4,1,-235.280,1.417,519.593
5321.7,27.02,13.8,0.0,55.1,1,-236.303,1.419,519.240
5327.4,26.92,11.8,0.0,57.2,1,-237.849,1.421,518.761
5327.4,26.84,11.0,0.0,58.3,1,-238.885,1.422,518.476
5327.4,26.72,10.0,0.0,59.9,1,-240.448,1.423,518.099
5327.4,26.63,9.5,0.0,60.9,1,-241.492,1.423,517.881
5332.9,26.49,9.2,0.0,59.1,1,-243.063,1.422,517.607
5332.9,26.40,9.3,0.0,60.1,1,-244.110,1.422,517.458
5332.9,26.27,9.4,0.0,61.4,1,-245.681,1.420,517.287
5332.9,26.14,9.1,0.0,60.3,1,-247.250,1.417,517.178
5338.4,26.05,9.2,0.0,60.8,1,-248.293,1.415,517.140
5338.4,25.92,9.2,0.0,61.2,1,-249.852,1.411,517.133
5338.4,25.83,9.1,0.0,59.9,1,-250.887,1.408,517.162
5338.4,25.70,9.3,0.0,59.2,1,-252.430,1.402,517.256
5343.7,25.62,9.7,0.0,57.9,1,-253.452,1.398,517.352
5343.7,25.50,10.7,0.0,55.6,1,-254.973,1.392,517.546
5343.7,25.43,12.1,0.0,53.8,1,-255.979,1.387,517.708
5343.7,25.36,15.5,0.0,50.7,1,-257.474,1.379,517.999
5349.0,25.34,18.6,0.0,48.6,1,-258.463,1.373,518.225
5349.0,25.34,25.7,0.0,45.2,1,-259.933,1.363,518.611
5349.0,25.39,33.0,0.0,42.8,1,-260.905,1.356,518.900
5349.0,25.55,49.2,0.0,38.7,1,-262.355,1.343,519.380
5354.5,25.75,67.7,0.0,35.2,1,-263.317,1.334,519.733
5354.5,26.16,51.3,0.0,28.4,1,-264.763,1.320,520.310
5354.5,26.52,64.8,0.0,21.8,1,-266.208,1.304,520.949
5354.5,26.75,56.7,0.0,17.3,1,-267.169,1.294,521.407
5360.0,27.14,60.5,0.0,14.4,1,-268.606,1.277,522.145
5360.0,27.39,62.9,0.0,13.2,1,-269.561,1.265,522.670
5360.0,27.81,63.8,0.0,10.1,1,-270.988,1.248,523.507
5360.0,28.11,73.3,0.0,12.8,1,-271.938,1.235,524.097
5365.8,28.61,74.5,0.0,13.6,1,-273.359,1.216,525.031
5365.8,28.93,72.0,0.0,12.5,1,-274.305,1.203,525.685
5365.8,29.42,76.7,0.0,12.9,1,-275.720,1.182,526.713
5365.8,29.76,73.3,0.0,14.1,1,-276.661,1.167,527.430
5371.9,30.25,79.5,0.0,12.9,1,-278.064,1.146,528.556
5371.9,30.59,78.2,0.0,15.4,1,-278.995,1.131,529.339
5371.9,31.05,72.5,0.0,17.0,1,-280.380,1.109,530.563
5371.9,31.35,77.5,0.0,18.5,1,-281.294,1.094,531.411
5378.5,31.78,68.7,0.0,20.5,1,-282.648,1.070,532.734
5378.5,32.03,66.8,0.0,21.3,1,-283.536,1.053,533.649
5378.5,32.37,65.3,0.0,21.9,1,-284.843,1.029,535.072
5385.8,32.73,67.4,0.0,23.4,1,-286.114,1.006,536.554
5385.8,32.96,65.8,0.0,24.7,1,-286.941,0.991,537.574
5385.8,33.28,60.6,0.0,27.0,1,-288.148,0.969,539.151
5385.8,33.46,52.7,0.0,29.1,1,-288.930,0.954,540.232
5393.0,33.67,51.2,0.0,33.4,1,-290.063,0.932,541.897
5393.0,33.81,48.7,0.0,38.5,1,-290.792,0.917,543.032
5393.0,33.95,38.9,0.0,46.1,1,-291.844,0.894,544.771
5393.0,33.97,23.1,0.0,50.7,1,-292.516,0.880,545.952
5400.9,33.87,14.5,0.0,56.1,1,-293.476,0.860,547.747
5400.9,33.79,13.2,0.0,56.4,1,-294.084,0.848,548.956
5400.9,33.65,12.7,0.0,55.7,1,-294.945,0.829,550.787
5400.9,33.56,12.6,0.0,54.6,1,-295.486,0.816,552.018
5408.2,33.42,12.7,0.0,54.7,1,-296.243,0.797,553.879
5408.2,33.32,12.7,0.0,55.9,1,-296.711,0.785,555.129
5408.2,33.17,12.3,0.0,53.0,1,-297.355,0.768,557.017
5408.2,33.03,12.5,0.0,53.3,1,-297.931,0.753,558.918
5415.8,32.94,12.3,0.0,51.9,1,-298.276,0.744,560.191
5415.8,32.81,12.2,0.0,49.9,1,-298.742,0.730,562.108
5415.8,32.72,13.1,0.0,48.0,1,-299.015,0.721,563.390
5415.8,32.62,15.7,0.0,44.2,1,-299.371,0.707,565.318
5422.7,32.56,18.7,0.0,41.0,1,-299.571,0.699,566.606
5422.7,32.55,29.7,0.0,34.0,1,-299.815,0.688,568.543
5422.7,32.63,44.3,0.0,29.4,1,-299.942,0.680,569.840
5422.7,32.95,85.1,0.0,22.2,1,-300.082,0.669,571.801
5429.8,33.28,89.9,0.0,16.1,1,-300.144,0.662,573.123
5429.8,33.67,0.0,0.0,6.4,0,-300.193,0.652,575.133
5429.8,33.66,84.1,0.0,2.0,2,-300.193,0.645,576.479
5429.8,34.16,89.6,0.0,-0.8,2,-300.152,0.637,578.511
5436.6,34.53,89.6,0.0,-0.1,2,-300.102,0.632,579.883
5436.6,35.07,89.6,0.0,3.2,2,-299.998,0.625,581.967
5436.6,35.59,89.6,0.0,6.6,2,-299.864,0.619,584.082
5436.6,35.95,89.6,0.0,8.1,2,-299.759,0.614,585.508
5443.7,36.46,89.7,0.0,9.0,2,-299.575,0.607,587.672
5443.7,36.80,89.7,0.0,9.1,2,-299.432,0.603,589.129
5443.7,37.31,89.7,0.0,9.0,2,-299.185,0.595,591.338
5443.7,37.64,89.7,0.0,8.8,2,-298.996,0.590,592.824
5451.0,38.13,89.7,0.0,7.9,2,-298.675,0.581,595.074
5451.0,38.46,89.8,0.0,7.3,2,-298.435,0.574,596.586
5451.0,38.95,89.8,0.0,7.1,2,-298.035,0.562,598.873
5451.0,39.27,89.8,0.0,7.2,2,-297.742,0.554,600.408
5458.6,39.75,89.8,0.0,8.2,2,-297.262,0.539,602.729
5458.6,40.06,89.9,0.0,8.3,2,-296.916,0.528,604.287
5458.6,40.54,89.9,0.0,7.9,2,-296.357,0.508,606.638
5458.6,40.84,89.9,0.0,7.7,2,-295.955,0.495,608.215
5466.5,41.30,90.0,0.0,7.3,2,-295.309,0.475,610.592
5466.5,41.45,0.0,0.0,7.0,0,-294.614,0.454,612.979
5466.5,41.59,85.2,0.0,6.6,3,-294.126,0.437,614.564
5466.5,41.98,86.3,0.0,5.9,3,-293.355,0.410,616.949
5474.7,42.23,83.6,0.0,5.4,3,-292.815,0.393,618.543
5474.7,42.59,75.6,0.0,5.2,3,-291.968,0.364,620.942
5474.7,42.80,73.6,0.0,5.3,3,-291.381,0.342,622.545
5474.7,43.11,73.0,0.0,4.9,3,-290.470,0.304,624.956
5483.2,43.30,73.2,0.0,4.4,3,-289.842,0.279,626.565
5483.2,43.62,72.7,0.0,3.9,3,-288.871,0.242,628.984
5483.2,43.83,71.8,0.0,3.6,3,-288.204,0.218,630.601
5483.2,44.11,71.4,0.0,3.3,3,-287.176,0.184,633.030
5491.9,44.29,72.0,0.0,2.8,3,-286.475,0.158,634.652
5491.9,44.53,74.6,0.0,2.2,3,-285.398,0.115,637.089
5491.9,44.81,75.8,0.0,1.8,3,-284.666,0.081,638.718
5491.9,45.08,77.9,0.0,2.0,3,-283.542,0.030,641.167
5500.7,45.31,65.6,0.0,1.1,3,-282.776,-0.001,642.803
5500.7,45.62,72.1,0.0,1.9,3,-281.597,-0.039,645.261
5500.7,45.92,72.0,0.0,3.7,3,-280.389,-0.076,647.727
5500.7,46.14,71.7,0.0,4.0,3,-279.568,-0.102,649.374
5509.8,46.43,74.2,0.0,3.5,3,-278.312,-0.143,651.851
5509.8,46.63,74.2,0.0,2.8,3,-277.459,-0.172,653.504
5509.8,46.84,76.6,0.0,1.4,3,-276.151,-0.212,655.984
5509.8,47.11,76.5,0.0,1.0,3,-275.259,-0.235,657.639
5519.1,47.39,78.5,0.0,2.0,3,-273.893,-0.261,660.121
5519.1,47.61,78.6,0.0,2.8,3,-272.965,-0.273,661.779
5519.1,47.93,77.5,0.0,3.6,3,-271.549,-0.286,664.270
5519.1,48.11,76.4,0.0,4.1,3,-270.591,-0.293,665.935
5528.6,48.43,76.5,0.0,3.7,3,-269.132,-0.310,668.436
5528.6,48.63,76.7,0.0,3.3,3,-268.142,-0.323,670.105
5528.6,48.92,77.1,0.0,3.1,3,-266.627,-0.340,672.608
5528.6,49.12,77.2,0.0,3.1,3,-265.599,-0.350,674.278
5538.3,49.42,77.6,0.0,3.2,3,-264.031,-0.363,676.783
5538.3,49.71,77.7,0.0,3.1,3,-262.431,-0.376,679.289
5538.3,49.91,78.2,0.0,3.2,3,-261.347,-0.384,680.960
5548.2,50.20,78.6,0.0,3.0,3,-259.694,-0.393,683.467
5548.2,50.40,79.1,0.0,2.8,3,-258.575,-0.397,685.138
5548.2,50.69,79.4,0.0,1.8,3,-256.871,-0.402,687.646
5548.2,50.89,79.9,0.0,1.2,3,-255.719,-0.404,689.319
5558.3,51.18,79.9,0.0,1.2,3,-253.971,-0.408,691.833
5558.3,51.38,81.0,0.0,1.1,3,-252.793,-0.411,693.512
5558.3,51.68,82.7,0.0,0.8,3,-251.009,-0.415,696.036
5558.3,51.89,85.0,0.0,0.6,3,-249.808,-0.419,697.723
5568.5,52.09,0.0,0.0,1.0,0,-247.993,-0.426,700.262
5568.5,52.06,75.7,0.0,1.3,4,-246.777,-0.431,701.952
5568.5,52.31,75.1,0.0,1.7,4,-244.942,-0.440,704.489
5568.5,52.47,75.0,0.0,1.9,4,-243.709,-0.445,706.183
5578.9,52.71,75.1,0.0,2.1,4,-241.843,-0.452,708.727
5578.9,52.87,72.6,0.0,2.2,4,-240.586,-0.456,710.424
5578.9,53.11,64.5,0.0,2.6,4,-238.683,-0.462,712.970
5578.9,53.35,56.6,0.0,2.8,4,-236.754,-0.466,715.515
5589.5,53.51,51.2,0.0,3.0,4,-235.453,-0.469,717.210
5589.5,53.75,48.7,0.0,3.3,4,-233.480,-0.471,719.751
5589.5,53.91,48.8,0.0,3.5,4,-232.148,-0.472,721.443
5589.5,54.14,49.0,0.0,3.7,4,-230.127,-0.473,723.976
5600.3,54.30,49.1,0.0,3.7,4,-228.762,-0.474,725.662
5600.3,54.53,49.3,0.0,3.8,4,-226.689,-0.474,728.184
5600.3,54.68,49.5,0.0,3.6,4,-225.290,-0.473,729.860
5600.3,54.92,49.7,0.0,3.1,4,-223.164,-0.470,732.367
5611.4,55.07,50.0,0.0,3.1,4,-221.729,-0.467,734.034
5611.4,55.30,50.1,0.0,3.1,4,-219.551,-0.461,736.528
5611.4,55.46,50.3,0.0,3.4,4,-218.082,-0.455,738.185
5611.4,55.68,50.7,0.0,2.7,4,-215.853,-0.444,740.664
5622.6,55.83,51.0,0.0,3.1,4,-214.350,-0.434,742.312
5622.6,56.06,51.3,0.0,2.7,4,-212.072,-0.418,744.777
5622.6,56.29,51.4,0.0,2.8,4,-209.763,-0.399,747.232
5622.6,56.44,51.7,0.0,3.0,4,-208.209,-0.385,748.865
5634.1,56.67,52.0,0.0,3.1,4,-205.853,-0.363,751.306
5634.1,56.82,52.3,0.0,3.6,4,-204.266,-0.346,752.929
5634.1,57.04,52.6,0.0,4.0,4,-201.862,-0.320,755.354
5634.1,57.19,52.7,0.0,4.3,4,-200.242,-0.302,756.965
5645.8,57.42,53.0,0.0,4.6,4,-197.786,-0.278,759.371
5645.8,57.56,53.3,0.0,4.5,4,-196.131,-0.264,760.966
5645.8,57.78,53.6,0.0,4.4,4,-193.619,-0.243,763.346
5645.8,57.93,53.8,0.0,4.6,4,-191.926,-0.231,764.923
5657.5,58.16,53.7,0.0,4.7,4,-189.358,-0.221,767.275
5657.5,58.30,53.9,0.0,4.4,4,-187.627,-0.217,768.833
5657.5,58.51,54.2,0.0,4.1,4,-185.001,-0.214,771.153
5657.5,58.66,54.3,0.0,3.9,4,-183.230,-0.211,772.687
5669.5,58.88,54.8,0.0,3.9,4,-180.544,-0.206,774.971
5669.5,59.02,55.0,0.0,4.1,4,-178.734,-0.201,776.482
5669.5,59.24,55.3,0.0,4.4,4,-175.992,-0.194,778.732
5669.5,59.46,55.6,0.0,4.6,4,-173.216,-0.189,780.963
5681.6,59.61,55.7,0.0,4.8,4,-171.348,-0.188,782.439
5681.6,59.83,56.0,0.0,4.9,4,-168.516,-0.190,784.634
5681.6,59.97,56.2,0.0,4.8,4,-166.609,-0.193,786.083
5681.6,60.18,57.0,0.0,4.9,4,-163.717,-0.195,788.234
5693.8,60.32,57.6,0.0,5.1,4,-161.769,-0.194,789.651
5693.8,60.53,58.0,0.0,5.9,4,-158.815,-0.191,791.753
5693.8,60.67,58.0,0.0,6.4,4,-156.826,-0.189,793.138
5693.8,60.89,59.7,0.0,5.8,4,-153.812,-0.191,795.190
5706.2,61.03,59.4,0.0,4.9,4,-151.780,-0.191,796.539
5706.2,61.23,59.5,0.0,3.7,0,-148.701,-0.187,798.531
5706.2,61.17,0.0,0.0,3.5,0,-146.630,-0.182,799.837
5706.2,61.28,70.7,0.0,4.3,5,-143.504,-0.172,801.763
5718.6,61.38,64.8,0.0,4.9,5,-141.404,-0.169,803.030
5718.6,61.54,56.3,0.0,5.8,5,-138.228,-0.167,804.903
5718.6,61.70,49.5,0.0,5.6,5,-135.019,-0.165,806.739
5718.6,61.79,49.5,0.0,5.1,5,-132.861,-0.162,807.939
5731.3,61.95,49.4,0.0,5.4,5,-129.597,-0.157,809.707
5731.3,62.06,49.5,0.0,5.8,5,-127.404,-0.157,810.864
5731.3,62.21,49.9,0.0,6.3,5,-124.086,-0.156,812.563
5731.3,62.30,49.8,0.0,6.3,5,-121.856,-0.153,813.670
5743.9,62.46,50.1,0.0,5.4,5,-118.485,-0.151,815.296
5743.9,62.55,50.2,0.0,4.8,5,-116.220,-0.149,816.354
5743.9,62.71,50.2,0.0,4.8,5,-112.797,-0.145,817.904
5743.9,62.81,50.2,0.0,5.0,5,-110.499,-0.143,818.914
5756.6,62.97,50.4,0.0,5.4,5,-107.029,-0.141,820.395
5756.6,63.07,50.5,0.0,5.4,5,-104.699,-0.138,821.357
5756.6,63.22,50.6,0.0,5.2,5,-101.182,-0.131,822.765
5756.6,63.32,50.6,0.0,5.1,5,-98.822,-0.127,823.679
5769.4,63.48,50.8,0.0,5.2,5,-95.261,-0.121,825.014
5769.4,63.57,50.9,0.0,5.4,5,-92.872,-0.117,825.879
5769.4,63.73,50.9,0.0,5.7,5,-89.268,-0.113,827.141
5782.2,63.87,51.2,0.0,5.4,5,-85.638,-0.109,828.356
5782.2,63.97,51.3,0.0,5.2,5,-83.204,-0.105,829.138
5782.2,64.12,52.0,0.0,5.2,5,-79.532,-0.097,830.270
5782.2,64.23,52.7,0.0,5.2,5,-77.071,-0.092,830.998
5794.9,64.38,53.8,0.0,5.4,5,-73.359,-0.084,832.050
5794.9,64.50,54.5,0.0,5.4,5,-70.872,-0.079,832.725
5794.9,64.66,55.4,0.0,5.3,5,-67.121,-0.071,833.695
5794.9,64.78,55.9,0.0,4.2,5,-64.608,-0.065,834.315
5807.8,64.96,56.7,0.0,3.8,5,-60.819,-0.055,835.205
5807.8,65.08,57.3,0.0,3.4,5,-58.281,-0.047,835.772
5807.8,65.27,57.8,0.0,3.1,5,-54.457,-0.034,836.588
5807.8,65.40,57.9,0.0,3.1,5,-51.897,-0.024,837.111
5820.8,65.60,57.9,0.0,2.9,5,-48.040,-0.007,837.866
5820.8,65.72,58.0,0.0,2.9,5,-45.459,0.006,838.351
5820.8,65.92,58.0,0.0,2.9,5,-41.573,0.028,839.052
5820.8,66.04,58.1,0.0,2.9,5,-38.973,0.043,839.502
5833.9,66.24,58.1,0.0,2.9,5,-35.059,0.064,840.153
5833.9,66.42,58.2,0.0,2.8,5,-31.128,0.086,840.774
5833.9,66.55,58.2,0.0,2.5,5,-28.499,0.101,841.171
5833.9,66.74,58.2,0.0,1.8,5,-24.542,0.124,841.741
5847.2,66.86,58.3,0.0,1.5,5,-21.895,0.142,842.106
5847.2,67.05,58.3,0.0,1.3,5,-17.913,0.170,842.633
5847.2,67.17,58.3,0.0,1.1,5,-15.251,0.188,842.973
5847.2,67.36,58.3,0.0,0.6,5,-11.246,0.212,843.471
5860.7,67.48,58.4,0.0,0.4,5,-8.569,0.229,843.794
5860.7,67.67,58.4,0.0,0.1,5,-4.543,0.256,844.272
5860.7,67.79,58.5,0.0,0.0,5,-1.853,0.275,844.586
5860.7,67.97,58.5,0.0,-0.1,5,2.192,0.303,845.055
5.0,68.10,58.5,0.0,-0.2,5,4.896,0.319,845.367
