opponent,v3,Antonio Fuoco,0,1771614756066
Game,version,date,track,car,event,laptime [s],S1 [s],S2 [s],S3 [s],S4+ [s]
LMU,1.2,2026-02-20 19:12:36,Silverstone Grand Prix Circuit - ELMS,Ferrari AF Corse 2025 #50:LM (Hyper),Live,106.644,0,0,0
Tracklen [m],TotalLaps
5868.9,4
,
,
lapdistance [m],speed [m/s],throttle [%],brake [%],steer [%],gear [int],world_x [m],world_y [m],world_z [m]
63.4,72.14,59.7,0.0,0.2,6,74.234,0.902,853.941
77.7,72.24,59.6,0.0,0.1,6,77.104,0.927,854.253
77.7,72.38,59.7,0.0,0.3,6,81.417,0.963,854.720
77.7,72.48,59.7,0.0,0.4,6,84.298,0.986,855.030
77.7,72.62,59.8,0.0,-0.0,6,88.626,1.018,855.493
92.2,72.72,59.8,0.0,0.5,6,91.516,1.042,855.801
92.2,72.86,59.8,0.0,0.2,6,95.859,1.076,856.261
92.2,72.96,59.9,0.0,-0.2,6,98.759,1.098,856.566
92.2,73.10,59.9,0.0,0.0,6,103.116,1.128,857.022
106.8,73.24,59.9,0.0,0.1,6,107.483,1.159,857.476
106.8,73.33,59.9,0.0,0.4,6,110.398,1.179,857.778
106.8,73.47,60.0,0.0,0.6,6,114.779,1.211,858.231
106.8,73.56,60.0,0.0,0.4,6,117.703,1.233,858.532
121.5,73.70,60.1,0.0,0.2,6,122.098,1.264,858.981
121.5,73.79,60.1,0.0,-0.1,6,125.033,1.280,859.278
121.5,73.93,60.1,0.0,-0.0,6,129.442,1.302,859.721
121.5,74.02,60.1,0.0,0.1,6,132.386,1.317,860.015
136.3,74.16,60.1,0.0,0.4,6,136.809,1.344,860.456
136.3,74.23,60.2,0.0,0.1,6,139.762,1.367,860.749
136.3,74.38,60.2,0.0,-0.0,6,144.198,1.400,861.187
136.3,74.46,60.2,0.0,0.0,6,147.160,1.419,861.478
151.1,74.60,60.2,0.0,0.4,6,151.610,1.446,861.914
151.1,74.68,60.2,0.0,0.2,6,154.582,1.464,862.204
151.1,74.82,60.2,0.0,-0.1,6,159.045,1.488,862.637
151.1,74.94,60.2,0.0,-0.0,6,163.516,1.514,863.069
166.0,75.02,60.2,0.0,0.1,6,166.502,1.533,863.357
166.0,75.14,60.2,0.0,0.3,6,170.986,1.564,863.788
166.0,75.23,60.2,0.0,0.2,6,173.979,1.584,864.075
166.0,75.35,60.2,0.0,-0.2,6,178.476,1.615,864.506
181.1,75.44,60.3,0.0,-0.4,6,181.478,1.635,864.793
181.1,75.56,60.3,0.0,-0.1,6,185.986,1.663,865.224
181.1,75.64,60.3,0.0,0.2,6,188.996,1.680,865.513
181.1,75.76,60.3,0.0,-0.2,6,193.517,1.709,865.946
196.2,75.83,60.3,0.0,-1.0,6,196.535,1.728,866.236
271.6,69.26,0.0,85.6,2.4,6,271.444,2.179,873.449
271.6,67.96,0.0,85.5,2.6,6,275.554,2.197,873.723
271.6,67.10,0.0,85.5,3.1,6,278.252,2.208,873.884
271.6,65.79,0.0,84.2,3.6,6,282.236,2.223,874.089
285.0,64.96,0.0,80.2,4.0,6,284.850,2.233,874.200
285.0,64.16,0.0,74.8,5.0,6,287.433,2.241,874.291
285.0,63.02,0.0,62.0,5.2,6,291.248,2.252,874.383
285.0,62.07,0.0,41.9,5.5,6,295.002,2.268,874.412
297.7,61.60,0.0,24.8,6.0,6,297.476,2.279,874.395
297.7,61.10,0.0,19.6,7.1,6,301.156,2.295,874.313
297.7,60.80,0.0,18.8,8.1,6,303.593,2.306,874.218
297.7,60.38,0.0,10.1,9.6,6,307.223,2.326,874.015
309.8,60.16,0.0,7.1,10.3,6,309.627,2.340,873.838
309.8,59.86,0.0,5.6,11.6,6,313.213,2.363,873.512
309.8,59.68,0.0,2.1,12.7,0,315.591,2.378,873.254
309.8,59.48,2.1,0.0,13.5,5,319.137,2.400,872.807
440.9,59.13,57.8,0.0,19.4,5,422.334,3.001,806.489
452.4,59.30,57.9,0.0,16.7,5,424.246,3.017,803.495
452.4,59.44,58.0,0.0,15.4,5,425.485,3.029,801.469
452.4,59.62,58.1,0.0,14.1,5,427.287,3.052,798.385
452.4,59.76,58.2,0.0,14.5,5,428.452,3.068,796.302
464.0,59.96,58.2,0.0,14.5,5,430.148,3.092,793.136
464.0,60.09,58.3,0.0,15.6,5,431.242,3.110,790.999
464.0,60.30,58.2,0.0,15.4,5,432.835,3.135,787.758
464.0,60.42,58.4,0.0,14.1,5,433.864,3.152,785.574
475.9,60.62,58.5,0.0,13.0,5,435.352,3.185,782.263
475.9,60.79,58.6,0.0,13.0,5,436.311,3.211,780.032
475.9,61.00,58.7,0.0,12.1,5,437.717,3.234,776.663
475.9,61.05,43.4,0.0,9.5,5,438.633,3.237,774.400
536.9,63.82,59.6,0.0,3.2,5,454.523,3.693,714.497
549.5,64.05,59.6,0.0,3.2,5,455.153,3.717,710.713
549.5,64.18,59.7,0.0,3.0,5,455.556,3.733,708.181
549.5,64.40,59.8,0.0,2.2,5,456.138,3.764,704.368
549.5,64.54,59.8,0.0,1.9,5,456.514,3.785,701.818
562.3,64.77,59.8,0.0,1.5,5,457.063,3.815,697.978
562.3,64.91,59.9,0.0,1.3,5,457.419,3.836,695.409
562.3,65.12,60.0,0.0,1.1,5,457.943,3.870,691.544
562.3,65.27,60.0,0.0,1.1,5,458.287,3.892,688.960
575.2,65.48,60.0,0.0,1.1,5,458.797,3.925,685.072
575.2,65.69,60.1,0.0,1.1,5,459.298,3.958,681.169
575.2,65.83,60.1,0.0,1.3,5,459.628,3.980,678.560
575.2,66.04,60.1,0.0,1.3,5,460.117,4.013,674.635
588.2,66.24,60.1,0.0,1.2,5,460.598,4.047,670.697
588.2,66.38,60.1,0.0,1.1,5,460.914,4.069,668.063
588.2,66.58,60.1,0.0,1.2,5,461.380,4.103,664.103
588.2,66.71,60.1,0.0,1.3,5,461.685,4.124,661.455
601.4,66.91,60.1,0.0,1.5,5,462.135,4.156,657.472
601.4,67.04,60.1,0.0,1.6,5,462.429,4.179,654.810
601.4,67.23,60.1,0.0,1.7,5,462.861,4.214,650.805
601.4,67.36,60.1,0.0,1.5,5,463.144,4.237,648.128
614.8,67.55,60.1,0.0,1.5,5,463.557,4.271,644.103
614.8,67.68,60.1,0.0,1.5,5,463.825,4.293,641.412
614.8,67.86,60.1,0.0,1.6,5,464.216,4.325,637.365
614.8,67.98,60.1,0.0,1.5,5,464.470,4.348,634.660
628.3,68.17,60.1,0.0,1.6,5,464.839,4.382,630.593
628.3,68.29,60.1,0.0,1.6,5,465.078,4.404,627.874
628.3,68.47,60.1,0.0,1.4,5,465.425,4.436,623.787
641.9,68.65,60.2,0.0,1.3,5,465.759,4.468,619.687
641.9,68.77,60.2,0.0,1.4,5,465.974,4.489,616.948
641.9,68.94,60.2,0.0,1.2,5,466.287,4.522,612.828
641.9,69.06,60.2,0.0,1.0,5,466.489,4.544,610.076
655.7,69.23,60.2,0.0,0.9,5,466.782,4.577,605.938
655.7,69.34,60.3,0.0,0.8,5,466.972,4.599,603.173
655.7,69.52,60.3,0.0,0.6,5,467.249,4.631,599.017
655.7,69.64,60.3,0.0,0.7,5,467.428,4.652,596.240
669.7,69.80,60.3,0.0,0.9,5,467.691,4.684,592.066
669.7,69.91,60.3,0.0,0.9,5,467.862,4.705,589.277
669.7,70.08,60.2,0.0,0.7,5,468.113,4.734,585.085
669.7,70.19,60.1,0.0,0.5,5,468.276,4.753,582.284
683.7,70.27,0.0,0.0,0.5,0,468.513,4.780,578.076
683.7,70.20,89.6,0.0,-0.2,6,468.668,4.797,575.271
683.7,70.36,79.8,0.0,-0.4,6,468.897,4.820,571.061
683.7,70.47,73.4,0.0,0.2,6,469.048,4.833,568.248
697.8,70.63,63.7,0.0,0.0,6,469.275,4.851,564.022
697.8,70.73,59.2,0.0,-0.5,6,469.427,4.863,561.199
697.8,70.89,59.3,0.0,-0.0,6,469.656,4.879,556.956
697.8,71.05,59.3,0.0,-0.1,6,469.887,4.894,552.705
712.0,71.16,59.3,0.0,-0.2,6,470.041,4.903,549.865
712.0,71.31,59.4,0.0,-0.5,6,470.272,4.915,545.597
712.0,71.42,59.4,0.0,-0.9,6,470.428,4.921,542.747
712.0,71.57,59.5,0.0,0.2,6,470.664,4.927,538.464
726.3,71.67,59.5,0.0,-0.1,6,470.823,4.931,535.604
726.3,71.83,59.6,0.0,0.7,6,471.065,4.935,531.306
726.3,71.93,59.6,0.0,0.8,6,471.226,4.937,528.436
726.3,72.09,59.6,0.0,0.8,6,471.467,4.937,524.122
740.8,72.18,59.7,0.0,0.5,6,471.624,4.935,521.241
740.8,72.34,59.7,0.0,0.2,6,471.856,4.930,516.912
740.8,72.44,59.7,0.0,0.1,6,472.007,4.926,514.021
740.8,72.59,59.7,0.0,0.2,6,472.231,4.919,509.676
755.3,72.69,59.8,0.0,0.3,6,472.379,4.913,506.774
755.3,72.84,59.8,0.0,0.2,6,472.599,4.900,502.414
755.3,72.99,59.8,0.0,0.2,6,472.816,4.883,498.045
755.3,73.09,59.9,0.0,0.1,6,472.960,4.870,495.127
769.9,73.23,59.9,0.0,0.2,6,473.174,4.847,490.743
769.9,73.33,59.9,0.0,0.3,6,473.316,4.831,487.816
769.9,73.47,60.0,0.0,0.1,6,473.526,4.806,483.417
769.9,73.56,60.0,0.0,0.4,6,473.666,4.790,480.480
784.6,73.71,60.0,0.0,-0.2,6,473.872,4.766,476.067
784.6,73.80,60.1,0.0,-0.6,6,474.009,4.753,473.120
784.6,73.94,60.1,0.0,-1.5,6,474.214,4.735,468.693
784.6,74.04,60.1,0.0,-2.0,6,474.354,4.723,465.736
799.4,74.18,60.1,0.0,-2.6,6,474.574,4.703,461.295
799.4,74.27,60.2,0.0,-3.0,6,474.731,4.691,458.330
799.4,74.40,60.2,0.0,-4.2,6,474.989,4.674,453.878
799.4,74.49,60.2,0.0,-4.2,6,475.178,4.660,450.906
814.2,74.62,60.2,0.0,-4.4,6,475.492,4.636,446.444
814.2,74.70,60.2,0.0,-4.3,6,475.726,4.621,443.467
814.2,74.83,60.2,0.0,-5.3,6,476.115,4.599,438.998
814.2,74.92,60.2,0.0,-6.0,6,476.400,4.579,436.017
829.1,75.02,60.2,0.0,-6.3,6,476.873,4.549,431.545
829.1,75.12,60.3,0.0,-6.3,6,477.410,4.528,427.073
829.1,75.19,60.2,0.0,-6.5,6,477.804,4.516,424.093
829.1,75.30,60.3,0.0,-6.6,6,478.448,4.496,419.625
844.1,75.37,60.3,0.0,-6.6,6,478.917,4.482,416.648
844.1,75.47,60.3,0.0,-7.2,6,479.679,4.466,412.188
844.1,75.53,60.3,0.0,-8.0,6,480.227,4.455,409.219
844.1,75.63,60.3,0.0,-8.8,6,481.108,4.438,404.771
859.1,75.68,60.3,0.0,-9.0,6,481.737,4.426,401.811
859.1,75.77,60.3,0.0,-9.3,6,482.743,4.404,397.381
859.1,75.82,60.3,0.0,-9.5,6,483.458,4.387,394.434
859.1,75.92,60.3,0.0,-8.5,6,484.593,4.354,390.027
874.0,75.97,60.3,0.0,-8.5,6,485.393,4.327,387.097
874.0,76.05,60.3,0.0,-9.2,6,486.658,4.282,382.716
874.0,76.10,60.3,0.0,-9.6,6,487.546,4.249,379.805
874.0,76.17,60.3,0.0,-8.7,6,488.944,4.197,375.457
889.0,76.23,60.3,0.0,-7.9,6,489.921,4.160,372.570
889.0,76.31,60.3,0.0,-7.2,6,491.454,4.104,368.259
889.0,76.39,60.3,0.0,-7.2,6,493.066,4.046,363.972
889.0,76.44,60.3,0.0,-7.3,6,494.184,4.008,361.128
904.8,76.53,60.3,0.0,-5.4,6,495.923,3.951,356.882
904.8,76.59,60.3,0.0,-3.1,6,497.121,3.913,354.064
904.8,76.70,60.3,0.0,0.4,6,498.970,3.855,349.854
904.8,76.77,60.3,0.0,2.2,6,500.231,3.819,347.056
920.4,76.88,62.2,0.0,2.9,6,502.144,3.766,342.863
920.4,76.94,53.8,0.8,3.5,6,503.421,3.728,340.064
920.4,76.64,0.0,42.6,4.0,6,505.322,3.662,335.862
920.4,76.10,0.0,54.3,4.2,6,506.565,3.619,333.070
936.2,75.19,0.0,54.5,3.9,6,508.379,3.563,328.908
936.2,74.58,0.0,49.4,4.2,6,509.551,3.532,326.151
936.2,73.74,0.0,45.5,4.8,6,511.252,3.492,322.038
936.2,73.20,0.0,45.5,5.5,6,512.346,3.465,319.309
951.3,72.40,0.0,40.0,6.2,6,513.923,3.429,315.235
951.3,71.90,0.0,43.3,6.7,6,514.929,3.408,312.529
951.3,70.99,0.0,65.7,6.5,6,516.370,3.378,308.488
965.4,69.90,0.0,62.3,6.1,6,517.720,3.355,304.480
965.4,69.22,0.0,62.0,5.1,6,518.567,3.343,301.829
965.4,68.25,0.0,47.7,5.3,6,519.762,3.329,297.880
965.4,67.68,0.0,43.3,5.9,6,520.509,3.319,295.265
978.7,66.91,0.0,38.8,6.4,6,521.553,3.305,291.364
978.7,66.43,0.0,15.4,7.0,6,522.199,3.294,288.776
978.7,66.26,76.4,0.0,8.4,6,523.094,3.277,284.900
978.7,66.29,38.8,17.7,10.2,6,523.645,3.265,282.307
992.0,65.74,0.0,36.3,13.0,6,524.400,3.245,278.414
992.0,65.28,0.0,18.4,13.0,6,524.852,3.234,275.833
992.0,64.94,46.9,0.0,10.0,6,525.455,3.222,271.974
992.0,64.93,43.9,9.5,7.9,6,525.809,3.216,269.402
1006.4,64.59,0.0,25.9,4.8,6,526.262,3.218,265.541
1006.4,64.35,0.0,14.5,6.3,6,526.521,3.219,262.975
1006.4,64.11,53.0,0.0,8.8,6,526.870,3.194,259.138
1006.4,63.97,63.7,0.0,12.4,6,527.130,3.181,255.306
1020.6,64.00,64.6,0.0,13.7,6,527.241,3.195,252.749
1020.6,64.03,56.7,0.0,14.3,6,527.369,3.192,248.910
1020.6,64.26,34.5,0.0,15.8,6,527.427,3.174,246.346
1020.6,64.10,13.7,0.0,21.2,6,527.422,3.162,242.494
1033.9,63.94,2.7,6.2,23.0,6,527.364,3.160,239.934
1033.9,63.62,0.0,2.9,23.1,6,527.200,3.158,236.110
1033.9,63.41,0.0,1.5,22.2,6,527.039,3.160,233.574
1033.9,63.12,3.1,0.0,19.2,6,526.715,3.170,229.792
1046.9,62.95,5.4,0.0,17.2,6,526.444,3.181,227.285
1046.9,62.71,5.6,0.0,15.3,6,525.959,3.198,223.546
1046.9,62.55,6.5,0.0,13.8,6,525.585,3.209,221.069
1046.9,62.30,2.7,0.0,10.0,6,524.946,3.226,217.378
1059.3,62.13,7.2,0.0,8.3,6,524.468,3.240,214.936
1059.3,61.95,28.1,0.0,6.7,6,523.673,3.266,211.300
1059.3,61.97,51.5,0.0,6.0,6,523.094,3.285,208.891
1059.3,62.12,54.7,0.0,6.4,6,522.156,3.315,205.289
1071.5,62.30,54.8,0.0,6.6,6,521.147,3.346,201.696
1071.5,62.42,54.9,0.0,4.7,6,520.443,3.367,199.303
1071.5,62.61,55.0,0.0,1.1,6,519.351,3.399,195.715
1071.5,62.74,55.1,0.0,-0.2,6,518.604,3.420,193.323
1084.1,62.94,55.3,0.0,-2.4,6,517.466,3.451,189.729
1084.1,63.07,55.3,0.0,-3.1,6,516.703,3.471,187.327
1084.1,63.26,55.5,0.0,-4.0,6,515.563,3.500,183.713
1084.1,63.39,55.6,0.0,-4.6,6,514.811,3.518,181.295
1096.9,63.48,23.7,5.6,-5.6,6,513.703,3.542,177.652
1096.9,63.32,1.7,35.4,-6.1,6,512.983,3.556,175.220
1096.9,62.55,0.0,73.3,-5.8,6,511.941,3.575,171.586
1096.9,61.81,0.0,80.7,-5.3,6,511.278,3.587,169.187
1109.5,60.61,20.9,84.8,-4.1,0,510.334,3.604,165.635
1109.5,59.78,0.0,82.2,-2.9,5,509.739,3.615,163.300
1109.5,58.57,0.0,74.2,-1.7,5,508.903,3.630,159.849
1109.5,57.80,0.0,70.2,-1.3,5,508.383,3.639,157.579
1121.4,56.72,0.0,62.2,-1.4,5,507.662,3.655,154.218
1121.4,55.77,0.0,51.8,-2.8,5,507.013,3.671,150.904
1121.4,55.21,0.0,41.6,-3.4,5,506.619,3.680,148.719
1121.4,54.55,0.0,23.5,-6.0,5,506.088,3.694,145.469
1132.8,54.24,0.0,12.9,-8.2,5,505.773,3.702,143.317
1132.8,53.93,0.0,3.2,-11.5,5,505.354,3.711,140.099
1132.8,53.78,0.0,0.6,-13.5,5,505.112,3.715,137.958
1132.8,53.59,0.0,0.9,-15.3,5,504.804,3.719,134.751
1144.0,53.46,0.0,1.4,-15.9,5,504.637,3.719,132.616
1144.0,53.27,5.8,0.0,-17.4,5,504.442,3.716,129.420
1144.0,53.17,11.6,0.0,-18.6,5,504.349,3.709,127.293
1144.0,53.04,14.7,1.4,-17.5,5,504.271,3.693,124.107
1155.4,52.91,4.0,3.1,-16.0,5,504.265,3.683,121.988
1155.4,52.63,0.0,3.6,-13.0,5,504.331,3.678,118.822
1155.4,52.46,0.6,0.6,-10.9,5,504.424,3.680,116.722
1155.4,52.28,1.4,0.0,-10.7,5,504.614,3.672,113.585
1166.4,52.14,6.7,0.0,-10.9,5,504.781,3.664,111.504
1166.4,51.94,17.6,0.0,-10.5,5,505.107,3.663,108.399
1166.4,51.86,16.5,0.0,-10.9,5,505.498,3.650,105.309
1166.4,51.74,16.9,0.0,-11.5,5,505.809,3.648,103.260
1177.3,51.60,2.0,0.7,-12.2,5,506.324,3.633,100.202
1177.3,51.43,7.4,0.0,-12.0,5,506.711,3.625,98.178
1177.3,51.30,12.1,0.0,-12.8,5,507.347,3.605,95.162
1177.3,51.18,11.2,0.0,-16.6,5,507.811,3.590,93.166
1188.2,51.00,10.1,0.0,-19.9,5,508.567,3.565,90.194
1188.2,50.88,14.0,0.0,-22.2,5,509.116,3.550,88.232
1188.2,50.72,29.5,0.0,-28.4,0,510.002,3.524,85.316
1188.2,50.61,10.0,0.0,-32.2,4,510.630,3.503,83.388
1198.9,50.44,9.8,0.0,-37.2,4,511.625,3.467,80.525
1198.9,50.33,10.1,0.0,-39.7,4,512.324,3.441,78.635
1198.9,50.16,11.4,0.0,-41.4,4,513.426,3.400,75.829
1198.9,50.04,11.5,0.0,-41.5,4,514.197,3.371,73.979
1209.4,49.88,18.2,0.0,-40.7,4,515.408,3.326,71.237
1209.4,49.80,27.5,0.0,-38.8,4,516.253,3.295,69.432
1209.4,49.73,34.2,0.0,-34.5,4,517.583,3.252,66.759
1219.4,49.70,44.0,0.0,-30.6,4,518.988,3.215,64.129
1265.3,42.15,65.2,0.0,25.1,3,543.549,2.666,21.796
1265.3,42.35,86.3,0.0,24.3,3,544.092,2.642,20.196
1265.3,42.64,56.3,0.0,25.5,3,544.855,2.605,17.763
1273.9,42.67,21.2,0.4,27.7,3,545.327,2.580,16.123
1273.9,42.51,1.8,0.0,31.6,3,545.974,2.540,13.651
1273.9,42.41,17.4,0.0,33.7,3,546.362,2.513,11.997
1273.9,42.40,52.5,0.0,35.6,3,546.881,2.474,9.508
1283.2,42.55,76.7,0.0,35.5,3,547.185,2.448,7.837
1283.2,42.76,50.8,0.0,37.6,3,547.583,2.411,5.308
1283.2,42.84,38.1,0.0,40.2,3,547.913,2.370,2.762
1283.2,42.84,31.7,0.0,42.6,3,548.093,2.341,1.058
1292.4,42.82,29.7,0.0,45.0,3,548.303,2.296,-1.503
1292.4,42.78,28.9,0.0,46.5,3,548.437,2.251,-4.067
1292.4,42.76,28.5,0.0,47.4,3,548.485,2.221,-5.777
1301.8,42.73,25.1,0.0,49.3,3,548.498,2.175,-8.341
1301.8,42.71,31.3,0.0,51.6,3,548.467,2.143,-10.049
1301.8,42.67,20.3,0.0,54.4,3,548.364,2.092,-12.608
1301.8,42.58,16.8,0.0,55.7,3,548.254,2.058,-14.310
1311.2,42.45,15.5,0.0,56.5,3,548.027,2.009,-16.850
1311.2,42.36,15.1,0.0,56.2,3,547.833,1.978,-18.535
1311.2,42.21,15.1,0.0,54.7,3,547.476,1.935,-21.047
1311.2,42.12,15.5,0.0,53.0,3,547.194,1.907,-22.710
1320.6,41.98,16.8,0.0,50.0,3,546.706,1.868,-25.185
1320.6,41.90,18.3,0.0,47.9,3,546.337,1.844,-26.821
1320.6,41.79,21.5,0.0,44.6,3,545.718,1.811,-29.254
1320.6,41.74,25.0,0.0,42.4,3,545.261,1.791,-30.861
1329.8,41.70,28.9,0.0,40.9,3,544.514,1.761,-33.250
1329.8,41.70,31.9,0.0,40.3,3,543.978,1.741,-34.829
1329.8,41.71,35.6,0.0,40.1,3,543.117,1.707,-37.178
1329.8,41.75,44.0,0.0,38.6,3,542.188,1.674,-39.503
1338.5,41.82,53.7,0.0,36.5,3,541.530,1.653,-41.038
1338.5,42.02,76.8,0.0,31.3,3,540.481,1.625,-43.323
1338.5,42.26,89.8,0.0,27.0,3,539.741,1.608,-44.836
1338.5,42.64,91.1,0.0,21.4,3,538.570,1.583,-47.097
1347.5,42.90,91.1,0.0,18.2,3,537.751,1.565,-48.599
1347.5,43.28,91.2,0.0,13.0,3,536.463,1.538,-50.839
1347.5,43.53,91.2,0.0,9.6,3,535.563,1.521,-52.323
1347.5,43.92,91.2,0.0,6.2,3,534.151,1.497,-54.533
1356.5,44.19,91.2,0.0,5.0,3,533.171,1.483,-55.997
1356.5,44.60,91.2,0.0,5.9,3,531.646,1.462,-58.180
1356.5,44.89,91.2,0.0,7.7,3,530.595,1.448,-59.627
1356.5,45.29,91.2,0.0,10.8,3,528.971,1.426,-61.789
1365.7,45.57,91.2,0.0,11.6,3,527.859,1.410,-63.226
1365.7,45.98,91.2,0.0,11.6,3,526.147,1.384,-65.372
1365.7,46.23,91.2,0.0,11.2,3,524.976,1.366,-66.796
1365.7,46.63,91.2,0.0,9.7,3,523.176,1.336,-68.922
1374.8,47.03,91.3,0.0,9.0,3,521.322,1.304,-71.031
1374.8,47.29,91.3,0.0,8.8,3,520.055,1.282,-72.429
1374.8,47.68,91.3,0.0,8.7,3,518.110,1.248,-74.509
1374.8,47.94,91.3,0.0,9.1,3,516.784,1.225,-75.887
1384.2,48.33,91.3,0.0,9.5,3,514.753,1.186,-77.938
1384.2,48.58,91.3,0.0,9.5,3,513.372,1.157,-79.297
1384.2,48.96,91.3,0.0,9.5,3,511.257,1.114,-81.317
1384.2,49.21,91.3,0.0,9.5,3,509.819,1.086,-82.652
1393.8,49.57,91.4,0.0,10.4,3,507.618,1.047,-84.635
1393.8,49.81,91.4,0.0,10.9,3,506.123,1.022,-85.943
1393.8,50.17,91.4,0.0,10.8,3,503.839,0.985,-87.885
1393.8,50.39,91.4,0.0,11.5,3,502.289,0.958,-89.165
1403.6,50.73,91.4,0.0,9.9,3,499.923,0.915,-91.063
1403.6,50.95,91.5,0.0,8.6,0,498.318,0.885,-92.311
1403.6,50.94,91.2,0.0,5.1,4,495.876,0.838,-94.148
1403.6,51.27,91.2,0.0,3.7,4,493.393,0.792,-95.945
1413.6,51.50,91.2,0.0,4.0,4,491.713,0.762,-97.128
1413.6,51.83,91.2,0.0,4.3,4,489.159,0.720,-98.883
1413.6,52.05,91.2,0.0,3.7,4,487.436,0.694,-100.043
1413.6,52.40,91.2,0.0,2.0,4,484.825,0.657,-101.773
1424.0,52.62,91.3,0.0,0.7,4,483.067,0.633,-102.922
1424.0,52.96,86.0,0.0,-0.4,4,480.409,0.599,-104.643
1424.0,53.18,79.6,0.0,-0.8,4,478.624,0.577,-105.791
1424.0,53.52,69.8,0.0,-1.9,4,475.931,0.543,-107.521
1434.7,53.75,63.3,0.0,-3.5,4,474.127,0.522,-108.681
1434.7,54.10,58.9,0.0,-4.9,4,471.411,0.489,-110.439
1434.7,54.34,59.0,0.0,-5.0,4,469.596,0.468,-111.625
1434.7,54.67,59.5,0.0,-5.4,4,466.872,0.446,-113.431
1445.8,54.87,59.6,0.0,-5.9,4,465.054,0.433,-114.653
1445.8,55.31,59.6,0.0,-7.1,4,462.325,0.401,-116.510
1445.8,55.49,59.6,0.0,-8.6,4,460.506,0.387,-117.775
1445.8,55.75,59.9,0.0,-9.0,4,457.784,0.359,-119.702
1457.2,56.14,59.8,0.0,-10.1,4,455.067,0.329,-121.677
1457.2,56.32,60.0,0.0,-9.6,4,453.264,0.307,-123.020
1457.2,56.67,60.0,0.0,-9.7,4,450.572,0.279,-125.083
1457.2,56.89,60.0,0.0,-9.5,4,448.789,0.262,-126.487
1468.9,57.16,60.0,0.0,-10.1,4,446.133,0.239,-128.643
1468.9,57.35,60.0,0.0,-10.0,4,444.377,0.225,-130.112
1468.9,57.62,60.0,0.0,-10.2,4,441.764,0.205,-132.362
1468.9,57.80,60.0,0.0,-9.2,4,440.039,0.195,-133.894
1481.0,58.06,60.0,0.0,-6.9,4,437.475,0.183,-136.241
1481.0,58.24,60.0,0.0,-7.0,4,435.782,0.178,-137.835
1481.0,58.51,60.0,0.0,-7.4,4,433.263,0.172,-140.268
1481.0,58.69,60.0,0.0,-7.7,4,431.597,0.168,-141.917
1492.9,58.96,60.0,0.0,-7.5,4,429.118,0.161,-144.427
1492.9,59.13,60.0,0.0,-7.3,4,427.478,0.157,-146.127
1492.9,59.39,60.0,0.0,-6.9,4,425.040,0.151,-148.715
1492.9,59.56,60.1,0.0,-6.8,4,423.430,0.149,-150.466
1505.0,59.82,60.1,0.0,-6.5,4,421.038,0.149,-153.130
1505.0,59.98,60.1,0.0,-6.6,4,419.459,0.152,-154.932
1505.0,60.23,60.1,0.0,-7.2,4,417.113,0.158,-157.670
1516.9,60.48,60.1,0.0,-7.3,4,414.791,0.160,-160.450
1516.9,60.65,60.1,0.0,-7.5,4,413.259,0.158,-162.326
1516.9,60.90,60.0,0.0,-7.5,4,410.985,0.153,-165.176
1516.9,60.96,0.0,0.0,-7.6,0,409.486,0.148,-167.099
1528.9,60.98,86.1,0.0,-6.8,5,407.273,0.135,-170.008
1528.9,61.13,79.6,0.0,-7.4,5,405.819,0.125,-171.970
1528.9,61.36,69.9,0.0,-6.4,5,403.670,0.110,-174.950
1528.9,61.52,63.4,0.0,-5.7,5,402.259,0.099,-176.961
1541.1,61.75,58.8,0.0,-5.7,5,400.170,0.079,-180.012
1541.1,61.90,58.9,0.0,-5.4,5,398.796,0.064,-182.068
1541.1,62.14,59.0,0.0,-4.8,5,396.762,0.042,-185.184
1541.1,62.29,59.0,0.0,-4.1,5,395.423,0.027,-187.281
1553.5,62.53,59.1,0.0,-3.4,5,393.436,0.006,-190.454
1553.5,62.68,59.2,0.0,-3.2,5,392.125,-0.005,-192.587
1553.5,62.91,59.3,0.0,-2.7,5,390.175,-0.020,-195.811
1553.5,63.07,59.3,0.0,-2.4,5,388.885,-0.029,-197.975
1566.1,63.30,59.4,0.0,-2.1,5,386.962,-0.041,-201.242
1566.1,63.53,59.5,0.0,-1.8,5,385.052,-0.049,-204.532
1566.1,63.69,59.6,0.0,-1.7,5,383.784,-0.052,-206.738
1566.1,63.92,59.6,0.0,-3.1,5,381.889,-0.057,-210.064
1578.8,64.07,59.7,0.0,-3.1,5,380.632,-0.060,-212.293
1578.8,64.30,59.7,0.0,-3.0,5,378.757,-0.065,-215.656
1578.8,64.44,59.8,0.0,-2.8,5,377.516,-0.068,-217.912
1578.8,64.67,59.8,0.0,-2.7,5,375.668,-0.072,-221.316
1591.7,64.81,59.8,0.0,-1.4,5,374.445,-0.075,-223.598
1591.7,65.04,59.9,0.0,0.0,5,372.621,-0.077,-227.040
1591.7,65.18,59.9,0.0,0.2,5,371.410,-0.078,-229.345
1591.7,65.41,60.0,0.0,0.0,5,369.594,-0.080,-232.816
1604.7,65.55,60.0,0.0,-0.2,5,368.381,-0.083,-235.137
1604.7,65.76,60.1,0.0,-0.3,5,366.559,-0.090,-238.629
1604.7,65.91,60.1,0.0,-0.4,5,365.342,-0.097,-240.964
1604.7,66.12,60.1,0.0,-0.6,5,363.513,-0.108,-244.477
1617.8,66.33,60.1,0.0,-0.8,5,361.681,-0.122,-248.003
1617.8,66.47,60.1,0.0,-0.9,5,360.460,-0.131,-250.361
1617.8,66.68,60.1,0.0,-1.2,5,358.627,-0.146,-253.909
1617.8,66.82,60.1,0.0,-1.3,5,357.405,-0.156,-256.283
1631.2,67.02,60.1,0.0,-0.8,5,355.574,-0.171,-259.856
1631.2,67.15,60.1,0.0,-0.4,5,354.356,-0.182,-262.246
1631.2,67.35,60.1,0.0,-0.1,5,352.530,-0.198,-265.844
1631.2,67.49,60.1,0.0,-0.0,5,351.313,-0.208,-268.251
1644.6,67.68,60.1,0.0,-0.2,5,349.486,-0.224,-271.870
1644.6,67.81,60.1,0.0,-0.0,5,348.266,-0.235,-274.290
1644.6,68.01,60.1,0.0,0.0,5,346.433,-0.251,-277.929
1644.6,68.14,60.1,0.0,-0.0,5,345.208,-0.262,-280.360
1658.2,68.33,60.1,0.0,-0.2,5,343.367,-0.280,-284.017
1658.2,68.45,60.1,0.0,-0.1,5,342.137,-0.293,-286.460
1658.2,68.64,60.2,0.0,0.0,5,340.288,-0.314,-290.133
1658.2,68.76,60.2,0.0,-0.3,5,339.053,-0.328,-292.588
1671.9,68.95,60.2,0.0,-1.1,5,337.197,-0.350,-296.278
1671.9,69.13,60.2,0.0,-1.0,5,335.340,-0.374,-299.980
1671.9,69.26,60.2,0.0,-0.7,5,334.102,-0.394,-302.456
1671.9,69.42,60.3,0.0,-0.3,5,332.248,-0.416,-306.180
1685.7,69.55,60.3,0.0,-0.3,5,331.014,-0.429,-308.669
1685.7,69.72,60.3,0.0,-0.6,5,329.163,-0.451,-312.414
1685.7,69.84,60.3,0.0,-0.6,5,327.928,-0.468,-314.918
1685.7,70.02,60.2,0.0,-0.5,5,326.075,-0.494,-318.682
1699.7,70.13,60.1,0.0,-0.3,5,324.839,-0.510,-321.197
1699.7,70.22,0.0,0.0,-0.2,0,322.985,-0.533,-324.979
1699.7,70.15,89.6,0.0,-0.1,6,321.752,-0.548,-327.501
1699.7,70.32,79.9,0.0,-0.1,6,319.903,-0.572,-331.287
1844.6,75.26,60.2,0.0,0.4,6,257.031,-1.533,-461.189
1859.6,75.39,60.2,0.0,0.5,6,255.034,-1.558,-465.243
1859.6,75.48,60.3,0.0,0.6,6,253.699,-1.577,-467.949
1859.6,75.60,60.3,0.0,0.6,6,251.690,-1.604,-472.012
1859.6,75.69,60.3,0.0,0.6,6,250.346,-1.622,-474.723
1874.7,75.82,60.3,0.0,0.4,6,248.323,-1.649,-478.793
1874.7,75.94,60.3,0.0,0.4,6,246.291,-1.674,-482.867
1874.7,76.02,60.3,0.0,0.3,6,244.932,-1.690,-485.585
1874.7,76.15,60.3,0.0,0.3,6,242.886,-1.715,-489.666
1889.9,76.22,60.3,0.0,0.3,6,241.518,-1.730,-492.388
1889.9,76.35,60.3,0.0,0.3,6,239.460,-1.753,-496.477
1889.9,76.42,60.3,0.0,0.3,6,238.084,-1.768,-499.204
1889.9,76.54,60.3,0.0,0.2,6,236.015,-1.791,-503.300
1905.2,76.62,60.3,0.0,0.3,6,234.631,-1.807,-506.033
1905.2,76.73,60.3,0.0,0.3,6,232.552,-1.830,-510.136
1905.2,76.81,60.3,0.0,0.3,6,231.162,-1.846,-512.874
1905.2,76.92,60.3,0.0,0.3,6,229.072,-1.869,-516.985
1920.6,77.00,60.3,0.0,0.2,6,227.675,-1.886,-519.728
1920.6,77.11,60.3,0.0,0.2,6,225.575,-1.912,-523.846
1920.6,77.19,60.3,0.0,0.1,6,224.171,-1.929,-526.594
1920.6,77.30,60.3,0.0,0.1,6,222.061,-1.951,-530.720
1936.0,77.37,60.3,0.0,0.1,6,220.652,-1.965,-533.474
1936.0,77.48,60.3,0.0,0.0,6,218.534,-1.988,-537.608
1936.0,77.59,60.3,0.0,-0.2,6,216.413,-2.014,-541.748
1936.0,77.66,60.3,0.0,-0.3,6,214.998,-2.035,-544.512
1951.5,77.77,60.3,0.0,-0.5,6,212.874,-2.073,-548.662
1951.5,77.84,60.3,0.0,-0.5,6,211.458,-2.100,-551.433
1951.5,77.94,60.3,0.0,-0.4,6,209.336,-2.144,-555.596
1951.5,78.01,60.4,0.0,-0.4,6,207.922,-2.174,-558.376
1967.1,78.12,60.4,0.0,-0.4,6,205.803,-2.221,-562.553
1967.1,78.19,60.4,0.0,-0.4,6,204.392,-2.254,-565.343
1967.1,78.29,60.4,0.0,-0.5,6,202.279,-2.305,-569.534
1967.1,78.36,60.4,0.0,-0.5,6,200.872,-2.339,-572.333
1982.7,78.46,60.4,0.0,-0.7,6,198.765,-2.391,-576.539
1982.7,78.53,60.4,0.0,-0.7,6,197.362,-2.427,-579.348
1982.7,78.63,60.4,0.0,-0.7,6,195.261,-2.482,-583.568
1982.7,78.69,60.4,0.0,-0.5,6,193.863,-2.518,-586.386
1998.4,78.79,60.4,0.0,-0.2,6,191.768,-2.570,-590.620
1998.4,78.86,60.4,0.0,-0.1,6,190.374,-2.605,-593.448
1998.4,78.97,60.4,0.0,0.2,6,188.283,-2.663,-597.696
2014.2,79.06,60.5,0.0,0.3,6,186.193,-2.720,-601.950
2014.2,79.12,60.5,0.0,0.4,6,184.799,-2.758,-604.789
2014.2,79.22,60.5,0.0,0.5,6,182.703,-2.815,-609.052
2014.2,79.28,60.4,0.0,0.8,6,181.303,-2.850,-611.895
2030.0,79.37,60.4,0.0,1.0,6,179.195,-2.902,-616.162
2030.0,79.43,60.3,0.0,1.1,6,177.784,-2.937,-619.008
2030.0,79.36,0.0,0.0,1.2,0,175.660,-2.989,-623.273
2030.0,79.35,86.5,0.0,1.1,7,174.238,-3.019,-626.111
2045.9,79.44,76.8,0.0,1.2,7,172.094,-3.059,-630.364
2045.9,79.50,70.3,0.0,1.1,7,170.655,-3.085,-633.198
2045.9,79.59,60.6,0.0,0.9,7,168.485,-3.122,-637.448
2045.9,79.65,59.3,0.0,0.9,7,167.029,-3.146,-640.280
2061.8,79.73,59.3,0.0,1.1,7,164.832,-3.177,-644.527
2061.8,79.79,59.4,0.0,1.1,7,163.359,-3.196,-647.357
2061.8,79.87,59.4,0.0,1.0,7,161.140,-3.220,-651.601
2061.8,79.92,59.4,0.0,0.8,7,159.653,-3.233,-654.430
2077.7,80.01,59.4,0.0,0.6,7,157.412,-3.248,-658.672
2077.7,80.09,59.4,0.0,0.5,7,155.159,-3.258,-662.914
2077.7,80.14,59.5,0.0,0.7,7,153.650,-3.261,-665.741
2077.7,80.23,59.5,0.0,0.8,7,151.379,-3.263,-669.981
2093.7,80.28,59.5,0.0,0.7,7,149.859,-3.263,-672.809
2093.7,80.35,59.5,0.0,0.5,7,147.571,-3.258,-677.050
2093.7,80.41,59.6,0.0,0.5,7,146.040,-3.252,-679.877
2093.7,80.48,59.6,0.0,0.6,7,143.736,-3.241,-684.117
2109.8,80.53,59.6,0.0,0.7,7,142.193,-3.231,-686.944
2109.8,80.61,59.6,0.0,0.8,7,139.872,-3.212,-691.183
2109.8,80.65,59.6,0.0,0.9,7,138.318,-3.196,-694.009
2109.8,80.73,59.6,0.0,1.2,7,135.978,-3.168,-698.248
2125.9,80.78,59.6,0.0,1.3,7,134.411,-3.147,-701.072
2125.9,80.84,59.7,0.0,1.8,7,132.052,-3.111,-705.308
2125.9,80.89,59.7,0.0,1.8,7,130.470,-3.085,-708.129
2125.9,80.96,59.7,0.0,2.4,7,128.083,-3.042,-712.357
2142.0,81.00,59.7,0.0,2.2,7,126.479,-3.009,-715.171
2142.0,81.06,59.7,0.0,2.1,7,124.052,-2.954,-719.383
2142.0,81.12,58.0,0.0,2.3,7,121.598,-2.893,-723.584
2142.0,81.11,37.7,11.6,3.0,7,119.947,-2.849,-726.377
2158.2,80.45,0.0,71.4,1.6,7,117.456,-2.778,-730.542
2158.2,79.66,0.0,80.7,1.5,7,115.797,-2.727,-733.283
2158.2,78.35,0.0,84.8,1.2,7,113.322,-2.642,-737.328
2158.2,77.45,0.0,85.1,1.2,7,111.682,-2.583,-739.979
2173.9,76.12,0.0,85.5,1.3,7,109.241,-2.492,-743.888
2173.9,75.23,0.0,85.5,1.3,7,107.625,-2.431,-746.449
2173.9,73.89,0.0,84.8,1.3,7,105.222,-2.338,-750.224
2173.9,73.02,0.0,85.2,1.7,7,103.632,-2.276,-752.697
2188.7,71.71,0.0,86.2,2.2,7,101.267,-2.187,-756.340
2188.7,70.83,0.0,85.9,2.7,7,99.702,-2.129,-758.724
2188.7,69.51,38.5,86.9,1.2,0,97.372,-2.052,-762.235
2188.7,68.61,0.0,84.4,0.4,6,95.829,-2.001,-764.528
2202.7,67.32,0.0,84.3,1.2,6,93.522,-1.922,-767.893
2202.7,66.47,0.0,85.4,2.3,6,91.992,-1.870,-770.090
2202.7,65.16,0.0,84.9,2.4,6,89.712,-1.796,-773.316
2202.7,63.88,0.0,85.1,3.2,6,87.449,-1.719,-776.459
2215.8,63.03,0.0,84.8,3.5,6,85.950,-1.669,-778.508
2215.8,61.76,0.0,84.6,2.8,6,83.714,-1.596,-781.513
2215.8,60.92,25.4,84.7,2.3,0,82.233,-1.550,-783.471
2215.8,59.66,0.0,85.3,2.1,5,80.025,-1.484,-786.339
2228.0,58.82,0.0,84.8,2.1,5,78.562,-1.442,-788.204
2228.0,57.55,0.0,84.2,2.8,5,76.380,-1.382,-790.932
2228.0,56.72,0.0,84.5,3.4,5,74.934,-1.343,-792.704
2228.0,55.47,0.0,84.4,4.2,5,72.778,-1.288,-795.291
2239.3,54.64,0.0,81.8,4.1,5,71.349,-1.253,-796.968
2239.3,53.47,29.6,73.7,3.5,0,69.214,-1.201,-799.411
2239.3,52.76,0.0,60.8,2.8,4,67.793,-1.166,-800.992
2239.3,51.87,0.0,32.6,1.5,4,65.661,-1.116,-803.295
2249.8,51.46,0.0,22.4,1.2,4,64.231,-1.082,-804.787
2249.8,51.01,0.0,15.9,3.9,4,62.064,-1.031,-806.967
2249.8,50.75,0.0,14.2,7.0,4,60.603,-0.997,-808.384
2249.8,50.40,0.0,12.0,11.2,4,58.388,-0.946,-810.458
2259.9,50.08,0.0,10.7,13.7,4,56.147,-0.894,-812.474
2259.9,49.87,0.0,9.4,14.5,4,54.639,-0.859,-813.787
2259.9,49.57,0.0,9.2,14.6,4,52.355,-0.808,-815.706
2259.9,49.38,0.0,8.0,14.4,4,50.817,-0.775,-816.952
2269.8,49.09,0.0,5.7,13.5,4,48.486,-0.726,-818.766
2269.8,48.92,0.0,3.4,13.4,4,46.914,-0.692,-819.938
2269.8,48.69,0.0,1.8,13.8,4,44.531,-0.643,-821.638
2269.8,48.54,0.0,0.4,14.8,4,42.924,-0.610,-822.734
2279.7,48.35,1.3,0.0,15.7,4,40.489,-0.563,-824.322
2279.7,48.23,5.9,0.0,16.5,4,38.849,-0.531,-825.341
2279.7,48.07,7.3,0.0,17.6,4,36.362,-0.482,-826.810
2279.7,47.96,6.9,0.0,18.2,4,34.687,-0.449,-827.751
2289.6,47.80,5.4,0.0,18.8,4,32.152,-0.400,-829.102
2289.6,47.69,6.3,0.0,19.0,4,30.447,-0.367,-829.963
2289.6,47.52,6.5,0.0,18.8,4,27.870,-0.319,-831.192
2289.6,47.41,8.6,0.0,18.8,4,26.138,-0.287,-831.970
2299.6,47.26,10.0,0.0,17.8,4,23.521,-0.237,-833.074
2299.6,47.12,13.1,0.0,18.1,4,20.883,-0.187,-834.100
2299.6,47.02,8.5,0.0,19.2,4,19.113,-0.153,-834.742
2309.5,46.86,5.5,0.0,20.3,4,16.445,-0.104,-835.644
2309.5,46.75,4.9,0.0,21.1,4,14.659,-0.073,-836.206
2309.5,46.58,7.7,0.0,20.3,4,11.970,-0.028,-836.984
2309.5,46.47,6.7,0.0,18.6,4,10.170,0.004,-837.458
2319.1,46.30,4.4,0.0,17.9,4,7.463,0.053,-838.104
2319.1,46.18,3.3,0.0,17.9,4,5.655,0.086,-838.491
2319.1,46.00,2.1,0.0,18.0,4,2.938,0.135,-839.008
2319.1,45.88,1.1,0.0,17.8,4,1.126,0.166,-839.312
2328.8,45.69,1.0,0.4,17.9,4,-1.593,0.213,-839.703
2328.8,45.57,0.2,0.2,19.1,4,-3.405,0.243,-839.922
2328.8,45.38,2.5,0.0,18.7,4,-6.121,0.287,-840.188
2328.8,45.26,1.9,0.0,16.8,4,-7.928,0.315,-840.324
2338.4,45.08,0.4,0.5,15.6,4,-10.635,0.356,-840.466
2338.4,44.94,26.2,0.0,15.8,4,-13.334,0.395,-840.534
2338.4,44.98,60.5,0.0,15.8,4,-15.131,0.420,-840.541
2338.4,45.16,46.1,15.9,15.9,4,-17.835,0.455,-840.495
2348.1,44.97,2.6,26.1,16.9,4,-19.637,0.478,-840.428
2348.1,44.40,0.0,17.9,19.5,4,-22.316,0.507,-840.276
2348.1,44.16,8.0,1.1,19.4,4,-24.081,0.524,-840.140
2348.1,44.21,85.2,0.0,18.3,4,-26.717,0.549,-839.880
2357.6,44.42,91.1,0.0,17.5,4,-28.476,0.563,-839.669
2357.6,44.71,91.1,0.0,17.1,4,-31.123,0.581,-839.294
2357.6,44.90,91.1,0.0,17.4,4,-32.892,0.592,-839.006
2357.6,45.21,91.1,0.0,18.0,4,-35.549,0.608,-838.513
2367.2,45.41,91.1,0.0,18.5,4,-37.323,0.619,-838.144
2367.2,45.70,91.1,0.0,19.0,4,-39.985,0.636,-837.527
2367.2,45.90,91.1,0.0,19.5,4,-41.760,0.648,-837.076
2367.2,46.20,91.1,0.0,19.7,4,-44.423,0.663,-836.339
2376.9,46.41,91.1,0.0,20.1,4,-46.197,0.672,-835.809
2376.9,46.70,91.1,0.0,20.8,4,-48.856,0.684,-834.955
2376.9,46.99,91.1,0.0,20.3,4,-51.508,0.693,-834.028
2376.9,47.19,91.1,0.0,20.1,4,-53.272,0.700,-833.367
2386.8,47.48,91.2,0.0,20.1,4,-55.908,0.710,-832.314
2386.8,47.67,91.2,0.0,20.1,4,-57.660,0.715,-831.571
2386.8,47.97,91.2,0.0,20.5,4,-60.277,0.719,-830.397
2386.8,48.16,91.2,0.0,20.9,4,-62.014,0.720,-829.574
2396.8,48.45,91.2,0.0,21.6,4,-64.605,0.720,-828.278
2396.8,48.63,91.2,0.0,22.4,4,-66.322,0.719,-827.372
2396.8,48.92,91.2,0.0,24.1,4,-68.881,0.716,-825.953
2396.8,49.11,91.2,0.0,24.9,4,-70.575,0.712,-824.967
2406.7,49.38,91.2,0.0,25.9,4,-73.096,0.705,-823.427
2406.7,49.57,91.2,0.0,26.4,4,-74.762,0.699,-822.360
2406.7,49.84,91.2,0.0,26.4,4,-77.237,0.690,-820.698
2406.7,50.02,91.2,0.0,26.3,4,-78.871,0.683,-819.549
2416.7,50.27,84.7,0.0,26.3,4,-81.294,0.670,-817.768
2416.7,50.42,76.0,0.0,26.5,4,-82.891,0.660,-816.540
2416.7,50.59,79.3,0.0,28.2,4,-85.252,0.644,-814.642
2416.7,50.79,78.2,0.0,30.0,4,-87.572,0.626,-812.676
2426.6,50.92,75.5,0.0,31.2,4,-89.096,0.612,-811.328
2426.6,51.08,67.6,0.0,33.5,4,-91.345,0.589,-809.254
2426.6,51.16,62.3,0.0,34.8,4,-92.820,0.572,-807.838
2426.6,51.26,59.2,0.0,35.3,4,-94.991,0.545,-805.664
2436.5,51.31,58.3,0.0,35.4,4,-96.408,0.528,-804.182
2436.5,51.30,18.8,0.0,35.8,4,-98.489,0.501,-801.911
2436.5,51.19,9.2,0.0,35.1,4,-99.842,0.481,-800.371
2436.5,51.00,9.1,0.0,32.6,4,-101.814,0.451,-798.024
2446.3,50.88,9.1,0.0,30.2,4,-103.090,0.430,-796.435
2446.3,50.94,76.6,0.0,27.1,4,-104.948,0.397,-794.012
2446.3,51.08,81.7,0.0,25.5,4,-106.154,0.373,-792.368
2446.3,51.32,89.8,0.0,23.7,4,-107.918,0.334,-789.854
2456.2,51.51,91.2,0.0,23.1,4,-109.065,0.307,-788.148
2456.2,51.74,91.3,0.0,23.7,4,-110.741,0.264,-785.544
2456.2,51.92,83.3,0.0,20.6,4,-111.836,0.228,-783.785
2456.2,52.16,87.4,0.0,12.4,4,-113.434,0.168,-781.104
2466.3,52.42,88.6,0.0,4.6,4,-114.973,0.107,-778.372
2466.3,52.58,90.0,0.0,-0.9,4,-115.966,0.066,-776.524
2466.3,52.84,89.4,0.0,-6.1,4,-117.412,0.003,-773.711
2466.3,53.08,82.4,0.0,-8.8,4,-118.352,-0.046,-771.815
2476.8,53.43,73.1,0.0,-11.8,4,-119.731,-0.126,-768.934
2476.8,53.63,66.7,0.0,-9.4,4,-120.632,-0.182,-766.994
2476.8,54.00,58.9,0.0,-3.6,4,-121.980,-0.272,-764.062
2476.8,54.19,59.1,0.0,-1.8,4,-122.890,-0.330,-762.100
2487.7,54.53,59.4,0.0,-1.8,4,-124.277,-0.420,-759.150
2487.7,54.79,59.3,0.0,-2.7,4,-125.217,-0.487,-757.177
2487.7,55.12,59.4,0.0,-4.9,4,-126.652,-0.590,-754.211
2487.7,55.34,59.5,0.0,-4.8,4,-127.627,-0.658,-752.230
2498.8,55.66,59.6,0.0,-4.5,4,-129.116,-0.760,-749.254
2498.8,55.88,59.6,0.0,-4.2,4,-130.128,-0.828,-747.267
2498.8,56.23,59.7,0.0,-4.2,4,-131.673,-0.931,-744.283
2498.8,56.43,59.9,0.0,-4.3,4,-132.722,-0.998,-742.291
2510.4,56.80,59.9,0.0,-4.0,4,-134.325,-1.097,-739.299
2510.4,57.11,60.0,0.0,-4.9,4,-135.958,-1.203,-736.301
2510.4,57.32,60.0,0.0,-4.2,4,-137.064,-1.279,-734.300
2522.0,57.65,60.0,0.0,-4.0,4,-138.749,-1.400,-731.294
2522.0,57.85,60.0,0.0,-4.0,4,-139.891,-1.485,-729.289
2522.0,58.16,60.0,0.0,-3.1,4,-141.630,-1.618,-726.279
2522.0,58.34,60.0,0.0,-3.7,4,-142.806,-1.711,-724.271
2533.8,58.65,60.0,0.0,-3.1,4,-144.598,-1.857,-721.257
2533.8,58.85,60.0,0.0,-3.6,4,-145.811,-1.956,-719.247
2533.8,59.14,60.0,0.0,-2.8,4,-147.657,-2.104,-716.231
2533.8,59.34,60.0,0.0,-2.6,4,-148.905,-2.203,-714.220
2545.7,59.63,60.0,0.0,-3.7,4,-150.800,-2.352,-711.199
2545.7,59.82,60.1,0.0,-3.7,4,-152.078,-2.453,-709.184
2545.7,60.11,60.1,0.0,-3.5,4,-154.020,-2.601,-706.160
2545.7,60.29,60.1,0.0,-2.5,4,-155.332,-2.697,-704.144
2557.8,60.57,60.2,0.0,-1.7,4,-157.326,-2.835,-701.119
2557.8,60.75,59.9,0.0,-1.7,4,-158.670,-2.926,-699.101
2557.8,60.94,0.0,0.0,-1.7,0,-160.705,-3.061,-696.071
2557.8,61.00,86.1,0.0,-1.7,5,-162.755,-3.191,-693.047
2570.1,61.18,79.6,0.0,-1.6,5,-164.132,-3.275,-691.030
2570.1,61.44,69.9,0.0,-1.6,5,-166.214,-3.393,-688.001
2570.1,61.61,63.4,0.0,-1.6,5,-167.615,-3.466,-685.979
2570.1,61.87,59.0,0.0,-1.8,5,-169.733,-3.567,-682.942
2582.5,62.04,59.0,0.0,-1.8,5,-171.156,-3.628,-680.915
2582.5,62.29,59.1,0.0,-1.7,5,-173.309,-3.711,-677.871
2582.5,62.46,59.2,0.0,-1.5,5,-174.756,-3.759,-675.839
2582.5,62.70,59.3,0.0,-1.4,5,-176.944,-3.818,-672.789
2595.1,62.87,59.3,0.0,-1.4,5,-178.414,-3.850,-670.754
2595.1,63.11,59.4,0.0,-1.2,5,-180.634,-3.890,-667.696
2595.1,63.27,59.5,0.0,-1.1,5,-182.125,-3.912,-665.656
2595.1,63.51,59.5,0.0,-1.1,5,-184.376,-3.940,-662.591
2607.8,63.67,59.5,0.0,-1.3,5,-185.887,-3.957,-660.544
2607.8,63.91,59.6,0.0,-1.2,5,-188.166,-3.982,-657.470
2607.8,64.06,59.7,0.0,-1.1,5,-189.694,-3.996,-655.418
2607.8,64.29,59.7,0.0,-1.1,5,-192.001,-4.015,-652.335
2620.6,64.52,59.8,0.0,-1.1,5,-194.324,-4.031,-649.247
2620.6,64.67,59.8,0.0,-1.1,5,-195.881,-4.039,-647.185
2620.6,64.90,59.9,0.0,-1.1,5,-198.229,-4.048,-644.089
2620.6,65.04,59.9,0.0,-1.1,5,-199.802,-4.052,-642.021
2633.5,65.26,60.0,0.0,-0.9,5,-202.176,-4.054,-638.915
2633.5,65.41,60.0,0.0,-0.9,5,-203.766,-4.053,-636.842
2633.5,65.62,60.1,0.0,-0.9,5,-206.165,-4.046,-633.728
2633.5,65.76,60.1,0.0,-1.0,5,-207.772,-4.038,-631.650
2646.6,65.97,60.1,0.0,-1.1,5,-210.195,-4.019,-628.528
2646.6,66.11,60.1,0.0,-1.2,5,-211.818,-4.004,-626.445
2646.6,66.32,60.1,0.0,-1.5,5,-214.267,-3.982,-623.316
2646.6,66.46,60.1,0.0,-1.8,5,-215.908,-3.966,-621.229
2659.7,66.66,60.1,0.0,-2.3,5,-218.385,-3.943,-618.097
2659.7,66.79,60.1,0.0,-2.4,5,-220.047,-3.929,-616.009
2659.7,66.99,60.1,0.0,-2.1,5,-222.557,-3.910,-612.878
2659.7,67.13,60.1,0.0,-1.7,5,-224.243,-3.900,-610.791
2673.1,67.32,60.1,0.0,-1.9,5,-226.789,-3.891,-607.663
2673.1,67.52,60.1,0.0,-1.8,5,-229.355,-3.888,-604.536
2673.1,67.62,46.4,22.8,-1.7,5,-231.078,-3.889,-602.453
2673.1,67.01,0.0,67.3,-1.3,5,-233.665,-3.895,-599.344
2686.6,66.30,0.0,77.0,-1.0,5,-235.378,-3.903,-597.298
2686.6,65.12,0.0,82.9,-0.5,5,-237.918,-3.919,-594.279
2686.6,64.29,0.0,84.0,-0.3,5,-239.591,-3.932,-592.302
2686.6,63.03,0.0,84.5,-0.2,5,-242.067,-3.955,-589.390
2699.6,62.19,0.0,84.4,-0.0,5,-243.695,-3.974,-587.485
2699.6,60.95,0.0,84.1,-0.3,5,-246.104,-4.005,-584.681
2699.6,60.12,0.0,84.5,-0.3,5,-247.686,-4.029,-582.846
2699.6,58.88,0.0,84.1,-0.3,5,-250.025,-4.067,-580.145
2711.8,58.06,0.0,84.5,-0.3,5,-251.560,-4.093,-578.379
2711.8,56.82,0.0,84.3,-0.1,5,-253.826,-4.132,-575.779
2711.8,56.00,0.0,84.5,0.0,5,-255.313,-4.158,-574.080
2711.8,54.79,0.0,85.0,-0.1,5,-257.507,-4.198,-571.580
2723.1,53.96,0.0,84.3,-0.1,5,-258.945,-4.224,-569.946
2723.1,52.76,0.0,85.2,-0.6,0,-261.065,-4.263,-567.543
2723.1,51.56,0.0,85.9,-0.9,4,-263.141,-4.303,-565.199
2723.1,50.76,0.0,85.8,-1.3,4,-264.502,-4.329,-563.668
2733.5,49.54,0.0,85.2,-1.8,4,-266.507,-4.370,-561.422
2733.5,48.73,0.0,85.0,-2.3,4,-267.820,-4.397,-559.958
2733.5,47.52,0.0,84.2,-2.7,4,-269.756,-4.437,-557.813
2733.5,46.72,0.0,84.6,-2.9,4,-271.025,-4.461,-556.418
2743.2,45.53,0.0,84.8,-3.2,4,-272.898,-4.497,-554.378
2743.2,44.74,0.0,84.9,-3.1,0,-274.127,-4.519,-553.053
2743.2,43.58,0.0,85.9,-3.2,3,-275.942,-4.552,-551.119
2743.2,42.77,0.0,85.7,-3.6,3,-277.133,-4.574,-549.867
2752.1,41.58,0.0,85.2,-3.8,3,-278.891,-4.606,-548.043
2752.1,40.80,0.0,85.5,-3.8,3,-280.044,-4.627,-546.865
2752.1,39.62,0.0,84.5,-3.6,3,-281.749,-4.656,-545.155
2752.1,38.84,0.0,83.4,-3.2,3,-282.869,-4.675,-544.054
2760.1,37.73,0.0,75.8,-3.0,3,-284.526,-4.701,-542.460
2760.1,37.04,35.3,71.4,-3.0,0,-285.617,-4.718,-541.435
2760.1,36.08,0.0,68.8,-2.5,2,-287.238,-4.743,-539.954
2767.4,35.13,0.0,66.7,-3.0,2,-288.840,-4.767,-538.538
2767.4,34.49,0.0,64.8,-3.9,2,-289.897,-4.783,-537.630
2767.4,33.56,0.0,66.6,-5.2,2,-291.467,-4.806,-536.323
2767.4,32.94,0.0,67.2,-6.0,2,-292.504,-4.820,-535.488
2774.1,31.99,0.0,66.8,-4.3,2,-294.040,-4.841,-534.288
2774.1,31.36,0.0,61.6,-7.0,2,-295.052,-4.854,-533.524
2774.1,30.49,0.0,51.3,-8.4,2,-296.552,-4.873,-532.430
2774.1,29.98,0.0,46.5,-4.2,2,-297.543,-4.884,-531.736
2780.0,29.29,0.0,43.6,-5.5,2,-299.020,-4.901,-530.743
2780.0,28.86,0.0,42.8,-12.5,2,-299.998,-4.911,-530.112
2780.0,28.22,0.0,41.6,-18.8,2,-301.457,-4.924,-529.213
2780.0,27.80,0.0,41.0,-17.0,2,-302.423,-4.933,-528.645
2785.4,27.17,0.0,42.5,-13.4,2,-303.862,-4.944,-527.836
2785.4,26.76,0.0,38.9,-12.1,2,-304.812,-4.951,-527.324
2785.4,26.20,0.0,32.8,-13.2,2,-306.224,-4.961,-526.593
2785.4,25.87,0.0,32.6,-16.3,2,-307.157,-4.967,-526.129
2790.7,25.43,41.5,26.6,-17.8,0,-308.548,-4.974,-525.471
2790.7,25.01,0.0,18.3,-19.7,1,-309.931,-4.980,-524.855
2790.7,24.79,0.0,13.4,-21.2,1,-310.849,-4.983,-524.468
2790.7,24.49,0.0,14.1,-29.3,1,-312.224,-4.986,-523.923
2796.2,24.29,0.0,9.5,-33.1,1,-313.140,-4.987,-523.586
2796.2,24.05,0.0,9.7,-34.2,1,-314.515,-4.987,-523.123
2796.2,23.88,0.0,7.0,-35.2,1,-315.432,-4.986,-522.844
2796.2,23.65,0.0,8.4,-37.1,1,-316.809,-4.983,-522.470
2802.1,23.49,0.0,8.4,-41.6,1,-317.727,-4.979,-522.254
2802.1,23.24,0.0,0.7,-44.5,1,-319.102,-4.969,-521.980
2802.1,23.20,22.1,0.0,-44.2,1,-320.018,-4.960,-521.832
2802.1,23.36,49.6,0.0,-44.2,1,-321.401,-4.949,-521.651
2808.0,23.53,42.5,0.0,-40.0,1,-322.333,-4.946,-521.554
2808.0,23.77,60.1,0.0,-36.9,1,-323.746,-4.944,-521.448
2808.0,23.94,24.0,0.0,-27.0,1,-324.699,-4.944,-521.403
2808.0,23.91,1.3,13.9,-18.4,1,-326.137,-4.946,-521.378
2813.7,23.69,0.0,11.9,-19.0,1,-327.089,-4.950,-521.389
2813.7,23.36,0.0,2.8,-19.5,1,-328.499,-4.947,-521.464
2813.7,23.16,1.6,0.0,-23.3,1,-329.887,-4.939,-521.606
2813.7,23.05,5.7,0.0,-28.8,1,-330.802,-4.934,-521.735
2819.0,22.93,15.6,0.0,-38.0,1,-332.159,-4.925,-521.980
2819.0,22.95,30.0,0.0,-43.6,1,-333.055,-4.920,-522.177
2819.0,23.10,38.1,0.0,-51.1,1,-334.392,-4.910,-522.524
2819.0,23.23,40.3,0.0,-56.2,1,-335.280,-4.903,-522.787
2823.9,23.42,38.1,0.0,-61.7,1,-336.608,-4.891,-523.227
2823.9,23.53,37.1,0.0,-62.8,1,-337.490,-4.881,-523.548
2823.9,23.68,40.6,0.0,-60.6,1,-338.805,-4.866,-524.072
2823.9,23.83,52.1,0.0,-56.4,1,-339.676,-4.854,-524.451
2828.7,24.24,61.1,0.0,-48.5,1,-340.978,-4.836,-525.066
2828.7,24.47,54.2,0.0,-43.0,1,-341.846,-4.823,-525.509
2828.7,24.78,44.5,0.0,-31.8,1,-343.138,-4.802,-526.223
2828.7,24.97,46.6,0.0,-22.8,1,-343.993,-4.788,-526.731
2833.7,25.32,59.2,0.0,-10.3,1,-345.265,-4.766,-527.540
2833.7,25.63,70.4,0.0,-2.7,1,-346.110,-4.752,-528.108
2833.7,26.21,82.3,0.0,6.4,1,-347.382,-4.730,-528.999
2833.7,26.65,89.3,0.0,10.0,1,-348.239,-4.716,-529.615
2838.9,27.36,90.4,0.0,10.8,1,-349.549,-4.694,-530.566
2838.9,28.08,80.9,0.0,13.1,1,-350.892,-4.671,-531.544
2838.9,28.45,64.3,0.0,14.4,1,-351.811,-4.656,-532.203
2838.9,28.81,47.7,0.0,17.4,1,-353.219,-4.633,-533.186
2844.5,29.00,45.9,0.0,15.1,1,-354.177,-4.618,-533.833
2844.5,29.29,47.0,0.0,20.0,1,-355.640,-4.597,-534.789
2844.5,29.48,46.3,0.0,23.1,1,-356.635,-4.584,-535.414
2844.5,29.75,48.7,0.0,27.1,1,-358.158,-4.566,-536.328
2850.4,29.92,44.3,0.0,29.0,1,-359.195,-4.555,-536.920
2850.4,30.07,26.7,0.0,30.9,1,-360.779,-4.539,-537.774
2850.4,30.09,16.4,0.0,31.8,1,-361.853,-4.530,-538.317
2850.4,30.08,19.0,0.0,31.2,1,-363.485,-4.518,-539.087
2856.5,30.07,14.2,0.0,30.6,1,-364.587,-4.511,-539.570
2856.5,29.98,6.5,0.0,31.6,1,-366.258,-4.502,-540.246
2856.5,29.92,12.0,0.0,32.8,1,-367.381,-4.497,-540.663
2856.5,29.83,9.3,0.0,34.1,1,-369.079,-4.491,-541.236
2862.8,29.72,3.7,0.0,34.8,1,-370.791,-4.487,-541.747
2862.8,29.69,25.8,0.0,37.2,1,-371.939,-4.486,-542.055
2862.8,29.85,61.3,0.0,38.5,1,-373.675,-4.487,-542.467
2862.8,30.05,43.5,0.0,37.7,1,-374.847,-4.490,-542.712
2870.1,30.36,55.6,0.0,32.3,1,-376.631,-4.490,-543.028
2870.1,30.57,84.1,0.0,27.4,0,-377.838,-4.487,-543.204
2870.1,30.57,91.0,0.0,20.9,2,-379.657,-4.491,-543.426
2870.1,30.76,49.6,0.0,7.7,2,-380.879,-4.492,-543.536
2877.1,30.86,33.4,0.0,-1.4,2,-382.725,-4.489,-543.646
2877.1,30.93,14.1,0.0,-5.5,2,-383.961,-4.494,-543.695
2877.1,30.85,11.1,0.0,-10.9,2,-385.814,-4.505,-543.718
2877.1,30.76,8.8,0.0,-23.9,2,-387.046,-4.511,-543.695
2885.1,30.62,8.3,0.0,-35.8,2,-388.885,-4.516,-543.603
2885.1,30.54,25.1,0.0,-22.9,2,-390.713,-4.518,-543.455
2885.1,30.71,77.7,0.0,-5.5,2,-391.930,-4.519,-543.322
2891.9,31.22,86.8,0.0,20.7,2,-393.770,-4.521,-543.073
2891.9,31.55,85.9,0.0,33.9,2,-395.009,-4.522,-542.879
2891.9,32.03,90.3,0.0,44.9,2,-396.887,-4.522,-542.552
2891.9,32.35,91.0,0.0,47.6,2,-398.150,-4.522,-542.305
2898.6,32.76,58.8,0.0,46.1,2,-400.058,-4.523,-541.887
2898.6,32.89,47.5,0.0,43.3,2,-401.333,-4.524,-541.573
2898.6,33.08,45.7,0.0,39.1,2,-403.241,-4.530,-541.049
2898.6,33.15,35.7,0.0,36.1,2,-404.509,-4.537,-540.664
2905.1,33.20,28.8,0.0,32.6,2,-406.396,-4.549,-540.031
2905.1,33.18,23.1,0.0,30.4,2,-407.642,-4.559,-539.572
2905.1,33.08,8.4,0.0,27.1,2,-409.487,-4.577,-538.832
2905.1,32.99,8.4,0.0,25.7,2,-410.699,-4.591,-538.305
2911.3,32.87,16.9,0.0,23.0,2,-412.487,-4.615,-537.466
2911.3,32.82,17.8,0.0,21.7,2,-413.660,-4.633,-536.873
2911.3,32.77,26.1,0.0,24.2,2,-415.388,-4.660,-535.935
2911.3,32.84,49.1,0.0,22.2,2,-417.083,-4.688,-534.936
2917.5,32.99,60.7,0.0,28.8,2,-418.196,-4.707,-534.234
2917.5,33.29,59.4,0.0,31.0,2,-419.846,-4.735,-533.127
2917.5,33.48,62.8,0.0,31.0,2,-420.934,-4.753,-532.354
2917.5,33.83,72.7,0.0,32.9,2,-422.548,-4.781,-531.142
2923.9,34.12,81.7,0.0,32.6,2,-423.614,-4.799,-530.300
2923.9,34.60,91.1,0.0,33.0,2,-425.200,-4.824,-528.985
2923.9,34.95,91.1,0.0,32.4,2,-426.249,-4.840,-528.074
2923.9,35.46,91.1,0.0,27.0,2,-427.811,-4.861,-526.653
2930.7,35.78,91.1,0.0,22.6,2,-428.843,-4.875,-525.672
2930.7,36.16,41.7,0.0,15.3,2,-430.371,-4.896,-524.148
2930.7,36.35,73.0,0.0,9.3,2,-431.375,-4.911,-523.102
2930.7,36.79,76.7,0.0,-0.3,2,-432.856,-4.930,-521.485
2937.9,37.02,77.9,0.0,-5.0,2,-433.831,-4.940,-520.377
2937.9,37.48,80.0,0.0,-7.7,2,-435.277,-4.955,-518.675
2937.9,37.76,87.5,0.0,-6.6,2,-436.236,-4.965,-517.516
2937.9,38.35,91.2,0.0,-1.1,2,-437.674,-4.982,-515.742
2945.2,38.89,91.2,0.0,6.5,2,-439.115,-4.999,-513.929
2945.2,39.23,91.2,0.0,10.0,2,-440.078,-5.010,-512.699
2945.2,39.74,91.2,0.0,12.6,2,-441.522,-5.027,-510.823
2945.2,40.02,91.3,0.0,12.4,2,-442.480,-5.038,-509.549
2953.0,40.48,91.3,0.0,10.0,2,-443.906,-5.054,-507.603
2953.0,40.72,91.3,0.0,8.8,0,-444.845,-5.063,-506.279
2953.0,40.73,91.1,0.0,7.4,3,-446.225,-5.073,-504.260
2953.0,40.99,91.1,0.0,6.0,3,-447.124,-5.081,-502.897
2960.9,41.41,90.6,0.0,4.1,3,-448.450,-5.089,-500.811
2960.9,41.66,91.1,0.0,5.2,3,-449.318,-5.093,-499.394
2960.9,42.01,67.8,0.0,6.4,3,-450.598,-5.101,-497.234
2960.9,42.19,89.2,0.0,8.1,3,-451.430,-5.105,-495.771
2969.1,42.58,91.1,0.0,9.7,3,-452.648,-5.108,-493.536
2969.1,42.84,65.6,0.0,9.2,3,-453.439,-5.109,-492.023
2969.1,43.06,75.0,0.0,7.5,3,-454.596,-5.116,-489.721
2969.1,43.18,24.1,0.0,5.3,3,-455.346,-5.124,-488.169
2977.3,43.38,87.7,0.0,3.6,3,-456.428,-5.135,-485.810
2977.3,43.81,91.2,0.0,4.3,3,-457.466,-5.146,-483.410
2977.3,44.09,91.2,0.0,6.5,3,-458.135,-5.155,-481.785
2977.3,44.51,91.2,0.0,10.7,3,-459.106,-5.172,-479.312
2985.7,44.79,91.2,0.0,12.7,3,-459.731,-5.184,-477.639
3032.5,50.79,0.0,0.0,18.7,0,-467.585,-5.809,-428.711
3032.5,50.72,89.3,0.0,17.4,4,-467.486,-5.833,-426.684
3032.5,50.99,91.2,0.0,14.8,4,-467.273,-5.867,-423.641
3042.8,51.18,91.2,0.0,12.4,4,-467.087,-5.889,-421.607
3042.8,51.47,91.2,0.0,9.9,4,-466.741,-5.917,-418.548
3042.8,51.66,91.2,0.0,9.3,4,-466.466,-5.934,-416.505
3042.8,51.95,91.2,0.0,9.7,4,-465.989,-5.957,-413.434
3053.7,52.26,91.2,0.0,11.5,4,-465.438,-5.978,-410.357
3053.7,52.46,91.3,0.0,13.1,4,-465.033,-5.992,-408.303
3053.7,52.77,91.3,0.0,15.6,4,-464.374,-6.017,-405.216
3053.7,52.98,85.4,0.0,16.2,4,-463.902,-6.037,-403.155
3065.2,53.26,75.7,0.0,16.1,4,-463.140,-6.070,-400.062
3065.2,53.45,69.3,0.0,15.4,4,-462.593,-6.093,-397.999
3065.2,53.74,59.6,0.0,14.4,4,-461.711,-6.124,-394.908
3065.2,53.93,59.0,0.0,13.9,4,-461.081,-6.142,-392.849
3076.2,54.21,59.2,0.0,13.1,4,-460.074,-6.163,-389.766
3076.2,54.41,59.2,0.0,12.9,4,-459.363,-6.176,-387.714
3076.2,54.70,59.3,0.0,12.3,4,-458.241,-6.197,-384.640
3076.2,54.99,59.4,0.0,11.5,4,-457.052,-6.217,-381.572
3087.0,55.19,59.5,0.0,11.1,4,-456.223,-6.229,-379.530
3087.0,55.47,59.6,0.0,11.8,4,-454.924,-6.244,-376.476
3087.0,55.66,59.6,0.0,10.9,4,-454.021,-6.251,-374.446
3087.0,55.95,59.7,0.0,10.7,4,-452.614,-6.260,-371.408
3097.9,56.15,59.7,0.0,9.9,4,-451.644,-6.268,-369.387
3097.9,56.43,59.8,0.0,9.1,4,-450.139,-6.281,-366.365
3097.9,56.63,59.9,0.0,8.6,4,-449.104,-6.290,-364.355
3097.9,56.91,60.0,0.0,8.2,4,-447.502,-6.303,-361.350
3109.1,57.10,60.0,0.0,8.3,4,-446.404,-6.311,-359.352
3109.1,57.38,60.0,0.0,8.6,4,-444.712,-6.323,-356.364
3109.1,57.56,60.0,0.0,8.4,4,-443.554,-6.331,-354.378
3109.1,57.84,60.0,0.0,7.9,4,-441.773,-6.339,-351.410
3120.4,58.03,60.0,0.0,7.8,4,-440.555,-6.343,-349.439
3120.4,58.30,60.0,0.0,7.9,4,-438.687,-6.349,-346.492
3120.4,58.47,60.0,0.0,7.1,4,-437.414,-6.354,-344.535
3120.4,58.75,60.0,0.0,6.9,4,-435.461,-6.357,-341.610
3132.0,58.92,60.0,0.0,6.4,4,-434.133,-6.358,-339.668
3132.0,59.22,60.1,0.0,5.4,4,-432.096,-6.352,-336.767
3132.0,59.45,59.9,0.0,4.6,0,-430.016,-6.345,-333.879
3132.0,59.51,0.0,0.0,2.6,0,-428.613,-6.350,-331.957
3143.8,59.62,82.7,0.0,2.3,5,-426.472,-6.339,-329.098
3143.8,59.83,76.2,0.0,1.2,5,-425.027,-6.330,-327.196
3143.8,60.22,66.2,0.0,0.3,5,-422.832,-6.323,-324.341
3143.8,60.41,59.7,0.0,-0.3,5,-421.351,-6.317,-322.438
3155.9,60.63,58.8,0.0,0.2,5,-419.109,-6.302,-319.582
3155.9,60.87,58.9,0.0,-0.1,5,-417.605,-6.295,-317.674
3155.9,61.18,58.8,0.0,0.1,5,-415.336,-6.286,-314.800
3155.9,61.35,58.9,0.0,-0.1,5,-413.816,-6.281,-312.879
3168.1,61.58,59.0,0.0,-1.6,5,-411.530,-6.270,-309.986
3168.1,61.75,59.1,0.0,-2.3,5,-410.004,-6.263,-308.048
3168.1,62.01,59.1,0.0,-2.5,5,-407.713,-6.253,-305.126
3168.1,62.18,59.1,0.0,-1.2,5,-406.188,-6.244,-303.166
3180.5,62.42,59.1,0.0,-0.1,5,-403.906,-6.228,-300.206
3180.5,62.58,59.2,0.0,-0.3,5,-402.386,-6.217,-298.222
3180.5,62.81,59.2,0.0,-0.7,5,-400.107,-6.199,-295.230
3193.0,63.05,59.3,0.0,-0.5,5,-397.825,-6.180,-292.222
3193.0,63.20,59.4,0.0,-0.3,5,-396.302,-6.168,-290.208
3193.0,63.43,59.5,0.0,-0.8,5,-394.014,-6.147,-287.176
3193.0,63.58,59.5,0.0,-0.9,5,-392.487,-6.133,-285.147
3205.7,63.81,59.6,0.0,-0.8,5,-390.193,-6.111,-282.091
3205.7,63.96,59.6,0.0,-0.8,5,-388.662,-6.097,-280.045
3205.7,64.18,59.7,0.0,0.1,5,-386.362,-6.075,-276.965
3205.7,64.34,59.7,0.0,-0.2,5,-384.826,-6.059,-274.905
3218.5,64.56,59.8,0.0,-0.4,5,-382.516,-6.035,-271.804
3218.5,64.70,59.8,0.0,-0.0,5,-380.973,-6.017,-269.730
3218.5,64.92,59.9,0.0,-0.2,5,-378.653,-5.990,-266.610
3218.5,65.07,59.9,0.0,-0.4,5,-377.104,-5.971,-264.522
3231.5,65.28,60.0,0.0,-0.5,5,-374.774,-5.944,-261.382
3231.5,65.43,60.0,0.0,-0.4,5,-373.218,-5.926,-259.282
3231.5,65.64,60.1,0.0,-0.1,5,-370.880,-5.897,-256.121
3231.5,65.77,60.1,0.0,0.0,5,-369.319,-5.875,-254.007
3244.7,65.99,60.1,0.0,0.2,5,-366.972,-5.840,-250.827
3244.7,66.19,60.1,0.0,0.4,5,-364.619,-5.804,-247.636
3244.7,66.33,60.1,0.0,0.5,5,-363.046,-5.778,-245.503
3244.7,66.53,60.1,0.0,0.6,5,-360.679,-5.738,-242.297
3257.9,66.66,60.1,0.0,0.5,5,-359.095,-5.709,-240.156
3257.9,66.86,60.1,0.0,0.5,5,-356.710,-5.663,-236.938
3257.9,66.99,60.1,0.0,0.4,5,-355.114,-5.631,-234.790
3257.9,67.19,60.1,0.0,0.2,5,-352.710,-5.585,-231.562
3271.3,67.32,60.1,0.0,0.1,5,-351.102,-5.555,-229.407
3271.3,67.51,60.1,0.0,0.1,5,-348.680,-5.514,-226.168
3271.3,67.64,60.1,0.0,-0.0,5,-347.060,-5.491,-224.004
3271.3,67.82,60.1,0.0,-0.1,5,-344.624,-5.452,-220.753
3284.8,67.94,60.1,0.0,-0.2,5,-342.995,-5.424,-218.581
3284.8,68.12,60.1,0.0,0.1,5,-340.546,-5.381,-215.316
3284.8,68.24,60.1,0.0,0.3,5,-338.909,-5.351,-213.135
3284.8,68.43,60.1,0.0,-0.0,5,-336.449,-5.304,-209.855
3298.5,68.61,60.2,0.0,-0.5,5,-333.982,-5.257,-206.567
3298.5,68.73,60.2,0.0,-0.4,5,-332.333,-5.225,-204.371
3298.5,68.91,60.2,0.0,-0.0,5,-329.856,-5.178,-201.069
3298.5,69.02,60.2,0.0,-0.0,5,-328.201,-5.144,-198.862
3312.2,69.19,60.2,0.0,-0.2,5,-325.714,-5.092,-195.545
3312.2,69.30,60.2,0.0,-0.1,5,-324.054,-5.055,-193.329
3312.2,69.48,60.3,0.0,-0.3,5,-321.558,-4.999,-189.997
3312.2,69.59,60.3,0.0,-0.3,5,-319.892,-4.962,-187.770
3326.1,69.76,60.3,0.0,-0.3,5,-317.389,-4.906,-184.423
3326.1,69.87,60.3,0.0,-0.3,5,-315.717,-4.869,-182.187
3326.1,70.04,60.3,0.0,-0.3,5,-313.207,-4.813,-178.824
3326.1,70.14,60.2,0.0,-0.3,5,-311.531,-4.775,-176.577
3340.1,70.22,0.0,0.0,-0.3,0,-309.013,-4.719,-173.200
3340.1,70.15,89.6,0.0,-0.2,6,-307.337,-4.683,-170.949
3340.1,70.30,79.9,0.0,-0.2,6,-304.823,-4.626,-167.568
3340.1,70.41,73.4,0.0,-0.1,6,-303.146,-4.588,-165.309
3354.2,70.56,63.7,0.0,0.1,6,-300.626,-4.528,-161.913
3354.2,70.72,59.2,0.0,0.1,6,-298.102,-4.470,-158.509
3354.2,70.82,59.2,0.0,-0.1,6,-296.417,-4.430,-156.236
3354.2,70.97,59.3,0.0,-0.3,6,-293.884,-4.369,-152.819
3368.4,71.08,59.3,0.0,-0.4,6,-292.193,-4.329,-150.536
3368.4,71.23,59.4,0.0,0.2,6,-289.654,-4.269,-147.106
3368.4,71.33,59.4,0.0,0.1,6,-287.958,-4.229,-144.814
3368.4,71.48,59.4,0.0,-0.1,6,-285.413,-4.167,-141.369
3382.6,71.57,59.5,0.0,0.3,6,-283.713,-4.127,-139.068
3382.6,71.73,59.5,0.0,-0.0,6,-281.159,-4.067,-135.610
3382.6,71.83,59.5,0.0,-0.3,6,-279.453,-4.028,-133.301
3382.6,71.97,59.6,0.0,-0.4,6,-276.890,-3.968,-129.832
3470.2,74.37,60.2,0.0,1.9,6,-230.939,-2.830,-67.329
3470.2,74.45,60.2,0.0,3.1,6,-229.181,-2.787,-64.928
3470.2,74.57,60.2,0.0,4.5,6,-226.525,-2.718,-61.332
3470.2,74.53,21.4,19.0,5.0,6,-224.740,-2.671,-58.942
3554.0,67.63,57.1,0.0,22.7,6,-175.558,-1.587,-8.172
3554.0,67.72,58.2,0.0,23.3,6,-172.282,-1.560,-5.775
3554.0,67.77,58.2,0.0,22.6,6,-170.065,-1.543,-4.216
3554.0,67.82,58.3,0.0,21.6,6,-166.691,-1.517,-1.946
3567.8,67.87,52.0,0.0,22.3,6,-163.257,-1.488,0.240
3567.8,67.86,48.2,0.0,23.4,6,-160.935,-1.466,1.647
3567.8,67.85,47.4,0.0,24.4,6,-157.408,-1.427,3.681
3567.8,67.85,53.9,0.0,25.6,6,-155.030,-1.400,4.988
3582.1,67.88,58.9,0.0,27.9,6,-151.425,-1.361,6.881
3582.1,67.94,49.3,0.0,30.1,6,-149.000,-1.344,8.105
3582.1,67.82,18.6,0.0,35.9,6,-145.326,-1.316,9.865
3582.1,67.67,20.1,0.0,39.1,6,-142.857,-1.296,10.982
3596.6,67.47,21.1,0.0,41.7,6,-139.130,-1.261,12.577
3596.6,67.32,18.9,0.0,42.1,6,-136.630,-1.236,13.586
3596.6,67.10,18.5,0.0,42.0,6,-132.860,-1.197,15.018
3596.6,66.94,17.1,0.0,41.6,6,-130.334,-1.171,15.917
3610.7,66.70,15.0,0.0,41.5,6,-126.530,-1.134,17.183
3610.7,66.52,13.6,0.0,41.8,6,-123.984,-1.112,17.971
3610.7,66.24,12.8,0.0,41.9,6,-120.155,-1.078,19.067
3610.7,65.96,11.9,0.0,43.3,6,-116.314,-1.043,20.059
3624.1,65.77,8.2,0.0,44.7,6,-113.750,-1.021,20.663
3624.1,65.46,8.1,0.0,46.6,6,-109.899,-0.988,21.484
3624.1,65.15,8.1,0.0,47.9,6,-106.046,-0.951,22.199
3624.1,64.95,8.1,0.0,48.8,6,-103.478,-0.925,22.619
3636.9,64.65,8.1,0.0,49.3,6,-99.628,-0.889,23.168
3636.9,64.45,8.1,0.0,48.5,6,-97.065,-0.863,23.478
3636.9,64.15,8.0,0.0,46.4,6,-93.225,-0.821,23.856
3636.9,63.95,8.0,0.0,44.4,6,-90.671,-0.792,24.052
3649.5,63.66,8.0,0.0,40.9,6,-86.848,-0.748,24.263
3649.5,63.49,12.4,0.0,37.6,6,-84.306,-0.719,24.348
3649.5,63.26,17.4,0.0,32.9,6,-80.504,-0.675,24.393
3649.5,63.13,21.7,0.0,29.7,6,-77.976,-0.644,24.366
3661.9,62.99,31.0,0.0,25.0,6,-74.195,-0.596,24.243
3661.9,62.96,40.5,0.0,21.6,6,-71.680,-0.564,24.105
3661.9,62.99,50.8,0.0,17.6,6,-67.913,-0.517,23.822
3661.9,63.05,52.0,0.0,15.7,6,-65.404,-0.487,23.583
3674.5,63.17,55.6,0.0,12.8,6,-61.643,-0.441,23.150
3674.5,63.32,55.7,0.0,9.6,6,-57.886,-0.385,22.626
3674.5,63.43,55.9,0.0,8.0,6,-55.383,-0.344,22.234
3687.1,63.62,55.6,0.0,4.4,6,-51.626,-0.290,21.596
3687.1,63.74,55.9,0.0,2.2,6,-49.120,-0.259,21.140
3687.1,63.92,56.0,0.0,-1.8,6,-45.361,-0.222,20.413
3687.1,64.03,56.0,0.0,-3.1,6,-42.854,-0.196,19.902
3699.8,64.22,56.2,0.0,-3.0,6,-39.088,-0.155,19.118
3699.8,64.34,55.6,0.0,-3.2,6,-36.571,-0.128,18.596
3699.8,64.52,56.4,0.0,-4.7,6,-32.782,-0.089,17.828
3699.8,64.65,56.5,0.0,-6.0,6,-30.247,-0.065,17.331
3712.7,64.84,56.5,0.0,-5.2,6,-26.431,-0.032,16.611
3712.7,64.95,56.7,0.0,-5.3,6,-23.877,-0.013,16.151
3712.7,65.11,57.1,0.0,-6.2,6,-20.031,0.012,15.494
3712.7,65.23,56.8,0.0,-6.7,6,-17.457,0.026,15.080
3725.8,65.40,56.9,0.0,-7.0,6,-13.582,0.049,14.501
3725.8,65.51,57.2,0.0,-7.5,6,-10.988,0.066,14.144
3725.8,65.68,57.1,0.0,-7.9,6,-7.083,0.092,13.656
3725.8,65.84,57.3,0.0,-9.9,6,-3.161,0.118,13.227
3739.0,65.94,57.3,0.0,-10.6,6,-0.538,0.137,12.978
3739.0,66.08,57.4,0.0,-11.6,6,3.410,0.169,12.666
3739.0,66.18,57.4,0.0,-12.1,6,6.049,0.194,12.500
3739.0,66.30,57.5,0.0,-12.0,6,10.019,0.234,12.320
3752.5,66.39,57.7,0.0,-11.7,6,12.671,0.263,12.246
3752.5,66.52,57.6,0.0,-11.2,6,16.658,0.309,12.207
3752.5,66.60,57.7,0.0,-11.6,6,19.320,0.342,12.230
3752.5,66.73,57.7,0.0,-11.6,6,23.317,0.397,12.336
3766.3,66.81,57.8,0.0,-11.1,6,25.985,0.437,12.457
3766.3,66.94,57.8,0.0,-10.2,6,29.988,0.501,12.712
3766.3,67.00,57.9,0.0,-10.4,6,32.658,0.544,12.928
3766.3,67.13,57.9,0.0,-13.6,6,36.662,0.597,13.309
3780.2,67.22,51.7,0.0,-16.2,6,39.332,0.629,13.605
3780.2,67.31,58.0,0.0,-17.3,6,43.334,0.681,14.123
3780.2,67.37,58.1,0.0,-17.1,6,45.998,0.718,14.518
3780.2,67.48,58.1,0.0,-15.5,6,49.988,0.774,15.183
3794.0,67.58,58.1,0.0,-14.4,6,53.968,0.830,15.938
3794.0,67.65,58.2,0.0,-13.9,6,56.615,0.867,16.492
3794.0,67.74,58.3,0.0,-13.4,6,60.573,0.924,17.401
3794.0,67.81,58.3,0.0,-13.3,6,63.202,0.963,18.059
3808.0,67.92,58.1,0.0,-13.7,6,67.133,1.021,19.118
3808.0,67.98,58.2,0.0,-14.1,6,69.744,1.060,19.873
3808.0,68.08,58.5,0.0,-14.0,6,73.644,1.118,21.077
3808.0,68.15,58.3,0.0,-13.3,6,76.232,1.156,21.927
3822.1,68.25,58.4,0.0,-13.2,6,80.094,1.215,23.276
3822.1,68.31,58.5,0.0,-13.4,6,82.656,1.254,24.222
3822.1,68.41,58.7,0.0,-12.3,6,86.477,1.312,25.712
3822.1,68.50,58.5,0.0,-11.4,6,89.010,1.351,26.753
3836.0,68.60,58.6,0.0,-10.6,6,92.784,1.411,28.386
3836.0,68.68,58.5,0.0,-10.4,6,95.283,1.452,29.521
3836.0,68.80,58.6,0.0,-10.3,6,99.007,1.513,31.292
3836.0,68.87,58.7,0.0,-10.2,6,101.472,1.556,32.517
3849.8,69.00,58.7,0.0,-9.9,6,105.145,1.621,34.418
3849.8,69.12,58.7,0.0,-9.4,6,108.786,1.686,36.394
3849.8,69.20,58.7,0.0,-9.2,6,111.196,1.729,37.751
3849.8,69.33,58.8,0.0,-9.0,6,114.783,1.793,39.847
3863.6,69.41,58.8,0.0,-9.2,6,117.156,1.836,41.284
3863.6,69.53,58.9,0.0,-9.4,6,120.687,1.901,43.497
3863.6,69.61,58.9,0.0,-9.7,6,123.023,1.942,45.009
3863.6,69.73,58.9,0.0,-10.0,6,126.497,2.001,47.334
3877.4,69.82,58.9,0.0,-9.7,6,128.792,2.040,48.921
3877.4,69.94,59.0,0.0,-9.9,6,132.204,2.096,51.356
3877.4,70.02,59.0,0.0,-9.9,6,134.457,2.131,53.016
3877.4,70.13,59.1,0.0,-9.8,6,137.802,2.181,55.562
3891.4,70.21,59.1,0.0,-9.9,6,140.009,2.212,57.296
3891.4,70.33,59.1,0.0,-9.9,6,143.284,2.254,59.950
3891.4,70.41,59.1,0.0,-10.1,6,145.444,2.278,61.754
3891.4,70.53,59.1,0.0,-9.0,6,148.649,2.306,64.512
3905.4,70.65,59.2,0.0,-6.6,6,151.808,2.328,67.332
3905.4,70.73,59.2,0.0,-5.2,6,153.890,2.342,69.245
3905.4,70.86,59.3,0.0,-3.6,6,156.977,2.359,72.162
3905.4,70.76,18.2,40.5,-2.7,6,159.013,2.369,74.134
3919.6,69.95,0.0,69.1,-1.5,6,162.019,2.383,77.104
3919.6,69.21,0.0,77.9,-0.4,6,163.984,2.392,79.076
3919.6,67.98,0.0,82.7,0.8,6,166.874,2.408,82.011
3919.6,67.14,0.0,84.9,1.0,6,168.763,2.420,83.946
3933.3,65.87,0.0,86.0,0.7,6,171.545,2.440,86.810
3933.3,65.00,0.0,85.3,0.5,6,173.367,2.453,88.691
3933.3,63.72,0.0,85.9,0.4,6,176.055,2.474,91.467
3933.3,62.87,0.0,86.0,0.5,6,177.818,2.487,93.287
3946.1,61.59,0.0,85.5,0.6,6,180.420,2.506,95.968
3946.1,60.76,26.0,86.1,0.6,0,182.128,2.519,97.723
3946.1,59.52,0.0,87.3,0.7,5,184.649,2.538,100.307
3946.1,58.65,0.0,86.5,0.7,5,186.303,2.550,101.997
3958.2,57.40,0.0,85.9,0.7,5,188.745,2.568,104.482
3958.2,56.15,0.0,85.8,0.6,5,191.139,2.581,106.908
3958.2,55.31,0.0,85.2,0.6,5,192.710,2.590,108.492
3969.4,54.06,0.0,84.9,0.6,5,195.028,2.604,110.817
3969.4,53.23,0.0,84.9,0.8,5,196.549,2.614,112.334
3969.4,52.02,27.2,85.6,1.0,0,198.793,2.631,114.558
3969.4,51.19,0.0,85.8,1.2,4,200.266,2.643,116.008
3979.7,49.95,0.0,85.3,1.9,4,202.438,2.665,118.130
3979.7,49.15,0.0,85.9,2.4,4,203.862,2.681,119.510
3979.7,47.92,0.0,85.5,3.2,4,205.965,2.706,121.528
3979.7,47.10,0.0,85.7,3.2,4,207.344,2.723,122.838
3989.3,45.89,0.0,85.5,3.9,4,209.380,2.748,124.748
3989.3,45.07,0.0,85.5,4.4,4,210.717,2.764,125.985
3989.3,43.90,23.6,86.4,4.9,0,212.692,2.787,127.784
3989.3,43.10,0.0,86.2,4.9,3,213.989,2.801,128.946
3998.0,41.90,0.0,83.7,4.1,3,215.905,2.820,130.631
3998.0,40.75,0.0,75.2,2.7,3,217.788,2.837,132.248
3998.0,40.04,0.0,64.3,1.8,3,219.027,2.846,133.287
3998.0,39.12,0.0,53.5,0.4,3,220.868,2.856,134.788
4006.0,38.58,0.0,48.8,0.4,3,222.089,2.862,135.751
4006.0,37.84,0.0,42.9,1.9,3,223.915,2.868,137.139
4006.0,37.38,0.0,41.0,3.5,3,225.129,2.871,138.028
4006.0,36.74,0.0,38.4,7.6,3,226.949,2.873,139.308
4013.5,36.34,0.0,37.0,10.5,3,228.160,2.873,140.128
4013.5,35.76,0.0,37.1,12.7,3,229.973,2.872,141.310
4013.5,35.37,0.0,36.9,13.5,3,231.178,2.870,142.067
4013.5,34.81,34.9,37.4,14.3,0,232.982,2.865,143.155
4020.5,34.44,0.0,36.9,14.2,2,234.181,2.861,143.849
4020.5,33.87,0.0,34.6,13.9,2,235.975,2.854,144.841
4020.5,33.49,0.0,33.0,14.1,2,237.167,2.849,145.470
4020.5,32.97,0.0,25.9,15.0,2,238.951,2.840,146.362
4027.1,32.68,0.0,20.2,15.8,2,240.138,2.834,146.924
4027.1,32.32,0.0,14.0,17.9,2,241.920,2.824,147.717
4027.1,32.02,0.0,10.4,20.7,2,243.705,2.814,148.452
4027.1,31.85,0.0,7.6,22.8,2,244.898,2.808,148.910
4033.2,31.63,0.0,4.7,24.9,2,246.692,2.798,149.549
4033.2,31.50,0.0,4.6,25.8,2,247.892,2.791,149.942
4033.2,31.31,0.0,4.1,27.1,2,249.698,2.781,150.480
4033.2,31.18,0.0,3.7,27.9,2,250.906,2.773,150.805
4039.2,30.98,0.0,8.6,24.4,2,252.720,2.761,151.240
4039.2,30.82,0.0,7.1,21.6,2,253.930,2.752,151.495
4039.2,30.62,0.0,2.9,18.7,2,255.743,2.739,151.826
4039.2,30.51,0.1,6.6,18.6,2,256.951,2.731,152.013
4045.6,30.33,0.0,2.6,20.2,2,258.762,2.720,152.244
4045.6,30.23,0.8,0.2,24.3,2,259.967,2.714,152.368
4045.6,30.12,3.9,0.0,31.6,2,261.772,2.704,152.505
4045.6,30.04,2.5,0.0,34.8,2,262.974,2.698,152.563
4052.1,29.94,10.4,0.0,38.0,2,264.773,2.691,152.598
4052.1,29.89,9.4,0.0,39.5,2,265.969,2.687,152.583
4052.1,29.78,8.8,0.0,40.8,2,267.757,2.682,152.502
4052.1,29.72,17.5,0.0,42.9,2,269.535,2.681,152.350
4060.0,29.67,11.3,0.0,45.9,2,270.715,2.680,152.210
4060.0,29.59,15.1,0.0,51.3,2,272.472,2.681,151.943
4060.0,29.53,12.1,0.0,55.1,2,273.635,2.682,151.727
4060.0,29.41,10.6,0.0,60.0,2,275.361,2.686,151.345
4067.0,29.32,7.8,0.0,62.7,2,276.499,2.691,151.051
4067.0,29.17,9.5,0.0,70.3,2,278.182,2.701,150.555
4067.0,29.08,9.7,0.0,75.7,2,279.288,2.709,150.188
4067.0,28.92,9.2,0.0,81.5,2,280.921,2.723,149.586
4075.3,28.80,8.5,0.0,81.9,2,281.989,2.734,149.149
4075.3,28.61,8.3,0.0,79.7,2,283.558,2.756,148.438
4075.3,28.49,8.4,0.0,77.3,2,284.579,2.774,147.928
4075.3,28.32,8.5,0.0,79.3,2,286.075,2.804,147.111
4081.9,28.21,8.4,0.0,77.1,2,287.048,2.825,146.536
4081.9,28.05,8.4,0.0,76.7,2,288.470,2.857,145.627
4081.9,27.94,8.6,0.0,77.7,2,289.393,2.879,144.993
4081.9,27.78,8.6,0.0,74.7,2,290.737,2.911,143.999
4088.0,27.62,9.5,0.0,73.6,2,292.031,2.945,142.957
4088.0,27.52,10.1,0.0,72.4,2,292.866,2.969,142.236
4088.0,27.39,11.5,0.0,69.4,2,294.075,3.006,141.117
4088.0,27.31,13.4,0.0,66.9,2,294.852,3.030,140.348
4093.5,27.23,18.8,0.0,61.7,2,295.975,3.066,139.159
4093.5,27.20,23.7,0.0,57.8,2,296.696,3.089,138.343
4093.5,27.21,35.4,0.0,51.7,2,297.736,3.122,137.086
4093.5,27.28,48.5,0.0,47.1,2,298.403,3.143,136.225
4098.8,27.55,82.1,0.0,38.3,2,299.368,3.171,134.896
4098.8,27.73,52.7,0.0,30.9,2,299.990,3.190,133.983
4098.8,27.94,52.9,0.0,19.5,2,300.887,3.215,132.574
4098.8,28.09,54.3,0.0,12.3,2,301.460,3.230,131.612
4104.2,28.39,65.4,0.0,4.7,2,302.286,3.251,130.134
4104.2,28.65,80.0,0.0,2.4,2,302.817,3.265,129.125
4104.2,29.14,89.6,0.0,2.8,2,303.591,3.283,127.575
4104.2,29.50,90.7,0.0,4.8,2,304.093,3.295,126.516
4109.7,30.04,91.0,0.0,9.1,2,304.828,3.311,124.890
4109.7,30.57,91.0,0.0,12.7,2,305.545,3.326,123.220
4109.7,30.93,91.0,0.0,14.6,2,306.011,3.336,122.082
4115.8,31.46,91.0,0.0,16.4,2,306.692,3.350,120.340
4115.8,31.81,91.0,0.0,16.9,2,307.132,3.360,119.154
4115.8,32.34,91.0,0.0,16.3,2,307.770,3.374,117.339
4115.8,32.69,91.0,0.0,15.5,2,308.178,3.382,116.105
4122.2,33.19,76.9,0.0,14.4,2,308.760,3.394,114.217
4122.2,33.49,82.8,0.0,12.4,2,309.126,3.402,112.936
4122.2,33.96,80.3,0.0,9.5,2,309.638,3.415,110.979
4122.2,34.28,86.6,0.0,8.2,2,309.955,3.423,109.652
4129.0,34.80,90.1,0.0,8.4,2,310.394,3.437,107.629
4129.0,35.14,90.5,0.0,9.3,2,310.663,3.447,106.257
4129.0,35.67,91.1,0.0,10.7,2,311.029,3.463,104.165
4129.0,36.02,91.1,0.0,11.4,2,311.246,3.475,102.749
4136.1,36.47,60.4,0.0,15.1,2,311.532,3.496,100.593
4136.1,36.56,23.9,0.4,14.6,2,311.692,3.510,99.141
4136.1,36.41,0.0,17.6,12.3,2,311.885,3.533,96.959
4136.1,35.97,0.0,40.6,9.0,2,312.025,3.557,94.789
4143.3,35.54,0.0,51.1,6.4,2,312.093,3.575,93.360
4143.3,34.74,0.0,62.9,3.2,2,312.165,3.605,91.250
4143.3,34.13,0.0,69.0,2.1,2,312.197,3.626,89.872
4143.3,33.13,0.0,75.1,-0.4,2,312.226,3.659,87.852
4149.9,32.43,0.0,76.1,-2.8,2,312.237,3.682,86.540
4149.9,31.37,0.0,77.7,-6.2,2,312.249,3.717,84.624
4149.9,30.65,0.0,77.5,-8.3,2,312.258,3.739,83.382
4149.9,29.59,0.0,72.8,-11.1,2,312.277,3.772,81.573
4155.8,28.92,0.0,58.8,-12.5,2,312.297,3.794,80.402
4155.8,28.12,0.0,41.2,-13.9,2,312.346,3.825,78.692
4155.8,27.71,0.0,33.7,-14.9,2,312.393,3.845,77.576
4155.8,27.21,0.0,25.1,-17.4,2,312.491,3.872,75.932
4161.1,26.93,0.0,21.5,-19.0,2,312.575,3.889,74.852
4161.1,26.57,0.0,18.3,-21.5,2,312.732,3.912,73.254
4161.1,26.34,0.0,16.8,-22.7,2,312.858,3.926,72.203
4161.1,26.03,0.0,14.2,-24.3,2,313.082,3.946,70.647
4166.3,25.75,0.0,13.2,-25.7,2,313.347,3.964,69.116
4166.3,25.57,0.0,13.2,-26.4,0,313.548,3.976,68.109
4166.3,25.32,0.0,13.5,-25.8,1,313.885,3.991,66.620
4166.3,25.13,0.0,12.8,-26.1,1,314.134,4.001,65.642
4171.3,24.84,0.0,11.9,-27.9,1,314.541,4.014,64.199
4171.3,24.65,0.0,12.1,-29.4,1,314.837,4.021,63.254
4171.3,24.36,0.0,11.2,-30.5,1,315.314,4.031,61.863
4171.3,24.18,0.0,9.0,-31.0,1,315.656,4.036,60.953
4176.1,23.95,0.0,7.1,-32.3,1,316.204,4.043,59.617
4176.1,23.80,0.0,6.6,-33.4,1,316.593,4.046,58.745
4176.1,23.59,0.0,6.6,-34.9,1,317.212,4.050,57.465
4176.1,23.45,0.0,4.3,-35.3,1,317.648,4.052,56.631
4180.7,23.27,0.0,3.3,-36.0,1,318.336,4.052,55.410
4180.7,23.15,0.0,3.7,-36.5,1,318.818,4.052,54.617
4180.7,22.97,0.0,4.7,-37.1,1,319.575,4.049,53.458
4180.7,22.78,0.0,3.4,-37.3,1,320.371,4.045,52.339
4185.0,22.67,0.0,3.4,-37.1,1,320.921,4.041,51.616
4185.0,22.49,0.0,5.1,-37.6,1,321.778,4.035,50.566
4185.0,22.36,0.0,6.5,-37.8,1,322.368,4.030,49.890
4185.0,22.15,0.0,8.4,-38.1,1,323.279,4.022,48.913
4189.3,22.01,0.0,5.3,-38.2,1,323.903,4.016,48.288
4189.3,21.82,0.0,4.8,-38.3,1,324.863,4.008,47.389
4189.3,21.70,0.0,5.0,-40.0,1,325.518,4.001,46.815
4189.3,21.52,0.0,5.7,-43.1,1,326.522,3.991,45.994
4193.3,21.38,0.0,6.6,-44.8,1,327.205,3.983,45.474
4193.3,21.21,3.5,0.3,-49.2,1,328.248,3.970,44.737
4193.3,21.19,21.7,0.0,-51.2,1,328.958,3.962,44.275
4193.3,21.34,42.0,0.0,-53.1,1,330.052,3.949,43.620
4197.4,21.51,50.4,0.0,-54.5,1,330.802,3.939,43.207
4197.4,21.84,59.1,0.0,-57.3,1,331.962,3.924,42.621
4197.4,22.10,59.4,0.0,-58.8,1,332.759,3.914,42.252
4197.4,22.31,34.7,0.0,-57.8,1,333.989,3.897,41.739
4201.9,22.47,36.7,0.0,-54.0,1,335.252,3.881,41.283
4201.9,22.58,45.2,0.0,-51.1,1,336.110,3.870,41.011
4201.9,22.81,42.1,0.0,-48.9,1,337.424,3.855,40.654
4201.9,22.96,44.9,0.0,-49.0,1,338.316,3.845,40.449
4206.8,23.19,47.1,0.0,-50.3,1,339.676,3.831,40.192
4206.8,23.37,48.9,0.0,-52.4,1,340.597,3.822,40.055
4206.8,23.68,48.1,0.0,-55.8,1,341.999,3.809,39.899
4206.8,23.84,38.7,0.0,-58.7,1,342.947,3.801,39.829
4212.1,23.97,29.3,0.0,-64.4,1,344.380,3.789,39.774
4212.1,24.02,26.3,0.0,-68.1,1,345.340,3.781,39.771
4212.1,24.05,20.5,0.0,-73.0,1,346.781,3.769,39.819
4212.1,24.04,18.0,0.0,-76.5,1,347.741,3.762,39.885
4217.7,23.99,15.3,0.0,-79.0,1,349.174,3.753,40.035
4217.7,23.95,14.1,0.0,-79.2,1,350.123,3.747,40.169
4217.7,23.87,14.6,0.0,-78.0,1,351.535,3.740,40.423
4217.7,23.83,15.5,0.0,-76.0,1,352.467,3.735,40.626
4223.4,23.78,17.5,0.0,-71.2,1,353.850,3.730,40.984
4223.4,23.78,25.6,0.0,-64.1,1,355.213,3.726,41.404
4223.4,23.85,35.4,0.0,-58.2,1,356.112,3.723,41.719
4230.1,24.11,61.9,0.0,-49.2,1,357.451,3.721,42.242
4230.1,24.42,63.0,0.0,-41.9,1,358.342,3.720,42.626
4230.1,24.80,62.4,0.0,-29.6,1,359.677,3.720,43.253
4230.1,25.09,58.0,0.0,-22.3,1,360.566,3.720,43.706
4235.6,25.59,77.4,0.0,-16.3,1,361.898,3.723,44.436
4235.6,25.97,76.2,0.0,-13.4,1,362.788,3.727,44.954
4235.6,26.60,75.3,0.0,-12.2,1,364.130,3.734,45.779
4235.6,27.02,85.1,0.0,-12.8,1,365.031,3.740,46.359
4241.1,27.70,91.0,0.0,-15.0,1,366.391,3.752,47.276
4241.1,28.13,77.0,0.0,-16.1,1,367.304,3.760,47.918
4241.1,28.74,89.7,0.0,-18.7,1,368.678,3.774,48.926
4241.1,29.12,69.7,0.0,-20.5,1,369.595,3.783,49.631
4246.7,29.62,75.6,0.0,-17.1,1,370.966,3.796,50.736
4246.7,29.96,74.8,0.0,-19.5,1,371.875,3.804,51.505
4246.7,30.46,76.7,0.0,-23.8,1,373.229,3.816,52.709
4246.7,30.91,69.8,0.0,-18.2,1,374.566,3.828,53.973
4252.4,31.21,79.5,0.0,-16.8,1,375.445,3.835,54.849
4252.4,31.54,0.0,0.0,-19.5,0,376.746,3.845,56.213
4252.4,31.52,88.2,0.0,-17.0,2,377.589,3.851,57.150
4252.4,32.00,88.0,0.0,-18.5,2,378.824,3.860,58.599
4258.4,32.33,84.4,0.0,-21.3,2,379.634,3.866,59.598
4258.4,32.82,87.7,0.0,-22.1,2,380.826,3.875,61.146
4258.4,33.12,79.7,0.0,-21.9,2,381.604,3.879,62.210
4258.4,33.53,78.6,0.0,-23.3,2,382.743,3.885,63.852
4264.7,33.79,74.1,0.0,-23.1,2,383.481,3.888,64.977
4264.7,34.15,68.6,0.0,-20.0,2,384.553,3.891,66.711
4264.7,34.39,77.9,0.0,-19.0,2,385.241,3.894,67.896
4264.7,34.79,77.2,0.0,-13.2,2,386.235,3.897,69.717
4271.4,35.07,86.7,0.0,-10.0,2,386.871,3.900,70.960
4271.4,35.51,87.4,0.0,-5.2,2,387.791,3.903,72.866
4271.4,35.85,79.7,0.0,-2.8,2,388.384,3.905,74.164
4271.4,36.33,90.8,0.0,-1.0,2,389.246,3.908,76.149
4278.5,36.88,91.1,0.0,-1.8,2,390.082,3.909,78.179
4278.5,37.23,91.1,0.0,-2.7,2,390.626,3.911,79.557
4278.5,37.58,91.2,0.0,-3.4,2,391.162,3.916,80.953
4278.5,37.66,91.3,0.0,-3.5,2,391.427,3.916,81.657
4285.8,38.28,42.5,0.0,-2.2,2,392.735,3.896,85.222
4285.8,38.44,86.5,0.0,-2.3,2,393.229,3.893,86.674
4285.8,38.78,0.0,0.0,-2.6,0,393.948,3.890,88.877
4285.8,38.88,91.1,0.0,-3.5,3,394.418,3.883,90.357
4293.4,39.44,91.1,0.0,-2.7,3,395.104,3.875,92.600
4293.4,39.64,91.1,0.0,-2.3,3,395.550,3.876,94.118
4293.4,40.10,53.9,0.0,-2.8,3,396.207,3.870,96.416
4293.4,40.33,72.1,0.0,-3.6,3,396.631,3.874,97.968
4301.2,40.49,54.3,0.0,-2.1,3,397.255,3.868,100.312
4301.2,40.83,14.8,0.0,-0.9,3,397.665,3.856,101.886
4301.2,41.07,84.9,0.0,-0.7,3,398.255,3.853,104.268
4301.2,41.39,91.1,0.0,-1.4,3,398.640,3.854,105.871
4309.3,41.89,91.1,0.0,-2.4,3,399.210,3.852,108.303
4353.9,49.02,91.3,0.0,-9.4,3,405.559,3.767,155.148
4353.9,49.38,91.4,0.0,-9.9,3,405.573,3.760,158.099
4353.9,49.62,91.4,0.0,-9.9,3,405.555,3.755,160.078
4363.6,49.98,91.4,0.0,-10.2,3,405.483,3.748,163.065
4363.6,50.20,91.4,0.0,-10.7,3,405.406,3.743,165.066
4363.6,50.54,91.4,0.0,-11.2,3,405.243,3.735,168.083
4363.6,50.77,91.4,0.0,-11.4,3,405.102,3.729,170.104
4373.5,51.09,91.5,0.0,-12.0,0,404.839,3.722,173.148
4373.5,51.06,0.0,0.0,-12.4,0,404.629,3.717,175.181
4373.5,51.26,91.2,0.0,-11.7,4,404.262,3.708,178.226
4373.5,51.47,91.2,0.0,-11.8,4,403.981,3.702,180.261
4383.6,51.77,91.2,0.0,-13.1,4,403.503,3.695,183.320
4383.6,51.98,91.2,0.0,-13.8,4,403.148,3.689,185.364
4383.6,52.27,91.2,0.0,-14.4,4,402.558,3.680,188.435
4383.6,52.47,91.3,0.0,-14.3,4,402.126,3.674,190.484
4394.0,52.76,91.3,0.0,-13.7,4,401.416,3.666,193.559
4394.0,53.04,82.2,0.0,-13.9,4,400.634,3.659,196.635
4394.0,53.33,72.5,0.0,-13.3,4,399.776,3.652,199.708
4394.0,53.52,66.0,0.0,-13.4,4,399.161,3.649,201.754
4405.2,53.80,59.0,0.0,-15.0,4,398.174,3.648,204.818
4405.2,53.98,59.1,0.0,-16.6,4,397.475,3.647,206.856
4405.2,54.26,59.1,0.0,-18.7,4,396.369,3.644,209.909
4405.2,54.45,59.2,0.0,-19.1,4,395.591,3.643,211.939
4416.6,54.73,59.3,0.0,-18.1,4,394.360,3.646,214.973
4416.6,54.89,59.4,0.0,-16.7,4,393.497,3.651,216.988
4416.6,55.15,59.5,0.0,-15.6,4,392.142,3.658,219.997
4416.6,55.33,59.5,0.0,-15.3,4,391.197,3.662,221.995
4428.3,55.60,59.6,0.0,-15.8,4,389.718,3.670,224.975
4428.3,55.77,59.7,0.0,-15.9,4,388.690,3.676,226.951
4428.3,56.04,59.8,0.0,-16.3,4,387.092,3.685,229.899
4428.3,56.22,59.8,0.0,-16.0,4,385.990,3.688,231.855
4439.9,56.49,59.9,0.0,-15.2,4,384.281,3.689,234.772
4439.9,56.75,60.0,0.0,-15.5,4,382.504,3.688,237.666
4439.9,56.92,60.0,0.0,-13.8,4,381.279,3.688,239.581
4439.9,57.09,60.0,0.0,-13.1,4,380.023,3.690,241.484
4451.0,57.34,60.0,0.0,-13.5,4,378.081,3.694,244.314
4451.0,57.59,60.0,0.0,-13.8,4,376.069,3.701,247.113
4451.0,57.76,60.0,0.0,-14.0,4,374.690,3.708,248.962
4462.3,58.01,60.0,0.0,-13.7,4,372.568,3.716,251.711
4462.3,58.17,60.0,0.0,-11.5,4,371.117,3.723,253.525
4462.3,58.42,60.0,0.0,-8.5,4,368.887,3.733,256.220
4462.3,58.60,60.0,0.0,-7.4,4,367.367,3.740,257.999
4473.9,58.85,60.0,0.0,-7.2,4,365.041,3.750,260.644
4473.9,59.03,60.0,0.0,-7.0,4,363.461,3.755,262.394
4473.9,59.29,60.0,0.0,-6.7,4,361.051,3.762,265.000
4473.9,59.46,60.0,0.0,-6.4,4,359.419,3.766,266.725
4485.7,59.72,60.1,0.0,-6.4,4,356.934,3.770,269.295
4485.7,59.89,60.1,0.0,-6.4,4,355.254,3.771,270.997
4485.7,60.13,60.1,0.0,-6.4,4,352.699,3.769,273.534
4485.7,60.40,60.5,0.0,-6.7,4,350.101,3.774,276.048
4497.7,60.60,60.6,0.0,-7.0,4,348.345,3.780,277.712
4497.7,60.58,0.0,0.0,-6.4,0,345.678,3.791,280.187
4497.7,60.62,86.3,0.0,-5.2,5,343.884,3.801,281.816
4497.7,61.05,76.4,0.0,-2.1,5,341.168,3.800,284.249
4509.8,61.30,69.8,0.0,-0.1,5,339.328,3.801,285.862
4509.8,61.57,60.6,0.0,2.8,5,336.533,3.801,288.266
4509.8,61.95,58.8,0.0,3.2,5,334.646,3.800,289.861
4509.8,62.22,59.3,0.0,1.5,5,331.786,3.801,292.247
4522.2,62.41,59.3,0.0,0.2,5,329.866,3.799,293.838
4522.2,62.70,59.2,0.0,-0.6,5,326.975,3.795,296.232
4522.2,62.89,59.2,0.0,-0.2,5,325.041,3.789,297.834
4522.2,63.11,59.4,0.0,0.6,5,322.133,3.782,300.248
4534.7,63.26,59.5,0.0,0.7,5,320.190,3.781,301.865
4534.7,63.50,59.6,0.0,0.6,5,317.271,3.781,304.302
4534.7,63.73,59.6,0.0,0.8,5,314.346,3.784,306.753
4534.7,63.88,59.6,0.0,1.0,5,312.393,3.789,308.396
4547.4,64.11,59.7,0.0,0.1,5,309.459,3.796,310.872
4547.4,64.27,59.7,0.0,-0.1,5,307.499,3.800,312.531
4547.4,64.49,59.8,0.0,-0.0,5,304.553,3.806,315.028
4547.4,64.64,59.8,0.0,0.2,5,302.584,3.811,316.699
4560.2,64.86,59.9,0.0,0.5,5,299.623,3.819,319.214
4560.2,65.01,59.9,0.0,0.6,5,297.644,3.823,320.896
4560.2,65.23,60.0,0.0,0.6,5,294.669,3.827,323.428
4560.2,65.38,60.0,0.0,0.5,5,292.681,3.829,325.123
4573.3,65.60,60.0,0.0,0.6,5,289.694,3.825,327.675
4573.3,65.74,60.1,0.0,0.6,5,287.699,3.820,329.384
4573.3,65.95,60.1,0.0,0.6,5,284.703,3.814,331.957
4573.3,66.09,60.1,0.0,0.6,5,282.701,3.808,333.680
4586.5,66.31,60.1,0.0,0.6,5,279.695,3.798,336.276
4586.5,66.44,60.1,0.0,0.4,5,277.688,3.795,338.013
4586.5,66.64,60.1,0.0,0.5,5,274.674,3.795,340.630
4586.5,66.84,60.1,0.0,0.4,5,271.653,3.796,343.259
4599.8,66.98,60.1,0.0,0.4,5,269.636,3.798,345.017
4599.8,67.19,60.1,0.0,0.3,5,266.604,3.800,347.665
4599.8,67.31,60.1,0.0,0.2,5,264.579,3.805,349.436
4599.8,67.51,60.1,0.0,0.0,5,261.537,3.816,352.100
4613.2,67.64,60.1,0.0,0.0,5,259.505,3.825,353.881
4613.2,67.83,60.1,0.0,0.1,5,256.449,3.840,356.561
4613.2,67.96,60.1,0.0,0.1,5,254.408,3.850,358.351
4613.2,68.14,60.1,0.0,0.0,5,251.340,3.862,361.044
4626.8,68.27,60.1,0.0,0.1,5,249.290,3.873,362.844
4626.8,68.45,60.1,0.0,0.2,5,246.208,3.891,365.550
4626.8,68.58,60.2,0.0,0.2,5,244.148,3.899,367.358
4626.8,68.76,60.2,0.0,0.1,5,241.053,3.909,370.076
4640.5,68.88,60.2,0.0,0.1,5,238.985,3.916,371.893
4640.5,69.06,60.2,0.0,0.1,5,235.876,3.924,374.624
4640.5,69.18,60.2,0.0,0.1,5,233.799,3.926,376.449
4640.5,69.36,60.2,0.0,0.0,5,230.678,3.926,379.193
4654.3,69.54,60.3,0.0,0.0,5,227.549,3.923,381.945
4654.3,69.65,60.3,0.0,0.1,5,225.459,3.920,383.783
4654.3,69.82,60.3,0.0,0.1,5,222.318,3.916,386.547
4654.3,69.94,60.3,0.0,0.1,5,220.220,3.913,388.393
4668.3,70.11,60.1,0.0,0.0,5,217.067,3.907,391.169
4668.3,70.22,60.1,0.0,0.0,0,214.960,3.903,393.023
4668.3,70.13,89.6,0.0,0.0,6,211.800,3.895,395.805
4668.3,70.24,83.1,0.0,0.0,6,209.694,3.889,397.661
4682.3,70.40,73.4,0.0,0.1,6,206.528,3.882,400.449
4682.3,70.51,66.9,0.0,0.1,6,204.413,3.879,402.312
4682.3,70.68,59.2,0.0,0.1,6,201.236,3.874,405.113
4682.3,70.78,59.2,0.0,0.1,6,199.114,3.870,406.983
4696.4,70.95,59.2,0.0,0.1,6,195.925,3.865,409.795
4696.4,71.05,59.3,0.0,0.1,6,193.795,3.862,411.673
4696.4,71.21,59.3,0.0,0.1,6,190.594,3.856,414.496
4696.4,71.32,59.4,0.0,0.1,6,188.457,3.852,416.382
4710.7,71.47,59.5,0.0,0.1,6,185.246,3.847,419.217
4710.7,71.63,59.5,0.0,0.2,6,182.028,3.844,422.058
4710.7,71.73,59.5,0.0,0.2,6,179.880,3.842,423.957
4725.0,71.89,59.6,0.0,0.2,6,176.652,3.838,426.810
4725.0,71.99,59.6,0.0,0.2,6,174.497,3.834,428.717
4725.0,72.15,59.6,0.0,0.2,6,171.259,3.827,431.583
4725.0,72.25,59.7,0.0,0.2,6,169.098,3.823,433.498
4739.4,72.40,59.7,0.0,0.2,6,165.851,3.818,436.377
4739.4,72.50,59.7,0.0,0.2,6,163.684,3.816,438.300
4739.4,72.65,59.8,0.0,0.2,6,160.429,3.815,441.192
4739.4,72.75,59.8,0.0,0.2,6,158.256,3.814,443.123
4753.9,72.89,59.8,0.0,0.1,6,154.992,3.815,446.028
4753.9,72.99,59.9,0.0,0.2,6,152.813,3.817,447.968
4753.9,73.14,59.9,0.0,0.2,6,149.540,3.822,450.884
4753.9,73.23,59.9,0.0,0.2,6,147.356,3.824,452.833
4768.6,73.38,59.9,0.0,0.2,6,144.075,3.826,455.762
4768.6,73.47,60.0,0.0,0.2,6,141.884,3.828,457.718
4768.6,73.61,60.0,0.0,0.1,6,138.594,3.831,460.658
4768.6,73.75,60.0,0.0,0.0,6,135.299,3.833,463.605
4783.3,73.85,60.1,0.0,0.0,6,133.100,3.835,465.574
4783.3,73.98,60.1,0.0,0.0,6,129.796,3.836,468.532
4783.3,74.07,60.1,0.0,0.1,6,127.590,3.838,470.507
4783.3,74.21,60.2,0.0,0.1,6,124.277,3.841,473.475
4798.1,74.30,60.2,0.0,0.1,6,122.065,3.843,475.457
4798.1,74.44,60.2,0.0,0.1,6,118.741,3.845,478.435
4798.1,74.53,60.2,0.0,0.0,6,116.523,3.845,480.423
4798.1,74.66,60.2,0.0,-0.0,6,113.190,3.844,483.410
4813.0,74.75,60.2,0.0,-0.1,6,110.965,3.842,485.405
4813.0,74.88,60.2,0.0,-0.1,6,107.622,3.838,488.401
4813.0,74.97,60.2,0.0,-0.0,6,105.391,3.834,490.401
4813.0,75.10,60.2,0.0,0.0,6,102.038,3.826,493.406
4828.0,75.19,60.2,0.0,0.0,6,99.799,3.820,495.411
4828.0,75.31,60.2,0.0,-0.1,6,96.436,3.811,498.424
4828.0,75.40,60.2,0.0,-0.3,6,94.191,3.804,500.434
4828.0,75.53,60.3,0.0,-0.3,6,90.817,3.789,503.454
4843.1,75.65,60.3,0.0,-0.4,6,87.436,3.772,506.477
4843.1,75.74,60.3,0.0,-0.1,6,85.178,3.760,508.494
4843.1,75.86,60.3,0.0,-0.2,6,81.785,3.739,511.522
4843.1,75.94,60.3,0.0,-0.3,6,79.519,3.726,513.542
4858.2,76.06,60.3,0.0,-0.6,6,76.114,3.704,516.575
4858.2,76.14,60.3,0.0,-0.3,6,73.840,3.689,518.599
4858.2,76.27,60.3,0.0,-0.0,6,70.424,3.667,521.636
4858.2,76.34,60.3,0.0,-0.3,6,68.142,3.651,523.663
4873.5,76.46,60.3,0.0,-0.5,6,64.713,3.626,526.705
4873.5,76.54,60.3,0.0,-0.3,6,62.423,3.609,528.735
4873.5,76.66,60.3,0.0,-0.4,6,58.983,3.581,531.781
4873.5,76.74,60.3,0.0,-0.5,6,56.684,3.561,533.813
4888.8,76.85,60.3,0.0,-0.0,6,53.229,3.528,536.861
4888.8,76.93,60.3,0.0,0.4,6,50.921,3.504,538.894
4888.8,77.04,60.3,0.0,0.1,6,47.454,3.468,541.945
4888.8,77.16,60.3,0.0,0.7,6,43.981,3.429,545.000
4904.2,77.23,60.3,0.0,0.8,6,41.663,3.401,547.040
4904.2,77.34,60.3,0.0,0.8,6,38.185,3.355,550.107
4904.2,77.42,60.3,0.0,0.7,6,35.866,3.322,552.156
4904.2,77.53,60.3,0.0,0.6,6,32.387,3.265,555.238
4919.7,77.60,60.3,0.0,0.5,6,30.068,3.228,557.299
4919.7,77.71,60.3,0.0,0.3,6,26.589,3.169,560.397
4919.7,77.78,60.3,0.0,0.2,6,24.269,3.130,562.468
4919.7,77.89,60.3,0.0,0.1,6,20.789,3.071,565.581
4935.2,77.96,60.4,0.0,0.1,6,18.468,3.031,567.661
4935.2,78.07,60.4,0.0,0.1,6,14.984,2.971,570.787
4935.2,78.14,60.4,0.0,-0.1,6,12.660,2.931,572.874
4935.2,78.24,60.4,0.0,-0.2,6,9.170,2.872,576.009
4950.8,78.31,60.4,0.0,-0.0,6,6.842,2.834,578.101
4950.8,78.41,57.6,0.0,-0.4,6,3.344,2.779,581.242
4950.8,78.37,16.5,27.7,-0.7,6,1.011,2.742,583.337
4950.8,77.59,0.0,72.3,-0.9,6,-2.477,2.680,586.465
4966.5,76.38,0.0,81.9,-0.3,6,-5.922,2.620,589.546
4966.5,75.53,0.0,83.8,0.5,6,-8.190,2.582,591.570
4966.5,74.23,0.0,84.7,0.5,6,-11.549,2.527,594.558
4966.5,73.35,0.0,84.3,-0.1,6,-13.757,2.492,596.519
4981.5,72.06,0.0,84.4,-0.7,6,-17.022,2.441,599.415
4981.5,71.20,0.0,84.8,-1.2,6,-19.167,2.409,601.316
4981.5,69.92,0.0,85.4,-1.0,6,-22.340,2.361,604.122
4981.5,69.05,0.0,84.9,-0.9,6,-24.426,2.327,605.962
4995.6,67.77,0.0,84.4,-1.1,6,-27.511,2.276,608.673
4995.6,66.92,0.0,84.4,-0.6,6,-29.539,2.243,610.447
4995.6,65.65,0.0,84.4,-1.0,6,-32.541,2.195,613.060
4995.6,64.81,0.0,84.5,-1.5,6,-34.515,2.165,614.769
5009.0,63.55,0.0,84.7,-1.8,6,-37.435,2.122,617.282
5009.0,62.73,0.0,85.4,-2.0,6,-39.356,2.094,618.924
5009.0,61.47,25.8,85.3,-1.9,0,-42.199,2.050,621.336
5009.0,60.64,0.0,85.5,-1.8,5,-44.070,2.021,622.909
5021.4,59.40,0.0,85.4,-1.8,5,-46.839,1.979,625.214
5021.4,58.14,0.0,84.9,-2.6,5,-49.564,1.937,627.456
5021.4,57.31,0.0,84.3,-3.2,5,-51.357,1.909,628.913
5033.0,56.08,0.0,84.2,-4.1,5,-54.012,1.868,631.043
5033.0,55.27,0.0,84.6,-4.4,5,-55.761,1.842,632.425
5033.0,54.04,0.0,84.5,-4.7,5,-58.352,1.803,634.438
5033.0,53.23,0.0,84.5,-4.7,0,-60.060,1.778,635.740
5043.8,52.05,0.0,83.9,-4.4,4,-62.592,1.740,637.631
5043.8,51.23,0.0,75.1,-3.6,4,-64.261,1.715,638.850
5043.8,50.17,0.0,58.1,-2.6,4,-66.740,1.678,640.614
5043.8,49.57,0.0,52.2,-2.1,4,-68.382,1.654,641.748
5053.8,48.76,0.0,46.6,-3.0,4,-70.836,1.618,643.389
5053.8,48.28,0.0,47.7,-4.4,4,-72.467,1.595,644.442
5053.8,47.52,0.0,47.8,-6.7,4,-74.906,1.561,645.964
5053.8,47.02,0.0,47.4,-8.3,4,-76.526,1.538,646.941
5063.1,46.30,0.0,41.9,-9.5,4,-78.946,1.505,648.351
5063.1,45.86,0.0,38.2,-9.6,4,-80.554,1.484,649.253
5063.1,45.26,0.0,28.5,-8.7,4,-82.960,1.451,650.552
5063.1,44.79,0.0,23.4,-9.6,4,-85.363,1.420,651.787
5072.0,44.51,0.0,20.5,-10.4,4,-86.966,1.398,652.576
5072.0,44.13,0.0,24.4,-11.5,4,-89.372,1.365,653.710
5072.0,43.82,0.0,36.4,-12.3,4,-90.977,1.343,654.431
5072.0,43.22,30.5,40.3,-12.7,0,-93.378,1.310,655.459
5080.7,42.80,0.0,38.9,-12.1,3,-94.973,1.289,656.108
5080.7,42.21,0.0,21.9,-11.0,3,-97.353,1.258,657.024
5080.7,41.94,0.0,15.0,-10.9,3,-98.935,1.238,657.596
5080.7,41.62,0.0,8.4,-12.3,3,-101.310,1.208,658.400
5089.1,41.45,0.0,6.4,-13.9,3,-102.894,1.187,658.900
5089.1,41.23,0.0,3.7,-16.3,3,-105.274,1.157,659.597
5089.1,41.10,0.0,2.6,-17.2,3,-106.864,1.137,660.026
5089.1,40.92,0.0,2.9,-18.6,3,-109.253,1.107,660.616
5097.6,40.79,0.0,2.7,-18.9,3,-110.847,1.088,660.974
5097.6,40.60,0.0,3.2,-18.5,3,-113.241,1.058,661.457
5097.6,40.47,0.0,3.3,-18.2,3,-114.838,1.039,661.741
5097.6,40.28,0.0,3.3,-18.2,3,-117.232,1.011,662.110
5106.0,40.08,0.0,3.2,-18.0,3,-119.624,0.983,662.411
5106.0,39.95,0.0,3.1,-17.6,3,-121.217,0.966,662.573
5106.0,39.76,0.0,3.4,-17.2,3,-123.601,0.941,662.757
5106.0,39.63,0.0,3.3,-17.4,3,-125.187,0.926,662.841
5114.1,39.44,0.0,3.4,-18.2,3,-127.558,0.904,662.909
5114.1,39.31,0.0,3.0,-18.8,3,-129.133,0.890,662.919
5114.1,39.12,0.0,3.3,-19.6,3,-131.486,0.869,662.878
5114.1,39.00,0.0,3.1,-20.0,3,-133.047,0.855,662.814
5122.4,38.81,0.0,2.8,-19.7,3,-135.377,0.834,662.663
5122.4,38.68,0.0,3.0,-19.8,3,-136.921,0.821,662.526
5122.4,38.49,0.0,0.9,-20.5,3,-139.221,0.802,662.265
5122.4,38.38,0.0,0.8,-20.6,3,-140.744,0.790,662.054
5130.6,38.22,0.0,0.8,-20.8,3,-143.013,0.771,661.684
5130.6,38.11,0.0,0.6,-21.0,3,-144.513,0.759,661.400
5130.6,37.95,0.0,1.1,-21.2,3,-146.744,0.741,660.921
5130.6,37.84,0.0,0.8,-21.8,3,-148.218,0.730,660.566
5138.5,37.68,0.0,0.9,-22.7,3,-150.407,0.713,659.980
5138.5,37.52,0.0,0.4,-23.4,3,-152.567,0.697,659.331
5138.5,37.41,0.0,0.3,-23.7,3,-153.991,0.686,658.864
5138.5,37.24,0.0,1.9,-24.4,3,-156.101,0.670,658.111
5146.6,37.12,0.0,4.4,-24.8,3,-157.488,0.660,657.575
5146.6,36.90,0.0,7.2,-24.6,3,-159.539,0.645,656.721
5146.6,36.73,0.0,3.6,-24.1,3,-160.882,0.636,656.117
5146.6,36.54,4.0,1.3,-22.3,3,-162.861,0.625,655.160
5193.9,36.68,19.3,0.0,-48.5,3,-189.818,0.672,630.362
5230.7,40.30,91.1,0.0,2.7,3,-200.775,0.765,593.077
5230.7,40.74,91.1,0.0,3.0,3,-200.846,0.778,590.648
5230.7,40.98,61.8,0.0,2.9,3,-200.871,0.788,589.014
5238.8,40.96,3.0,11.8,3.2,3,-200.895,0.806,586.554
5238.8,40.74,0.0,33.8,4.4,3,-200.910,0.818,584.919
5238.8,40.11,0.0,58.7,6.5,3,-200.942,0.834,582.491
5238.8,39.54,0.0,61.5,7.5,3,-200.973,0.844,580.897
5246.9,38.67,0.0,53.2,9.0,3,-201.039,0.861,578.550
5246.9,38.15,0.0,48.1,9.9,3,-201.098,0.873,577.014
5246.9,37.45,0.0,38.4,11.2,3,-201.215,0.890,574.748
5246.9,36.89,0.0,27.8,12.3,3,-201.371,0.907,572.523
5254.5,36.58,0.0,23.2,13.2,3,-201.499,0.918,571.059
5254.5,36.19,0.0,15.4,15.2,3,-201.727,0.933,568.888
5254.5,35.98,0.0,11.0,16.4,3,-201.905,0.942,567.455
5254.5,35.72,0.0,9.6,18.4,3,-202.215,0.956,565.326
5261.8,35.55,0.0,9.8,18.4,3,-202.452,0.965,563.920
5261.8,35.30,0.0,11.0,16.7,3,-202.854,0.979,561.833
5261.8,35.12,0.0,10.4,15.8,3,-203.150,0.989,560.456
5261.8,34.87,0.0,8.4,16.1,3,-203.638,1.003,558.413
5269.1,34.72,0.0,16.9,16.3,3,-203.992,1.013,557.067
5269.1,34.31,32.3,37.0,16.7,0,-204.565,1.030,555.075
5269.1,33.92,0.0,32.4,16.7,2,-204.971,1.042,553.771
5269.1,33.31,0.0,57.2,16.6,2,-205.612,1.059,551.856
5276.6,32.74,0.0,47.9,16.0,2,-206.059,1.071,550.612
5276.6,32.06,0.0,32.1,14.6,2,-206.755,1.089,548.797
5276.6,31.54,0.0,21.0,13.8,2,-207.490,1.108,547.036
5276.6,31.29,0.0,14.7,14.5,2,-208.003,1.122,545.889
5283.5,30.99,0.0,14.0,17.6,2,-208.808,1.143,544.203
5283.5,30.78,0.0,15.7,19.6,2,-209.367,1.157,543.101
5283.5,30.45,0.0,17.2,22.5,2,-210.236,1.178,541.481
5283.5,30.22,0.0,16.7,23.7,2,-210.835,1.191,540.425
5291.0,29.90,0.0,11.6,24.3,2,-211.762,1.210,538.878
5291.0,29.72,0.0,9.0,24.8,2,-212.402,1.222,537.872
5291.0,29.48,0.0,6.6,25.8,2,-213.395,1.241,536.400
5291.0,29.34,0.0,4.4,26.6,2,-214.080,1.253,535.443
5297.6,29.15,0.0,1.7,28.2,2,-215.141,1.270,534.045
5297.6,29.05,0.0,1.3,29.4,2,-215.871,1.281,533.139
5297.6,28.89,0.1,0.1,31.3,2,-217.001,1.298,531.818
5297.6,28.80,1.3,0.0,32.7,2,-217.777,1.308,530.964
5303.8,28.67,3.1,0.0,34.6,2,-218.975,1.322,529.724
5303.8,28.59,4.6,0.0,36.0,2,-219.795,1.331,528.924
5303.8,28.48,8.7,0.0,38.0,2,-221.059,1.344,527.770
5303.8,28.40,11.7,0.0,39.6,2,-222.362,1.356,526.668
5310.3,28.36,16.0,0.0,40.8,2,-223.252,1.364,525.963
5310.3,28.34,24.2,0.0,42.7,2,-224.619,1.375,524.952
5310.3,28.35,28.0,0.0,44.1,2,-225.552,1.381,524.308
5310.3,28.39,30.6,0.0,46.9,2,-226.984,1.390,523.387
5316.2,28.42,31.0,0.0,49.2,2,-227.958,1.396,522.803
5316.2,28.45,24.4,0.0,53.5,2,-229.449,1.403,521.973
5316.2,28.43,21.6,0.0,56.2,2,-230.460,1.407,521.452
5316.2,28.40,21.5,0.0,59.8,2,-232.000,1.413,520.719
5322.1,28.37,19.8,0.0,62.3,2,-233.040,1.416,520.265
5322.1,28.31,17.4,0.0,65.5,2,-234.620,1.419,519.635
5322.1,28.27,16.5,0.0,67.6,2,-235.684,1.422,519.249
5322.1,28.18,14.1,0.0,70.3,2,-237.295,1.424,518.725
5327.9,28.10,12.8,0.0,71.6,2,-238.376,1.425,518.412
5327.9,27.99,11.4,0.0,73.2,2,-240.007,1.426,517.998
5327.9,27.91,10.5,0.0,74.2,2,-241.099,1.427,517.759
5327.9,27.77,9.7,0.0,75.5,2,-242.742,1.426,517.457
5333.7,27.63,9.5,0.0,75.5,2,-244.388,1.425,517.222
5333.7,27.54,9.4,0.0,75.3,2,-245.485,1.424,517.104
5333.7,27.40,9.3,0.0,75.0,2,-247.129,1.421,516.982
5333.7,27.31,9.5,0.0,74.4,2,-248.223,1.419,516.939
5339.6,27.18,10.0,0.0,73.0,2,-249.858,1.415,516.930
5339.6,27.10,10.3,0.0,72.0,2,-250.943,1.411,516.960
5339.6,26.98,11.5,0.0,70.0,2,-252.562,1.406,517.061
5339.6,26.91,13.1,0.0,68.1,2,-253.635,1.402,517.165
5345.2,26.83,16.3,0.0,64.6,2,-255.234,1.395,517.375
5345.2,26.79,19.4,0.0,61.9,2,-256.291,1.390,517.551
5345.2,26.78,27.4,0.0,57.8,2,-257.866,1.381,517.868
5345.2,26.81,34.1,0.0,55.3,2,-258.909,1.375,518.115
5350.7,26.91,45.7,0.0,51.4,2,-260.463,1.364,518.536
5350.7,27.04,57.2,0.0,48.7,2,-261.495,1.356,518.851
5350.7,27.35,84.9,0.0,43.3,2,-263.038,1.343,519.376
5350.7,27.60,66.3,0.0,38.6,2,-264.067,1.333,519.760
5356.3,27.92,73.3,0.0,31.4,2,-265.607,1.317,520.392
5356.3,28.25,69.4,0.0,25.1,2,-267.140,1.301,521.089
5356.3,28.50,78.8,0.0,22.8,2,-268.158,1.289,521.590
5362.2,28.90,77.2,0.0,21.6,2,-269.678,1.272,522.396
5362.2,29.16,74.8,0.0,21.1,2,-270.687,1.260,522.969
5362.2,29.59,81.0,0.0,22.0,2,-272.194,1.241,523.882
5362.2,29.89,79.9,0.0,24.0,2,-273.193,1.228,524.527
5368.3,30.32,80.1,0.0,27.4,2,-274.683,1.208,525.545
5368.3,30.61,83.2,0.0,28.9,2,-275.670,1.194,526.259
5368.3,31.08,84.0,0.0,29.5,2,-277.139,1.171,527.382
5368.3,31.38,85.8,0.0,29.6,2,-278.110,1.157,528.167
5375.2,31.84,75.9,0.0,29.1,2,-279.552,1.134,529.398
5375.2,32.10,74.6,0.0,28.5,2,-280.501,1.118,530.254
5375.2,32.48,71.5,0.0,27.7,2,-281.901,1.094,531.591
5375.2,32.73,73.3,0.0,27.9,2,-282.819,1.077,532.518
5382.1,33.07,60.9,0.0,27.2,2,-284.166,1.051,533.960
5382.1,33.26,63.7,0.0,26.4,2,-285.042,1.034,534.955
5382.1,33.58,70.5,0.0,26.5,2,-286.320,1.010,536.499
5382.1,33.92,69.7,0.0,27.3,2,-287.554,0.986,538.104
5389.8,34.15,72.1,0.0,28.2,2,-288.352,0.970,539.206
5389.8,34.50,72.2,0.0,29.8,2,-289.512,0.946,540.907
5389.8,34.75,78.1,0.0,31.8,2,-290.260,0.930,542.072
5389.8,35.12,70.3,0.0,34.7,2,-291.343,0.905,543.865
5397.3,35.33,66.2,0.0,35.9,2,-292.037,0.889,545.091
5397.3,35.67,76.4,0.0,38.6,2,-293.033,0.866,546.973
5397.3,35.89,62.3,0.0,40.7,2,-293.665,0.851,548.256
5397.3,36.04,35.7,0.0,45.7,2,-294.566,0.830,550.218
5405.6,36.07,30.5,0.0,49.7,2,-295.131,0.815,551.545
5405.6,36.06,24.4,0.0,56.1,2,-295.926,0.792,553.557
5405.6,36.03,21.8,0.0,59.2,2,-296.418,0.778,554.913
5405.6,35.96,18.6,0.0,59.1,2,-297.100,0.758,556.962
5413.4,35.90,18.6,0.0,57.1,2,-297.515,0.747,558.338
5413.4,35.84,20.5,0.0,52.8,2,-298.076,0.731,560.416
5413.4,35.81,22.4,0.0,50.0,2,-298.412,0.721,561.809
5413.4,35.79,30.6,0.0,43.5,2,-298.855,0.705,563.910
5421.4,35.89,48.9,0.0,36.2,2,-299.226,0.690,566.027
5421.4,36.05,71.9,0.0,30.6,2,-299.433,0.682,567.450
5421.4,36.52,91.1,0.0,21.6,2,-299.689,0.670,569.610
5421.4,36.84,91.1,0.0,16.3,2,-299.826,0.663,571.070
5429.0,37.32,88.1,0.0,7.9,2,-299.981,0.652,573.289
5429.0,37.65,87.7,0.0,3.6,2,-300.051,0.645,574.786
5429.0,38.15,91.2,0.0,1.6,2,-300.106,0.637,577.058
5429.0,38.51,91.2,0.0,2.7,2,-300.113,0.632,578.590
5436.9,39.02,91.2,0.0,6.8,2,-300.082,0.626,580.915
5436.9,39.37,91.2,0.0,9.9,2,-300.038,0.623,582.481
5436.9,39.87,91.2,0.0,12.8,2,-299.936,0.617,584.855
5436.9,40.20,91.3,0.0,13.7,2,-299.846,0.613,586.453
5444.8,40.67,91.3,0.0,14.0,2,-299.672,0.607,588.872
5444.8,40.98,91.3,0.0,13.5,2,-299.528,0.602,590.498
5444.8,41.44,91.3,0.0,13.8,2,-299.269,0.594,592.957
5444.8,41.73,91.4,0.0,13.1,0,-299.065,0.588,594.607
5452.8,41.74,91.1,0.0,12.3,3,-298.712,0.577,597.086
5452.8,42.15,91.1,0.0,15.4,3,-298.301,0.565,599.568
5452.8,42.44,91.1,0.0,15.1,3,-297.994,0.557,601.232
5452.8,42.83,91.1,0.0,16.8,3,-297.483,0.541,603.738
5461.0,43.12,91.1,0.0,17.0,3,-297.110,0.528,605.415
5461.0,43.51,90.1,0.0,15.6,3,-296.495,0.508,607.940
5461.0,43.78,88.9,0.0,13.9,3,-296.048,0.495,609.626
5461.0,44.16,87.0,0.0,10.7,3,-295.321,0.473,612.161
5469.6,44.41,85.7,0.0,10.9,3,-294.802,0.456,613.855
5469.6,44.78,83.3,0.0,8.3,3,-293.971,0.427,616.397
5469.6,45.01,82.3,0.0,6.4,3,-293.383,0.407,618.093
5469.6,45.37,79.7,0.0,4.5,3,-292.452,0.375,620.639
5478.5,45.60,78.4,0.0,4.7,3,-291.804,0.351,622.339
5478.5,45.98,76.4,0.0,4.8,3,-290.798,0.314,624.894
5478.5,46.17,76.9,0.0,4.7,3,-290.106,0.291,626.600
5478.5,46.51,76.5,0.0,4.6,3,-289.039,0.261,629.166
5487.7,46.81,76.6,0.0,4.3,3,-287.942,0.223,631.741
5487.7,46.96,80.3,0.0,3.7,3,-287.199,0.187,633.463
5487.7,47.45,77.1,0.0,1.8,3,-286.056,0.135,636.057
5487.7,47.61,85.0,0.0,-0.4,3,-285.276,0.099,637.791
5497.0,48.13,80.5,0.0,-2.3,3,-284.077,0.043,640.403
5497.0,48.38,79.9,0.0,-1.2,3,-283.254,0.007,642.148
5497.0,48.63,79.7,0.0,3.7,3,-281.988,-0.039,644.767
5497.0,48.90,78.9,0.0,5.4,3,-281.129,-0.066,646.518
5506.6,49.26,79.3,0.0,5.1,3,-279.821,-0.106,649.155
5506.6,49.44,80.7,0.0,3.8,3,-278.934,-0.135,650.918
5506.6,49.85,82.0,0.0,2.4,3,-277.580,-0.174,653.570
5506.6,49.97,85.4,0.0,1.8,0,-276.659,-0.193,655.341
5516.5,50.00,76.9,0.0,2.0,4,-275.263,-0.236,657.995
5516.5,50.18,78.4,0.0,2.5,4,-274.315,-0.252,659.760
5516.5,50.52,78.7,0.0,2.9,4,-272.871,-0.272,662.415
5516.5,50.75,77.2,0.0,3.6,4,-271.893,-0.278,664.187
5526.5,50.97,76.4,0.0,4.9,4,-270.406,-0.292,666.852
5526.5,51.30,78.4,0.0,4.9,4,-268.893,-0.313,669.522
5526.5,51.50,78.1,0.0,5.1,4,-267.865,-0.329,671.302
5536.7,51.76,76.6,0.0,5.7,4,-266.292,-0.349,673.970
5536.7,51.93,76.4,0.0,5.8,4,-265.222,-0.360,675.746
5536.7,52.19,76.5,0.0,5.7,4,-263.586,-0.376,678.406
5536.7,52.35,76.6,0.0,5.6,4,-262.475,-0.385,680.177
5547.1,52.61,76.8,0.0,5.1,4,-260.776,-0.397,682.828
5547.1,52.78,77.0,0.0,4.8,4,-259.623,-0.403,684.592
5547.1,53.03,69.6,0.0,3.4,4,-257.864,-0.409,687.233
5547.1,53.20,64.3,0.0,2.7,4,-256.672,-0.413,688.991
5557.7,53.46,56.1,0.0,2.3,4,-254.859,-0.417,691.628
5557.7,53.63,50.7,0.0,2.0,4,-253.637,-0.420,693.386
5557.7,53.89,50.6,0.0,1.9,4,-251.785,-0.424,696.027
5557.7,54.06,50.8,0.0,1.5,4,-250.539,-0.428,697.789
5568.4,54.31,50.9,0.0,1.8,4,-248.655,-0.434,700.438
5568.4,54.48,51.2,0.0,2.1,4,-247.389,-0.439,702.207
5568.4,54.73,51.3,0.0,2.6,4,-245.474,-0.447,704.866
5568.4,54.98,51.7,0.0,3.0,4,-243.539,-0.455,707.528
5579.2,55.15,51.9,0.0,3.3,4,-242.237,-0.460,709.304
5579.2,55.40,52.3,0.0,3.7,4,-240.264,-0.467,711.969
5579.2,55.57,52.5,0.0,4.0,4,-238.934,-0.470,713.746
5579.2,55.81,52.8,0.0,4.3,4,-236.917,-0.475,716.409
5590.3,55.98,53.2,0.0,4.5,4,-235.557,-0.477,718.183
5590.3,56.23,53.3,0.0,4.7,4,-233.491,-0.479,720.840
5590.3,56.39,53.7,0.0,4.8,4,-232.096,-0.481,722.608
5590.3,56.63,54.0,0.0,5.0,4,-229.978,-0.482,725.255
5601.5,56.80,54.2,0.0,5.1,4,-228.547,-0.483,727.015
5601.5,57.04,54.5,0.0,5.1,4,-226.372,-0.482,729.647
5601.5,57.20,54.9,0.0,5.2,4,-224.902,-0.480,731.396
5601.5,57.44,55.3,0.0,5.2,4,-222.669,-0.477,734.010
5613.1,57.60,55.5,0.0,5.2,4,-221.160,-0.473,735.747
5613.1,57.84,55.9,0.0,5.2,4,-218.866,-0.465,738.341
5613.1,57.99,56.4,0.0,5.2,4,-217.317,-0.458,740.063
5613.1,58.23,56.9,0.0,5.1,4,-214.962,-0.443,742.634
5624.9,58.47,57.3,0.0,5.0,4,-212.572,-0.426,745.191
5624.9,58.62,57.4,0.0,5.0,4,-210.958,-0.413,746.888
5624.9,58.86,57.9,0.0,4.8,4,-208.509,-0.392,749.421
5624.9,59.02,58.2,0.0,4.7,4,-206.856,-0.377,751.102
5636.9,59.25,58.8,0.0,4.4,4,-204.348,-0.352,753.611
5636.9,59.40,59.1,0.0,4.5,4,-202.657,-0.334,755.275
5636.9,59.64,59.3,0.0,4.6,4,-200.093,-0.307,757.761
5636.9,59.80,59.5,0.0,4.9,4,-198.366,-0.290,759.411
5649.0,60.04,60.2,0.0,4.9,4,-195.749,-0.267,761.874
5649.0,60.19,60.5,0.0,4.8,4,-193.986,-0.252,763.509
5649.0,60.43,61.1,0.0,5.2,4,-191.313,-0.235,765.948
5649.0,60.59,60.7,0.0,5.4,4,-189.514,-0.228,767.566
5661.3,60.82,60.8,0.0,5.1,4,-186.786,-0.222,769.980
5661.3,60.97,61.0,0.0,4.9,0,-184.949,-0.219,771.578
5661.3,60.91,78.2,0.0,4.3,5,-182.169,-0.214,773.954
5661.3,61.03,72.7,0.0,3.9,5,-180.301,-0.210,775.521
5673.7,61.22,64.4,0.0,4.4,5,-177.472,-0.202,777.854
73.3,72.54,59.8,0.0,0.4,6,82.722,0.973,854.943
