opponent,v3,Dries Vanthoor,0,1771614598316
Game,version,date,track,car,event,laptime [s],S1 [s],S2 [s],S3 [s],S4+ [s]
LMU,1.2,2026-02-20 19:09:58,Silverstone Grand Prix Circuit - ELMS,BMW M Team WRT 2025 #15:LM (Hyper),Live,106.811,0,0,0
Tracklen [m],TotalLaps
5868.5,2
,
,
lapdistance [m],speed [m/s],throttle [%],brake [%],steer [%],gear [int],world_x [m],world_y [m],world_z [m]
54.4,70.78,91.1,0.0,0.2,5,56.833,0.799,851.178
54.4,70.93,91.1,0.0,0.1,5,61.057,0.837,851.650
54.4,71.03,91.2,0.0,0.2,5,63.879,0.864,851.964
68.6,71.19,91.2,0.0,0.2,5,68.119,0.904,852.433
68.6,71.29,91.2,0.0,0.2,5,70.951,0.932,852.746
68.6,71.43,91.3,0.0,0.1,5,75.206,0.971,853.213
68.6,71.54,91.3,0.0,0.0,5,78.049,0.995,853.524
82.9,71.69,91.4,0.0,0.0,5,82.320,1.030,853.990
82.9,71.78,91.5,0.0,-0.0,5,85.172,1.052,854.300
82.9,71.93,91.5,0.0,-0.0,5,89.457,1.086,854.765
82.9,71.94,0.0,0.0,-0.0,0,92.319,1.109,855.075
97.2,71.91,90.6,0.0,0.0,6,96.607,1.141,855.540
97.2,72.00,90.6,0.0,0.1,6,99.468,1.161,855.850
97.2,72.14,90.6,0.0,0.0,6,103.767,1.192,856.316
97.2,72.24,90.7,0.0,0.2,6,106.638,1.213,856.627
111.7,72.38,90.7,0.0,0.3,6,110.950,1.244,857.093
170.3,74.26,91.3,0.0,0.1,6,173.685,1.640,863.525
170.3,74.39,91.3,0.0,-0.1,6,178.123,1.669,863.957
170.3,74.47,91.4,0.0,-0.2,6,181.086,1.689,864.245
185.1,74.60,91.4,0.0,-0.5,6,185.537,1.717,864.677
185.1,74.68,91.4,0.0,-0.6,6,188.509,1.734,864.966
185.1,74.80,91.5,0.0,-0.6,6,192.971,1.762,865.404
185.1,74.88,91.5,0.0,-0.6,6,195.950,1.781,865.699
200.1,75.00,91.5,0.0,-0.3,6,200.424,1.808,866.147
200.1,75.08,91.5,0.0,-0.3,6,203.410,1.826,866.451
200.1,75.21,91.6,0.0,-0.3,6,207.895,1.851,866.913
200.1,75.28,91.6,0.0,-0.1,6,210.888,1.866,867.225
215.1,75.39,91.6,0.0,0.1,6,215.383,1.893,867.700
215.1,75.51,91.7,0.0,0.3,6,219.884,1.924,868.178
215.1,75.58,91.7,0.0,0.4,6,222.889,1.944,868.498
215.1,75.70,91.7,0.0,0.5,6,227.402,1.976,868.977
230.2,75.78,91.7,0.0,0.5,6,230.415,1.996,869.294
230.2,75.89,91.8,0.0,0.8,6,234.940,2.029,869.765
230.2,75.97,91.8,0.0,1.0,6,237.961,2.051,870.075
230.2,76.08,91.8,0.0,1.0,6,242.499,2.082,870.534
245.4,76.13,55.8,21.7,0.9,6,245.528,2.099,870.835
245.4,75.53,0.0,63.2,1.3,6,250.061,2.122,871.275
245.4,74.83,0.0,79.4,1.8,6,253.057,2.138,871.558
245.4,73.57,0.0,87.8,2.2,6,257.494,2.161,871.965
260.4,72.69,0.0,90.4,2.3,6,260.409,2.177,872.222
260.4,71.33,0.0,90.7,2.7,6,264.718,2.200,872.585
260.4,70.44,0.0,91.3,3.2,6,267.546,2.216,872.809
260.4,69.10,0.0,91.6,3.6,6,271.724,2.237,873.116
274.6,67.76,0.0,92.6,4.0,6,275.823,2.254,873.383
274.6,66.86,0.0,92.6,4.2,0,278.513,2.265,873.538
274.6,65.51,0.0,92.1,3.7,5,282.482,2.279,873.729
274.6,65.06,0.0,90.8,3.5,5,283.788,2.284,873.781
287.8,63.35,0.0,81.3,3.2,5,288.925,2.301,873.932
287.8,62.52,0.0,68.9,2.2,5,291.443,2.310,873.970
287.8,61.50,0.0,44.2,1.6,5,295.164,2.327,873.973
287.8,61.00,0.0,26.7,2.1,5,297.615,2.338,873.940
300.2,60.47,0.0,20.1,4.1,5,301.257,2.354,873.831
300.2,60.17,0.0,18.8,6.2,5,303.668,2.366,873.718
300.2,59.75,0.0,10.3,9.7,5,307.259,2.386,873.493
300.2,59.53,0.0,7.6,11.3,5,309.637,2.401,873.304
312.1,59.23,0.0,7.1,12.8,5,313.184,2.424,872.967
312.1,59.03,0.0,3.9,13.2,5,315.535,2.439,872.705
312.1,58.79,1.1,0.3,11.4,5,319.041,2.460,872.255
312.1,58.64,0.3,2.7,9.9,5,321.365,2.474,871.916
323.7,58.36,0.0,13.6,9.3,5,324.830,2.495,871.349
323.7,57.98,0.0,19.1,9.2,5,328.262,2.513,870.714
323.7,57.68,0.0,20.8,10.4,5,330.530,2.525,870.253
335.4,57.22,0.0,14.6,12.1,5,333.897,2.541,869.508
335.4,56.97,4.2,1.5,12.7,5,336.117,2.553,868.974
335.4,56.88,50.1,0.0,13.8,5,339.421,2.570,868.111
335.4,56.91,57.9,0.0,15.1,5,341.611,2.581,867.493
347.1,57.00,68.0,0.0,18.0,5,344.881,2.596,866.503
347.1,57.06,68.8,0.0,20.2,5,347.051,2.606,865.799
347.1,57.11,48.5,0.0,24.0,5,350.288,2.622,864.679
347.1,57.08,37.6,0.0,24.4,5,352.431,2.633,863.890
359.0,56.93,9.8,0.0,25.1,5,355.617,2.650,862.642
359.0,56.79,10.7,0.0,25.1,5,357.718,2.661,861.770
359.0,56.66,38.5,0.0,24.0,5,360.832,2.680,860.398
359.0,56.65,57.8,0.0,23.4,5,362.886,2.692,859.442
371.2,56.75,80.6,0.0,22.6,5,365.939,2.710,857.943
371.2,56.81,66.4,0.0,22.7,5,367.957,2.721,856.901
371.2,56.84,59.5,0.0,25.0,5,370.953,2.738,855.273
371.2,56.93,82.7,0.0,28.1,5,373.910,2.756,853.570
383.1,57.03,80.7,0.0,29.7,5,375.861,2.768,852.393
383.1,57.13,67.3,0.0,31.3,5,378.757,2.786,850.565
383.1,57.16,62.1,0.0,32.4,5,380.666,2.798,849.308
383.1,57.19,58.9,0.0,34.1,5,383.494,2.813,847.365
395.3,57.20,56.8,0.0,35.2,5,385.354,2.823,846.033
395.3,57.20,53.6,0.0,35.9,5,388.103,2.839,843.979
395.3,57.18,51.1,0.0,35.3,5,389.908,2.850,842.573
395.3,57.15,49.6,0.0,33.1,5,392.570,2.866,840.410
407.1,57.14,51.9,0.0,31.7,5,394.314,2.877,838.932
407.1,57.13,58.6,0.0,29.6,5,396.883,2.893,836.663
407.1,57.15,63.8,0.0,27.9,5,398.564,2.905,835.115
407.1,57.19,53.9,0.0,26.3,5,401.039,2.923,832.739
418.8,57.13,16.0,2.1,25.4,5,402.656,2.934,831.122
418.8,56.93,39.1,0.0,23.5,5,405.024,2.951,828.653
418.8,56.95,76.2,0.0,21.3,5,406.567,2.961,826.978
418.8,57.12,86.1,0.0,18.5,5,408.834,2.976,824.415
430.4,57.30,86.2,0.0,16.8,5,411.048,2.989,821.793
430.4,57.41,86.3,0.0,15.1,5,412.495,2.995,820.013
430.4,57.59,86.4,0.0,12.7,5,414.615,3.007,817.292
430.4,57.71,86.5,0.0,12.5,5,415.996,3.017,815.445
441.7,57.91,86.6,0.0,13.2,5,418.021,3.030,812.629
441.7,58.05,86.6,0.0,13.9,5,419.343,3.037,810.724
441.7,58.24,86.7,0.0,14.2,5,421.279,3.048,807.823
441.7,58.37,86.8,0.0,14.2,5,422.539,3.059,805.860
453.0,58.58,86.9,0.0,13.6,5,424.384,3.075,802.876
453.0,58.70,87.0,0.0,12.8,5,425.583,3.087,800.861
453.0,58.90,87.1,0.0,11.7,5,427.333,3.110,797.797
453.0,59.03,87.2,0.0,11.5,5,428.468,3.125,795.731
464.5,59.24,87.2,0.0,10.5,5,430.124,3.149,792.593
464.5,59.36,87.3,0.0,11.6,5,431.195,3.168,790.476
464.5,59.59,86.6,0.0,11.2,5,432.757,3.192,787.268
464.5,59.70,87.5,0.0,10.1,5,433.767,3.208,785.107
476.3,59.91,87.6,0.0,9.2,5,435.232,3.235,781.832
476.3,60.08,87.0,0.0,8.5,5,436.641,3.265,778.521
476.3,60.18,86.5,0.0,7.7,5,437.549,3.287,776.293
476.3,60.43,87.6,0.0,5.3,5,438.879,3.304,772.929
488.2,60.57,87.8,0.0,3.4,5,439.738,3.311,770.667
488.2,60.72,88.0,0.0,3.6,5,440.971,3.332,767.244
488.2,60.87,88.0,0.0,4.3,5,441.761,3.350,764.944
488.2,61.10,88.1,0.0,6.1,5,442.907,3.379,761.470
500.1,61.21,80.3,0.0,7.2,5,443.649,3.399,759.139
500.1,61.38,73.5,0.0,6.8,5,444.729,3.425,755.625
500.1,61.48,86.1,0.0,6.1,5,445.428,3.442,753.269
500.1,61.69,88.3,0.0,3.4,5,446.441,3.469,749.716
512.3,61.83,88.4,0.0,2.7,5,447.095,3.488,747.334
512.3,62.06,87.7,0.0,3.6,5,448.045,3.516,743.741
512.3,62.17,87.9,0.0,4.5,5,448.660,3.538,741.334
512.3,62.42,88.6,0.0,5.7,5,449.559,3.570,737.707
524.6,62.59,88.8,0.0,5.6,5,450.429,3.600,734.059
524.6,62.79,88.8,0.0,4.2,5,450.991,3.616,731.615
524.6,62.96,88.9,0.0,3.8,5,451.797,3.642,727.930
524.6,63.11,88.9,0.0,3.6,5,452.312,3.660,725.462
537.1,63.31,89.0,0.0,3.6,5,453.048,3.691,721.742
537.1,63.46,89.0,0.0,3.6,5,453.518,3.712,719.251
537.1,63.67,89.1,0.0,3.5,5,454.194,3.740,715.498
537.1,63.80,89.2,0.0,3.5,5,454.628,3.756,712.986
549.7,64.01,89.2,0.0,2.6,5,455.253,3.780,709.203
549.7,64.15,89.3,0.0,2.1,5,455.654,3.798,706.672
549.7,64.35,89.4,0.0,1.8,5,456.235,3.830,702.862
549.7,64.50,89.4,0.0,1.4,5,456.612,3.850,700.312
562.5,64.70,89.5,0.0,1.1,5,457.163,3.880,696.477
562.5,64.84,89.5,0.0,1.1,5,457.522,3.903,693.911
562.5,65.04,89.6,0.0,1.2,5,458.052,3.936,690.051
562.5,65.18,89.6,0.0,1.0,5,458.400,3.958,687.470
575.3,65.39,89.7,0.0,1.0,5,458.915,3.991,683.587
575.3,65.59,89.8,0.0,1.0,5,459.421,4.024,679.691
575.3,65.73,89.8,0.0,1.0,5,459.754,4.045,677.087
588.4,65.93,89.9,0.0,1.1,5,460.247,4.079,673.169
588.4,66.06,89.9,0.0,1.1,5,460.571,4.101,670.549
588.4,66.26,90.0,0.0,1.1,5,461.049,4.134,666.609
588.4,66.38,90.1,0.0,1.2,5,461.363,4.156,663.976
601.5,66.58,90.1,0.0,1.3,5,461.826,4.188,660.014
601.5,66.71,90.1,0.0,1.3,5,462.129,4.210,657.366
601.5,66.90,90.2,0.0,1.3,5,462.574,4.244,653.383
601.5,67.02,90.3,0.0,1.4,5,462.865,4.267,650.721
614.9,67.21,90.3,0.0,1.5,5,463.291,4.301,646.717
614.9,67.34,90.4,0.0,1.4,5,463.569,4.323,644.041
614.9,67.53,90.4,0.0,1.4,5,463.975,4.356,640.016
614.9,67.65,90.5,0.0,1.2,5,464.238,4.378,637.325
628.3,67.83,90.5,0.0,1.5,5,464.622,4.412,633.279
628.3,67.95,90.6,0.0,1.5,5,464.871,4.434,630.576
628.3,68.14,90.6,0.0,1.4,5,465.233,4.467,626.509
628.3,68.32,90.7,0.0,1.3,5,465.582,4.498,622.431
641.9,68.44,90.7,0.0,1.1,5,465.808,4.520,619.705
641.9,68.62,90.8,0.0,1.0,5,466.135,4.552,615.607
641.9,68.73,90.8,0.0,1.0,5,466.346,4.573,612.869
641.9,68.91,90.9,0.0,0.9,5,466.653,4.606,608.752
655.7,69.02,90.9,0.0,0.9,5,466.853,4.628,606.001
655.7,69.20,91.0,0.0,0.7,5,467.143,4.660,601.865
655.7,69.31,91.0,0.0,0.6,5,467.332,4.681,599.101
655.7,69.48,91.0,0.0,0.6,5,467.607,4.713,594.947
669.6,69.59,91.1,0.0,0.8,5,467.787,4.734,592.172
669.6,69.76,91.1,0.0,0.9,5,468.049,4.765,588.000
669.6,69.87,91.2,0.0,0.7,5,468.220,4.785,585.213
669.6,70.04,91.2,0.0,0.7,5,468.470,4.813,581.024
683.5,70.15,91.2,0.0,0.7,5,468.632,4.830,578.225
683.5,70.31,91.3,0.0,0.6,5,468.869,4.855,574.018
683.5,70.42,91.3,0.0,0.6,5,469.022,4.870,571.208
683.5,70.58,91.4,0.0,0.4,5,469.248,4.890,566.985
697.6,70.74,91.4,0.0,-0.6,5,469.466,4.907,562.751
697.6,70.84,91.5,0.0,-0.3,5,469.609,4.919,559.924
697.6,71.00,91.5,0.0,-0.2,5,469.822,4.935,555.674
697.6,71.10,91.6,0.0,0.2,5,469.964,4.945,552.836
711.9,71.26,91.6,0.0,-0.3,5,470.178,4.958,548.571
769.7,73.04,91.2,0.0,0.1,6,473.304,4.885,488.051
769.7,73.14,91.2,0.0,0.0,6,473.444,4.868,485.131
769.7,73.27,91.3,0.0,0.5,6,473.652,4.844,480.744
784.4,73.37,91.3,0.0,0.2,6,473.790,4.827,477.815
784.4,73.50,91.4,0.0,-0.9,6,473.994,4.806,473.414
784.4,73.59,91.4,0.0,-1.1,6,474.131,4.795,470.475
784.4,73.73,91.4,0.0,-2.0,6,474.339,4.777,466.061
799.1,73.82,91.4,0.0,-2.4,6,474.484,4.763,463.114
799.1,73.95,91.5,0.0,-3.0,6,474.717,4.745,458.688
799.1,74.08,91.5,0.0,-4.1,6,474.974,4.728,454.255
799.1,74.17,91.5,0.0,-4.0,6,475.162,4.714,451.296
813.8,74.29,91.6,0.0,-4.5,6,475.475,4.690,446.854
813.8,74.36,91.6,0.0,-4.5,6,475.708,4.675,443.890
813.8,74.49,91.6,0.0,-6.1,6,476.096,4.654,439.442
813.8,74.57,91.7,0.0,-7.0,6,476.381,4.635,436.475
828.7,74.67,91.7,0.0,-7.1,6,476.856,4.604,432.023
828.7,74.73,91.7,0.0,-6.9,6,477.211,4.588,429.056
828.7,74.83,91.7,0.0,-7.2,6,477.801,4.570,424.609
828.7,74.90,91.8,0.0,-7.3,6,478.233,4.557,421.646
843.6,74.99,91.8,0.0,-7.0,6,478.943,4.536,417.206
843.6,75.05,91.8,0.0,-7.1,6,479.458,4.525,414.250
843.6,75.14,91.8,0.0,-8.0,6,480.293,4.508,409.822
843.6,75.20,91.9,0.0,-8.3,6,480.892,4.497,406.876
858.5,75.29,91.9,0.0,-7.5,6,481.851,4.479,402.464
858.5,75.38,91.9,0.0,-6.1,6,482.885,4.457,398.064
858.5,75.45,91.9,0.0,-5.7,6,483.614,4.440,395.137
858.5,75.55,92.0,0.0,-6.3,6,484.764,4.408,390.756
873.3,75.61,92.0,0.0,-7.4,6,485.567,4.381,387.842
873.3,75.70,92.0,0.0,-7.6,6,486.827,4.336,383.481
873.3,75.76,92.0,0.0,-7.0,6,487.704,4.304,380.582
873.3,75.85,92.0,0.0,-6.5,6,489.079,4.253,376.247
888.3,75.91,92.1,0.0,-6.8,6,490.033,4.217,373.366
888.3,76.00,92.1,0.0,-7.3,6,491.525,4.162,369.060
888.3,76.06,92.1,0.0,-7.6,6,492.559,4.124,366.201
888.3,76.15,92.1,0.0,-7.9,6,494.170,4.067,361.929
903.8,76.20,92.1,0.0,-6.7,6,495.286,4.029,359.094
903.8,76.28,92.2,0.0,-3.3,6,497.019,3.973,354.861
903.8,76.35,92.2,0.0,-1.0,6,498.212,3.935,352.051
903.8,76.46,92.2,0.0,2.0,6,500.048,3.879,347.851
919.6,76.53,92.1,0.0,2.6,6,501.294,3.846,345.057
919.6,76.66,91.5,0.0,2.9,6,503.176,3.793,340.865
919.6,76.78,91.6,9.1,3.4,6,505.050,3.729,336.662
919.6,76.56,20.0,51.3,4.2,6,506.286,3.687,333.853
935.4,75.63,0.0,60.7,4.5,6,508.097,3.627,329.659
935.4,74.95,0.0,57.3,4.7,6,509.268,3.595,326.883
935.4,74.02,0.0,53.3,4.8,6,510.968,3.553,322.749
935.4,73.42,0.0,54.9,5.0,6,512.062,3.526,320.009
950.5,72.52,0.0,47.4,5.0,6,513.641,3.489,315.924
950.5,71.97,0.0,46.2,5.2,6,514.648,3.467,313.215
950.5,71.04,0.0,71.0,5.3,6,516.094,3.437,309.172
950.5,70.29,0.0,75.7,5.6,6,517.011,3.419,306.496
964.7,69.16,0.0,66.4,4.7,6,518.312,3.400,302.519
964.7,68.46,0.0,59.8,4.9,6,519.131,3.390,299.890
964.7,67.50,0.0,47.3,6.0,6,520.291,3.375,295.979
964.7,66.96,0.0,42.0,6.2,6,521.017,3.365,293.389
977.9,66.21,0.0,22.9,6.1,6,522.036,3.350,289.524
977.9,65.93,46.7,1.1,5.9,6,522.669,3.339,286.959
977.9,65.98,68.2,0.0,8.2,6,523.555,3.321,283.103
991.2,65.70,0.1,21.6,12.6,6,524.364,3.301,279.232
991.2,65.38,0.0,11.3,14.1,6,524.859,3.289,276.657
991.2,65.12,52.0,0.0,12.4,6,525.527,3.275,272.802
991.2,65.14,78.4,0.0,12.7,6,525.926,3.266,270.227
1005.7,65.19,44.8,0.0,11.1,6,526.459,3.253,266.354
1005.7,65.10,34.7,0.0,10.6,6,526.766,3.248,263.767
1005.7,65.12,68.1,0.0,9.9,6,527.156,3.240,259.880
1005.7,65.13,76.1,0.0,10.5,6,527.371,3.234,257.285
1020.0,64.89,2.6,27.7,12.5,6,527.618,3.227,253.389
1020.0,64.56,29.2,17.5,14.4,0,527.732,3.224,250.802
1020.0,64.09,0.0,5.8,16.3,5,527.831,3.218,246.943
1020.0,63.85,0.0,9.2,16.1,5,527.847,3.215,244.384
1033.2,63.46,0.0,11.1,16.0,5,527.794,3.211,240.564
1033.2,63.19,0.0,9.0,15.6,5,527.709,3.209,238.032
1033.2,62.81,0.0,5.3,14.7,5,527.502,3.210,234.258
1033.2,62.57,0.0,1.1,14.0,5,527.310,3.216,231.757
1046.0,62.29,3.8,0.0,13.1,5,526.941,3.229,228.029
1046.0,62.06,7.3,0.0,12.7,5,526.482,3.245,224.327
1046.0,61.91,12.3,0.0,13.3,5,526.127,3.255,221.873
1046.0,61.68,7.8,0.0,10.8,5,525.522,3.269,218.214
1058.2,61.55,22.0,0.0,9.5,5,525.069,3.281,215.792
1058.2,61.42,40.8,0.0,8.6,5,524.315,3.305,212.181
1058.2,61.45,69.9,0.0,7.8,5,523.767,3.323,209.786
1058.2,61.62,87.0,0.0,6.9,5,522.880,3.352,206.203
1070.4,61.82,87.1,0.0,5.6,5,521.925,3.383,202.626
1070.4,61.97,87.1,0.0,4.0,5,521.256,3.403,200.243
1070.4,62.18,87.2,0.0,1.0,5,520.211,3.435,196.668
1070.4,62.33,87.3,0.0,0.0,5,519.494,3.456,194.284
1082.8,62.56,87.4,0.0,-1.4,5,518.398,3.487,190.702
1082.8,62.70,87.5,0.0,-2.2,5,517.660,3.508,188.308
1082.8,62.92,87.5,0.0,-3.3,5,516.553,3.537,184.706
1082.8,63.07,87.6,0.0,-4.0,5,515.818,3.556,182.296
1095.6,63.23,45.5,29.5,-4.9,5,514.731,3.582,178.666
1095.6,62.84,0.6,79.8,-4.5,5,514.021,3.597,176.244
1095.6,61.63,0.0,88.8,-3.6,5,512.992,3.615,172.650
1095.6,60.77,0.0,88.7,-2.5,5,512.334,3.627,170.291
1108.1,59.54,0.0,71.9,-2.3,5,511.389,3.644,166.805
1108.1,58.84,0.0,60.5,-2.0,5,510.787,3.655,164.514
1108.1,57.94,0.0,48.3,-2.9,5,509.928,3.669,161.117
1108.1,57.44,0.0,50.0,-4.7,5,509.383,3.679,158.874
1119.9,56.59,0.0,59.4,-7.0,5,508.608,3.695,155.539
1119.9,55.69,0.0,59.9,-8.1,0,507.888,3.713,152.247
1119.9,55.12,32.6,53.2,-8.7,0,507.437,3.723,150.076
1119.9,54.31,0.0,38.5,-8.0,4,506.813,3.739,146.852
1131.3,53.89,0.0,23.4,-8.4,4,506.434,3.748,144.722
1131.3,53.45,0.0,8.9,-9.6,4,505.920,3.759,141.543
1131.3,53.25,0.0,2.8,-11.0,4,505.617,3.764,139.430
1131.3,53.02,0.3,0.0,-13.9,4,505.222,3.770,136.266
1142.4,52.88,1.0,0.9,-16.0,4,504.998,3.771,134.160
1142.4,52.67,0.6,0.2,-19.5,4,504.722,3.770,131.005
1142.4,52.54,11.8,0.0,-21.7,4,504.578,3.766,128.906
1142.4,52.37,7.2,0.0,-23.1,4,504.420,3.754,125.762
1153.5,52.25,21.9,0.0,-22.4,4,504.357,3.744,123.671
1153.5,52.07,5.1,0.9,-20.2,4,504.336,3.734,120.541
1153.5,51.82,1.0,0.1,-17.0,4,504.402,3.730,117.424
1153.5,51.67,11.4,0.0,-14.2,4,504.493,3.729,115.356
1164.6,51.52,15.8,0.0,-10.8,4,504.690,3.720,112.267
1164.6,51.38,15.1,0.0,-9.2,4,504.869,3.717,110.217
1164.6,51.22,20.4,0.0,-6.3,4,505.199,3.707,107.157
1164.6,51.11,18.7,0.0,-5.1,4,505.463,3.699,105.127
1175.4,50.92,20.2,0.0,-4.8,4,505.934,3.695,102.103
1175.4,50.81,14.7,0.0,-4.8,4,506.286,3.688,100.099
1175.4,50.65,19.2,0.0,-2.1,4,506.870,3.667,97.112
1175.4,50.51,12.9,0.0,-1.4,4,507.306,3.656,95.136
1186.2,50.33,13.4,0.0,-1.9,4,508.019,3.635,92.196
1186.2,50.17,11.2,0.0,-2.1,4,508.535,3.619,90.253
1186.2,49.94,11.1,0.0,-2.9,4,509.377,3.596,87.370
1186.2,49.80,11.1,0.0,-5.2,4,509.978,3.579,85.468
1196.7,49.59,11.0,0.0,-8.8,4,510.936,3.547,82.644
1196.7,49.45,10.9,0.0,-12.3,4,511.614,3.524,80.782
1196.7,49.24,10.9,0.0,-18.9,4,512.687,3.486,78.023
1207.0,49.08,24.9,0.0,-26.6,4,513.831,3.445,75.305
1207.0,49.00,21.2,0.0,-32.5,4,514.632,3.417,73.515
1207.0,48.87,22.0,0.0,-41.3,4,515.892,3.374,70.863
1207.0,48.79,23.6,0.0,-45.6,4,516.769,3.345,69.117
1216.9,48.68,24.1,0.0,-46.9,4,518.136,3.304,66.533
1216.9,48.62,27.6,0.0,-46.3,4,519.082,3.280,64.832
1216.9,48.56,34.6,0.0,-41.7,4,520.554,3.247,62.316
1216.9,48.55,39.7,0.0,-32.6,4,521.570,3.227,60.661
1226.7,48.62,60.0,0.0,-15.8,4,523.150,3.200,58.213
1226.7,48.71,56.7,0.0,-5.0,4,524.239,3.181,56.600
1226.7,48.75,19.9,29.2,6.9,4,525.924,3.155,54.208
1226.7,48.41,0.0,54.9,13.0,4,527.069,3.138,52.636
1236.4,47.57,0.0,68.7,14.9,4,528.778,3.112,50.316
1236.4,46.93,0.0,75.3,13.2,4,529.895,3.095,48.789
1236.4,45.87,34.4,83.6,9.9,0,531.517,3.068,46.524
1236.4,45.13,0.0,87.4,8.2,3,532.559,3.052,45.030
1245.5,43.99,0.0,72.4,5.7,3,534.061,3.027,42.816
1245.5,43.07,0.0,34.1,3.0,3,535.489,3.002,40.628
1245.5,42.66,0.0,17.0,1.3,3,536.399,2.985,39.175
1245.5,42.28,0.0,5.0,0.0,3,537.704,2.958,36.987
1254.0,42.11,0.0,3.0,0.5,3,538.535,2.938,35.518
1254.0,41.88,1.9,0.0,5.5,3,539.722,2.908,33.296
1254.0,41.76,3.4,0.0,10.4,3,540.474,2.887,31.801
1254.0,41.58,4.0,0.0,19.1,3,541.542,2.854,29.541
1262.4,41.48,4.9,0.0,24.8,3,542.217,2.831,28.023
1262.4,41.31,3.4,0.0,30.8,3,543.174,2.796,25.731
1262.4,41.25,22.7,0.0,32.8,3,543.777,2.772,24.194
1262.4,41.29,42.0,0.0,32.5,3,544.627,2.735,21.869
1270.9,41.40,60.1,0.0,31.4,3,545.157,2.711,20.303
1270.9,41.60,54.3,0.0,30.4,3,545.898,2.676,17.927
1270.9,41.70,49.4,0.0,30.9,3,546.357,2.652,16.325
1270.9,41.80,39.7,0.0,32.0,3,546.987,2.614,13.901
1279.8,41.82,32.8,0.0,33.5,3,547.369,2.589,12.273
1279.8,41.87,42.7,0.0,35.1,3,547.881,2.549,9.816
1279.8,41.96,45.3,0.0,35.0,3,548.319,2.510,7.340
1279.8,42.01,42.1,0.0,35.8,3,548.570,2.484,5.680
1288.5,42.09,42.2,0.0,37.7,3,548.889,2.444,3.178
1288.5,42.14,43.1,0.0,39.7,3,549.062,2.415,1.503
1288.5,42.20,35.4,0.0,42.9,3,549.263,2.372,-1.019
1288.5,42.19,28.1,0.0,44.6,3,549.357,2.342,-2.704
1297.5,42.16,31.6,0.0,45.8,3,549.438,2.298,-5.233
1297.5,42.16,35.2,0.0,45.5,3,549.452,2.268,-6.919
1297.5,42.20,40.5,0.0,45.6,3,549.414,2.222,-9.449
1297.5,42.24,44.2,0.0,46.3,3,549.349,2.191,-11.136
1306.6,42.31,38.3,0.0,47.5,3,549.194,2.142,-13.668
1306.6,42.30,26.4,0.0,48.4,3,549.050,2.110,-15.353
1306.6,42.23,23.6,0.0,49.1,3,548.770,2.064,-17.873
1306.6,42.17,23.8,0.0,49.0,3,548.542,2.034,-19.545
1315.9,42.10,25.7,0.0,47.5,3,548.136,1.992,-22.041
1315.9,42.06,27.7,0.0,45.6,3,547.824,1.965,-23.694
1315.9,42.03,31.6,0.0,42.1,3,547.292,1.926,-26.160
1315.9,42.02,38.5,0.0,37.7,3,546.682,1.890,-28.606
1325.1,42.06,46.0,0.0,34.6,3,546.231,1.868,-30.226
1325.1,42.24,68.3,0.0,30.0,3,545.492,1.836,-32.642
1325.1,42.41,72.5,0.0,27.8,3,544.957,1.815,-34.248
1325.1,42.72,81.1,0.0,24.7,3,544.094,1.782,-36.650
1333.9,42.95,84.3,0.0,22.9,3,543.478,1.759,-38.248
1333.9,43.29,82.2,0.0,19.8,3,542.491,1.726,-40.639
1333.9,43.51,79.9,0.0,17.0,3,541.789,1.705,-42.226
1333.9,43.82,75.7,0.0,12.2,3,540.671,1.676,-44.595
1343.2,44.03,76.6,0.0,9.3,3,539.883,1.657,-46.164
1343.2,44.37,83.2,0.0,7.4,3,538.640,1.630,-48.506
1343.2,44.62,84.5,0.0,7.2,3,537.772,1.612,-50.059
1343.2,45.00,84.8,0.0,7.7,3,536.408,1.586,-52.375
1352.4,45.25,84.9,0.0,8.7,3,535.459,1.569,-53.910
1352.4,45.64,85.0,0.0,10.3,3,533.980,1.545,-56.199
1352.4,45.91,85.1,0.0,11.3,3,532.958,1.529,-57.717
1352.4,46.29,85.3,0.0,12.7,3,531.373,1.507,-59.982
1361.7,46.67,85.5,0.0,13.6,3,529.729,1.483,-62.234
1361.7,46.92,85.6,0.0,13.2,3,528.602,1.465,-63.728
1361.7,47.30,85.8,0.0,12.1,3,526.863,1.437,-65.955
1361.7,47.54,85.9,0.0,11.4,3,525.670,1.417,-67.430
1371.1,47.92,86.1,0.0,10.2,3,523.834,1.385,-69.626
1371.1,48.16,86.2,0.0,9.6,3,522.576,1.362,-71.078
1371.1,48.52,86.4,0.0,9.3,3,520.642,1.327,-73.238
1371.1,48.76,86.5,0.0,10.4,3,519.321,1.302,-74.665
1380.5,49.09,54.5,0.0,13.1,3,517.291,1.264,-76.786
1380.5,49.09,15.9,0.0,15.2,3,515.910,1.238,-78.183
1380.5,49.30,86.6,0.0,16.6,3,513.801,1.195,-80.244
1380.5,49.53,86.8,0.0,16.5,3,512.364,1.167,-81.600
1390.1,49.86,86.9,0.0,14.9,3,510.161,1.128,-83.608
1390.1,50.09,87.0,0.0,13.5,3,508.659,1.103,-84.926
1390.1,50.42,87.2,0.0,12.8,3,506.358,1.067,-86.873
1390.1,50.64,87.3,0.0,12.3,3,504.794,1.043,-88.152
1399.9,50.97,87.5,0.0,11.6,3,502.403,1.002,-90.041
1399.9,51.27,87.6,0.0,10.1,0,499.961,0.957,-91.894
1399.9,51.24,0.0,0.0,8.5,0,498.306,0.925,-93.105
1410.0,51.43,85.9,0.0,3.5,4,495.790,0.879,-94.878
1410.0,51.65,86.0,0.0,1.4,4,494.087,0.848,-96.038
1410.0,51.98,86.1,0.0,0.9,4,491.495,0.804,-97.753
1410.0,52.19,86.2,0.0,1.5,4,489.747,0.777,-98.885
1420.4,52.52,86.4,0.0,1.3,4,487.101,0.738,-100.576
1420.4,52.73,86.5,0.0,0.5,4,485.322,0.713,-101.701
1420.4,53.06,86.6,0.0,-0.8,4,482.638,0.679,-103.392
1420.4,53.27,86.7,0.0,-1.4,4,480.837,0.656,-104.523
1431.0,53.59,86.9,0.0,-2.0,4,478.124,0.621,-106.229
1431.0,53.81,86.9,0.0,-2.6,4,476.307,0.599,-107.375
1431.0,54.11,87.1,0.0,-4.5,4,473.574,0.566,-109.109
1431.0,54.31,87.3,0.0,-4.7,4,471.749,0.545,-110.279
1442.0,54.65,87.2,0.0,-4.4,4,469.008,0.515,-112.060
1442.0,54.94,87.5,0.0,-5.1,4,466.268,0.487,-113.874
1442.0,55.13,87.5,0.0,-5.4,4,464.443,0.472,-115.104
1442.0,55.42,87.7,0.0,-6.6,4,461.709,0.448,-116.979
1453.3,55.61,87.7,0.0,-7.8,4,459.890,0.431,-118.251
1453.3,55.90,87.8,0.0,-9.7,4,457.168,0.403,-120.195
1453.3,56.04,87.9,0.0,-10.2,4,455.361,0.384,-121.516
1453.3,56.35,88.0,0.0,-10.5,4,452.664,0.353,-123.539
1465.2,56.50,88.1,0.0,-10.4,4,450.877,0.333,-124.918
1465.2,56.78,88.2,0.0,-9.2,4,448.220,0.306,-127.035
1465.2,56.91,88.3,0.0,-8.9,4,446.465,0.293,-128.481
1465.2,57.19,88.4,0.0,-8.9,4,443.857,0.273,-130.699
1477.0,57.38,88.4,0.0,-9.6,4,442.133,0.260,-132.208
1477.0,57.64,88.5,0.0,-8.7,4,439.575,0.243,-134.523
1477.0,57.81,88.6,0.0,-7.7,4,437.888,0.235,-136.099
1477.0,58.08,88.7,0.0,-7.7,4,435.383,0.226,-138.510
1488.8,58.25,88.7,0.0,-7.8,4,433.729,0.221,-140.145
1488.8,58.52,88.8,0.0,-7.9,4,431.270,0.214,-142.639
1488.8,58.77,89.0,0.0,-7.3,4,428.838,0.206,-145.181
1488.8,58.95,89.0,0.0,-6.9,4,427.232,0.201,-146.902
1501.0,59.20,89.1,0.0,-6.5,4,424.847,0.194,-149.523
1501.0,59.37,89.2,0.0,-6.5,4,423.273,0.191,-151.297
1501.0,59.63,89.2,0.0,-6.4,4,420.937,0.191,-153.995
1501.0,59.79,89.3,0.0,-6.8,4,419.396,0.194,-155.819
1512.9,60.04,89.5,0.0,-7.2,4,417.106,0.199,-158.590
1512.9,60.21,89.5,0.0,-6.3,4,415.595,0.199,-160.460
1512.9,60.45,89.6,0.0,-5.6,4,413.350,0.196,-163.300
1512.9,60.61,89.6,0.0,-5.3,4,411.869,0.192,-165.215
1525.0,60.86,89.7,0.0,-5.9,4,409.672,0.185,-168.122
1525.0,61.02,89.8,0.0,-6.2,4,408.222,0.177,-170.081
1525.0,61.25,89.9,0.0,-7.7,4,406.071,0.162,-173.052
1525.0,61.41,89.9,0.0,-6.4,4,404.654,0.153,-175.055
1537.1,61.65,90.0,0.0,-5.2,4,402.556,0.137,-178.091
1537.1,61.80,90.0,0.0,-4.8,4,401.173,0.123,-180.136
1537.1,62.04,90.1,0.0,-4.1,4,399.124,0.101,-183.234
1537.1,62.26,90.2,0.0,-3.6,0,397.104,0.079,-186.368
1549.4,62.20,0.0,0.0,-3.4,0,395.773,0.065,-188.472
1549.4,62.35,89.1,0.0,-2.7,5,393.802,0.044,-191.644
1549.4,62.50,89.1,0.0,-2.5,5,392.499,0.033,-193.774
1549.4,62.73,89.2,0.0,-2.3,5,390.561,0.018,-196.992
1561.9,62.88,89.2,0.0,-2.2,5,389.277,0.009,-199.150
1561.9,63.10,89.3,0.0,-1.9,5,387.361,-0.002,-202.408
1561.9,63.25,89.4,0.0,-1.7,5,386.090,-0.009,-204.592
1561.9,63.47,89.5,0.0,-1.5,5,384.193,-0.015,-207.885
1574.5,63.62,89.5,0.0,-1.5,5,382.932,-0.019,-210.092
1574.5,63.84,89.6,0.0,-0.8,5,381.048,-0.023,-213.418
1574.5,63.98,89.6,0.0,-0.6,5,379.795,-0.026,-215.646
1574.5,64.20,89.7,0.0,-1.1,5,377.918,-0.030,-219.002
1587.3,64.35,89.7,0.0,-1.3,5,376.669,-0.032,-221.249
1587.3,64.56,89.8,0.0,-1.3,5,374.797,-0.034,-224.632
1587.3,64.70,89.8,0.0,-1.2,5,373.551,-0.034,-226.898
1587.3,64.92,89.9,0.0,-1.1,5,371.686,-0.036,-230.309
1600.2,65.13,90.0,0.0,-1.0,5,369.824,-0.039,-233.737
1600.2,65.27,90.0,0.0,-0.9,5,368.585,-0.041,-236.031
1600.2,65.48,90.1,0.0,-1.0,5,366.729,-0.049,-239.486
1600.2,65.61,90.1,0.0,-1.0,5,365.493,-0.055,-241.798
1613.2,65.82,90.2,0.0,-1.3,5,363.642,-0.065,-245.279
1613.2,65.96,90.2,0.0,-1.3,5,362.410,-0.073,-247.609
1613.2,66.16,90.3,0.0,-1.1,5,360.565,-0.086,-251.117
1613.2,66.29,90.3,0.0,-1.1,5,359.338,-0.096,-253.465
1626.4,66.50,90.4,0.0,-1.2,5,357.502,-0.111,-257.000
1626.4,66.63,90.4,0.0,-1.1,5,356.281,-0.121,-259.365
1626.4,66.83,90.5,0.0,-1.0,5,354.454,-0.137,-262.928
1626.4,66.96,90.5,0.0,-0.9,5,353.239,-0.148,-265.312
1639.8,67.16,90.6,0.0,-0.6,5,351.421,-0.163,-268.901
1639.8,67.29,90.6,0.0,-0.6,5,350.211,-0.175,-271.302
1639.8,67.48,90.7,0.0,-0.6,5,348.400,-0.191,-274.916
1639.8,67.61,90.7,0.0,-0.7,5,347.194,-0.202,-277.333
1653.2,67.80,90.8,0.0,-0.6,5,345.387,-0.219,-280.971
1653.2,67.93,90.8,0.0,-0.7,5,344.182,-0.230,-283.403
1653.2,68.12,90.9,0.0,-0.4,5,342.375,-0.250,-287.063
1666.8,68.31,90.9,0.0,-0.2,5,340.567,-0.271,-290.735
1666.8,68.43,91.0,0.0,-0.2,5,339.362,-0.286,-293.189
1666.8,68.62,91.0,0.0,-0.1,5,337.553,-0.307,-296.881
1666.8,68.75,91.1,0.0,-0.1,5,336.345,-0.324,-299.349
1680.5,68.93,91.1,0.0,0.1,5,334.530,-0.353,-303.058
1680.5,69.04,91.1,0.0,0.2,5,333.319,-0.368,-305.537
1680.5,69.22,91.2,0.0,0.3,5,331.499,-0.387,-309.264
1680.5,69.34,91.3,0.0,0.2,5,330.283,-0.402,-311.754
1694.4,69.52,91.3,0.0,0.1,5,328.456,-0.426,-315.497
1694.4,69.63,91.3,0.0,0.0,5,327.234,-0.443,-317.998
1694.4,69.81,91.4,0.0,-0.1,5,325.399,-0.468,-321.757
1694.4,69.93,91.4,0.0,-0.1,5,324.173,-0.484,-324.268
1708.3,70.10,91.4,0.0,-0.0,5,322.330,-0.507,-328.042
1708.3,70.21,91.5,0.0,-0.0,5,321.099,-0.523,-330.564
1708.3,70.38,91.5,0.0,-0.1,5,319.250,-0.547,-334.354
1708.3,70.55,91.6,0.0,-0.1,5,317.397,-0.571,-338.154
1722.4,70.66,91.6,0.0,-0.1,5,316.159,-0.588,-340.693
1722.4,70.82,91.7,0.0,-0.1,5,314.301,-0.612,-344.508
1722.4,70.93,91.7,0.0,-0.1,5,313.060,-0.629,-347.057
1722.4,71.09,91.7,0.0,-0.1,5,311.196,-0.653,-350.888
1736.6,71.20,91.8,0.0,-0.1,5,309.952,-0.670,-353.447
1736.6,71.36,91.8,0.0,-0.2,5,308.083,-0.695,-357.293
1736.6,71.46,91.8,0.0,-0.2,5,306.835,-0.713,-359.863
1736.6,71.62,91.9,0.0,-0.1,5,304.961,-0.741,-363.724
1750.8,71.73,91.9,0.0,-0.0,5,303.710,-0.761,-366.304
1750.8,71.88,92.0,0.0,-0.0,5,301.832,-0.791,-370.180
1750.8,71.98,92.0,0.0,-0.1,0,300.578,-0.812,-372.770
1750.8,71.88,91.1,0.0,-0.1,6,298.699,-0.843,-376.654
1765.2,71.98,91.1,0.0,-0.1,6,297.447,-0.865,-379.244
1765.2,72.13,91.2,0.0,-0.1,6,295.566,-0.898,-383.136
1765.2,72.22,91.2,0.0,0.0,6,294.310,-0.921,-385.735
1765.2,72.37,91.2,0.0,-0.0,6,292.425,-0.953,-389.641
1779.7,72.51,91.3,0.0,-0.0,6,290.537,-0.984,-393.556
1779.7,72.61,91.3,0.0,0.0,6,289.276,-1.006,-396.170
1779.7,72.76,91.3,0.0,0.1,6,287.382,-1.039,-400.098
1779.7,72.86,91.3,0.0,0.1,6,286.117,-1.063,-402.721
1794.2,73.00,91.4,0.0,0.1,6,284.216,-1.097,-406.662
1794.2,73.09,91.4,0.0,0.1,6,282.947,-1.117,-409.293
1794.2,73.23,91.4,0.0,0.2,6,281.039,-1.144,-413.246
1794.2,73.32,91.5,0.0,0.2,6,279.765,-1.162,-415.885
1808.8,73.47,91.5,0.0,0.2,6,277.849,-1.191,-419.850
1808.8,73.56,91.5,0.0,0.2,6,276.569,-1.209,-422.497
1808.8,73.70,91.6,0.0,0.2,6,274.645,-1.239,-426.473
1808.8,73.79,91.6,0.0,0.2,6,273.358,-1.258,-429.128
1823.6,73.93,91.6,0.0,0.2,6,271.424,-1.288,-433.114
1823.6,74.02,91.6,0.0,0.2,6,270.131,-1.309,-435.776
1823.6,74.15,91.7,0.0,0.3,6,268.187,-1.339,-439.772
1823.6,74.24,91.7,0.0,0.3,6,266.887,-1.358,-442.440
1838.4,74.37,91.7,0.0,0.3,6,264.932,-1.388,-446.446
1838.4,74.50,91.7,0.0,0.3,6,262.970,-1.417,-450.458
1838.4,74.59,91.8,0.0,0.3,6,261.657,-1.435,-453.135
1838.4,74.71,91.8,0.0,0.4,6,259.682,-1.462,-457.155
1853.3,74.80,91.8,0.0,0.4,6,258.362,-1.479,-459.838
1853.3,74.93,91.9,0.0,0.4,6,256.374,-1.505,-463.866
1853.3,75.02,91.9,0.0,0.3,6,255.045,-1.523,-466.554
1853.3,75.15,91.9,0.0,0.3,6,253.043,-1.550,-470.590
1868.3,75.23,91.9,0.0,0.4,6,251.705,-1.567,-473.283
1868.3,75.36,91.9,0.0,0.4,6,249.690,-1.594,-477.326
1868.3,75.43,92.0,0.0,0.4,6,248.343,-1.611,-480.023
1868.3,75.56,92.0,0.0,0.4,6,246.315,-1.636,-484.073
1883.4,75.64,92.0,0.0,0.3,6,244.958,-1.652,-486.776
1883.4,75.76,92.0,0.0,0.3,6,242.917,-1.676,-490.833
1883.4,75.84,92.1,0.0,0.3,6,241.552,-1.691,-493.540
1883.4,75.96,92.1,0.0,0.4,6,239.498,-1.713,-497.605
1898.5,76.04,92.1,0.0,0.4,6,238.125,-1.728,-500.317
1898.5,76.16,92.1,0.0,0.3,6,236.061,-1.751,-504.389
1898.5,76.28,92.2,0.0,0.2,6,233.989,-1.775,-508.466
1898.5,76.35,92.2,0.0,0.2,6,232.605,-1.790,-511.187
1913.8,76.47,92.2,0.0,0.2,6,230.523,-1.814,-515.271
1913.8,76.55,92.2,0.0,0.2,6,229.131,-1.829,-517.996
1913.8,76.66,92.2,0.0,0.2,6,227.039,-1.854,-522.089
1913.8,76.74,92.3,0.0,0.2,6,225.641,-1.872,-524.819
1929.1,76.85,92.3,0.0,0.0,6,223.539,-1.895,-528.919
1929.1,76.91,92.3,0.0,-0.0,6,222.134,-1.909,-531.655
1929.1,77.03,92.3,0.0,-0.1,6,220.024,-1.930,-535.762
1929.1,77.11,92.4,0.0,-0.1,6,218.615,-1.946,-538.504
1944.5,77.22,92.4,0.0,-0.2,6,216.499,-1.973,-542.622
1944.5,77.30,92.4,0.0,-0.3,6,215.087,-1.995,-545.370
1944.5,77.41,92.4,0.0,-0.4,6,212.968,-2.033,-549.500
1944.5,77.48,92.4,0.0,-0.4,6,211.556,-2.060,-552.256
1959.9,77.58,92.5,0.0,-0.4,6,209.439,-2.104,-556.398
1959.9,77.65,92.5,0.0,-0.4,6,208.029,-2.135,-559.164
1959.9,77.76,92.5,0.0,-0.6,6,205.915,-2.181,-563.319
1975.5,77.87,92.5,0.0,-0.6,6,203.805,-2.232,-567.483
1975.5,77.93,92.5,0.0,-0.6,6,202.399,-2.266,-570.263
1975.5,78.04,92.5,0.0,-0.6,6,200.294,-2.317,-574.442
1975.5,78.11,92.6,0.0,-0.6,6,198.893,-2.352,-577.233
1991.1,78.22,92.6,0.0,-0.6,6,196.794,-2.405,-581.426
1991.1,78.28,92.6,0.0,-0.7,6,195.397,-2.442,-584.226
1991.1,78.38,92.6,0.0,-0.4,6,193.304,-2.495,-588.434
1991.1,78.45,92.7,0.0,-0.2,6,191.911,-2.529,-591.244
2006.7,78.55,92.7,0.0,0.1,6,189.823,-2.584,-595.465
2006.7,78.62,92.7,0.0,0.3,6,188.432,-2.623,-598.284
2006.7,78.71,92.7,0.0,0.4,6,186.345,-2.679,-602.517
2006.7,78.78,92.7,0.0,0.4,6,184.952,-2.716,-605.341
2022.5,78.87,92.8,0.0,0.6,6,182.858,-2.773,-609.582
2022.5,78.93,92.8,0.0,0.8,6,181.459,-2.807,-612.411
2022.5,79.04,92.8,0.0,1.0,6,179.353,-2.859,-616.656
2022.5,79.10,92.8,0.0,1.0,6,177.943,-2.894,-619.486
2038.3,79.19,92.8,0.0,1.0,6,175.817,-2.945,-623.732
2038.3,79.28,92.9,0.0,1.1,6,173.677,-2.988,-627.977
2038.3,79.34,92.9,0.0,1.2,6,172.242,-3.015,-630.806
2038.3,79.43,92.9,0.0,1.3,6,170.077,-3.053,-635.048
2054.1,79.49,92.9,0.0,1.3,6,168.625,-3.077,-637.875
2054.1,79.58,92.9,0.0,1.0,6,166.435,-3.111,-642.114
2054.1,79.63,92.9,0.0,1.0,6,164.966,-3.132,-644.939
2054.1,79.72,93.0,0.0,1.0,6,162.751,-3.158,-649.175
2070.1,79.77,93.0,0.0,1.0,6,161.266,-3.174,-651.998
2070.1,79.85,93.0,0.0,1.0,6,159.030,-3.192,-656.232
2070.1,79.91,93.0,0.0,0.9,6,157.532,-3.200,-659.055
2070.1,79.99,93.0,0.0,0.8,6,155.275,-3.210,-663.287
2086.0,80.04,93.0,0.0,0.8,6,153.765,-3.213,-666.109
2086.0,80.13,93.0,0.0,0.8,6,151.490,-3.215,-670.342
2086.0,80.18,93.1,0.0,0.7,6,149.968,-3.214,-673.163
2086.0,80.26,93.1,0.0,0.6,6,147.676,-3.208,-677.396
2102.0,80.31,93.1,0.0,0.6,6,146.142,-3.202,-680.217
2102.0,80.38,93.2,0.0,0.6,6,143.833,-3.191,-684.448
2102.0,80.45,93.2,0.0,1.9,6,141.514,-3.175,-688.679
2102.0,80.50,93.2,0.0,1.9,6,139.961,-3.161,-691.499
2118.0,80.57,93.2,0.0,1.5,6,137.617,-3.136,-695.724
2118.0,80.61,93.2,0.0,0.9,6,136.043,-3.117,-698.537
2118.0,80.68,93.3,0.0,0.9,6,133.668,-3.084,-702.752
2118.0,80.72,93.3,0.0,1.2,0,132.074,-3.059,-705.559
2134.1,80.57,92.4,0.0,1.3,7,129.673,-3.019,-709.760
2134.1,80.61,92.4,0.0,1.3,7,128.065,-2.989,-712.554
2134.1,80.68,92.5,0.0,1.6,7,125.640,-2.938,-716.741
2134.1,80.72,92.5,0.0,1.9,7,124.012,-2.901,-719.528
2150.2,80.78,92.5,0.0,2.3,7,121.553,-2.839,-723.702
2150.2,80.82,92.5,0.0,2.6,7,119.902,-2.795,-726.480
2150.2,80.60,7.2,41.9,1.8,7,117.405,-2.724,-730.633
2150.2,80.03,0.0,72.3,2.0,7,115.737,-2.672,-733.380
2166.3,78.82,0.0,87.3,1.6,7,113.242,-2.587,-737.444
2166.3,77.92,0.0,90.3,1.4,7,111.590,-2.528,-740.110
2166.3,76.54,0.0,91.6,1.2,7,109.131,-2.435,-744.039
2166.3,75.15,0.0,91.1,1.3,7,106.696,-2.343,-747.887
2181.6,74.23,0.0,91.1,1.4,7,105.087,-2.280,-750.405
2181.6,72.87,22.0,91.8,2.3,0,102.694,-2.187,-754.116
2181.6,71.97,0.0,92.6,2.5,6,101.112,-2.127,-756.544
2181.6,70.62,0.0,93.6,3.1,6,98.759,-2.043,-760.118
2196.1,69.67,0.0,92.1,2.4,6,97.202,-1.993,-762.454
2196.1,68.30,0.0,90.3,1.0,6,94.880,-1.915,-765.883
2196.1,67.41,0.0,91.1,1.2,6,93.340,-1.862,-768.119
2196.1,66.07,0.0,91.4,1.9,0,91.044,-1.786,-771.402
2209.6,65.17,27.6,91.6,1.3,0,89.523,-1.737,-773.543
2255.0,49.84,0.0,11.9,8.6,4,58.368,-0.892,-810.473
2255.0,49.52,0.0,10.6,13.2,4,56.145,-0.841,-812.458
2255.0,49.31,0.0,9.4,15.2,4,54.649,-0.806,-813.750
2264.8,49.02,0.0,9.4,16.2,4,52.385,-0.756,-815.642
2264.8,48.83,0.0,8.5,15.9,4,50.862,-0.724,-816.871
2264.8,48.54,0.0,6.4,14.5,4,48.553,-0.675,-818.660
2264.8,48.36,0.0,4.2,13.8,4,46.998,-0.643,-819.817
2274.6,48.12,0.0,2.8,13.4,4,44.640,-0.594,-821.495
2274.6,47.98,0.0,1.6,14.0,4,43.051,-0.562,-822.577
2274.6,47.76,0.0,0.3,14.8,4,40.644,-0.514,-824.143
2274.6,47.63,3.7,0.0,15.5,4,39.023,-0.483,-825.149
2284.4,47.46,6.9,0.0,16.7,4,36.566,-0.435,-826.598
2284.4,47.35,7.0,0.0,17.6,4,34.912,-0.403,-827.526
2284.4,47.18,5.8,0.0,18.5,4,32.409,-0.354,-828.859
2294.0,47.01,6.9,0.0,18.1,4,29.881,-0.306,-830.121
2294.0,46.90,6.2,0.0,17.7,4,28.183,-0.274,-830.923
2294.0,46.73,8.7,0.0,16.2,4,25.617,-0.226,-832.065
2294.0,46.63,9.0,0.0,14.1,4,23.894,-0.194,-832.784
2303.8,46.49,11.5,0.0,13.6,4,21.293,-0.144,-833.802
2303.8,46.40,9.0,0.0,15.2,4,19.549,-0.111,-834.442
2303.8,46.24,5.5,0.0,18.7,4,16.920,-0.062,-835.343
2303.8,46.13,4.7,0.0,19.2,4,15.160,-0.032,-835.906
2313.6,45.96,6.5,0.0,20.4,4,12.511,0.013,-836.692
2313.6,45.86,6.6,0.0,17.8,4,10.740,0.044,-837.175
2313.6,45.69,4.2,0.0,16.8,4,8.074,0.092,-837.836
2313.6,45.57,2.5,0.0,16.8,4,6.294,0.125,-838.236
2323.2,45.39,1.5,0.0,17.0,4,3.619,0.173,-838.775
2323.2,45.26,0.6,0.0,17.1,4,1.834,0.205,-839.093
2323.2,45.07,0.8,0.0,17.1,4,-0.843,0.251,-839.510
2323.2,44.94,0.4,0.1,17.6,4,-2.627,0.282,-839.747
2332.8,44.75,1.8,0.0,18.7,4,-5.302,0.326,-840.042
2332.8,44.58,37.4,0.0,16.6,0,-7.972,0.368,-840.264
2332.8,44.48,0.4,1.2,15.1,3,-9.750,0.395,-840.371
2332.8,44.27,7.4,0.1,14.7,3,-12.411,0.434,-840.472
2342.3,44.23,40.9,0.0,14.5,3,-14.180,0.459,-840.500
2342.3,44.44,70.4,0.0,14.1,3,-16.839,0.496,-840.486
2342.3,44.50,21.5,27.3,14.3,3,-18.618,0.518,-840.442
2342.3,44.01,0.0,32.8,17.6,3,-21.274,0.549,-840.322
2351.8,43.63,0.0,8.0,19.3,3,-23.023,0.567,-840.209
2351.8,43.47,41.0,0.0,19.8,3,-25.624,0.592,-839.986
2351.8,43.62,79.6,0.0,19.7,3,-27.355,0.607,-839.799
2351.8,43.96,83.2,0.0,18.5,3,-29.960,0.628,-839.465
2361.1,44.31,81.9,0.0,16.5,3,-32.578,0.644,-839.064
2361.1,44.54,84.0,0.0,16.2,3,-34.328,0.655,-838.757
2361.1,44.89,84.4,0.0,15.7,3,-36.958,0.671,-838.234
2361.1,45.11,83.9,0.0,15.3,3,-38.715,0.682,-837.843
2370.7,45.45,79.6,0.0,16.4,3,-41.352,0.698,-837.193
2370.7,45.64,73.2,0.0,16.6,3,-43.111,0.709,-836.718
2370.7,45.89,68.6,0.0,18.4,3,-45.745,0.723,-835.944
2370.7,46.14,74.3,0.0,20.3,3,-48.372,0.734,-835.098
2380.4,46.33,76.0,0.0,22.1,3,-50.119,0.740,-834.494
2380.4,46.61,77.9,0.0,23.2,3,-52.733,0.750,-833.524
2380.4,46.80,78.7,0.0,24.3,3,-54.469,0.757,-832.836
2380.4,47.09,81.8,0.0,25.2,3,-57.064,0.765,-831.743
2390.2,47.30,83.7,0.0,24.6,3,-58.788,0.769,-830.975
2390.2,47.61,85.4,0.0,23.3,3,-61.364,0.771,-829.763
2390.2,47.82,85.7,0.0,22.0,3,-63.074,0.771,-828.915
2390.2,48.13,85.8,0.0,20.6,3,-65.623,0.770,-827.580
2400.1,48.34,85.7,0.0,20.2,3,-67.313,0.768,-826.648
2400.1,48.61,81.3,0.0,20.0,3,-69.828,0.763,-825.190
2400.1,48.80,79.0,0.0,19.8,3,-71.492,0.759,-824.177
2400.1,49.05,83.3,0.0,20.3,3,-73.964,0.750,-822.595
2410.0,49.24,86.9,0.0,20.7,3,-75.596,0.744,-821.500
2410.0,49.53,86.9,0.0,20.8,3,-78.018,0.734,-819.795
2410.0,49.71,84.9,0.0,20.9,3,-79.617,0.726,-818.618
2410.0,49.94,63.5,0.0,21.2,3,-81.985,0.712,-816.794
2419.8,50.05,61.1,0.0,22.9,3,-84.312,0.696,-814.903
2419.8,50.17,79.3,0.0,24.5,3,-85.840,0.684,-813.605
2419.8,50.45,87.2,0.0,25.8,3,-88.098,0.664,-811.604
2419.8,50.65,82.9,0.0,26.6,3,-89.584,0.650,-810.232
2429.7,50.86,78.9,0.0,27.8,3,-91.779,0.626,-808.123
2429.7,51.03,86.7,0.0,27.2,0,-93.219,0.607,-806.681
2429.7,50.93,75.3,0.0,25.3,4,-95.334,0.580,-804.471
2429.7,51.08,83.5,0.0,23.9,4,-96.711,0.561,-802.966
2439.6,51.33,85.7,0.0,22.8,4,-98.737,0.532,-800.658
2439.6,51.49,85.9,0.0,22.0,4,-100.060,0.511,-799.084
2439.6,51.76,86.0,0.0,20.8,4,-102.003,0.479,-796.673
2439.6,51.93,86.1,0.0,20.4,4,-103.270,0.456,-795.032
2449.5,52.19,86.2,0.0,20.5,4,-105.128,0.419,-792.522
2449.5,52.37,86.3,0.0,20.2,4,-106.339,0.392,-790.818
2449.5,52.63,86.4,0.0,19.7,4,-108.111,0.348,-788.215
2459.8,52.90,86.5,0.0,19.4,4,-109.831,0.300,-785.558
2459.8,53.08,86.6,0.0,18.0,4,-110.948,0.266,-783.757
2459.8,53.35,86.7,0.0,14.5,4,-112.579,0.212,-781.014
2459.8,53.47,87.0,0.0,11.2,4,-113.639,0.174,-779.160
2470.3,53.71,60.1,0.0,2.3,4,-115.188,0.109,-776.343
2470.3,53.83,82.0,0.0,-2.4,4,-116.191,0.063,-774.442
2470.3,54.11,87.1,0.0,-5.3,4,-117.651,-0.007,-771.554
2470.3,54.29,87.4,0.0,-6.4,4,-118.601,-0.056,-769.607
2481.2,54.61,87.4,0.0,-6.1,4,-120.007,-0.137,-766.660
2481.2,54.85,87.3,0.0,-4.9,4,-120.941,-0.196,-764.680
2481.2,55.16,87.4,0.0,-2.7,4,-122.349,-0.285,-761.697
2481.2,55.34,87.6,0.0,-2.0,4,-123.300,-0.348,-759.703
2492.3,55.70,87.6,0.0,-2.2,4,-124.747,-0.448,-756.705
2492.3,55.90,87.8,0.0,-2.7,4,-125.729,-0.517,-754.702
2492.3,56.19,87.9,0.0,-3.3,4,-127.228,-0.618,-751.694
2492.3,56.49,88.0,0.0,-3.4,4,-128.757,-0.715,-748.681
2503.7,56.70,88.0,0.0,-3.4,4,-129.792,-0.785,-746.669
2503.7,56.92,88.1,0.0,-3.4,4,-130.841,-0.856,-744.655
2503.7,57.21,88.2,0.0,-3.4,4,-132.440,-0.964,-741.630
2503.7,57.50,88.3,0.0,-3.2,4,-134.071,-1.072,-738.602
2515.5,57.71,88.4,0.0,-3.3,4,-135.175,-1.147,-736.582
2515.5,58.00,88.5,0.0,-3.6,4,-136.858,-1.265,-733.548
2515.5,58.21,88.6,0.0,-3.6,4,-137.996,-1.346,-731.524
2515.5,58.50,88.7,0.0,-3.6,4,-139.730,-1.473,-728.485
2527.3,58.70,88.7,0.0,-3.5,4,-140.903,-1.560,-726.458
2527.3,58.99,88.9,0.0,-3.6,4,-142.687,-1.699,-723.415
2527.3,59.19,88.9,0.0,-3.5,4,-143.893,-1.796,-721.386
2527.3,59.47,89.0,0.0,-2.9,4,-145.730,-1.944,-718.340
2539.2,59.66,89.1,0.0,-2.7,4,-146.971,-2.043,-716.310
2539.2,59.94,89.2,0.0,-2.6,4,-148.859,-2.193,-713.263
2539.2,60.22,89.3,0.0,-2.6,4,-150.776,-2.344,-710.214
2539.2,60.41,89.4,0.0,-2.4,4,-152.069,-2.445,-708.180
2551.4,60.68,89.4,0.0,-2.1,4,-154.032,-2.592,-705.128
2551.4,60.86,89.5,0.0,-1.9,4,-155.355,-2.687,-703.091
2551.4,61.14,89.6,0.0,-1.8,4,-157.360,-2.827,-700.033
2551.4,61.31,89.7,0.0,-1.9,4,-158.710,-2.920,-697.992
2563.6,61.57,89.8,0.0,-2.0,4,-160.753,-3.057,-694.927
2563.6,61.75,89.8,0.0,-2.1,4,-162.128,-3.145,-692.882
2563.6,62.01,89.9,0.0,-2.1,4,-164.208,-3.272,-689.810
2563.6,62.17,90.0,0.0,-1.9,4,-165.608,-3.351,-687.760
2576.1,62.20,0.0,0.0,-1.7,0,-167.724,-3.459,-684.686
2576.1,62.29,88.9,0.0,-1.6,5,-169.143,-3.525,-682.643
2576.1,62.53,88.9,0.0,-1.4,5,-171.290,-3.614,-679.576
2576.1,62.69,89.0,0.0,-1.4,5,-172.733,-3.666,-677.530
2588.7,62.92,89.1,0.0,-1.3,5,-174.915,-3.734,-674.459
2588.7,63.08,89.1,0.0,-1.2,5,-176.381,-3.771,-672.410
2588.7,63.31,89.2,0.0,-1.3,5,-178.597,-3.817,-669.334
2588.7,63.54,89.3,0.0,-1.2,5,-180.831,-3.854,-666.255
2601.4,63.69,89.3,0.0,-1.2,5,-182.330,-3.876,-664.199
2601.4,63.92,89.4,0.0,-1.1,5,-184.593,-3.904,-661.112
2601.4,64.07,89.4,0.0,-1.1,5,-186.112,-3.922,-659.052
2601.4,64.29,89.5,0.0,-1.1,5,-188.403,-3.946,-655.957
2614.2,64.44,89.6,0.0,-1.1,5,-189.940,-3.961,-653.892
2614.2,64.65,89.6,0.0,-1.0,5,-192.258,-3.979,-650.790
2614.2,64.80,89.7,0.0,-0.9,5,-193.812,-3.990,-648.720
2614.2,65.01,89.7,0.0,-0.9,5,-196.156,-4.003,-645.611
2627.1,65.15,89.8,0.0,-0.9,5,-197.727,-4.008,-643.536
2627.1,65.36,89.9,0.0,-0.8,5,-200.096,-4.014,-640.419
2627.1,65.50,89.9,0.0,-0.8,5,-201.684,-4.015,-638.339
2627.1,65.70,90.0,0.0,-0.9,5,-204.077,-4.013,-635.215
2640.1,65.83,90.0,0.0,-1.0,5,-205.681,-4.007,-633.130
2640.1,66.04,90.1,0.0,-1.1,5,-208.098,-3.993,-629.998
2640.1,66.17,90.1,0.0,-1.3,5,-209.718,-3.980,-627.908
2640.1,66.37,90.2,0.0,-3.3,5,-212.160,-3.958,-624.770
2653.3,66.57,90.3,0.0,-3.5,5,-214.622,-3.936,-621.634
2653.3,66.70,90.3,0.0,-3.6,5,-216.277,-3.921,-619.545
2653.3,66.89,90.4,0.0,-3.1,5,-218.783,-3.898,-616.418
2653.3,67.01,90.4,0.0,-1.9,5,-220.470,-3.884,-614.338
2666.5,67.20,90.5,0.0,-0.6,5,-223.024,-3.866,-611.226
2666.5,67.34,90.5,0.0,-0.6,5,-224.739,-3.858,-609.153
2666.5,67.53,90.5,0.0,-1.0,5,-227.329,-3.850,-606.045
2666.5,67.66,90.6,0.0,-1.2,5,-229.066,-3.849,-603.972
2680.1,67.73,35.0,23.0,-1.0,5,-231.682,-3.850,-600.863
2680.1,67.45,0.0,49.8,-0.9,5,-233.427,-3.855,-598.797
2680.1,66.53,0.0,77.3,-0.7,5,-236.029,-3.867,-595.728
2680.1,65.76,0.0,85.2,-0.5,5,-237.745,-3.877,-593.711
2693.5,64.51,0.0,89.6,-0.6,5,-240.283,-3.897,-590.737
2693.5,63.65,0.0,90.2,-0.4,5,-241.952,-3.914,-588.789
2693.5,62.35,0.0,91.5,-0.4,5,-244.417,-3.944,-585.921
2693.5,61.48,0.0,91.2,-0.4,5,-246.036,-3.966,-584.044
2706.2,60.18,0.0,91.2,-0.3,5,-248.425,-4.003,-581.281
2706.2,58.89,0.0,91.5,-0.4,5,-250.769,-4.042,-578.582
2706.2,58.04,0.0,91.8,-0.0,5,-252.305,-4.068,-576.818
2718.0,56.74,0.0,91.3,-0.1,5,-254.571,-4.107,-574.222
2764.3,33.55,0.0,67.7,-11.5,2,-290.698,-4.759,-535.995
2815.8,22.67,0.0,1.5,-35.0,1,-329.926,-4.891,-521.362
2815.8,22.53,0.3,0.0,-37.5,1,-331.271,-4.884,-521.537
2815.8,22.46,7.9,0.0,-39.7,1,-332.160,-4.879,-521.678
2820.5,22.51,33.8,0.0,-44.0,1,-333.484,-4.872,-521.930
2820.5,22.64,43.9,0.0,-44.6,1,-334.365,-4.866,-522.127
2820.5,22.92,53.0,0.0,-44.9,1,-335.688,-4.856,-522.466
2820.5,23.14,56.3,0.0,-45.5,1,-336.572,-4.848,-522.721
2825.1,23.59,70.5,0.0,-46.9,1,-337.905,-4.835,-523.149
2825.1,23.83,58.9,0.0,-45.9,1,-338.799,-4.825,-523.466
2825.1,24.10,41.4,0.0,-40.6,1,-340.138,-4.808,-523.990
2825.1,24.23,45.1,0.0,-35.7,1,-341.026,-4.796,-524.372
2829.9,24.47,50.3,0.0,-30.3,1,-342.347,-4.778,-524.993
2829.9,24.66,49.3,0.0,-28.0,1,-343.222,-4.764,-525.440
2829.9,24.95,50.3,0.0,-23.3,1,-344.525,-4.744,-526.157
2829.9,25.18,53.9,0.0,-20.1,1,-345.388,-4.731,-526.665
2834.7,25.57,60.7,0.0,-13.4,1,-346.677,-4.710,-527.473
2834.7,25.89,71.6,0.0,-6.6,1,-347.534,-4.696,-528.041
2834.7,26.45,77.2,0.0,3.7,1,-348.826,-4.675,-528.931
2834.7,27.09,81.2,0.0,4.6,1,-350.134,-4.654,-529.860
2839.9,27.50,74.7,0.0,12.0,1,-351.020,-4.639,-530.498
2839.9,27.97,56.7,0.0,15.5,1,-352.372,-4.617,-531.468
2839.9,28.19,48.6,0.0,17.3,1,-353.290,-4.603,-532.114
2839.9,28.45,37.8,0.0,14.7,1,-354.693,-4.581,-533.072
2845.5,28.56,31.8,0.0,13.9,1,-355.645,-4.568,-533.700
2845.5,28.70,30.2,0.0,15.7,1,-357.091,-4.548,-534.626
2845.5,28.80,32.6,0.0,18.0,1,-358.069,-4.536,-535.231
2845.5,28.89,22.1,0.0,20.9,1,-359.556,-4.518,-536.117
2851.3,28.93,21.7,0.0,19.6,1,-360.560,-4.507,-536.691
2851.3,28.97,22.2,0.0,20.1,1,-362.084,-4.492,-537.524
2851.3,29.01,19.9,0.0,22.6,1,-363.112,-4.483,-538.060
2851.3,28.98,11.3,0.0,24.8,1,-364.670,-4.470,-538.834
2857.3,28.95,14.5,0.0,25.7,1,-365.719,-4.463,-539.325
2885.2,29.09,11.1,0.0,80.9,1,-389.622,-4.453,-543.981
2885.2,29.00,11.0,0.0,81.3,1,-390.781,-4.454,-543.895
2885.2,28.85,10.9,0.0,81.6,1,-392.508,-4.457,-543.713
2891.6,28.75,10.9,0.0,82.3,1,-393.649,-4.458,-543.557
2891.6,28.60,10.8,0.0,84.3,1,-395.347,-4.460,-543.272
2891.6,28.49,10.8,0.0,84.9,1,-396.467,-4.461,-543.047
2891.6,28.33,10.8,0.0,83.4,1,-398.127,-4.462,-542.659
2897.6,28.17,10.8,0.0,79.6,1,-399.761,-4.464,-542.210
2897.6,28.07,10.8,0.0,73.0,1,-400.836,-4.467,-541.878
2897.6,27.93,11.3,0.0,61.7,1,-402.425,-4.473,-541.331
2897.6,27.86,13.7,0.0,53.8,1,-403.468,-4.479,-540.935
2903.3,27.80,24.3,0.0,40.8,1,-405.008,-4.489,-540.291
2903.3,27.87,42.8,0.0,30.9,1,-406.020,-4.497,-539.828
2903.3,28.08,37.0,0.0,14.7,1,-407.523,-4.510,-539.084
2903.3,28.23,44.1,0.0,4.7,1,-408.517,-4.520,-538.555
2908.8,28.57,58.2,0.0,-4.9,1,-410.000,-4.537,-537.718
2908.8,28.90,71.4,0.0,-6.2,1,-410.988,-4.548,-537.134
2908.8,29.47,75.5,0.0,-2.3,1,-412.480,-4.568,-536.221
2908.8,29.87,75.6,0.0,2.2,1,-413.484,-4.582,-535.588
2914.4,30.46,76.9,0.0,9.0,1,-415.003,-4.605,-534.607
2914.4,30.85,76.7,0.0,12.3,1,-416.025,-4.621,-533.932
2914.4,31.41,77.2,0.0,15.5,1,-417.571,-4.645,-532.885
2914.4,31.78,78.8,0.0,16.5,1,-418.607,-4.662,-532.163
2920.4,32.35,80.6,0.0,17.0,1,-420.168,-4.689,-531.042
2948.3,39.14,78.4,0.0,14.1,2,-440.985,-4.985,-510.485
2948.3,39.41,79.1,0.0,14.1,2,-441.955,-4.996,-509.249
2948.3,39.87,84.0,0.0,13.2,2,-443.392,-5.012,-507.355
2948.3,40.17,85.3,0.0,12.6,2,-444.336,-5.022,-506.063
2956.0,40.63,85.6,0.0,11.7,2,-445.729,-5.034,-504.081
2956.0,40.93,85.6,0.0,11.6,2,-446.643,-5.040,-502.731
2956.0,41.36,85.8,0.0,12.4,2,-447.988,-5.048,-500.662
2956.0,41.63,85.8,0.0,12.5,2,-448.867,-5.054,-499.256
2964.1,41.94,0.0,0.0,12.4,0,-450.160,-5.061,-497.105
2964.1,41.92,83.7,0.0,12.4,3,-450.993,-5.063,-495.649
2964.1,42.33,83.9,0.0,11.7,3,-452.206,-5.066,-493.433
2964.1,42.60,84.1,0.0,11.6,3,-452.995,-5.067,-491.930
2972.2,42.97,84.3,0.0,11.2,3,-454.148,-5.072,-489.637
2972.2,43.24,84.3,0.0,10.2,3,-454.895,-5.076,-488.084
2972.2,43.65,84.3,0.0,10.4,3,-455.981,-5.084,-485.715
2980.5,44.04,84.5,0.0,11.9,3,-457.024,-5.093,-483.301
3016.9,49.17,85.5,0.0,16.5,3,-466.381,-5.532,-445.410
3016.9,49.40,85.6,0.0,15.5,3,-466.536,-5.559,-443.445
3016.9,49.74,85.6,0.0,14.3,3,-466.718,-5.599,-440.477
3016.9,49.97,85.6,0.0,13.4,3,-466.805,-5.626,-438.486
3026.7,50.31,85.7,0.0,13.8,3,-466.884,-5.666,-435.479
3026.7,50.53,85.7,0.0,15.2,3,-466.903,-5.692,-433.463
3026.7,50.84,85.9,0.0,16.6,3,-466.876,-5.731,-430.423
3026.7,51.05,86.0,0.0,16.7,3,-466.821,-5.756,-428.387
3036.8,51.25,0.0,0.0,16.4,0,-466.678,-5.792,-425.320
3036.8,51.19,84.2,0.0,15.3,4,-466.541,-5.814,-423.276
3036.8,51.44,84.6,0.0,12.1,4,-466.271,-5.844,-420.210
3036.8,51.63,84.6,0.0,11.0,4,-466.048,-5.861,-418.161
3047.5,51.91,84.8,0.0,10.4,4,-465.650,-5.885,-415.082
3047.5,52.17,85.0,0.0,10.9,4,-465.176,-5.906,-411.996
3047.5,52.36,85.1,0.0,11.8,4,-464.818,-5.919,-409.937
3058.8,52.60,85.4,0.0,12.9,4,-464.222,-5.938,-406.845
3058.8,52.78,61.1,0.0,13.2,4,-463.791,-5.955,-404.783
3058.8,52.97,80.5,0.0,14.4,4,-463.094,-5.991,-401.689
3058.8,53.15,85.4,0.0,15.0,4,-462.591,-6.017,-399.628
3070.3,53.39,85.6,0.0,16.1,4,-461.765,-6.053,-396.542
3070.3,53.55,85.7,0.0,17.2,4,-461.169,-6.073,-394.488
3070.3,53.80,85.8,0.0,17.0,4,-460.206,-6.098,-391.416
3070.3,53.97,85.9,0.0,16.2,4,-459.519,-6.111,-389.373
3081.2,54.24,86.1,0.0,14.0,4,-458.426,-6.131,-386.317
3081.2,54.42,86.1,0.0,12.2,4,-457.658,-6.144,-384.284
3081.2,54.69,86.3,0.0,9.3,4,-456.446,-6.163,-381.245
3081.2,54.87,86.4,0.0,7.9,4,-455.598,-6.175,-379.224
3092.0,55.15,86.5,0.0,7.0,4,-454.269,-6.189,-376.204
3092.0,55.34,86.6,0.0,7.5,4,-453.346,-6.196,-374.196
3092.0,55.62,86.7,0.0,8.6,4,-451.914,-6.205,-371.192
3092.0,55.91,86.8,0.0,8.5,4,-450.431,-6.217,-368.193
3102.9,56.10,86.9,0.0,8.1,4,-449.414,-6.226,-366.197
3102.9,56.39,87.0,0.0,7.1,4,-447.845,-6.240,-363.210
3102.9,56.58,87.1,0.0,6.9,4,-446.771,-6.249,-361.223
3102.9,56.86,87.2,0.0,7.3,4,-445.116,-6.261,-358.250
3161.0,60.92,88.9,0.0,-1.2,4,-414.006,-6.249,-313.956
3161.0,61.17,89.0,0.0,-1.0,4,-411.743,-6.235,-311.077
3173.3,61.42,89.1,0.0,-1.0,4,-409.475,-6.220,-308.182
3173.3,61.58,89.1,0.0,-1.0,4,-407.963,-6.210,-306.243
3173.3,61.82,89.2,0.0,-1.1,4,-405.692,-6.194,-303.320
3173.3,61.98,89.3,0.0,-1.1,4,-404.179,-6.183,-301.361
3236.4,65.04,89.3,0.0,0.1,5,-369.256,-5.825,-254.600
3236.4,65.25,89.4,0.0,0.4,5,-366.944,-5.791,-251.449
3236.4,65.38,89.4,0.0,0.5,5,-365.399,-5.767,-249.342
3249.4,65.58,89.5,0.0,0.6,5,-363.074,-5.730,-246.176
3249.4,65.72,89.5,0.0,0.4,5,-361.519,-5.705,-244.060
3249.4,65.91,89.6,0.0,0.4,5,-359.178,-5.664,-240.881
3249.4,66.05,89.6,0.0,0.5,5,-357.611,-5.634,-238.757
3262.6,66.25,89.7,0.0,0.5,5,-355.252,-5.589,-235.567
3262.6,66.37,89.8,0.0,0.3,5,-353.673,-5.559,-233.436
3262.6,66.57,89.8,0.0,-0.0,5,-351.295,-5.515,-230.235
3262.6,66.70,89.9,0.0,-0.0,5,-349.704,-5.487,-228.097
3275.9,66.90,89.9,0.0,0.1,5,-347.309,-5.451,-224.884
3275.9,67.02,90.0,0.0,0.1,5,-345.707,-5.427,-222.738
3275.9,67.21,90.1,0.0,0.1,5,-343.297,-5.386,-219.513
3275.9,67.33,90.1,0.0,0.0,5,-341.685,-5.358,-217.359
3289.3,67.51,90.2,0.0,0.1,5,-339.261,-5.315,-214.121
3289.3,67.69,90.2,0.0,0.2,5,-336.829,-5.268,-210.876
3289.3,67.82,90.3,0.0,0.2,5,-335.204,-5.237,-208.707
3289.3,68.00,90.3,0.0,0.1,5,-332.760,-5.190,-205.447
3302.8,68.12,90.4,0.0,-0.0,5,-331.127,-5.159,-203.270
3302.8,68.30,90.4,0.0,-0.1,5,-328.672,-5.111,-199.996
3302.8,68.42,90.5,0.0,-0.1,5,-327.032,-5.076,-197.809
3302.8,68.60,90.5,0.0,-0.2,5,-324.567,-5.024,-194.520
3316.5,68.71,90.6,0.0,-0.3,5,-322.921,-4.987,-192.323
3316.5,68.88,90.6,0.0,-0.3,5,-320.447,-4.932,-189.019
3316.5,69.00,90.7,0.0,-0.3,5,-318.796,-4.895,-186.811
3316.5,69.17,90.7,0.0,-0.2,5,-316.315,-4.840,-183.491
3330.3,69.28,90.8,0.0,-0.2,5,-314.659,-4.803,-181.273
3330.3,69.46,90.8,0.0,-0.3,5,-312.172,-4.747,-177.936
3330.3,69.57,90.8,0.0,-0.3,5,-310.511,-4.710,-175.707
3330.3,69.73,90.9,0.0,-0.3,5,-308.018,-4.656,-172.354
3344.2,69.89,91.0,0.0,-0.3,5,-305.520,-4.600,-168.992
3344.2,70.00,91.0,0.0,-0.2,5,-303.854,-4.562,-166.745
3344.2,70.16,91.1,0.0,-0.4,5,-301.351,-4.503,-163.367
3344.2,70.27,91.1,0.0,-0.5,5,-299.681,-4.465,-161.110
3358.2,70.42,91.1,0.0,-0.4,5,-297.173,-4.405,-157.716
3358.2,70.53,91.2,0.0,-0.4,5,-295.499,-4.365,-155.448
3358.2,70.68,91.2,0.0,-0.6,5,-292.987,-4.305,-152.039
3358.2,70.78,91.3,0.0,-0.5,5,-291.310,-4.265,-149.760
3372.3,70.94,91.3,0.0,-0.2,5,-288.793,-4.204,-146.334
3372.3,71.04,91.3,0.0,-0.1,5,-287.114,-4.163,-144.045
3372.3,71.19,91.4,0.0,-0.2,5,-284.593,-4.102,-140.603
3372.3,71.29,91.4,0.0,-0.2,5,-282.911,-4.062,-138.304
3386.6,71.43,91.5,0.0,-0.0,5,-280.384,-4.003,-134.848
3386.6,71.53,91.6,0.0,0.1,5,-278.697,-3.963,-132.540
3386.6,71.67,91.6,0.0,0.2,5,-276.163,-3.902,-129.072
3458.9,73.47,91.2,0.0,1.7,6,-236.715,-2.921,-75.289
3458.9,73.59,91.3,0.0,1.0,6,-234.130,-2.857,-71.714
3458.9,73.68,91.3,0.0,1.3,6,-232.400,-2.814,-69.331
3473.6,73.81,91.3,0.0,2.6,6,-229.790,-2.750,-65.759
3473.6,73.89,91.4,0.0,3.6,6,-228.040,-2.705,-63.380
3473.6,73.98,74.1,0.0,4.6,6,-225.392,-2.635,-59.821
3473.6,73.95,33.7,27.2,5.0,6,-223.611,-2.589,-57.459
3488.4,73.20,0.0,69.0,5.0,6,-220.923,-2.519,-53.951
3488.4,72.46,0.0,66.9,4.8,6,-219.131,-2.472,-51.652
3488.4,71.42,0.0,58.6,4.5,6,-216.444,-2.403,-48.273
3488.4,70.78,0.0,49.5,4.6,6,-214.651,-2.358,-46.065
3502.8,69.97,0.0,32.4,6.5,6,-211.949,-2.290,-42.820
3502.8,69.55,0.0,19.5,5.0,6,-210.134,-2.246,-40.700
3502.8,69.11,0.0,6.1,4.4,6,-207.385,-2.179,-37.579
3502.8,68.90,0.3,0.6,6.2,6,-205.532,-2.135,-35.533
3516.6,68.69,17.3,0.0,7.9,6,-202.718,-2.068,-32.515
3516.6,68.58,19.1,0.0,8.7,6,-200.818,-2.023,-30.533
3516.6,68.41,18.7,8.8,10.2,6,-197.932,-1.958,-27.607
3516.6,67.98,0.0,24.5,10.0,6,-195.006,-1.892,-24.743
3530.0,67.46,0.0,56.6,9.5,6,-193.039,-1.848,-22.878
3530.0,66.68,47.4,4.2,8.1,6,-190.080,-1.780,-20.156
3530.0,66.68,88.1,0.0,7.7,6,-188.087,-1.735,-18.385
3530.0,66.80,88.2,0.0,10.0,6,-185.051,-1.671,-15.776
3543.2,66.87,88.3,0.0,13.1,6,-182.996,-1.633,-14.066
3543.2,66.95,68.5,0.0,17.8,6,-179.869,-1.585,-11.548
3543.2,66.94,59.6,0.0,20.3,6,-177.757,-1.559,-9.902
3543.2,66.96,82.9,0.0,21.6,6,-174.549,-1.527,-7.487
3556.6,67.00,88.5,0.0,21.3,6,-172.380,-1.509,-5.914
3556.6,67.07,88.6,0.0,19.2,6,-169.079,-1.485,-3.615
3556.6,67.12,88.6,0.0,18.3,6,-166.846,-1.467,-2.127
3556.6,67.18,88.7,0.0,18.6,6,-163.447,-1.439,0.036
3570.4,67.21,85.0,0.0,19.1,6,-161.149,-1.418,1.429
3570.4,67.14,62.4,0.0,18.9,6,-157.655,-1.379,3.439
3570.4,67.13,72.0,0.0,18.2,6,-155.298,-1.348,4.727
3570.4,67.18,86.6,0.0,18.8,6,-151.731,-1.312,6.598
3584.8,67.24,88.8,0.0,20.4,6,-148.123,-1.288,8.398
3584.8,67.24,80.6,0.0,22.3,6,-145.689,-1.269,9.544
3584.8,67.21,66.5,0.0,26.4,6,-142.003,-1.237,11.182
3584.8,67.16,57.0,0.0,29.8,6,-139.525,-1.214,12.220
3598.8,67.03,43.9,0.0,34.9,6,-135.780,-1.178,13.697
3598.8,66.94,49.0,0.0,37.6,6,-133.268,-1.153,14.630
3598.8,66.81,42.0,0.0,39.5,6,-129.479,-1.116,15.952
3598.8,66.70,36.6,0.0,39.6,6,-126.941,-1.092,16.782
3612.9,66.52,36.8,0.0,38.4,6,-123.118,-1.058,17.949
3612.9,66.39,36.9,0.0,36.8,6,-120.560,-1.035,18.671
3612.9,66.19,35.1,0.0,34.8,6,-116.710,-1.000,19.669
3612.9,66.05,33.2,0.0,34.3,6,-114.136,-0.977,20.278
3626.3,65.77,12.0,0.0,34.0,6,-110.268,-0.944,21.106
3626.3,65.59,28.9,0.0,33.9,6,-107.687,-0.920,21.598
3626.3,65.37,22.3,0.0,34.8,6,-103.812,-0.882,22.247
3639.2,65.08,11.8,0.0,36.4,6,-99.937,-0.845,22.796
3639.2,64.89,11.7,0.0,36.5,6,-97.355,-0.820,23.105
3639.2,64.60,11.7,0.0,35.8,6,-93.489,-0.778,23.480
3639.2,64.41,11.6,0.0,34.7,6,-90.916,-0.749,23.675
3651.8,64.13,11.6,0.0,31.1,6,-87.065,-0.706,23.884
3651.8,64.02,47.6,0.0,27.8,6,-84.504,-0.676,23.969
3651.8,63.96,69.8,0.0,22.3,6,-80.665,-0.631,24.014
3651.8,63.98,83.6,0.0,18.6,6,-78.107,-0.601,23.989
3664.4,64.05,88.9,0.0,14.2,6,-74.269,-0.552,23.869
3664.4,64.12,88.9,0.0,11.3,6,-71.709,-0.519,23.736
3664.4,64.23,89.0,0.0,10.5,6,-67.869,-0.470,23.460
3664.4,64.31,89.0,0.0,10.6,6,-65.309,-0.439,23.228
3677.2,64.44,89.1,0.0,9.1,6,-61.470,-0.392,22.809
3677.2,64.52,89.2,0.0,7.9,6,-58.911,-0.357,22.484
3677.2,64.67,89.2,0.0,5.9,6,-55.076,-0.302,21.935
3677.2,64.82,89.3,0.0,4.3,6,-51.240,-0.247,21.322
3690.1,64.95,89.3,0.0,2.4,6,-48.682,-0.215,20.885
3690.1,65.11,89.3,0.0,0.3,6,-44.844,-0.170,20.188
3690.1,65.23,89.3,0.0,-2.1,6,-42.283,-0.140,19.702
3690.1,65.40,89.4,0.0,-4.2,6,-38.437,-0.097,18.956
3703.1,65.51,87.7,0.0,-4.9,6,-35.866,-0.069,18.459
3703.1,65.67,89.5,0.0,-2.7,6,-32.000,-0.030,17.729
3703.1,65.79,89.6,0.0,-2.4,6,-29.414,-0.005,17.256
3703.1,65.96,89.6,0.0,-3.8,6,-25.522,0.028,16.569
3716.2,66.07,89.6,0.0,-4.8,6,-22.919,0.046,16.127
3716.2,66.24,89.7,0.0,-6.5,6,-19.003,0.070,15.491
3716.2,66.38,89.8,0.0,-6.9,6,-15.070,0.092,14.895
3716.2,66.49,89.8,0.0,-6.8,6,-12.439,0.108,14.525
3729.6,66.63,89.8,0.0,-7.0,6,-8.478,0.133,14.015
3799.0,68.57,90.7,0.0,-12.3,6,68.002,1.088,19.342
3813.2,68.62,90.9,0.0,-11.6,6,70.635,1.128,20.112
3813.2,68.72,90.8,0.0,-10.8,6,74.567,1.187,21.340
3813.2,68.75,90.8,0.0,-10.3,6,77.175,1.226,22.209
3813.2,68.80,90.9,0.0,-10.1,6,81.065,1.285,23.589
3827.4,68.90,90.8,0.0,-10.0,6,83.643,1.324,24.557
3827.4,68.98,90.8,0.0,-10.2,6,87.486,1.382,26.084
3827.4,69.00,91.0,0.0,-10.5,6,90.030,1.422,27.152
3827.4,69.11,90.9,0.0,-11.8,6,93.820,1.482,28.826
3841.3,69.20,90.9,0.0,-12.5,6,97.578,1.543,30.585
3841.3,69.27,91.0,0.0,-12.7,6,100.063,1.584,31.805
3841.3,69.36,91.0,0.0,-12.3,6,103.763,1.649,33.703
3841.3,69.43,91.0,0.0,-11.6,6,106.210,1.691,35.012
3855.2,69.52,91.1,0.0,-10.5,6,109.850,1.756,37.043
3855.2,69.59,91.1,0.0,-10.0,6,112.255,1.799,38.440
3855.2,69.69,91.1,0.0,-9.6,6,115.831,1.864,40.600
3855.2,69.76,91.1,0.0,-9.6,6,118.193,1.906,42.082
3869.1,69.86,91.2,0.0,-9.8,6,121.703,1.969,44.366
3869.1,69.94,91.2,0.0,-9.8,6,124.022,2.009,45.927
3869.1,70.04,91.2,0.0,-9.5,6,127.468,2.066,48.326
3869.1,70.12,91.2,0.0,-9.1,6,129.743,2.104,49.963
3883.0,70.23,91.2,0.0,-9.0,6,133.122,2.158,52.473
3883.0,70.34,91.3,0.0,-8.6,6,136.462,2.207,55.047
3883.0,70.42,91.3,0.0,-8.5,6,138.666,2.239,56.798
3883.0,70.53,91.3,0.0,-8.5,6,141.938,2.282,59.475
3897.1,70.60,91.4,0.0,-8.9,6,144.096,2.307,61.294
3897.1,70.72,91.4,0.0,-7.9,6,147.300,2.337,64.069
3897.1,70.80,91.4,0.0,-6.4,6,149.413,2.354,65.952
3897.1,70.92,91.4,0.0,-4.4,6,152.547,2.376,68.825
3911.2,71.00,91.4,0.0,-3.4,6,154.613,2.388,70.770
3911.2,71.09,54.2,17.2,-2.4,6,157.684,2.405,73.727
3911.2,70.82,2.0,41.6,-2.0,6,159.709,2.415,75.719
3911.2,69.95,0.0,74.7,-1.2,6,162.700,2.431,78.706
3925.3,69.18,0.0,83.3,-0.3,6,164.659,2.442,80.684
3925.3,67.92,0.0,88.8,0.5,6,167.542,2.461,83.622
3925.3,67.05,0.0,89.8,0.6,6,169.428,2.475,85.555
3925.3,65.73,0.0,91.0,0.5,0,172.206,2.496,88.414
3938.8,64.43,0.0,92.4,0.4,5,174.927,2.519,91.218
3938.8,63.56,0.0,92.8,0.4,5,176.710,2.534,93.056
3938.8,62.22,0.0,91.2,2.2,5,179.341,2.554,95.764
3938.8,61.34,0.0,90.7,1.1,5,181.067,2.567,97.534
3951.3,60.03,0.0,90.6,-0.9,5,183.617,2.587,100.138
3951.3,59.17,0.0,91.3,0.7,5,185.289,2.600,101.839
3951.3,57.89,0.0,91.7,0.8,5,187.757,2.619,104.341
3951.3,57.03,0.0,91.9,0.5,0,189.376,2.630,105.975
3963.0,55.74,0.0,91.8,0.0,4,191.764,2.645,108.375
3963.0,54.86,0.0,91.2,-0.0,4,193.330,2.655,109.940
3963.0,53.59,0.0,91.1,0.2,4,195.638,2.671,112.236
3963.0,52.74,0.0,90.9,0.5,4,197.151,2.684,113.733
3973.9,51.46,0.0,90.9,0.8,4,199.382,2.704,115.927
3973.9,50.62,0.0,90.9,1.4,4,200.843,2.719,117.355
3973.9,49.36,0.0,91.4,2.8,4,202.997,2.743,119.445
3973.9,48.52,0.0,91.2,3.8,4,204.409,2.760,120.803
3983.9,47.27,0.0,91.6,3.6,4,206.493,2.787,122.786
3983.9,46.02,34.7,91.4,3.0,0,208.536,2.813,124.702
3983.9,45.20,0.0,91.1,3.2,3,209.876,2.829,125.943
3993.1,43.95,0.0,90.2,2.2,3,211.852,2.853,127.748
3993.1,43.14,0.0,88.9,3.6,3,213.148,2.867,128.914
3993.1,41.94,0.0,86.3,5.9,3,215.061,2.887,130.606
3993.1,41.16,0.0,84.6,5.8,3,216.318,2.899,131.695
4001.5,40.04,0.0,70.1,6.2,3,218.178,2.915,133.272
4001.5,39.40,0.0,61.6,5.3,3,219.403,2.923,134.285
4001.5,38.52,0.0,52.2,1.6,0,221.227,2.932,135.748
4001.5,38.03,34.3,48.4,0.2,0,222.436,2.937,136.688
4009.2,37.28,0.0,44.3,0.0,2,224.243,2.943,138.048
4009.2,36.83,0.0,41.5,1.3,2,225.442,2.945,138.921
4009.2,36.20,0.0,40.0,8.2,2,227.233,2.947,140.185
4009.2,35.79,0.0,38.8,12.6,2,228.422,2.947,140.998
4016.4,35.19,0.0,37.9,15.7,2,230.199,2.946,142.173
4016.4,34.61,0.0,38.5,16.7,2,231.969,2.943,143.294
4016.4,34.22,0.0,37.0,16.9,2,233.146,2.940,144.010
4016.4,33.65,0.0,35.5,15.7,2,234.906,2.934,145.035
4023.1,33.28,0.0,35.6,15.1,2,236.076,2.929,145.686
4023.1,32.73,0.0,30.5,15.4,2,237.828,2.920,146.611
4023.1,32.40,0.0,24.6,15.7,2,238.994,2.914,147.193
4023.1,31.99,0.0,19.1,15.4,2,240.742,2.904,148.016
4029.4,31.74,0.0,15.4,16.4,2,241.908,2.897,148.531
4029.4,31.45,0.0,10.1,19.2,2,243.660,2.887,149.255
4029.4,31.28,0.0,8.8,20.9,2,244.832,2.880,149.705
4029.4,31.05,0.0,8.8,23.6,2,246.593,2.870,150.333
4035.4,30.89,0.0,4.3,25.7,2,247.770,2.864,150.719
4035.4,30.72,0.0,3.2,27.4,2,249.540,2.854,151.251
4035.4,30.60,0.0,3.9,28.0,2,250.724,2.847,151.573
4035.4,30.42,0.0,0.7,29.5,2,252.503,2.836,152.007
4041.3,30.27,0.4,0.4,29.6,2,254.285,2.824,152.380
4041.3,30.16,0.0,1.8,29.2,2,255.475,2.816,152.593
4041.3,30.00,1.3,0.5,29.9,2,257.260,2.804,152.859
4041.3,29.90,3.0,0.0,30.4,2,258.450,2.796,152.999
4047.3,29.76,0.8,1.1,30.6,2,260.233,2.786,153.154
4047.3,29.65,0.0,0.9,31.3,2,261.420,2.779,153.222
4047.3,29.51,5.7,0.0,31.8,2,263.194,2.769,153.267
4047.3,29.43,4.5,0.0,32.0,2,264.373,2.763,153.260
4053.6,29.31,37.2,0.0,32.6,0,266.134,2.755,153.194
4053.6,29.24,6.2,0.0,32.7,1,267.302,2.751,153.112
4053.6,29.09,3.7,0.0,32.6,1,269.043,2.747,152.932
4053.6,28.99,5.2,0.0,33.4,1,270.194,2.745,152.775
4061.1,28.87,8.0,0.0,36.5,1,271.906,2.744,152.487
4061.1,28.79,5.5,0.0,39.0,1,273.036,2.744,152.259
4061.1,28.65,11.9,0.0,42.2,1,274.714,2.746,151.864
4061.1,28.58,11.5,0.0,43.2,1,275.818,2.748,151.564
4068.0,28.48,8.0,0.0,43.0,1,277.454,2.755,151.059
4068.0,28.39,14.3,0.0,45.2,1,279.062,2.765,150.490
4068.0,28.33,13.8,0.0,46.4,1,280.118,2.772,150.076
4068.0,28.26,26.2,0.0,45.8,1,281.676,2.786,149.402
4076.0,28.31,35.3,0.0,45.9,1,282.697,2.798,148.916
4076.0,28.45,41.3,0.0,43.7,1,284.206,2.822,148.129
4076.0,28.57,41.2,0.0,40.8,1,285.197,2.840,147.566
4076.0,28.77,47.1,0.0,37.5,1,286.662,2.869,146.667
4082.6,28.93,47.3,0.0,35.8,1,287.625,2.890,146.032
4082.6,29.16,44.9,0.0,33.2,1,289.048,2.922,145.027
4082.6,29.30,47.7,0.0,31.3,1,289.980,2.944,144.322
4082.6,29.53,45.3,0.0,28.2,1,291.352,2.978,143.213
4089.4,29.70,48.6,0.0,26.9,1,292.248,3.002,142.440
4089.4,29.96,49.3,0.0,26.4,1,293.563,3.041,141.227
4089.4,30.11,46.1,0.0,27.3,1,294.420,3.068,140.386
4089.4,30.32,41.4,0.0,28.7,1,295.675,3.108,139.079
4095.2,30.51,42.6,0.0,29.2,1,296.892,3.147,137.720
4095.2,30.64,45.1,0.0,29.7,1,297.682,3.172,136.787
4095.2,30.88,50.3,0.0,28.9,1,298.835,3.207,135.347
4095.2,31.06,54.3,0.0,27.1,1,299.582,3.230,134.360
4101.0,31.32,46.2,0.0,22.7,1,300.672,3.261,132.839
4101.0,31.44,39.6,0.0,18.9,1,301.375,3.280,131.800
4101.0,31.62,41.1,0.0,12.8,1,302.392,3.305,130.205
4101.0,31.73,41.1,0.0,9.2,1,303.045,3.321,129.120
4107.0,31.92,42.0,0.0,5.2,1,303.986,3.341,127.459
4107.0,32.06,51.1,0.0,4.4,1,304.588,3.354,126.330
4107.0,32.32,47.3,0.0,4.8,1,305.454,3.370,124.605
4107.0,32.52,60.9,0.0,6.2,1,306.007,3.380,123.433
4113.3,32.91,63.1,0.0,9.5,1,306.801,3.395,121.639
4113.3,33.18,66.1,0.0,12.2,1,307.309,3.404,120.419
4113.3,33.60,70.4,0.0,15.9,1,308.036,3.417,118.554
4113.3,33.90,71.6,0.0,17.6,1,308.500,3.425,117.287
4119.8,34.32,74.6,0.0,19.7,1,309.163,3.436,115.351
4119.8,34.75,72.0,0.0,19.2,1,309.783,3.447,113.375
4119.8,35.00,73.4,0.0,17.4,0,310.170,3.454,112.035
4126.8,35.00,73.8,0.0,14.2,2,310.705,3.465,110.004
4126.8,35.26,78.4,0.0,12.7,2,311.028,3.473,108.638
4126.8,35.67,75.5,0.0,11.3,2,311.473,3.486,106.557
4126.8,35.94,66.5,0.0,11.0,2,311.741,3.496,105.151
4133.9,36.24,53.2,0.0,11.3,2,312.097,3.512,103.015
4133.9,36.39,38.8,0.0,14.9,2,312.303,3.524,101.577
4133.9,36.37,5.5,3.3,17.8,2,312.561,3.544,99.409
4133.9,36.23,0.0,8.1,17.0,2,312.701,3.558,97.963
4141.1,35.91,0.0,30.6,13.0,2,312.865,3.580,95.804
4141.1,35.56,0.0,42.6,9.3,2,312.945,3.596,94.376
4141.1,34.87,0.0,54.7,4.3,2,313.031,3.623,92.263
4141.1,34.34,0.0,64.9,2.1,2,313.068,3.642,90.878
4147.9,33.41,0.0,74.3,0.7,2,313.101,3.673,88.843
4147.9,32.74,0.0,78.0,-0.9,2,313.111,3.695,87.519
4147.9,31.68,0.0,80.5,-4.4,2,313.118,3.729,85.585
4147.9,30.61,36.2,81.2,-7.4,0,313.121,3.762,83.714
4154.0,29.90,0.0,80.9,-9.0,1,313.127,3.785,82.503
4154.0,28.84,0.0,68.5,-11.1,1,313.144,3.818,80.739
4154.0,28.20,0.0,55.0,-12.5,1,313.164,3.840,79.598
4154.0,27.47,0.0,40.1,-15.1,1,313.215,3.870,77.928
4159.4,27.07,0.0,33.6,-16.9,1,313.264,3.889,76.838
4159.4,26.57,0.0,27.0,-19.4,1,313.366,3.916,75.231
4159.4,26.27,0.0,22.9,-21.1,1,313.453,3.932,74.177
4159.4,25.89,0.0,17.6,-23.6,1,313.614,3.954,72.621
4164.5,25.66,0.0,16.6,-24.9,1,313.743,3.968,71.598
4164.5,25.34,0.0,14.8,-26.2,1,313.972,3.987,70.085
4164.5,25.14,0.0,13.3,-27.0,1,314.147,3.998,69.090
4164.5,24.85,0.0,11.1,-28.8,1,314.446,4.014,67.620
4169.5,24.68,0.0,12.2,-29.9,1,314.669,4.024,66.655
4169.5,24.41,0.0,11.6,-30.0,1,315.039,4.038,65.229
4169.5,24.24,0.0,11.1,-30.9,1,315.310,4.046,64.294
4169.5,23.98,0.0,10.0,-32.5,1,315.751,4.056,62.916
4174.3,23.73,0.0,10.2,-33.3,1,316.235,4.064,61.568
4174.3,23.57,0.0,9.2,-33.5,1,316.582,4.070,60.688
4174.3,23.34,0.0,7.1,-34.4,1,317.136,4.075,59.394
4174.3,23.20,0.0,5.7,-35.2,1,317.530,4.078,58.551
4179.0,23.01,0.0,6.3,-36.0,1,318.155,4.081,57.313
4179.0,22.88,0.0,6.0,-37.3,1,318.595,4.082,56.507
4179.0,22.69,0.0,4.8,-38.8,1,319.288,4.082,55.329
4179.0,22.57,0.0,4.1,-39.2,1,319.772,4.082,54.564
4183.4,22.40,0.0,3.3,-39.1,1,320.531,4.079,53.449
4183.4,22.29,0.0,5.9,-39.1,1,321.058,4.076,52.727
4183.4,22.09,0.0,5.8,-39.9,1,321.878,4.070,51.678
4183.4,21.96,0.0,5.8,-39.8,1,322.444,4.065,51.002
4187.5,21.78,0.0,6.1,-39.1,1,323.321,4.057,50.026
4187.5,21.65,0.0,6.1,-38.9,1,323.922,4.052,49.399
4187.5,21.45,0.0,8.0,-39.5,1,324.850,4.043,48.497
4187.5,21.31,0.0,7.3,-40.4,1,325.483,4.037,47.922
4191.5,21.12,0.0,6.1,-42.5,1,326.452,4.026,47.097
4191.5,20.94,0.0,4.8,-44.8,1,327.446,4.015,46.319
4191.5,20.82,0.0,4.3,-45.4,1,328.121,4.006,45.828
4191.5,20.68,5.7,0.0,-51.6,1,329.153,3.993,45.132
4195.6,20.68,24.5,0.0,-53.8,1,329.856,3.984,44.695
4195.6,20.82,43.0,0.0,-55.0,1,330.937,3.970,44.080
4195.6,20.99,51.5,0.0,-55.5,1,331.678,3.960,43.693
4195.6,21.29,55.6,0.0,-47.4,1,332.822,3.945,43.148
4200.1,21.43,40.4,0.0,-47.9,1,333.606,3.935,42.808
4200.1,21.59,35.6,0.0,-45.8,1,334.809,3.920,42.342
4200.1,21.72,33.2,0.0,-44.0,1,335.628,3.910,42.061
4200.1,21.97,46.7,0.0,-38.0,1,336.881,3.895,41.683
4205.0,22.15,46.1,0.0,-33.8,1,337.735,3.886,41.459
4205.0,22.47,53.9,0.0,-31.0,1,339.040,3.872,41.165
4205.0,22.71,54.1,0.0,-31.5,1,339.927,3.864,40.996
4205.0,23.05,51.4,0.0,-35.9,1,341.282,3.852,40.781
4210.2,23.25,47.2,0.0,-38.9,1,342.200,3.844,40.664
4210.2,23.52,49.2,0.0,-48.7,1,343.596,3.833,40.532
4210.2,23.82,54.7,0.0,-58.8,1,345.013,3.822,40.451
4210.2,24.02,51.2,0.0,-64.4,1,345.969,3.814,40.427
4215.9,24.26,41.5,0.0,-72.7,1,347.418,3.804,40.439
4215.9,24.35,31.7,0.0,-79.5,1,348.389,3.798,40.481
4215.9,24.32,14.6,0.0,-87.3,1,349.846,3.790,40.595
4215.9,24.23,10.8,0.0,-90.7,1,350.811,3.786,40.708
4221.8,24.11,14.5,0.0,-94.6,1,352.244,3.781,40.930
4221.8,24.04,13.8,0.0,-93.0,1,353.190,3.778,41.113
4221.8,23.90,9.5,0.0,-88.7,1,354.590,3.776,41.440
4221.8,23.81,9.5,0.0,-84.7,1,355.511,3.774,41.692
4227.6,23.69,13.8,0.0,-87.0,1,356.870,3.772,42.120
4227.6,23.61,10.3,0.0,-82.5,1,357.762,3.772,42.438
4227.6,23.48,10.3,0.0,-85.5,1,359.073,3.772,42.964
4227.6,23.40,10.6,0.0,-85.4,1,359.930,3.773,43.346
4233.2,23.28,10.6,0.0,-79.5,1,361.187,3.776,43.964
4233.2,23.21,11.9,0.0,-71.1,1,362.005,3.778,44.405
4233.2,23.18,27.2,0.0,-59.4,1,363.203,3.783,45.110
4238.4,23.43,71.1,0.0,-44.0,1,364.374,3.790,45.871
4238.4,23.76,57.8,0.0,-32.5,1,365.148,3.795,46.409
4238.4,24.18,74.4,0.0,-17.9,1,366.303,3.804,47.263
4238.4,24.53,69.5,0.0,-11.4,1,367.071,3.810,47.861
4243.4,25.09,77.8,0.0,-8.1,1,368.227,3.820,48.797
4243.4,25.49,77.7,0.0,-9.3,1,369.000,3.826,49.448
4243.4,26.07,76.0,0.0,-13.8,1,370.168,3.836,50.461
4243.4,26.45,75.6,0.0,-16.4,1,370.949,3.843,51.163
4248.6,27.03,76.5,0.0,-19.3,1,372.124,3.852,52.253
4248.6,27.40,78.1,0.0,-22.2,1,372.908,3.859,53.007
4248.6,27.97,78.0,0.0,-21.3,1,374.083,3.868,54.180
4248.6,28.35,73.1,0.0,-18.3,1,374.863,3.873,54.992
4253.9,28.90,77.3,0.0,-14.2,1,376.027,3.881,56.253
4253.9,29.28,76.0,0.0,-13.1,1,376.798,3.887,57.123
4253.9,29.84,77.6,0.0,-13.4,1,377.946,3.895,58.473
4253.9,30.22,75.9,0.0,-14.0,1,378.705,3.900,59.403
4259.6,30.76,74.3,0.0,-15.3,1,379.831,3.907,60.844
4259.6,31.27,74.6,0.0,-16.7,1,380.939,3.914,62.338
4259.6,31.62,76.3,0.0,-18.0,1,381.667,3.918,63.363
4259.6,32.16,80.7,0.0,-18.3,1,382.741,3.923,64.945
4265.7,32.52,81.9,0.0,-17.2,1,383.444,3.926,66.030
4265.7,33.05,81.5,0.0,-15.9,1,384.478,3.930,67.703
4265.7,33.39,75.0,0.0,-13.8,1,385.151,3.933,68.848
4265.7,33.90,86.0,0.0,-10.0,1,386.134,3.937,70.609
4272.2,34.26,86.0,0.0,-8.0,1,386.772,3.940,71.813
4272.2,34.82,86.1,0.0,-6.5,1,387.705,3.944,73.662
4272.2,35.05,0.0,0.0,-6.2,0,388.311,3.947,74.923
4272.2,35.22,83.9,0.0,-7.7,2,389.183,3.948,76.837
4279.1,35.55,84.0,0.0,-9.0,2,389.749,3.949,78.134
4279.1,36.09,84.2,0.0,-10.3,2,390.582,3.948,80.114
4279.1,36.45,84.4,0.0,-10.3,2,391.127,3.945,81.457
4279.1,36.94,82.6,0.0,-10.0,2,391.926,3.942,83.508
4286.2,37.24,82.9,0.0,-9.5,2,392.446,3.938,84.897
4286.2,37.58,62.2,0.0,-6.7,2,393.204,3.932,87.009
4286.2,38.01,84.9,0.0,-4.9,2,393.933,3.924,89.153
4286.2,38.33,84.2,0.0,-4.4,2,394.404,3.921,90.606
4293.7,38.85,85.1,0.0,-3.8,2,395.091,3.917,92.817
4293.7,39.20,85.0,0.0,-4.0,2,395.536,3.917,94.313
4293.7,39.72,85.1,0.0,-4.1,2,396.186,3.915,96.589
4293.7,40.04,85.2,0.0,-4.4,2,396.608,3.913,98.127
4301.4,40.52,85.3,0.0,-4.6,2,397.226,3.910,100.463
4301.4,40.88,85.3,0.0,-4.5,2,397.627,3.907,102.041
4301.4,41.34,85.5,0.0,-4.2,2,398.214,3.904,104.435
4301.4,41.66,85.6,0.0,-4.0,2,398.595,3.903,106.050
4309.4,42.09,85.7,0.0,-4.2,2,399.152,3.901,108.500
4309.4,42.43,85.7,0.0,-4.1,2,399.516,3.898,110.150
4309.4,42.88,85.8,0.0,-4.2,2,400.046,3.892,112.653
4309.4,43.19,85.8,0.0,-4.7,2,400.391,3.888,114.340
4317.9,43.33,0.0,0.0,-5.4,0,400.890,3.883,116.890
4317.9,43.50,84.1,0.0,-5.6,3,401.210,3.880,118.595
4317.9,43.92,84.2,0.0,-6.2,3,401.673,3.876,121.175
4317.9,44.33,84.4,0.0,-6.7,3,402.113,3.873,123.786
4373.6,50.81,85.8,0.0,-12.3,3,404.286,3.767,172.254
4485.4,59.27,88.0,0.0,-6.7,4,357.004,3.820,269.002
4485.4,59.44,88.1,0.0,-6.8,4,355.352,3.821,270.707
4485.4,59.69,88.2,0.0,-6.9,4,352.836,3.821,273.245
4485.4,59.93,88.3,0.0,-6.5,4,350.276,3.822,275.759
4497.3,60.07,88.5,0.0,-7.3,4,348.544,3.824,277.420
4497.3,60.34,88.5,0.0,-6.7,4,345.911,3.827,279.892
4497.3,60.48,88.6,0.0,-6.0,4,344.132,3.829,281.525
4497.3,60.69,88.8,0.0,-4.0,4,341.427,3.836,283.953
4509.4,60.84,88.8,0.0,-3.2,4,339.601,3.843,285.558
4509.4,61.06,88.9,0.0,-1.5,4,336.835,3.847,287.950
4509.4,61.25,88.9,0.0,-0.1,4,334.973,3.845,289.536
4509.4,61.51,89.0,0.0,0.8,4,332.156,3.838,291.909
4521.6,61.67,89.1,0.0,0.1,4,330.265,3.836,293.488
4521.6,61.91,89.2,0.0,-0.5,4,327.414,3.837,295.856
4521.6,62.06,89.2,0.0,-0.5,0,325.504,3.836,297.437
4521.6,62.01,88.0,0.0,-0.2,5,322.635,3.836,299.808
4534.0,62.17,88.0,0.0,0.2,5,320.720,3.835,301.389
4534.0,62.40,88.1,0.0,0.6,5,317.838,3.834,303.768
4534.0,62.62,88.2,0.0,0.8,5,314.945,3.835,306.155
4534.0,62.77,88.3,0.0,0.8,5,313.012,3.839,307.752
4546.4,62.99,88.4,0.0,0.7,5,310.106,3.845,310.157
4546.4,63.15,88.4,0.0,0.7,5,308.164,3.848,311.768
4546.4,63.37,88.5,0.0,0.7,5,305.247,3.853,314.195
4546.4,63.51,88.6,0.0,0.8,5,303.298,3.857,315.821
4559.1,63.73,88.7,0.0,0.9,5,300.372,3.865,318.271
4559.1,63.88,88.7,0.0,0.8,5,298.418,3.870,319.913
4559.1,64.10,88.8,0.0,0.8,5,295.483,3.874,322.388
4559.1,64.24,88.9,0.0,0.8,5,293.525,3.877,324.047
4571.9,64.46,88.9,0.0,0.8,5,290.583,3.876,326.547
4571.9,64.60,89.0,0.0,0.9,5,288.619,3.871,328.222
4571.9,64.82,89.1,0.0,0.8,5,285.669,3.865,330.746
4571.9,64.96,89.1,0.0,0.8,5,283.701,3.860,332.437
4584.8,65.17,89.2,0.0,0.7,5,280.744,3.851,334.985
4584.8,65.30,89.2,0.0,0.6,5,278.771,3.846,336.692
4584.8,65.51,89.3,0.0,0.5,5,275.807,3.844,339.264
4584.8,65.72,89.4,0.0,0.3,5,272.839,3.844,341.849
4597.9,65.85,89.5,0.0,0.2,5,270.857,3.846,343.579
4597.9,66.05,89.5,0.0,0.2,5,267.878,3.848,346.184
4597.9,66.19,89.6,0.0,0.1,5,265.889,3.851,347.926
4597.9,66.38,89.7,0.0,0.1,5,262.900,3.859,350.549
4611.2,66.52,89.7,0.0,0.1,5,260.903,3.867,352.303
4611.2,66.72,89.8,0.0,0.2,5,257.901,3.880,354.941
4611.2,66.85,89.8,0.0,0.2,5,255.895,3.890,356.705
4611.2,67.04,89.9,0.0,0.1,5,252.880,3.904,359.357
4624.5,67.16,89.9,0.0,-0.1,5,250.865,3.912,361.130
4624.5,67.36,90.0,0.0,-0.1,5,247.836,3.929,363.797
4624.5,67.49,90.0,0.0,0.0,5,245.812,3.939,365.579
4624.5,67.68,90.1,0.0,0.2,5,242.769,3.950,368.259
4638.0,67.87,90.2,0.0,0.2,5,239.718,3.960,370.947
4638.0,67.99,90.2,0.0,0.1,5,237.679,3.967,372.743
4638.0,68.18,90.3,0.0,0.0,5,234.615,3.972,375.443
4638.0,68.30,90.3,0.0,0.1,5,232.567,3.973,377.248
4651.6,68.49,90.4,0.0,0.1,5,229.489,3.972,379.962
4651.6,68.61,90.4,0.0,0.1,5,227.433,3.971,381.776
4651.6,68.79,90.5,0.0,0.0,5,224.342,3.966,384.503
4651.6,68.91,90.5,0.0,0.0,5,222.278,3.963,386.325
4665.3,69.08,90.6,0.0,0.0,5,219.174,3.959,389.064
4665.3,69.21,90.6,0.0,0.1,5,217.101,3.956,390.895
4665.3,69.39,90.7,0.0,0.0,5,213.984,3.949,393.646
4665.3,69.50,90.7,0.0,-0.0,5,211.903,3.944,395.485
4679.2,69.67,90.8,0.0,-0.0,5,208.774,3.936,398.249
4679.2,69.78,90.8,0.0,0.1,5,206.684,3.931,400.095
4679.2,69.96,90.9,0.0,0.1,5,203.543,3.926,402.871
4679.2,70.07,90.9,0.0,0.1,5,201.445,3.923,404.726
4693.2,70.24,91.0,0.0,0.0,5,198.291,3.918,407.513
4693.2,70.40,91.0,0.0,-0.0,5,195.131,3.913,410.308
4693.2,70.52,91.0,0.0,0.0,5,193.020,3.910,412.175
4707.3,70.68,91.1,0.0,0.1,5,189.848,3.904,414.982
4707.3,70.79,91.1,0.0,0.1,5,187.730,3.901,416.857
4707.3,70.95,91.2,0.0,0.1,5,184.546,3.896,419.675
4707.3,71.05,91.2,0.0,0.1,5,182.421,3.894,421.558
4721.4,71.21,91.3,0.0,0.1,5,179.227,3.891,424.388
4721.4,71.31,91.3,0.0,0.1,5,177.094,3.888,426.279
4721.4,71.47,91.4,0.0,0.1,5,173.890,3.883,429.122
4721.4,71.57,91.4,0.0,0.2,5,171.751,3.879,431.022
4735.7,71.72,91.5,0.0,0.2,5,168.538,3.873,433.877
4735.7,71.87,91.5,0.0,0.2,5,165.319,3.868,436.740
4735.7,71.97,91.6,0.0,0.1,5,163.170,3.867,438.653
4735.7,72.04,0.0,0.0,0.1,0,159.944,3.866,441.528
4750.1,71.97,90.7,0.0,-0.0,6,157.794,3.865,443.444
4750.1,72.11,90.7,0.0,0.0,6,154.569,3.866,446.322
4750.1,72.20,90.7,0.0,0.2,6,152.417,3.869,448.244
4750.1,72.35,90.8,0.0,0.2,6,149.182,3.874,451.132
4764.6,72.45,90.8,0.0,0.2,6,147.023,3.876,453.061
4764.6,72.59,90.9,0.0,0.2,6,143.780,3.878,455.961
4764.6,72.68,90.9,0.0,0.1,6,141.615,3.880,457.899
4764.6,72.82,90.9,0.0,-0.0,6,138.364,3.883,460.811
4779.1,72.91,90.9,0.0,0.0,6,136.193,3.885,462.756
4779.1,73.05,91.0,0.0,-0.1,6,132.933,3.887,465.679
4779.1,73.14,91.0,0.0,-0.1,6,130.757,3.888,467.632
4779.1,73.28,91.1,0.0,0.0,6,127.486,3.891,470.564
4793.7,73.37,91.1,0.0,0.0,6,125.303,3.893,472.522
4793.7,73.51,91.1,0.0,-0.0,6,122.022,3.895,475.463
4793.7,73.64,91.2,0.0,-0.0,6,118.735,3.897,478.410
4793.7,73.73,91.2,0.0,-0.1,6,116.541,3.897,480.377
4808.4,73.87,91.2,0.0,-0.1,6,113.243,3.896,483.332
4808.4,73.95,91.3,0.0,-0.0,6,111.042,3.894,485.305
4808.4,74.09,91.3,0.0,-0.1,6,107.734,3.890,488.269
4808.4,74.18,91.3,0.0,-0.2,6,105.526,3.886,490.247
4823.2,74.31,91.3,0.0,-0.2,6,102.207,3.878,493.218
4823.2,74.39,91.4,0.0,-0.0,6,99.991,3.872,495.201
4823.2,74.52,91.4,0.0,0.1,6,96.661,3.864,498.179
4823.2,74.61,91.4,0.0,0.1,6,94.438,3.857,500.167
4838.2,74.74,91.5,0.0,0.0,6,91.098,3.842,503.152
4838.2,74.82,91.5,0.0,-0.0,6,88.868,3.831,505.146
4838.2,74.95,91.5,0.0,-0.1,6,85.518,3.813,508.141
4838.2,75.04,91.5,0.0,-0.4,6,83.282,3.800,510.140
4853.1,75.16,91.6,0.0,-0.4,6,79.923,3.780,513.142
4853.1,75.28,91.6,0.0,-0.5,6,76.557,3.759,516.148
4853.1,75.37,91.6,0.0,-0.2,6,74.308,3.745,518.153
4853.1,75.49,91.7,0.0,-0.0,6,70.929,3.722,521.163
4868.2,75.57,91.7,0.0,-0.3,6,68.671,3.707,523.171
4868.2,75.70,91.7,0.0,-0.6,6,65.279,3.683,526.185
4868.2,75.78,91.8,0.0,-0.2,6,63.013,3.665,528.196
4868.2,75.90,91.8,0.0,-0.5,6,59.608,3.639,531.214
4883.3,75.98,91.8,0.0,-0.6,6,57.334,3.619,533.227
4883.3,76.10,91.8,0.0,-0.4,6,53.915,3.587,536.247
4883.3,76.18,91.8,0.0,-1.0,6,51.631,3.564,538.261
4883.3,76.29,91.9,0.0,-1.0,6,48.196,3.528,541.281
4898.5,76.38,91.9,0.0,-0.4,6,45.900,3.503,543.294
4898.5,76.50,91.9,0.0,-0.1,6,42.446,3.462,546.311
4898.5,76.58,91.9,0.0,0.1,6,40.137,3.433,548.321
4898.5,76.69,92.0,0.0,0.1,6,36.667,3.385,551.337
4913.8,76.77,92.0,0.0,0.2,6,34.350,3.349,553.349
4913.8,76.88,92.0,0.0,-0.1,6,30.869,3.292,556.370
4913.8,77.00,92.1,0.0,-0.3,6,27.383,3.235,559.394
4913.8,77.07,92.1,0.0,-0.6,6,25.056,3.195,561.414
4929.2,77.18,92.1,0.0,1.8,6,21.561,3.137,564.446
4929.2,77.26,92.1,0.0,2.2,6,19.230,3.097,566.472
4929.2,77.37,92.2,0.0,1.6,6,15.734,3.036,569.520
4929.2,77.44,92.2,0.0,0.8,6,13.406,2.995,571.561
4944.7,77.55,92.2,0.0,-0.0,6,9.919,2.936,574.635
4944.7,77.62,92.2,0.0,-0.2,6,7.596,2.897,576.693
4944.7,77.73,92.3,0.0,-0.2,6,4.112,2.843,579.787
4944.7,77.68,31.6,19.1,-0.3,6,1.789,2.808,581.852
4960.2,77.04,0.0,73.6,-0.7,6,-1.686,2.749,584.938
4960.2,76.24,0.0,82.8,-1.1,6,-3.980,2.707,586.974
4960.2,74.96,0.0,90.2,-1.1,6,-7.378,2.650,589.983
4960.2,74.06,0.0,91.4,-1.1,6,-9.614,2.613,591.956
4975.4,72.70,0.0,92.3,-1.0,6,-12.921,2.559,594.866
4975.4,71.79,0.0,92.5,-1.0,6,-15.096,2.525,596.771
4975.4,70.43,0.0,92.5,-1.0,6,-18.313,2.476,599.577
4989.6,69.09,0.0,92.5,-1.0,6,-21.477,2.428,602.321
4989.6,68.19,0.0,92.8,-1.0,6,-23.557,2.396,604.115
4989.6,66.85,0.0,92.3,-1.2,6,-26.633,2.346,606.756
4989.6,65.97,28.9,92.0,-1.1,0,-28.653,2.312,608.482
5003.0,64.64,0.0,92.2,-0.8,5,-31.642,2.263,611.020
5003.0,63.76,0.0,91.7,-0.8,5,-33.605,2.232,612.677
5003.0,62.44,0.0,91.7,-0.4,5,-36.507,2.187,615.112
5003.0,61.57,0.0,92.0,0.4,5,-38.413,2.159,616.702
5015.5,60.26,0.0,91.6,0.7,5,-41.225,2.116,619.041
5015.5,59.40,0.0,91.7,0.2,5,-43.068,2.089,620.569
5015.5,58.11,0.0,92.0,-1.2,5,-45.786,2.047,622.818
5015.5,57.25,0.0,91.8,-2.1,5,-47.567,2.019,624.288
5027.1,55.96,32.4,91.6,-3.4,0,-50.192,1.979,626.446
5027.1,55.12,0.0,91.7,-4.0,4,-51.914,1.952,627.853
5027.1,53.91,0.0,48.8,-4.1,4,-54.456,1.914,629.913
5027.1,53.39,0.0,52.7,-4.2,4,-56.133,1.889,631.253
5037.9,52.54,0.0,67.5,-5.0,4,-58.632,1.852,633.220
5037.9,51.55,0.0,62.6,-6.0,4,-61.107,1.815,635.127
5037.9,50.96,0.0,53.0,-6.2,4,-62.743,1.790,636.365
5037.9,50.18,0.0,41.1,-5.9,4,-65.182,1.752,638.169
5048.1,49.76,0.0,35.2,-6.0,4,-66.804,1.728,639.339
5048.1,49.19,0.0,31.8,-6.6,4,-69.234,1.693,641.045
5048.1,48.84,0.0,32.7,-8.2,4,-70.854,1.671,642.150
5048.1,48.29,0.0,41.6,-9.8,4,-73.284,1.638,643.761
5057.8,47.60,0.0,52.5,-10.2,4,-75.709,1.606,645.310
5057.8,47.08,0.0,51.3,-10.2,4,-77.321,1.584,646.306
5057.8,46.32,0.0,49.5,-9.4,4,-79.728,1.552,647.744
5057.8,45.83,0.0,46.2,-9.1,0,-81.326,1.530,648.664
5067.0,45.15,0.0,40.5,-8.3,3,-83.714,1.498,649.986
5067.0,44.73,0.0,36.8,-8.4,3,-85.303,1.476,650.828
5067.0,44.13,0.0,27.3,-9.1,3,-87.680,1.442,652.036
5067.0,43.80,0.0,23.5,-9.5,3,-89.264,1.420,652.802
5075.8,43.36,0.0,23.0,-10.7,3,-91.640,1.387,653.895
5075.8,43.08,0.0,24.8,-11.7,3,-93.224,1.365,654.588
5075.8,42.62,0.0,28.4,-12.4,3,-95.600,1.333,655.572
5075.8,42.28,0.0,31.0,-12.6,3,-97.181,1.312,656.193
5084.5,41.76,0.0,30.7,-12.6,3,-99.546,1.281,657.071
5084.5,41.26,0.0,27.3,-12.7,3,-101.900,1.250,657.885
5084.5,40.94,0.0,25.5,-12.4,3,-103.464,1.230,658.394
5084.5,40.50,0.0,23.8,-11.7,3,-105.802,1.199,659.103
5092.8,40.20,0.0,24.1,-11.2,3,-107.356,1.179,659.541
5092.8,39.79,0.0,19.1,-12.4,3,-109.678,1.151,660.146
5092.8,39.55,0.0,17.2,-13.3,3,-111.222,1.132,660.516
5092.8,39.21,0.0,14.7,-14.4,3,-113.530,1.104,661.022
5101.1,39.00,0.0,15.7,-15.3,3,-115.064,1.085,661.326
5101.1,38.66,0.0,15.0,-16.4,3,-117.359,1.059,661.732
5101.1,38.45,0.0,11.0,-16.7,3,-118.883,1.042,661.969
5101.1,38.19,0.0,7.3,-16.7,3,-121.162,1.017,662.274
5109.0,38.05,0.0,4.2,-16.6,3,-122.678,1.001,662.442
5109.0,37.86,0.0,3.5,-17.1,3,-124.946,0.980,662.643
5109.0,37.74,0.0,3.9,-17.7,3,-126.455,0.966,662.742
5109.0,37.57,0.0,1.0,-18.7,3,-128.712,0.946,662.840
5117.0,37.46,0.0,2.0,-19.8,3,-130.213,0.934,662.872
5117.0,37.30,0.4,0.4,-21.2,3,-132.456,0.914,662.868
5117.0,37.14,0.0,1.8,-21.3,3,-134.688,0.895,662.803
5117.0,37.03,0.0,1.2,-21.2,3,-136.170,0.882,662.723
5124.9,36.88,5.5,0.0,-21.9,3,-138.380,0.865,662.551
5124.9,36.81,12.8,0.0,-22.5,3,-139.846,0.853,662.400
5124.9,36.76,18.1,0.0,-23.2,3,-142.035,0.836,662.121
5124.9,36.73,16.0,0.0,-24.1,3,-143.488,0.824,661.899
5132.5,36.63,6.0,0.0,-25.7,3,-145.655,0.808,661.511
5132.5,36.55,7.5,0.0,-26.3,3,-147.089,0.797,661.218
5132.5,36.43,6.7,0.0,-27.5,3,-149.222,0.781,660.723
5132.5,36.35,4.6,0.0,-28.0,0,-150.631,0.771,660.358
5140.4,36.25,29.8,0.0,-28.1,2,-152.724,0.756,659.756
5140.4,36.31,41.9,0.0,-28.4,2,-154.107,0.746,659.319
5140.4,36.49,49.1,0.0,-30.2,2,-156.170,0.732,658.607
5140.4,36.61,46.9,0.0,-31.4,2,-157.539,0.722,658.095
5148.0,36.76,43.4,0.0,-32.4,2,-159.580,0.708,657.271
5148.0,36.89,39.7,0.0,-32.5,2,-161.601,0.695,656.379
5148.0,36.93,32.5,0.0,-31.7,2,-162.936,0.687,655.747
5156.2,36.94,21.2,0.0,-30.1,2,-164.912,0.678,654.744
5156.2,36.87,4.8,5.3,-29.0,2,-166.210,0.673,654.040
5156.2,36.62,0.1,1.5,-25.8,2,-168.120,0.667,652.937
5156.2,36.48,3.2,0.0,-22.6,2,-169.365,0.664,652.172
5164.0,36.31,1.7,0.1,-18.2,2,-171.194,0.660,650.978
5164.0,36.22,12.3,0.0,-16.5,2,-172.387,0.658,650.153
5164.0,36.15,16.3,0.0,-16.1,2,-174.139,0.658,648.871
5164.0,36.11,17.4,0.0,-17.2,2,-175.283,0.658,647.987
5172.1,36.08,17.2,0.0,-19.7,2,-176.963,0.660,646.620
5172.1,36.04,13.0,0.0,-21.6,2,-178.059,0.662,645.682
5172.1,35.94,9.7,0.0,-23.9,2,-179.666,0.666,644.238
5172.1,35.87,8.1,0.0,-24.3,2,-180.711,0.669,643.253
5179.9,35.74,6.1,0.0,-24.2,2,-182.240,0.675,641.743
5179.9,35.66,8.5,0.0,-23.5,2,-183.231,0.679,640.715
5179.9,35.54,8.3,0.0,-22.2,2,-184.675,0.685,639.140
5179.9,35.43,8.9,0.0,-21.0,2,-186.065,0.693,637.527
5187.1,35.35,6.4,0.0,-20.7,2,-186.961,0.700,636.432
5187.1,35.21,2.2,0.0,-23.4,2,-188.260,0.710,634.759
5187.1,35.10,3.5,0.0,-27.4,2,-189.096,0.717,633.628
5187.1,34.95,6.5,0.0,-31.7,2,-190.299,0.727,631.905
5194.0,34.85,6.8,0.0,-32.9,2,-191.068,0.735,630.740
5194.0,34.73,18.4,0.0,-34.3,2,-192.169,0.746,628.967
5194.0,34.72,30.9,0.0,-34.9,2,-192.870,0.754,627.768
5194.0,34.80,41.7,0.0,-35.1,2,-193.874,0.762,625.940
5200.5,34.88,48.9,0.0,-34.4,2,-194.514,0.766,624.702
5200.5,34.95,21.8,0.0,-30.7,2,-195.426,0.769,622.816
5200.5,34.96,39.7,0.0,-28.3,2,-196.001,0.769,621.542
5200.5,34.98,21.9,0.0,-25.5,2,-196.810,0.769,619.606
5207.1,34.93,18.3,0.0,-24.2,2,-197.315,0.768,618.302
5207.1,34.83,17.1,0.0,-22.5,2,-198.016,0.765,616.329
5207.1,34.76,16.7,0.0,-21.3,2,-198.443,0.764,615.005
5207.1,34.66,21.9,0.0,-21.6,2,-199.025,0.763,613.005
5213.7,34.62,30.2,0.0,-22.9,2,-199.535,0.764,610.991
5213.7,34.64,37.8,0.0,-21.8,2,-199.836,0.766,609.639
5213.7,34.77,51.9,0.0,-17.4,2,-200.232,0.767,607.596
5213.7,34.95,63.1,0.0,-14.5,2,-200.460,0.768,606.221
5220.5,35.24,49.1,0.0,-8.8,2,-200.750,0.769,604.136
5220.5,35.43,71.9,0.0,-5.6,2,-200.912,0.770,602.732
5220.5,35.88,78.3,0.0,-1.7,2,-201.108,0.774,600.603
5220.5,36.21,79.9,0.0,-2.1,2,-201.211,0.778,599.165
5227.6,36.71,84.4,0.0,-3.0,2,-201.326,0.786,596.982
5227.6,37.06,84.5,0.0,-2.1,2,-201.378,0.792,595.508
5227.6,37.59,81.7,0.0,-0.9,2,-201.428,0.802,593.271
5227.6,37.90,75.9,0.0,-0.8,2,-201.446,0.810,591.762
5235.2,38.26,42.7,8.1,1.9,2,-201.458,0.824,589.476
5235.2,38.14,3.5,39.1,4.4,2,-201.463,0.835,587.947
5235.2,37.50,0.0,46.4,7.9,2,-201.475,0.850,585.675
5235.2,37.07,0.0,41.0,9.6,2,-201.492,0.861,584.183
5242.7,36.45,0.0,33.2,10.5,2,-201.535,0.875,581.977
5242.7,36.11,0.0,26.9,10.9,2,-201.581,0.885,580.526
5242.7,35.69,0.0,16.4,11.8,2,-201.679,0.899,578.375
5242.7,35.38,0.0,10.2,13.3,2,-201.814,0.914,576.247
5250.0,35.20,0.0,11.8,14.5,2,-201.926,0.923,574.840
5250.0,34.91,0.0,15.9,15.9,2,-202.131,0.938,572.745
5250.0,34.69,0.0,16.4,16.5,2,-202.290,0.947,571.362
5250.0,34.37,0.0,12.8,17.3,2,-202.566,0.959,569.309
5257.0,34.17,0.0,10.5,17.8,2,-202.775,0.965,567.953
5257.0,33.91,0.0,11.4,17.7,2,-203.128,0.974,565.942
5257.0,33.72,0.0,13.6,17.9,2,-203.391,0.981,564.615
5257.0,33.41,0.0,16.4,18.1,2,-203.827,0.992,562.648
5264.0,33.18,0.0,16.2,15.9,2,-204.145,0.999,561.354
5264.0,32.85,0.0,16.3,11.4,2,-204.658,1.010,559.440
5264.0,32.64,0.0,16.0,10.5,2,-205.022,1.018,558.182
5264.0,32.30,0.0,18.9,14.5,2,-205.599,1.033,556.320
5271.2,32.05,0.0,18.6,18.5,2,-206.002,1.043,555.098
5271.2,31.70,0.0,20.0,19.5,2,-206.637,1.060,553.293
5271.2,31.46,0.0,19.3,19.7,2,-207.079,1.069,552.109
5271.2,31.10,0.0,15.7,17.9,2,-207.775,1.086,550.365
5278.0,30.78,0.0,13.9,14.1,2,-208.506,1.104,548.659
5278.0,30.58,0.0,12.4,10.9,2,-209.012,1.117,547.541
5278.0,30.33,0.0,8.8,10.1,2,-209.796,1.137,545.890
5278.0,30.17,0.0,12.5,12.0,2,-210.334,1.151,544.806
5285.7,29.89,0.0,13.8,14.7,2,-211.159,1.173,543.203
5285.7,29.71,0.0,15.1,16.0,2,-211.721,1.187,542.152
5285.7,29.43,37.5,12.4,25.7,0,-212.584,1.208,540.602
5285.7,29.26,0.0,9.5,28.7,1,-213.177,1.221,539.589
5292.5,29.01,0.0,7.0,26.5,1,-214.097,1.241,538.103
5292.5,28.85,0.0,5.1,29.3,1,-214.731,1.254,537.134
5292.5,28.64,0.0,1.5,32.1,1,-215.716,1.273,535.719
5292.5,28.52,0.0,0.1,30.3,1,-216.396,1.285,534.800
5299.7,28.34,0.7,0.0,33.2,1,-217.451,1.303,533.459
5299.7,28.23,2.5,0.0,35.5,1,-218.177,1.314,532.591
5299.7,28.08,5.8,0.0,38.8,1,-219.301,1.329,531.330
5299.7,27.99,7.4,0.0,40.1,1,-220.073,1.339,530.517
5305.8,27.88,11.2,0.0,42.9,1,-221.265,1.352,529.339
5305.8,27.80,14.3,0.0,45.2,1,-222.499,1.365,528.214
5305.8,27.76,15.3,0.0,45.3,1,-223.344,1.374,527.492
5311.8,27.72,20.7,0.0,44.2,1,-224.645,1.385,526.454
5311.8,27.73,24.3,0.0,43.6,1,-225.533,1.393,525.791
5311.8,27.78,26.1,0.0,43.7,1,-226.899,1.403,524.839
5311.8,27.81,22.4,0.0,44.9,1,-227.830,1.409,524.232
5317.7,27.79,17.3,0.0,47.2,1,-229.256,1.417,523.366
5317.7,27.76,15.7,0.0,48.8,1,-230.223,1.422,522.819
5317.7,27.70,13.4,0.0,50.7,1,-231.697,1.429,522.047
5317.7,27.64,12.5,0.0,51.6,1,-232.694,1.432,521.565
5323.5,27.55,11.9,0.0,52.3,1,-234.207,1.437,520.893
5323.5,27.49,10.4,0.0,52.5,1,-235.228,1.440,520.480
5323.5,27.37,9.1,0.0,53.5,1,-236.773,1.444,519.914
5323.5,27.29,10.6,0.0,54.4,1,-237.812,1.446,519.573
5329.6,27.19,11.4,0.0,55.7,1,-239.381,1.448,519.116
5329.6,27.12,12.2,0.0,56.8,1,-240.434,1.449,518.848
5329.6,27.03,15.0,0.0,58.9,1,-242.021,1.450,518.500
5329.6,26.97,16.6,0.0,60.5,1,-243.616,1.450,518.217
5335.2,26.94,17.2,0.0,61.4,1,-244.683,1.449,518.065
5335.2,26.89,18.6,0.0,63.3,1,-246.288,1.448,517.891
5335.2,26.86,18.5,0.0,64.6,1,-247.360,1.446,517.810
5335.2,26.82,18.1,0.0,65.9,1,-248.969,1.444,517.743
5340.9,26.79,17.4,0.0,66.7,1,-250.041,1.441,517.734
5340.9,26.73,16.6,0.0,67.9,1,-251.647,1.437,517.774
5340.9,26.69,16.3,0.0,68.6,1,-252.713,1.433,517.836
5340.9,26.63,15.9,0.0,69.4,1,-254.306,1.428,517.982
5346.4,26.58,15.4,0.0,69.9,1,-255.362,1.423,518.114
5346.4,26.51,15.2,0.0,70.3,1,-256.935,1.416,518.363
5346.4,26.46,15.1,0.0,70.5,1,-257.976,1.411,518.563
5346.4,26.39,15.1,0.0,70.2,1,-259.522,1.402,518.914
5352.0,26.34,15.3,0.0,69.5,1,-260.542,1.395,519.181
5352.0,26.26,16.4,0.0,67.5,1,-262.054,1.384,519.631
5352.0,26.22,18.2,0.0,60.8,1,-263.050,1.376,519.965
5352.0,26.22,26.8,0.0,54.8,1,-264.523,1.362,520.514
5357.5,26.35,43.8,0.0,46.6,1,-265.975,1.348,521.126
5357.5,26.56,57.2,0.0,38.8,1,-266.936,1.338,521.568
5357.5,26.87,47.9,0.0,36.5,1,-268.370,1.322,522.284
5357.5,27.07,51.7,0.0,31.8,1,-269.319,1.311,522.796
5363.1,27.37,49.1,0.0,18.0,1,-270.730,1.293,523.616
5363.1,27.62,56.9,0.0,16.0,1,-271.664,1.281,524.196
5363.1,28.03,58.9,0.0,22.3,1,-273.057,1.262,525.114
5363.1,28.29,58.8,0.0,18.1,1,-273.980,1.249,525.758
5368.9,28.72,59.3,0.0,14.2,1,-275.358,1.227,526.770
5368.9,29.01,58.8,0.0,15.7,1,-276.273,1.213,527.473
5368.9,29.43,61.1,0.0,21.0,1,-277.642,1.192,528.567
5368.9,29.72,64.1,0.0,22.5,1,-278.550,1.178,529.324
5375.6,30.17,63.5,0.0,25.4,1,-279.906,1.156,530.501
5375.6,30.45,62.8,0.0,25.8,1,-280.804,1.142,531.314
5375.6,30.86,63.7,0.0,30.8,1,-282.139,1.119,532.578
5375.6,31.13,63.2,0.0,32.6,1,-283.017,1.103,533.452
5382.2,31.52,62.8,0.0,32.8,1,-284.313,1.081,534.812
5382.2,31.89,62.5,0.0,32.9,1,-285.578,1.058,536.232
5382.2,32.12,59.1,0.0,33.1,1,-286.402,1.044,537.211
5382.2,32.42,55.6,0.0,32.9,1,-287.605,1.022,538.728
5389.6,32.60,57.9,0.0,32.8,1,-288.383,1.008,539.769
5389.6,32.82,45.5,0.0,32.0,1,-289.509,0.986,541.376
5389.6,32.95,51.4,0.0,32.6,1,-290.232,0.972,542.475
5389.6,33.17,47.4,0.0,34.8,1,-291.273,0.949,544.163
5396.8,33.28,40.3,0.0,36.0,1,-291.936,0.934,545.314
5396.8,33.46,54.6,0.0,38.3,1,-292.881,0.912,547.078
5396.8,33.57,43.0,0.0,38.7,1,-293.477,0.899,548.278
5396.8,33.73,44.6,0.0,38.9,1,-294.324,0.879,550.111
5404.7,33.84,43.2,0.0,42.1,1,-294.854,0.865,551.353
5404.7,34.00,45.1,0.0,45.5,1,-295.599,0.843,553.247
5404.7,34.08,37.5,0.0,48.5,1,-296.059,0.829,554.528
5404.7,34.10,27.4,0.0,54.4,1,-296.693,0.809,556.474
5412.0,34.09,24.2,0.0,54.3,1,-297.076,0.797,557.783
5412.0,34.07,24.9,0.0,55.3,1,-297.594,0.780,559.761
5412.0,34.06,26.7,0.0,55.8,1,-298.048,0.763,561.754
5412.0,34.05,28.2,0.0,52.5,1,-298.314,0.752,563.090
5419.8,34.12,39.5,0.0,46.2,1,-298.659,0.736,565.104
5419.8,34.22,51.7,0.0,41.4,1,-298.852,0.726,566.457
5419.8,34.57,84.4,0.0,29.0,1,-299.085,0.712,568.505
5419.8,34.91,86.3,0.0,19.6,0,-299.208,0.704,569.888
5427.1,34.92,81.8,0.0,7.6,2,-299.340,0.691,571.979
5427.1,35.24,84.1,0.0,0.9,2,-299.395,0.682,573.380
5427.1,35.79,84.1,0.0,-3.2,2,-299.436,0.671,575.510
5427.1,36.15,84.2,0.0,-1.2,2,-299.439,0.666,576.948
5434.6,36.70,84.2,0.0,5.0,2,-299.417,0.658,579.132
5434.6,37.05,84.4,0.0,8.7,2,-299.388,0.655,580.606
5434.6,37.56,84.6,0.0,11.9,2,-299.322,0.651,582.842
5434.6,37.90,84.3,0.0,12.8,2,-299.262,0.649,584.350
5442.0,38.39,83.5,0.0,12.6,2,-299.141,0.646,586.634
5442.0,38.72,83.5,0.0,12.2,2,-299.037,0.643,588.172
5442.0,39.21,84.2,0.0,12.1,2,-298.843,0.638,590.501
5449.7,39.69,85.2,0.0,13.1,2,-298.601,0.631,592.854
5449.7,40.00,85.3,0.0,13.3,2,-298.410,0.626,594.436
5449.7,40.47,85.4,0.0,12.7,2,-298.079,0.616,596.827
5449.7,40.79,85.5,0.0,12.5,2,-297.828,0.608,598.432
5457.6,41.26,85.5,0.0,12.2,2,-297.405,0.596,600.856
5457.6,41.56,85.6,0.0,13.1,2,-297.091,0.586,602.481
5457.6,42.00,85.7,0.0,12.8,2,-296.573,0.568,604.933
5457.6,42.30,85.8,0.0,12.5,2,-296.197,0.555,606.576
5465.8,42.73,85.9,0.0,11.8,2,-295.581,0.535,609.050
5465.8,43.02,86.1,0.0,11.4,0,-295.137,0.522,610.706
5465.8,43.02,82.8,0.0,10.7,3,-294.425,0.499,613.187
5465.8,43.28,81.1,0.0,9.3,3,-293.922,0.482,614.838
5474.3,43.67,78.1,0.0,7.8,3,-293.121,0.454,617.320
5474.3,43.92,74.9,0.0,7.0,3,-292.558,0.436,618.978
5474.3,44.26,71.6,0.0,7.1,3,-291.673,0.405,621.470
5474.3,44.49,70.3,0.0,7.4,3,-291.059,0.381,623.135
5483.1,44.80,69.9,0.0,6.8,3,-290.105,0.342,625.637
5483.1,45.11,69.9,0.0,5.5,3,-289.111,0.304,628.143
5483.1,45.33,69.2,0.0,5.0,3,-288.427,0.280,629.818
5483.1,45.65,68.8,0.0,4.9,3,-287.374,0.241,632.335
5492.1,45.81,69.6,0.0,4.6,3,-286.655,0.214,634.015
5492.1,46.15,70.9,0.0,3.5,3,-285.548,0.170,636.542
5492.1,46.34,72.9,0.0,3.5,3,-284.792,0.140,638.229
5492.1,46.60,74.3,0.0,3.9,3,-283.633,0.091,640.765
5501.3,46.89,72.0,0.0,3.4,3,-282.845,0.059,642.459
5501.3,47.17,71.0,0.0,4.5,3,-281.634,0.015,645.007
5501.3,47.33,71.3,0.0,5.3,3,-280.810,-0.011,646.707
5501.3,47.65,70.8,0.0,5.1,3,-279.548,-0.051,649.263
5510.7,47.85,72.0,0.0,4.9,3,-278.688,-0.077,650.969
5510.7,48.16,72.9,0.0,3.9,3,-277.374,-0.123,653.532
5510.7,48.34,74.0,0.0,3.3,3,-276.479,-0.152,655.241
5510.7,48.67,75.1,0.0,3.5,3,-275.105,-0.187,657.806
5520.3,48.87,76.6,0.0,4.2,3,-274.170,-0.203,659.517
5520.3,49.20,77.5,0.0,4.4,3,-272.742,-0.221,662.089
5520.3,49.51,76.0,0.0,5.1,3,-271.283,-0.234,664.665
5520.3,49.71,76.1,0.0,5.5,3,-270.295,-0.244,666.386
5530.2,50.01,77.1,0.0,4.7,3,-268.787,-0.262,668.969
5530.2,50.23,76.9,0.0,4.1,3,-267.763,-0.275,670.692
5530.2,50.54,77.4,0.0,4.3,3,-266.196,-0.291,673.277
5530.2,50.74,77.7,0.0,4.6,3,-265.133,-0.301,675.000
5540.2,51.05,78.4,0.0,4.9,3,-263.511,-0.315,677.586
5540.2,51.25,78.7,0.0,4.8,3,-262.411,-0.324,679.311
5540.2,51.55,79.8,0.0,4.6,3,-260.734,-0.336,681.899
5540.2,51.75,80.8,0.0,4.2,3,-259.597,-0.341,683.623
5550.5,51.83,0.0,0.0,3.4,0,-257.866,-0.347,686.208
5603.9,55.83,73.8,0.0,4.9,4,-225.116,-0.422,730.244
5603.9,55.99,73.9,0.0,4.9,4,-223.673,-0.420,731.952
5603.9,56.21,74.4,0.0,5.0,4,-221.480,-0.415,734.506
5603.9,56.36,74.4,0.0,4.9,4,-220.000,-0.411,736.201
5615.4,56.58,74.8,0.0,4.7,4,-217.750,-0.402,738.735
5615.4,56.74,75.1,0.0,4.6,4,-216.231,-0.395,740.416
5615.4,56.96,75.5,0.0,4.4,4,-213.925,-0.380,742.928
5615.4,57.11,75.7,0.0,3.5,4,-212.369,-0.368,744.596
5626.9,57.33,75.8,0.0,3.6,4,-210.010,-0.349,747.090
5626.9,57.48,76.1,0.0,3.8,4,-208.420,-0.335,748.747
5626.9,57.71,76.8,0.0,3.7,4,-206.011,-0.313,751.224
5638.6,57.93,77.0,0.0,4.5,4,-203.574,-0.287,753.691
5638.6,58.08,77.4,0.0,4.6,4,-201.932,-0.269,755.330
5638.6,58.30,77.7,0.0,5.2,4,-199.444,-0.242,757.779
5638.6,58.52,78.3,0.0,5.6,4,-196.925,-0.219,760.215
5650.6,58.67,78.6,0.0,5.3,4,-195.228,-0.204,761.830
5650.6,58.88,79.0,0.0,5.4,4,-192.653,-0.184,764.239
5650.6,59.12,78.7,0.0,5.6,4,-190.044,-0.171,766.632
5650.6,59.26,79.1,0.0,5.4,4,-188.287,-0.167,768.218
5662.6,59.47,79.3,0.0,5.1,4,-185.620,-0.163,770.579
5662.6,59.61,79.8,0.0,4.9,4,-183.823,-0.160,772.141
5662.6,59.82,80.5,0.0,4.8,4,-181.098,-0.155,774.466
5662.6,59.96,80.9,0.0,4.9,4,-179.261,-0.150,776.004
5674.8,60.19,81.3,0.0,5.4,4,-176.478,-0.142,778.294
5674.8,60.33,81.6,0.0,5.7,4,-174.605,-0.139,779.810
5674.8,60.55,82.0,0.0,6.1,4,-171.767,-0.136,782.067
5674.8,60.69,82.3,0.0,6.3,4,-169.856,-0.137,783.560
5687.1,60.91,82.6,0.0,5.9,4,-166.960,-0.140,785.777
5687.1,61.04,83.3,0.0,5.9,4,-165.009,-0.142,787.240
5687.1,61.25,84.0,0.0,6.0,4,-162.050,-0.141,789.408
5687.1,61.38,84.4,0.0,6.7,4,-160.056,-0.139,790.836
5699.7,61.60,84.7,0.0,7.5,4,-157.034,-0.136,792.952
5699.7,61.81,84.8,0.0,6.9,4,-153.975,-0.134,795.037
5699.7,61.95,85.2,0.0,6.3,4,-151.916,-0.133,796.408
5699.7,62.14,86.8,0.0,5.0,4,-148.795,-0.130,798.436
5712.3,62.19,0.0,0.0,4.6,0,-146.694,-0.126,799.768
5712.3,62.19,78.3,0.0,4.9,5,-143.523,-0.118,801.730
5712.3,62.30,78.0,0.0,5.2,5,-141.394,-0.115,803.020
5712.3,62.46,77.5,0.0,5.8,5,-138.174,-0.113,804.928
5725.1,62.58,77.8,0.0,5.9,5,-136.010,-0.112,806.180
5725.1,62.74,77.8,0.0,5.5,5,-132.735,-0.108,808.025
5725.1,62.85,77.8,0.0,5.8,5,-130.534,-0.105,809.235
5725.1,63.02,77.9,0.0,6.0,5,-127.207,-0.106,811.020
5737.8,63.12,78.3,0.0,6.2,5,-124.971,-0.105,812.186
5737.8,63.29,78.2,0.0,6.7,5,-121.589,-0.102,813.901
5737.8,63.39,78.7,0.0,6.9,5,-119.317,-0.101,815.022
5737.8,63.55,78.8,0.0,6.8,5,-115.883,-0.097,816.668
5750.7,63.66,78.9,0.0,7.0,5,-113.576,-0.095,817.741
5750.7,63.82,79.0,0.0,7.0,5,-110.091,-0.093,819.315
5750.7,63.92,79.1,0.0,7.0,5,-107.751,-0.092,820.339
5750.7,64.07,79.5,0.0,7.0,5,-104.215,-0.087,821.835
5763.6,64.22,79.6,0.0,7.0,5,-100.649,-0.081,823.283
5763.6,64.33,79.7,0.0,7.1,5,-98.256,-0.077,824.222
5763.6,64.48,80.2,0.0,7.1,5,-94.642,-0.071,825.591
5763.6,64.59,80.2,0.0,7.3,5,-92.218,-0.067,826.476
5776.6,64.74,80.2,0.0,7.4,5,-88.558,-0.062,827.763
5776.6,64.84,80.7,0.0,7.0,5,-86.103,-0.060,828.592
5776.6,64.99,81.0,0.0,6.6,5,-82.398,-0.053,829.792
5776.6,65.10,81.9,0.0,6.6,5,-79.913,-0.048,830.563
5789.5,65.26,83.7,0.0,6.6,5,-76.165,-0.041,831.676
5789.5,65.37,84.7,0.0,6.7,5,-73.652,-0.036,832.390
5789.5,65.54,86.0,0.0,6.9,5,-69.862,-0.029,833.419
5789.5,65.66,86.6,0.0,6.9,5,-67.321,-0.023,834.076
5802.5,65.84,87.5,0.0,4.8,5,-63.491,-0.014,835.018
5802.5,65.97,88.1,0.0,4.6,5,-60.925,-0.008,835.619
5802.5,66.15,88.9,0.0,3.9,5,-57.056,0.004,836.480
5802.5,66.28,89.1,0.0,3.7,5,-54.466,0.013,837.031
5815.6,66.47,89.2,0.0,3.7,5,-50.564,0.029,837.824
5815.6,66.66,89.3,0.0,3.6,5,-46.643,0.048,838.582
5815.6,66.79,89.3,0.0,3.6,5,-44.019,0.062,839.069
5828.9,66.97,89.4,0.0,3.7,5,-40.069,0.084,839.774
5828.9,67.11,89.5,0.0,3.6,5,-37.427,0.099,840.227
5828.9,67.29,89.5,0.0,3.6,5,-33.449,0.120,840.881
5828.9,67.41,89.6,0.0,3.8,5,-30.787,0.136,841.299
5842.3,67.60,89.6,0.0,3.1,5,-26.783,0.159,841.900
5842.3,67.71,89.7,0.0,2.7,5,-24.104,0.176,842.283
5842.3,67.90,89.8,0.0,2.0,5,-20.074,0.205,842.832
5842.3,68.02,89.8,0.0,1.7,5,-17.379,0.224,843.184
5855.9,68.20,89.9,0.0,1.2,5,-13.324,0.248,843.695
5855.9,68.32,89.9,0.0,0.9,5,-10.614,0.265,844.025
5855.9,68.49,90.0,0.0,0.8,5,-6.539,0.292,844.507
5855.9,68.62,90.0,0.0,0.6,5,-3.815,0.310,844.823
0.4,68.79,90.1,0.0,0.5,5,0.280,0.339,845.289
