opponent,v3,Sébastien Buemi,0,1771457123663
Game,version,date,track,car,event,laptime [s],S1 [s],S2 [s],S3 [s],S4+ [s]
LMU,1.2,2026-02-18 23:25:23,Silverstone Grand Prix Circuit - ELMS,Toyota Gazoo Racing 2025 #8:LM (Hyper),Live,106.425,0,0,0
Tracklen [m],TotalLaps
5868.6,22
,
,
lapdistance [m],speed [m/s],throttle [%],brake [%],steer [%],gear [int],world_x [m],world_y [m],world_z [m]
566.8,64.84,60.5,0.0,1.1,5,459.009,3.903,687.173
566.8,64.98,60.6,0.0,1.0,5,459.369,3.924,684.603
579.6,65.19,60.6,0.0,1.0,5,459.898,3.956,680.734
579.6,65.33,60.6,0.0,1.0,5,460.243,3.977,678.147
579.6,65.55,60.7,0.0,1.1,5,460.749,4.009,674.254
579.6,65.75,60.7,0.0,1.2,5,461.244,4.041,670.346
592.6,65.89,60.8,0.0,1.1,5,461.567,4.063,667.734
592.6,66.10,60.9,0.0,1.1,5,462.041,4.096,663.803
592.6,66.24,60.9,0.0,1.0,5,462.351,4.117,661.175
592.6,66.44,60.9,0.0,0.8,5,462.804,4.149,657.220
605.8,66.57,61.0,0.0,0.9,5,463.099,4.172,654.577
605.8,66.78,61.0,0.0,1.0,5,463.531,4.207,650.600
605.8,66.91,61.1,0.0,1.0,5,463.813,4.230,647.941
605.8,67.11,61.1,0.0,1.0,5,464.224,4.264,643.942
619.1,67.25,61.1,0.0,1.0,5,464.491,4.285,641.268
619.1,67.44,61.2,0.0,1.0,5,464.880,4.318,637.247
619.1,67.57,61.2,0.0,0.9,5,465.132,4.341,634.559
619.1,67.76,61.2,0.0,0.9,5,465.499,4.375,630.516
632.6,67.96,61.2,0.0,0.9,5,465.852,4.408,626.460
632.6,68.08,61.2,0.0,0.8,5,466.081,4.430,623.749
632.6,68.27,61.3,0.0,0.6,5,466.412,4.461,619.673
632.6,68.40,61.3,0.0,0.6,5,466.625,4.483,616.948
646.2,68.59,61.3,0.0,0.8,5,466.936,4.515,612.850
646.2,68.71,61.3,0.0,0.6,5,467.136,4.537,610.112
646.2,68.89,61.3,0.0,0.6,5,467.429,4.570,605.995
646.2,69.01,61.3,0.0,0.5,5,467.618,4.591,603.244
659.9,69.20,61.3,0.0,0.5,5,467.895,4.623,599.107
659.9,69.32,61.3,0.0,0.5,5,468.074,4.644,596.343
659.9,69.49,61.2,0.0,0.6,5,468.336,4.676,592.188
659.9,69.61,61.2,0.0,0.6,5,468.507,4.696,589.411
673.8,69.78,61.2,0.0,0.6,5,468.756,4.726,585.237
673.8,69.90,61.1,0.0,0.5,5,468.918,4.745,582.448
673.8,70.07,61.0,0.0,0.4,5,469.155,4.771,578.256
673.8,70.18,60.9,0.0,0.3,5,469.308,4.788,575.456
687.8,70.34,60.8,0.0,0.4,5,469.531,4.811,571.247
687.8,70.51,60.6,0.0,0.3,5,469.748,4.831,567.027
687.8,70.61,60.6,0.0,0.3,5,469.888,4.843,564.208
701.9,70.77,60.5,0.0,0.1,5,470.095,4.860,559.972
701.9,70.87,60.4,0.0,0.0,5,470.229,4.871,557.143
701.9,70.85,0.0,0.0,-0.0,0,470.428,4.886,552.894
701.9,70.88,87.1,0.0,-0.0,6,470.559,4.895,550.063
716.1,71.04,77.4,0.0,0.0,6,470.755,4.907,545.810
716.1,71.15,70.9,0.0,-0.0,6,470.885,4.913,542.969
716.1,71.31,61.2,0.0,-0.0,6,471.081,4.920,538.700
716.1,71.41,59.9,0.0,-0.0,6,471.211,4.924,535.849
730.4,71.57,60.0,0.0,0.0,6,471.408,4.928,531.564
730.4,71.68,60.0,0.0,0.0,6,471.539,4.931,528.703
730.4,71.84,60.0,0.0,-0.0,6,471.736,4.931,524.402
730.4,71.94,60.1,0.0,-0.1,6,471.868,4.929,521.530
744.9,72.09,60.1,0.0,-0.1,6,472.066,4.925,517.213
744.9,72.25,60.2,0.0,-0.1,6,472.265,4.920,512.888
744.9,72.35,60.2,0.0,-0.0,6,472.398,4.915,509.999
744.9,72.51,60.2,0.0,-0.0,6,472.599,4.905,505.658
759.4,72.61,60.3,0.0,0.0,6,472.733,4.897,502.759
759.4,72.76,60.3,0.0,0.1,6,472.936,4.881,498.403
759.4,72.86,60.3,0.0,0.1,6,473.071,4.868,495.494
759.4,73.02,60.4,0.0,0.1,6,473.274,4.846,491.122
774.0,73.12,60.4,0.0,0.1,6,473.409,4.830,488.203
774.0,73.27,60.4,0.0,-0.0,6,473.611,4.805,483.817
774.0,73.36,60.5,0.0,-0.2,6,473.744,4.790,480.887
774.0,73.51,60.5,0.0,-0.4,6,473.946,4.765,476.486
788.6,73.61,60.5,0.0,-0.7,6,474.082,4.752,473.547
788.6,73.75,60.6,0.0,-1.2,6,474.290,4.735,469.132
788.6,73.85,60.6,0.0,-1.3,6,474.435,4.722,466.183
788.6,74.00,60.6,0.0,-1.7,6,474.664,4.702,461.754
803.4,74.13,60.6,0.0,-2.4,6,474.915,4.684,457.318
803.4,74.22,60.7,0.0,-2.9,6,475.098,4.673,454.356
803.4,74.36,60.7,0.0,-3.4,6,475.397,4.651,449.909
803.4,74.45,60.7,0.0,-3.6,6,475.617,4.634,446.941
818.2,74.57,60.7,0.0,-3.9,6,475.986,4.612,442.487
818.2,74.65,60.8,0.0,-4.3,6,476.260,4.598,439.515
818.2,74.78,60.7,0.0,-4.7,6,476.712,4.569,435.055
818.2,74.85,60.8,0.0,-4.8,6,477.048,4.548,432.082
833.1,74.95,60.8,0.0,-4.7,6,477.609,4.525,427.623
1295.0,42.04,15.1,0.0,47.6,3,548.933,2.298,-1.922
1391.4,48.14,92.1,0.0,6.3,3,505.027,1.008,-86.634
1400.8,48.52,92.1,0.0,7.2,3,502.806,0.971,-88.498
1400.8,48.77,92.1,0.0,6.8,3,501.300,0.944,-89.729
1400.8,49.14,92.1,0.0,6.9,3,499.003,0.902,-91.557
1400.8,49.52,92.1,0.0,5.1,3,496.656,0.857,-93.360
1410.4,49.76,92.1,0.0,4.0,3,495.066,0.827,-94.548
1410.4,50.13,92.1,0.0,4.1,3,492.643,0.782,-96.309
1410.4,50.37,92.1,0.0,3.9,3,491.004,0.753,-97.471
1410.4,50.74,92.2,0.0,3.0,3,488.510,0.713,-99.197
1420.5,50.98,92.2,0.0,2.2,3,486.827,0.687,-100.338
1420.5,51.33,92.2,0.0,1.0,3,484.274,0.651,-102.039
1420.5,51.56,92.2,0.0,0.3,3,482.555,0.629,-103.169
1420.5,51.80,0.0,0.0,-0.4,0,479.955,0.595,-104.862
1430.8,51.80,92.0,0.0,-0.7,4,478.217,0.573,-105.988
1430.8,52.13,92.0,0.0,-1.4,4,475.599,0.540,-107.680
1430.8,52.34,92.0,0.0,-1.9,4,473.845,0.519,-108.815
1430.8,52.69,92.0,0.0,-2.5,4,471.205,0.487,-110.533
1441.5,52.99,85.5,0.0,-2.9,4,468.556,0.457,-112.275
1441.5,53.24,79.0,0.0,-3.2,4,466.787,0.440,-113.451
1441.5,53.59,69.3,0.0,-3.7,4,464.132,0.416,-115.242
1441.5,53.79,62.9,0.0,-4.0,4,462.360,0.401,-116.455
1452.4,54.08,59.8,0.0,-4.6,4,459.706,0.379,-118.304
1452.4,54.25,60.0,0.0,-5.1,4,457.939,0.363,-119.558
1452.4,54.52,60.0,0.0,-5.5,4,455.295,0.335,-121.470
1452.4,54.66,60.1,0.0,-5.9,4,453.539,0.314,-122.768
1463.7,54.97,60.1,0.0,-6.2,4,450.919,0.283,-124.754
1463.7,55.19,34.4,0.0,-7.2,4,449.180,0.265,-126.106
1463.7,55.28,49.6,0.0,-8.5,4,446.594,0.242,-128.177
1463.7,55.47,60.2,0.0,-8.3,4,444.884,0.229,-129.584
1475.4,55.76,60.3,0.0,-7.9,4,442.337,0.211,-131.739
1475.4,55.95,60.3,0.0,-7.0,4,440.653,0.200,-133.206
1475.4,56.23,60.4,0.0,-4.9,4,438.150,0.188,-135.455
1475.4,56.52,60.5,0.0,-5.4,4,435.673,0.180,-137.758
1486.9,56.71,60.5,0.0,-5.6,4,434.035,0.177,-139.321
1486.9,57.00,60.6,0.0,-6.0,4,431.595,0.172,-141.704
1486.9,57.19,60.7,0.0,-5.7,4,429.980,0.167,-143.318
1486.9,57.47,60.8,0.0,-5.4,4,427.577,0.161,-145.778
1498.5,57.66,60.8,0.0,-5.3,4,425.988,0.157,-147.444
1498.5,57.93,60.9,0.0,-5.2,4,423.624,0.153,-149.980
1498.5,58.12,61.0,0.0,-5.1,4,422.062,0.152,-151.697
1498.5,58.39,61.0,0.0,-5.0,4,419.741,0.156,-154.309
1510.3,58.57,61.1,0.0,-5.1,4,418.208,0.160,-156.076
1510.3,58.85,61.1,0.0,-5.3,4,415.929,0.165,-158.760
1510.3,59.03,61.1,0.0,-5.4,4,414.421,0.165,-160.573
1510.3,59.30,61.1,0.0,-5.6,4,412.182,0.161,-163.326
1521.9,59.47,61.1,0.0,-5.6,4,410.705,0.157,-165.186
1521.9,59.73,61.2,0.0,-5.7,4,408.512,0.148,-168.010
1521.9,59.99,61.2,0.0,-6.7,4,406.350,0.134,-170.877
1521.9,60.15,61.1,0.0,-6.5,4,404.927,0.124,-172.812
1533.7,60.39,61.1,0.0,-4.7,4,402.822,0.108,-175.752
1533.7,60.56,61.0,0.0,-4.7,4,401.438,0.096,-177.736
1533.7,60.81,60.9,0.0,-4.1,4,399.388,0.076,-180.745
1533.7,60.98,60.7,0.0,-3.8,4,398.039,0.061,-182.773
1545.8,61.22,60.6,0.0,-3.2,4,396.041,0.039,-185.845
1545.8,61.38,60.4,0.0,-2.9,4,394.723,0.024,-187.913
1545.8,61.62,60.1,0.0,-2.4,0,392.768,0.005,-191.042
1545.8,61.56,0.0,0.0,-2.1,0,391.478,-0.005,-193.142
1558.0,61.73,83.7,0.0,-1.3,5,389.566,-0.019,-196.305
1558.0,61.90,77.2,0.0,-1.0,5,388.300,-0.028,-198.429
1558.0,62.14,67.5,0.0,-1.4,5,386.412,-0.039,-201.635
1558.0,62.30,61.0,0.0,-2.4,5,385.160,-0.043,-203.785
1570.4,62.54,59.9,0.0,-1.9,5,383.293,-0.048,-207.031
1570.4,62.78,60.0,0.0,-2.4,5,381.439,-0.053,-210.301
1570.4,62.93,60.0,0.0,-2.4,5,380.211,-0.056,-212.495
1582.9,63.16,60.1,0.0,-2.0,5,378.385,-0.061,-215.807
1582.9,63.32,60.2,0.0,-1.9,5,377.177,-0.064,-218.029
1582.9,63.55,60.2,0.0,-1.8,5,375.378,-0.069,-221.383
1582.9,63.70,60.2,0.0,-1.8,5,374.187,-0.072,-223.632
1595.6,63.93,60.3,0.0,-0.8,5,372.412,-0.074,-227.024
1595.6,64.08,60.3,0.0,0.1,5,371.235,-0.076,-229.297
1595.6,64.31,60.4,0.0,0.6,5,369.472,-0.078,-232.721
1595.6,64.46,60.4,0.0,0.5,5,368.296,-0.081,-235.012
1608.5,64.69,60.5,0.0,0.1,5,366.528,-0.088,-238.459
1608.5,64.84,60.5,0.0,-0.1,5,365.345,-0.095,-240.764
1608.5,65.06,60.6,0.0,-0.3,5,363.565,-0.106,-244.229
1608.5,65.21,60.6,0.0,-0.4,5,362.374,-0.115,-246.546
1621.5,65.43,60.7,0.0,-0.5,5,360.584,-0.130,-250.032
1621.5,65.57,60.7,0.0,-0.5,5,359.389,-0.140,-252.363
1621.5,65.79,60.8,0.0,-0.6,5,357.595,-0.155,-255.872
1621.5,66.01,60.8,0.0,-0.4,5,355.801,-0.170,-259.394
1634.6,66.14,60.9,0.0,-0.3,5,354.605,-0.180,-261.751
1634.6,66.36,60.9,0.0,-0.3,5,352.811,-0.196,-265.298
1634.6,66.50,61.0,0.0,-0.1,5,351.614,-0.206,-267.670
1634.6,66.71,61.0,0.0,-0.0,5,349.818,-0.222,-271.239
1647.9,66.85,61.1,0.0,-0.0,5,348.618,-0.233,-273.626
1647.9,67.06,61.1,0.0,-0.1,5,346.815,-0.249,-277.215
1647.9,67.20,61.1,0.0,-0.1,5,345.610,-0.260,-279.614
1647.9,67.41,61.2,0.0,-0.1,5,343.798,-0.277,-283.223
1661.4,67.54,61.2,0.0,-0.1,5,342.587,-0.290,-285.635
1661.4,67.74,61.2,0.0,-0.0,5,340.766,-0.310,-289.261
1661.4,67.88,61.2,0.0,-0.1,5,339.549,-0.324,-291.685
1661.4,68.08,61.2,0.0,-0.1,5,337.720,-0.346,-295.330
1674.9,68.21,61.2,0.0,0.0,5,336.497,-0.360,-297.766
1674.9,68.42,61.3,0.0,0.1,5,334.659,-0.386,-301.429
1674.9,68.54,61.3,0.0,0.1,5,333.430,-0.404,-303.877
1674.9,68.73,61.3,0.0,0.1,5,331.582,-0.424,-307.556
1688.6,68.92,61.3,0.0,-0.0,5,329.729,-0.444,-311.246
1688.6,69.06,61.3,0.0,0.0,5,328.490,-0.460,-313.712
1688.6,69.24,61.3,0.0,-0.7,5,326.627,-0.485,-317.418
1688.6,69.37,61.3,0.0,-0.5,5,325.383,-0.502,-319.896
1702.4,69.55,61.2,0.0,-0.4,5,323.516,-0.524,-323.621
1702.4,69.67,61.2,0.0,-0.1,5,322.272,-0.539,-326.112
1702.4,69.85,61.1,0.0,-0.1,5,320.406,-0.562,-329.858
1702.4,69.97,61.0,0.0,-0.3,5,319.161,-0.578,-332.362
1716.4,70.14,60.9,0.0,-0.2,5,317.293,-0.601,-336.127
1716.4,70.26,60.8,0.0,-0.0,5,316.047,-0.617,-338.643
1716.4,70.43,60.7,0.0,-0.1,5,314.176,-0.641,-342.426
1716.4,70.54,60.6,0.0,-0.1,5,312.928,-0.657,-344.954
1730.5,70.71,60.5,0.0,-0.4,5,311.053,-0.681,-348.753
1730.5,70.82,60.4,0.0,-0.4,5,309.803,-0.697,-351.292
1730.5,70.97,60.2,0.0,-0.3,0,307.927,-0.721,-355.110
1730.5,70.89,90.3,0.0,-0.1,6,306.055,-0.747,-358.931
1744.6,71.00,83.8,0.0,-0.2,6,304.809,-0.765,-361.481
1744.6,71.16,74.1,0.0,-0.1,6,302.939,-0.794,-365.314
1744.6,71.27,67.7,0.0,-0.1,6,301.693,-0.814,-367.875
1744.6,71.44,59.9,0.0,-0.1,6,299.822,-0.845,-371.725
1758.9,71.54,60.0,0.0,-0.2,6,298.574,-0.866,-374.298
1758.9,71.71,60.0,0.0,-0.1,6,296.701,-0.898,-378.165
1758.9,71.82,60.0,0.0,-0.1,6,295.451,-0.920,-380.749
1758.9,71.97,60.1,0.0,-0.1,6,293.574,-0.953,-384.632
1773.2,72.08,60.1,0.0,-0.0,6,292.322,-0.976,-387.227
1773.2,72.24,60.2,0.0,-0.1,6,290.441,-1.008,-391.126
1773.2,72.35,60.2,0.0,-0.1,6,289.186,-1.029,-393.731
1773.2,72.51,60.3,0.0,0.0,6,287.300,-1.062,-397.645
1787.7,72.61,60.3,0.0,0.0,6,286.041,-1.085,-400.260
1787.7,72.77,60.3,0.0,0.1,6,284.149,-1.121,-404.189
1787.7,72.92,60.4,0.0,0.1,6,282.254,-1.153,-408.127
1787.7,73.02,60.4,0.0,0.1,6,280.987,-1.171,-410.756
1802.2,73.17,60.4,0.0,0.1,6,279.083,-1.197,-414.707
1802.2,73.28,60.4,0.0,0.1,6,277.812,-1.216,-417.345
1802.2,73.42,60.5,0.0,0.1,6,275.899,-1.245,-421.308
1802.2,73.52,60.5,0.0,0.1,6,274.622,-1.264,-423.954
1816.9,73.68,60.5,0.0,0.1,6,272.700,-1.293,-427.930
1984.2,78.48,61.5,0.0,-0.4,6,196.202,-2.439,-580.445
1984.2,78.59,61.5,0.0,-0.2,6,194.103,-2.494,-584.663
1984.2,78.67,61.5,0.0,-0.2,6,192.706,-2.529,-587.481
1999.9,78.78,61.5,0.0,-0.1,6,190.613,-2.580,-591.715
1999.9,78.85,61.5,0.0,0.0,6,189.218,-2.617,-594.542
1999.9,78.97,61.5,0.0,0.2,6,187.127,-2.675,-598.789
1999.9,79.04,61.5,0.0,0.4,6,185.732,-2.713,-601.624
2015.7,79.15,61.5,0.0,0.5,6,183.637,-2.769,-605.881
2015.7,79.22,61.5,0.0,0.6,6,182.236,-2.806,-608.722
2015.7,79.32,61.5,0.0,0.8,6,180.127,-2.859,-612.984
2015.7,79.40,61.5,0.0,0.8,6,178.715,-2.893,-615.827
2031.5,79.50,61.4,0.0,0.9,6,176.585,-2.946,-620.091
2031.5,79.60,61.4,0.0,1.0,6,174.439,-2.995,-624.353
2031.5,79.66,61.4,0.0,1.0,6,172.998,-3.024,-627.194
2047.4,79.76,61.4,0.0,0.9,6,170.822,-3.063,-631.452
2047.4,79.83,61.4,0.0,0.8,6,169.361,-3.089,-634.290
2047.4,79.93,61.4,0.0,0.9,6,167.152,-3.125,-638.543
2047.4,79.99,61.3,0.0,0.9,6,165.669,-3.147,-641.376
2063.4,80.08,61.2,0.0,1.0,6,163.428,-3.177,-645.623
2063.4,80.14,61.2,0.0,0.9,6,161.924,-3.194,-648.452
2063.4,80.23,61.1,0.0,0.7,6,159.652,-3.215,-652.692
2063.4,80.29,61.1,0.0,0.7,6,158.128,-3.227,-655.518
2079.4,80.37,61.0,0.0,0.8,6,155.827,-3.240,-659.752
2079.4,80.43,61.0,0.0,0.9,6,154.284,-3.245,-662.573
2079.4,80.51,61.0,0.0,1.1,6,151.954,-3.248,-666.802
2079.4,80.57,61.0,0.0,1.2,6,150.391,-3.248,-669.619
2095.5,80.65,60.9,0.0,1.1,6,148.031,-3.245,-673.840
2095.5,80.70,60.9,0.0,0.7,6,146.445,-3.241,-676.651
2095.5,80.78,60.8,0.0,0.7,6,144.049,-3.230,-680.861
2095.5,80.85,60.7,0.0,0.8,6,141.634,-3.216,-685.065
2111.7,80.90,60.7,0.0,0.8,6,140.014,-3.204,-687.866
2111.7,80.97,60.6,0.0,0.5,6,137.572,-3.181,-692.062
2111.7,81.02,60.6,0.0,0.3,6,135.935,-3.162,-694.858
2111.7,81.03,0.0,0.0,0.3,0,133.469,-3.130,-699.050
2127.8,80.93,90.6,0.0,0.4,7,131.822,-3.106,-701.838
2127.8,81.00,80.9,0.0,0.5,7,129.344,-3.067,-706.016
2127.8,81.05,74.4,0.0,0.5,7,127.686,-3.038,-708.801
2127.8,81.12,63.2,0.7,0.6,7,125.190,-2.989,-712.977
2144.0,80.97,16.6,31.5,0.6,7,123.520,-2.953,-715.757
2144.0,80.15,0.0,69.6,0.7,7,121.022,-2.893,-719.900
2144.0,79.39,0.0,75.9,0.8,7,119.368,-2.848,-722.631
2144.0,78.18,0.0,79.3,0.9,7,116.909,-2.776,-726.670
2279.0,48.79,9.9,0.0,13.6,4,34.154,-0.469,-826.611
2289.5,48.63,5.9,0.0,14.7,4,31.613,-0.417,-828.056
2289.5,48.53,11.2,0.0,15.2,4,29.904,-0.382,-828.980
2289.5,48.43,32.8,0.0,15.9,4,27.317,-0.329,-830.307
2289.5,48.44,36.7,0.0,16.7,4,25.574,-0.295,-831.154
2299.8,48.36,22.7,0.0,18.1,4,22.934,-0.242,-832.362
2299.8,48.29,15.4,0.0,18.8,4,21.158,-0.206,-833.126
2299.8,48.11,1.2,2.8,20.8,4,18.477,-0.153,-834.209
2299.8,47.94,0.0,9.3,22.2,4,16.680,-0.119,-834.891
2310.0,47.60,0.0,13.1,23.2,4,13.978,-0.072,-835.848
2310.0,47.34,0.0,12.2,22.9,4,12.174,-0.040,-836.441
2310.0,46.94,0.0,18.7,21.5,4,9.466,0.009,-837.257
2310.0,46.65,0.0,21.3,20.4,4,7.660,0.043,-837.753
2320.0,46.22,0.0,14.8,19.3,4,4.956,0.095,-838.424
2320.0,45.95,0.0,11.8,18.9,4,3.157,0.129,-838.826
2320.0,45.58,0.0,9.9,18.3,4,0.464,0.178,-839.359
2320.0,45.36,0.0,1.2,18.1,4,-1.329,0.209,-839.669
2329.7,45.21,29.5,0.0,18.5,4,-4.015,0.256,-840.067
2329.7,45.18,45.1,0.0,21.4,4,-6.707,0.300,-840.387
2329.7,45.17,24.2,17.1,24.4,4,-8.506,0.328,-840.558
2339.0,44.79,0.0,21.2,26.1,4,-11.199,0.369,-840.754
2339.0,44.50,0.0,8.5,26.0,4,-12.983,0.395,-840.845
2339.0,44.24,16.6,0.0,24.5,4,-15.643,0.432,-840.920
2339.0,44.21,45.6,0.0,23.3,4,-17.411,0.455,-840.929
2348.5,44.31,63.4,0.0,21.6,4,-20.066,0.488,-840.881
2348.5,44.39,62.1,0.0,22.0,4,-21.838,0.508,-840.808
2348.5,44.57,79.0,0.0,23.4,4,-24.500,0.536,-840.641
2348.5,44.71,80.7,0.0,24.5,4,-26.279,0.553,-840.490
2358.0,44.92,81.7,0.0,25.7,4,-28.952,0.575,-840.206
2358.0,45.04,72.7,0.0,27.3,4,-30.737,0.588,-839.978
2358.0,45.16,63.5,0.0,28.5,4,-33.413,0.606,-839.578
2358.0,45.23,57.3,0.0,27.9,4,-35.195,0.617,-839.271
2367.5,45.28,48.4,0.0,27.5,4,-37.860,0.635,-838.750
2367.5,45.33,55.8,0.0,27.0,4,-40.511,0.652,-838.155
2367.5,45.38,55.6,0.0,26.5,4,-42.272,0.663,-837.718
2367.5,45.43,45.4,0.0,26.6,4,-44.900,0.678,-837.001
2377.1,45.45,42.7,0.0,26.5,4,-46.643,0.687,-836.484
2377.1,45.43,35.7,0.0,27.1,4,-49.239,0.698,-835.651
2377.1,45.41,35.3,0.0,28.5,4,-50.956,0.704,-835.056
2377.1,45.36,24.5,0.0,29.6,4,-53.508,0.714,-834.104
2386.6,45.33,24.9,0.0,28.6,4,-55.192,0.720,-833.432
2386.6,45.21,22.8,0.0,29.8,4,-57.692,0.727,-832.368
2386.6,45.17,33.5,0.0,28.5,4,-59.339,0.730,-831.624
2386.6,45.13,30.6,0.0,29.5,4,-61.782,0.732,-830.453
2396.0,45.07,19.4,0.0,28.1,4,-63.391,0.732,-829.637
2396.0,44.95,15.6,0.0,26.0,4,-65.771,0.731,-828.359
2396.0,44.89,25.7,0.0,28.3,4,-67.334,0.729,-827.473
2396.0,44.85,34.9,0.0,29.9,4,-69.645,0.725,-826.094
2405.1,44.86,45.9,0.0,28.1,4,-71.165,0.721,-825.140
2405.1,44.87,35.4,0.0,29.1,4,-73.413,0.713,-823.659
2405.1,44.88,44.0,0.0,30.3,4,-75.620,0.704,-822.117
2405.1,44.91,47.8,0.0,28.1,4,-77.069,0.697,-821.056
2414.1,44.94,43.1,0.0,29.0,4,-79.208,0.685,-819.415
2414.1,44.98,53.7,0.0,26.7,4,-80.610,0.676,-818.290
2414.1,45.06,54.0,0.0,30.8,4,-82.679,0.662,-816.553
2414.1,45.13,58.7,0.0,32.5,4,-84.034,0.652,-815.363
2423.1,45.22,52.7,0.0,29.4,4,-86.032,0.634,-813.531
2423.1,45.25,40.5,0.0,26.9,4,-87.339,0.621,-812.280
2423.1,45.30,60.8,0.0,23.1,4,-89.259,0.601,-810.360
2423.1,45.45,89.1,0.0,20.6,4,-90.515,0.586,-809.050
2432.1,45.74,91.9,0.0,15.9,4,-92.367,0.561,-807.038
2432.1,45.94,91.9,0.0,12.4,4,-93.580,0.543,-805.664
2432.1,46.24,91.9,0.0,8.2,4,-95.365,0.516,-803.553
2432.1,46.47,91.9,0.0,6.7,4,-96.534,0.497,-802.114
2441.1,46.79,91.9,0.0,5.9,4,-98.258,0.467,-799.912
2441.1,47.01,91.9,0.0,5.8,4,-99.389,0.445,-798.416
2441.1,47.34,91.9,0.0,6.3,4,-101.060,0.412,-796.133
2441.1,47.69,91.9,0.0,6.1,4,-102.707,0.377,-793.807
2450.3,47.91,91.9,0.0,6.2,4,-103.791,0.352,-792.233
2450.3,48.25,91.9,0.0,5.0,4,-105.400,0.311,-789.840
2450.3,48.48,91.9,0.0,4.6,4,-106.459,0.283,-788.222
2450.3,48.82,91.9,0.0,3.7,4,-108.030,0.237,-785.763
2459.8,49.05,92.0,0.0,3.7,4,-109.066,0.205,-784.103
2459.8,49.40,92.0,0.0,2.5,4,-110.605,0.155,-781.583
2459.8,49.63,92.0,0.0,2.2,4,-111.622,0.119,-779.884
2459.8,49.97,92.0,0.0,1.8,4,-113.137,0.063,-777.311
2469.5,50.21,92.0,0.0,1.4,4,-114.142,0.023,-775.578
2469.5,50.55,92.0,0.0,0.9,4,-115.645,-0.039,-772.957
2469.5,50.79,92.0,0.0,0.6,4,-116.645,-0.083,-771.195
2469.5,51.13,92.0,0.0,0.5,4,-118.144,-0.153,-768.533
2479.7,51.36,92.0,0.0,0.3,4,-119.145,-0.202,-766.745
2771.2,27.89,0.0,26.1,-7.3,1,-291.881,-4.803,-536.258
2771.2,27.43,0.0,32.4,-8.7,1,-293.182,-4.821,-535.226
2771.2,27.10,0.0,31.7,-9.7,1,-294.048,-4.832,-534.563
2771.2,26.58,0.0,37.6,-6.0,1,-295.341,-4.849,-533.600
2776.5,26.21,0.0,39.0,-5.0,1,-296.195,-4.860,-532.978
2776.5,25.68,0.0,25.7,-4.9,1,-297.462,-4.875,-532.074
2776.5,25.40,0.0,23.3,-5.4,1,-298.299,-4.885,-531.487
2776.5,25.01,0.0,25.2,-7.0,1,-299.546,-4.899,-530.630
2781.4,24.63,0.0,17.4,-8.6,1,-300.783,-4.912,-529.800
2781.4,24.42,0.0,19.7,-9.3,1,-301.604,-4.921,-529.262
2781.4,24.06,0.0,23.3,-9.7,1,-302.831,-4.932,-528.479
2781.4,23.81,0.0,29.9,-9.9,1,-303.645,-4.940,-527.974
2786.1,23.36,0.0,26.0,-13.2,1,-304.857,-4.950,-527.242
2786.1,23.09,0.0,29.3,-18.1,1,-305.660,-4.957,-526.774
2786.1,22.62,0.0,30.5,-21.0,1,-306.860,-4.965,-526.107
2786.1,22.34,0.0,22.7,-22.0,1,-307.656,-4.970,-525.688
2790.7,21.99,0.0,10.0,-23.9,1,-308.848,-4.977,-525.099
2790.7,21.85,0.5,1.3,-24.4,1,-309.644,-4.980,-524.732
2790.7,21.89,36.1,0.0,-25.1,1,-310.850,-4.984,-524.218
2790.7,21.93,18.0,0.0,-25.3,1,-311.665,-4.986,-523.896
2795.7,21.86,3.6,17.8,-26.9,1,-312.902,-4.988,-523.447
2795.7,21.64,0.0,20.8,-27.1,1,-313.728,-4.988,-523.173
2795.7,21.30,0.0,8.4,-24.3,1,-314.962,-4.988,-522.802
2795.7,21.34,58.0,0.0,-24.1,1,-315.784,-4.986,-522.580
2801.0,21.76,77.3,0.0,-24.9,1,-317.040,-4.982,-522.277
2801.0,22.14,61.3,0.0,-29.1,1,-318.329,-4.975,-522.010
2801.0,22.33,54.9,0.0,-33.0,1,-319.205,-4.969,-521.857
2801.0,22.54,50.5,0.0,-34.3,1,-320.538,-4.961,-521.666
2806.6,22.71,58.0,0.0,-33.9,1,-321.437,-4.954,-521.569
2806.6,22.97,52.9,0.0,-40.5,1,-322.803,-4.944,-521.464
2806.6,23.12,35.4,0.0,-48.0,1,-323.724,-4.941,-521.418
2806.6,23.16,10.9,0.0,-40.5,1,-325.114,-4.940,-521.391
2812.2,23.08,1.9,4.0,-28.8,1,-326.039,-4.942,-521.402
2812.2,22.87,0.0,1.3,-29.7,1,-327.416,-4.948,-521.465
2812.2,22.70,1.5,0.0,-36.7,1,-328.324,-4.946,-521.548
2812.2,22.52,3.7,0.0,-34.1,1,-329.667,-4.936,-521.734
2817.4,22.43,7.4,0.0,-38.2,1,-330.552,-4.928,-521.893
2817.4,22.38,22.3,0.0,-38.7,1,-331.865,-4.918,-522.180
2817.4,22.40,33.4,0.0,-43.9,1,-332.732,-4.912,-522.404
2817.4,22.52,38.2,0.0,-38.2,1,-334.024,-4.902,-522.786
2822.3,22.63,47.7,0.0,-51.1,1,-334.881,-4.895,-523.071
2822.3,22.92,62.1,0.0,-50.5,1,-336.162,-4.883,-523.541
2822.3,23.24,68.8,0.0,-47.5,1,-337.443,-4.869,-524.064
2822.3,23.46,68.5,0.0,-46.0,1,-338.297,-4.858,-524.442
2827.1,23.76,55.4,0.0,-45.5,1,-339.574,-4.841,-525.055
2827.1,24.00,80.8,0.0,-42.6,1,-340.421,-4.828,-525.494
2827.1,24.45,70.0,0.0,-29.5,1,-341.690,-4.808,-526.201
2827.1,24.71,68.0,0.0,-19.9,1,-342.533,-4.794,-526.705
2832.0,25.13,78.1,0.0,-5.2,1,-343.795,-4.773,-527.504
2832.0,25.48,83.1,0.0,1.5,1,-344.639,-4.758,-528.063
2832.0,26.09,88.2,0.0,6.1,1,-345.915,-4.736,-528.934
2832.0,26.48,74.6,0.0,-0.7,1,-346.779,-4.721,-529.533
2837.2,26.87,57.7,0.0,-0.7,1,-348.086,-4.700,-530.456
2837.2,27.10,57.7,0.0,-13.2,1,-348.963,-4.685,-531.084
2837.2,27.58,76.8,0.0,1.5,1,-350.286,-4.663,-532.050
2837.2,27.86,56.6,0.0,8.1,1,-351.180,-4.647,-532.707
2842.6,28.08,33.5,0.0,13.3,1,-352.538,-4.623,-533.693
2842.6,28.16,28.5,0.0,3.2,1,-353.457,-4.608,-534.342
2842.6,28.28,26.1,0.0,-5.6,1,-354.843,-4.586,-535.313
2848.2,28.17,1.4,17.6,-8.7,1,-356.228,-4.565,-536.293
2848.2,27.95,0.0,15.4,-3.3,1,-357.139,-4.551,-536.948
2848.2,27.65,0.0,7.1,17.6,1,-358.491,-4.532,-537.927
2848.2,27.61,33.6,0.0,27.5,1,-359.393,-4.520,-538.564
2853.8,27.69,17.1,2.1,34.0,1,-360.769,-4.503,-539.492
2853.8,27.59,1.3,3.1,37.8,1,-361.701,-4.493,-540.087
2853.8,27.40,6.1,0.0,41.8,1,-363.118,-4.481,-540.933
2853.8,27.34,14.9,0.0,41.0,1,-364.075,-4.474,-541.464
2859.6,27.28,13.0,0.0,42.2,1,-365.533,-4.464,-542.211
2859.6,27.22,12.9,0.0,45.1,1,-366.519,-4.459,-542.677
2859.6,27.11,7.2,0.0,49.3,1,-368.015,-4.452,-543.324
2859.6,27.02,11.3,0.0,49.6,1,-369.022,-4.449,-543.722
2865.3,26.92,11.3,0.0,46.8,1,-370.545,-4.445,-544.268
2865.3,26.86,15.2,0.0,44.6,1,-371.569,-4.443,-544.599
2865.3,26.85,27.2,0.0,41.5,1,-373.117,-4.441,-545.044
2865.3,26.98,47.8,0.0,37.0,1,-374.684,-4.440,-545.431
2871.1,27.19,67.4,0.0,33.3,1,-375.742,-4.439,-545.659
2871.1,27.68,90.9,0.0,28.5,1,-377.358,-4.439,-545.961
2871.1,27.97,66.0,22.2,23.3,1,-378.457,-4.439,-546.136
2871.1,27.88,0.0,22.3,15.0,1,-380.122,-4.441,-546.351
2877.1,27.61,0.0,22.6,11.2,1,-381.228,-4.442,-546.461
2877.1,27.16,0.0,60.0,10.7,1,-382.867,-4.444,-546.582
2877.1,26.67,0.0,43.7,11.0,1,-383.944,-4.444,-546.636
2877.1,26.11,0.0,10.0,14.0,1,-385.525,-4.445,-546.684
2882.9,26.05,38.8,0.0,15.8,1,-386.567,-4.446,-546.692
2882.9,26.12,19.0,25.9,15.5,1,-388.136,-4.447,-546.670
2882.9,25.97,50.7,4.2,17.1,1,-389.177,-4.447,-546.634
2882.9,26.47,91.7,0.0,26.5,1,-390.745,-4.449,-546.549
2888.5,26.84,89.9,0.0,29.2,1,-391.807,-4.449,-546.466
2888.5,27.26,48.2,0.0,22.6,1,-393.422,-4.451,-546.298
2888.5,27.67,66.4,0.0,22.2,1,-395.052,-4.453,-546.071
2888.5,27.90,60.6,0.0,24.3,1,-396.147,-4.455,-545.886
2894.2,28.27,56.6,0.0,18.4,1,-397.799,-4.459,-545.557
2894.2,28.49,64.1,0.0,14.7,1,-398.905,-4.463,-545.302
2894.2,28.84,61.3,0.0,17.1,1,-400.569,-4.470,-544.870
2894.2,29.08,59.0,0.0,19.4,1,-401.681,-4.476,-544.547
2899.7,29.38,57.7,0.0,21.3,1,-403.349,-4.488,-544.011
2899.7,29.57,55.9,0.0,18.4,1,-404.461,-4.498,-543.617
2899.7,29.83,49.5,0.0,19.6,1,-406.122,-4.516,-542.975
2899.7,30.01,52.7,0.0,20.1,1,-407.225,-4.529,-542.511
2905.3,30.29,57.6,0.0,21.3,1,-408.871,-4.551,-541.763
2905.3,30.47,58.8,0.0,21.4,1,-409.962,-4.567,-541.229
2905.3,30.78,58.6,0.0,24.7,1,-411.587,-4.591,-540.374
2905.3,31.00,60.4,0.0,24.4,1,-412.663,-4.608,-539.768
2911.1,31.34,67.2,0.0,24.5,1,-414.266,-4.635,-538.806
2911.1,31.59,69.2,0.0,25.6,1,-415.326,-4.653,-538.129
2911.1,31.97,70.4,0.0,24.5,1,-416.903,-4.680,-537.060
2911.1,32.36,75.6,0.0,19.8,1,-418.464,-4.707,-535.926
2917.1,32.65,78.2,0.0,15.1,1,-419.494,-4.724,-535.134
2917.1,33.06,72.9,0.0,13.6,1,-421.024,-4.750,-533.892
2917.1,33.36,79.8,0.0,8.6,1,-422.033,-4.766,-533.029
2917.1,33.85,84.0,0.0,4.4,1,-423.532,-4.791,-531.683
2923.5,34.20,92.0,0.0,7.9,1,-424.523,-4.806,-530.751
2923.5,34.68,91.9,0.0,4.8,1,-425.997,-4.829,-529.305
2923.5,35.03,92.1,0.0,2.2,0,-426.971,-4.843,-528.308
2923.5,35.07,91.8,0.0,5.1,2,-428.412,-4.862,-526.774
2930.3,35.43,91.9,0.0,3.3,2,-429.358,-4.876,-525.730
2930.3,35.95,91.9,0.0,0.4,2,-430.772,-4.895,-524.123
2930.3,36.30,91.9,0.0,-0.3,2,-431.714,-4.909,-523.029
2930.3,36.84,91.9,0.0,0.4,2,-433.131,-4.929,-521.355
2937.4,37.24,91.9,0.0,1.6,2,-434.080,-4.942,-520.219
2937.4,37.73,91.9,0.0,-1.2,2,-435.511,-4.960,-518.487
2937.4,38.04,92.0,0.0,1.7,2,-436.473,-4.970,-517.317
2937.4,38.55,92.0,0.0,5.4,2,-437.926,-4.989,-515.539
2944.8,39.06,92.0,0.0,9.7,2,-439.387,-5.008,-513.728
2944.8,39.37,92.0,0.0,10.7,2,-440.360,-5.020,-512.498
2944.8,39.80,92.0,0.0,9.9,2,-441.809,-5.036,-510.617
2944.8,40.10,92.1,0.0,7.6,2,-442.767,-5.047,-509.338
2952.6,40.53,92.1,0.0,3.8,2,-444.186,-5.062,-507.378
2952.6,40.69,0.0,0.0,1.3,0,-445.115,-5.072,-506.045
2952.6,40.74,83.6,0.0,-0.0,3,-446.471,-5.085,-504.017
2952.6,40.99,91.9,0.0,-2.0,3,-447.353,-5.091,-502.642
2960.4,41.37,91.9,0.0,1.7,3,-448.650,-5.096,-500.540
2960.4,41.64,91.9,0.0,5.4,3,-449.502,-5.100,-499.117
2960.4,42.04,91.9,0.0,8.8,3,-450.758,-5.107,-496.944
2960.4,42.33,91.9,0.0,9.2,3,-451.579,-5.112,-495.471
2968.6,42.69,91.9,0.0,10.2,3,-452.785,-5.115,-493.225
2968.6,42.96,89.7,0.0,9.6,3,-453.571,-5.118,-491.704
2968.6,43.32,91.9,0.0,7.3,3,-454.720,-5.122,-489.386
2976.8,43.70,79.8,0.0,2.3,3,-455.834,-5.130,-487.025
2976.8,43.94,91.9,0.0,0.4,3,-456.553,-5.136,-485.427
2976.8,44.33,91.9,0.0,0.4,3,-457.596,-5.148,-482.994
2976.8,44.60,91.9,0.0,1.2,3,-458.268,-5.157,-481.348
2985.3,45.02,92.0,0.0,4.1,3,-459.246,-5.174,-478.844
2985.3,45.29,92.0,0.0,7.0,3,-459.879,-5.187,-477.154
2985.3,45.69,92.0,0.0,9.4,3,-460.806,-5.210,-474.587
2985.3,45.95,92.0,0.0,11.2,3,-461.407,-5.228,-472.856
2994.3,46.34,92.0,0.0,12.5,3,-462.276,-5.257,-470.229
2994.3,46.58,92.0,0.0,12.9,3,-462.832,-5.277,-468.456
2994.3,46.95,92.0,0.0,12.9,3,-463.624,-5.311,-465.764
2994.3,47.19,92.0,0.0,12.8,3,-464.121,-5.335,-463.949
3003.4,47.54,92.0,0.0,13.2,3,-464.820,-5.373,-461.196
3003.4,47.77,92.1,0.0,13.6,3,-465.253,-5.399,-459.340
3003.4,48.10,92.1,0.0,14.1,3,-465.849,-5.441,-456.527
3003.4,48.33,92.1,0.0,10.9,3,-466.209,-5.469,-454.633
3012.8,48.67,92.1,0.0,1.7,3,-466.695,-5.511,-451.766
3012.8,49.04,92.1,0.0,-4.1,3,-467.120,-5.552,-448.866
3012.8,49.30,92.1,0.0,-3.7,3,-467.379,-5.579,-446.917
3012.8,49.68,92.1,0.0,2.9,3,-467.746,-5.620,-443.972
3022.5,49.93,92.1,0.0,11.4,3,-467.983,-5.647,-441.994
3022.5,50.28,92.1,0.0,16.1,3,-468.313,-5.688,-439.007
3022.5,50.49,92.2,0.0,17.5,3,-468.508,-5.715,-437.002
3022.5,50.79,92.3,0.0,17.3,3,-468.746,-5.754,-433.973
3032.5,50.98,92.2,0.0,17.4,3,-468.867,-5.780,-431.942
3032.5,51.14,0.0,0.0,17.8,0,-468.982,-5.818,-428.879
3032.5,51.05,68.3,0.0,18.9,4,-469.013,-5.842,-426.836
3032.5,51.24,92.0,0.0,20.0,4,-468.989,-5.877,-423.769
3042.8,51.41,92.0,0.0,21.1,4,-468.928,-5.900,-421.717
3042.8,51.60,72.9,0.0,22.6,4,-468.767,-5.932,-418.631
3042.8,51.68,65.8,0.0,25.0,4,-468.613,-5.952,-416.572
3042.8,51.75,55.8,0.0,27.4,4,-468.314,-5.981,-413.483
3053.4,51.79,51.9,0.0,28.7,4,-468.070,-5.999,-411.427
3053.4,51.80,45.2,0.0,31.1,4,-467.639,-6.025,-408.350
3053.4,51.78,39.3,0.0,32.8,4,-467.133,-6.050,-405.284
3053.4,51.75,34.8,0.0,33.4,4,-466.755,-6.068,-403.248
3064.0,51.67,21.6,0.0,34.4,4,-466.127,-6.097,-400.209
3064.0,51.55,10.5,0.0,32.7,4,-465.667,-6.117,-398.196
3064.0,51.34,10.4,0.0,31.9,4,-464.913,-6.144,-395.203
3064.0,51.21,10.4,0.0,30.4,4,-464.365,-6.161,-393.226
3074.2,51.03,23.3,0.0,28.9,4,-463.479,-6.183,-390.290
3074.2,50.98,41.6,0.0,27.7,4,-462.846,-6.197,-388.351
3074.2,50.99,45.1,0.0,26.4,4,-461.834,-6.218,-385.465
3074.2,51.00,53.3,0.0,25.9,4,-461.118,-6.232,-383.555
3084.2,51.10,68.7,0.0,23.8,4,-459.981,-6.251,-380.711
3084.2,51.20,74.7,0.0,22.2,4,-459.179,-6.260,-378.829
3084.2,51.41,90.0,0.0,17.8,4,-457.913,-6.269,-376.025
3084.2,51.58,92.0,0.0,14.6,4,-457.027,-6.273,-374.166
3094.2,51.86,92.0,0.0,9.8,4,-455.636,-6.278,-371.392
3094.2,52.16,92.0,0.0,5.2,4,-454.177,-6.286,-368.634
3094.2,52.36,92.0,0.0,3.1,4,-453.167,-6.292,-366.805
3094.2,52.66,92.0,0.0,3.2,4,-451.601,-6.301,-364.072
3104.4,52.87,89.4,0.0,4.1,4,-450.525,-6.307,-362.257
3104.4,53.18,79.6,0.0,5.8,4,-448.870,-6.314,-359.540
3104.4,53.37,73.2,0.0,6.5,4,-447.742,-6.317,-357.732
3104.4,53.68,63.6,0.0,7.5,4,-446.012,-6.313,-355.027
3114.9,53.88,59.8,0.0,7.2,4,-444.834,-6.310,-353.228
3114.9,54.20,60.1,0.0,6.4,4,-443.030,-6.313,-350.536
3114.9,54.37,60.4,0.0,4.7,4,-441.801,-6.319,-348.747
3114.9,54.68,60.0,0.0,1.5,4,-439.912,-6.339,-346.076
3125.7,54.88,59.9,0.0,0.0,4,-438.616,-6.347,-344.310
3125.7,55.18,60.1,0.0,0.8,4,-436.623,-6.349,-341.679
3125.7,55.38,60.2,0.0,1.4,4,-435.273,-6.350,-339.927
3125.7,55.72,60.2,0.0,2.0,4,-433.227,-6.358,-337.297
3136.7,56.04,60.4,0.0,1.1,4,-431.158,-6.363,-334.661
3136.7,56.28,60.4,0.0,0.1,4,-429.766,-6.361,-332.898
3136.7,56.61,60.6,0.0,0.5,4,-427.660,-6.348,-330.249
3136.7,56.75,60.9,0.0,0.8,4,-426.244,-6.335,-328.478
3148.0,57.13,60.6,0.0,-0.3,4,-424.107,-6.325,-325.810
3148.0,57.29,60.8,0.0,-0.2,4,-422.675,-6.320,-324.026
3148.0,57.60,60.9,0.0,-0.4,4,-420.517,-6.315,-321.338
3148.0,57.80,60.9,0.0,-0.2,4,-419.074,-6.310,-319.537
3159.5,58.08,61.0,0.0,-0.1,4,-416.906,-6.301,-316.821
3159.5,58.27,61.0,0.0,0.2,4,-415.458,-6.295,-315.000
3159.5,58.56,61.0,0.0,-0.4,4,-413.281,-6.284,-312.254
3159.5,58.73,61.1,0.0,-1.1,4,-411.827,-6.275,-310.415
3171.3,59.01,61.1,0.0,-1.8,4,-409.643,-6.264,-307.640
3171.3,59.19,61.1,0.0,-1.9,4,-408.185,-6.256,-305.779
3171.3,59.47,61.1,0.0,-1.5,4,-406.001,-6.243,-302.968
3171.3,59.64,61.1,0.0,-1.4,4,-404.547,-6.233,-301.082
3183.1,59.91,61.2,0.0,-0.6,4,-402.369,-6.217,-298.233
3183.1,60.17,61.1,0.0,0.3,4,-400.193,-6.200,-295.364
3183.1,60.34,61.1,0.0,0.7,4,-398.740,-6.188,-293.441
3195.1,60.60,61.0,0.0,0.1,4,-396.554,-6.170,-290.546
3195.1,60.77,60.9,0.0,-0.6,4,-395.091,-6.157,-288.609
3195.1,61.02,60.7,0.0,-0.8,4,-392.891,-6.137,-285.693
3195.1,61.18,60.5,0.0,-0.6,4,-391.420,-6.122,-283.741
3207.3,61.42,60.3,0.0,-0.4,4,-389.210,-6.102,-280.801
3207.3,61.58,60.2,0.0,0.1,4,-387.735,-6.088,-278.833
3207.3,61.61,0.0,0.0,-0.3,0,-385.519,-6.067,-275.872
3207.3,61.68,86.9,0.0,-0.4,5,-384.044,-6.052,-273.898
3219.6,61.92,77.2,0.0,-0.4,5,-381.826,-6.027,-270.927
3219.6,62.08,70.8,0.0,-0.3,5,-380.345,-6.010,-268.938
3219.6,62.32,61.1,0.0,-0.1,5,-378.120,-5.983,-265.943
3219.6,62.48,59.8,0.0,-0.2,5,-376.633,-5.965,-263.938
3232.1,62.71,59.9,0.0,-0.2,5,-374.399,-5.939,-260.920
3232.1,62.87,60.0,0.0,-0.1,5,-372.907,-5.922,-258.901
3232.1,63.09,60.1,0.0,-0.0,5,-370.663,-5.895,-255.861
3232.1,63.32,60.2,0.0,0.1,5,-368.413,-5.862,-252.809
3244.7,63.47,60.2,0.0,0.3,5,-366.909,-5.839,-250.768
3244.7,63.70,60.3,0.0,0.4,5,-364.647,-5.804,-247.697
3244.7,63.85,60.3,0.0,0.6,5,-363.133,-5.779,-245.644
3244.7,64.07,60.3,0.0,0.4,5,-360.852,-5.741,-242.558
3257.5,64.22,60.4,0.0,0.3,5,-359.325,-5.714,-240.497
3257.5,64.44,60.4,0.0,0.2,5,-357.025,-5.670,-237.398
3257.5,64.58,60.5,0.0,0.2,5,-355.485,-5.639,-235.329
3257.5,64.80,60.5,0.0,0.1,5,-353.166,-5.594,-232.217
3270.4,64.94,60.5,0.0,0.1,5,-351.613,-5.565,-230.139
3270.4,65.16,60.6,0.0,0.0,5,-349.275,-5.524,-227.014
3270.4,65.30,60.6,0.0,0.0,5,-347.711,-5.501,-224.926
3270.4,65.51,60.6,0.0,-0.0,5,-345.358,-5.465,-221.787
3283.5,65.65,60.7,0.0,-0.0,5,-343.784,-5.438,-219.689
3283.5,65.85,60.8,0.0,-0.0,5,-341.416,-5.397,-216.534
3283.5,65.99,60.8,0.0,0.0,5,-339.833,-5.369,-214.426
3283.5,66.20,60.9,0.0,0.1,5,-337.452,-5.324,-211.255
3296.7,66.40,60.9,0.0,-0.1,5,-335.064,-5.279,-208.074
3296.7,66.54,61.0,0.0,-0.2,5,-333.468,-5.248,-205.948
3296.7,66.74,61.0,0.0,-0.2,5,-331.067,-5.202,-202.751
3296.7,66.87,61.1,0.0,-0.2,5,-329.463,-5.171,-200.614
3310.0,67.07,61.1,0.0,-0.3,5,-327.051,-5.122,-197.401
3310.0,67.20,61.1,0.0,-0.3,5,-325.439,-5.088,-195.254
3310.0,67.40,61.2,0.0,-0.4,5,-323.016,-5.034,-192.024
3310.0,67.53,61.2,0.0,-0.4,5,-321.398,-4.998,-189.866
3323.5,67.72,61.2,0.0,-0.4,5,-318.966,-4.943,-186.619
3323.5,67.85,61.2,0.0,-0.2,5,-317.341,-4.907,-184.449
3323.5,68.03,61.2,0.0,-0.1,5,-314.901,-4.853,-181.185
3323.5,68.16,61.3,0.0,-0.1,5,-313.271,-4.816,-179.003
3337.1,68.34,61.3,0.0,-0.2,5,-310.823,-4.762,-175.722
3337.1,68.47,61.3,0.0,-0.2,5,-309.188,-4.726,-173.528
3337.1,68.65,61.3,0.0,-0.2,5,-306.732,-4.672,-170.229
3337.1,68.83,61.3,0.0,-0.2,5,-304.271,-4.616,-166.921
3350.8,68.95,61.3,0.0,-0.2,5,-302.627,-4.578,-164.709
3350.8,69.13,61.3,0.0,-0.2,5,-300.159,-4.521,-161.384
3350.8,69.24,61.3,0.0,-0.2,5,-298.511,-4.482,-159.161
3350.8,69.42,61.3,0.0,-0.2,5,-296.036,-4.424,-155.819
3364.6,69.53,61.2,0.0,-0.2,5,-294.384,-4.384,-153.585
3364.6,69.70,61.2,0.0,-0.2,5,-291.902,-4.325,-150.226
3364.6,69.81,61.1,0.0,-0.1,5,-290.246,-4.286,-147.981
3364.6,69.98,61.0,0.0,0.1,5,-287.758,-4.226,-144.606
3378.6,70.09,60.9,0.0,0.1,5,-286.097,-4.186,-142.350
3378.6,70.25,60.8,0.0,0.4,5,-283.601,-4.126,-138.961
3378.6,70.35,60.7,0.0,0.3,5,-281.933,-4.087,-136.697
3378.6,70.51,60.6,0.0,-0.1,5,-279.426,-4.029,-133.296
3392.7,70.61,60.5,0.0,-0.1,5,-277.752,-3.990,-131.025
3392.7,70.76,60.3,0.0,-0.0,5,-275.235,-3.930,-127.612
3392.7,70.86,60.3,0.0,0.9,5,-273.554,-3.889,-125.333
3392.7,70.82,0.0,0.0,0.7,0,-271.028,-3.828,-121.912
3406.8,70.91,83.8,0.0,0.5,6,-268.500,-3.768,-118.497
3406.8,71.00,77.4,0.0,0.5,6,-266.808,-3.727,-116.218
3406.8,71.15,67.7,0.0,0.4,6,-264.261,-3.665,-112.799
3406.8,71.25,61.2,0.0,-0.1,6,-262.558,-3.624,-110.517
3421.0,71.40,59.9,0.0,-1.0,6,-259.995,-3.562,-107.090
3421.0,71.50,60.0,0.0,-1.2,6,-258.285,-3.518,-104.801
3421.0,71.65,60.0,0.0,-0.7,6,-255.720,-3.452,-101.358
3421.0,71.75,60.0,0.0,-0.5,6,-254.012,-3.408,-99.055
3435.4,71.88,60.1,0.0,-0.4,6,-251.455,-3.341,-95.588
3435.4,71.99,60.1,0.0,-0.6,6,-249.752,-3.296,-93.268
3435.4,72.13,60.2,0.0,-0.6,6,-247.202,-3.231,-89.778
3435.4,72.23,60.2,0.0,-0.5,6,-245.503,-3.188,-87.444
3449.8,72.37,60.2,0.0,-0.0,6,-242.957,-3.126,-83.933
3449.8,72.47,60.3,0.0,0.4,6,-241.260,-3.085,-81.585
3449.8,72.61,60.3,0.0,1.0,6,-238.714,-3.022,-78.056
3464.3,72.75,60.3,0.0,0.9,6,-236.161,-2.960,-74.521
3464.3,72.84,60.4,0.0,0.7,6,-234.453,-2.918,-72.164
3464.3,72.98,60.4,0.0,1.2,6,-231.878,-2.854,-68.628
3464.3,73.08,60.4,0.0,1.9,6,-230.153,-2.812,-66.271
3478.9,73.20,60.5,0.0,2.8,6,-227.547,-2.746,-62.741
3478.9,73.29,60.5,0.0,3.3,6,-225.795,-2.700,-60.394
3478.9,73.41,53.6,0.4,3.6,6,-223.140,-2.630,-56.885
3478.9,73.29,12.4,22.5,3.8,6,-221.350,-2.584,-54.559
3493.5,72.69,0.0,45.3,4.0,6,-218.647,-2.513,-51.110
3493.5,72.16,0.0,44.6,4.0,6,-216.837,-2.467,-48.847
3493.5,71.37,0.0,39.1,4.7,6,-214.110,-2.399,-45.514
3493.5,70.89,0.0,30.7,4.7,6,-212.282,-2.354,-43.333
3507.8,70.35,6.8,3.8,2.4,6,-209.515,-2.286,-40.126
3507.8,70.18,7.9,0.0,3.7,6,-207.651,-2.241,-38.023
3507.8,69.99,13.5,2.7,5.3,6,-204.816,-2.174,-34.917
3507.8,69.83,2.4,0.9,6.3,6,-202.903,-2.129,-32.878
3521.6,69.61,9.0,0.9,6.5,6,-199.998,-2.061,-29.868
3521.6,69.37,0.7,24.5,6.6,6,-197.052,-1.995,-26.917
3521.6,69.02,0.0,24.5,6.5,6,-195.067,-1.951,-24.988
3521.6,68.10,0.0,48.0,6.2,6,-192.069,-1.882,-22.163
3535.2,67.59,0.0,4.8,5.6,6,-190.066,-1.836,-20.333
3535.2,67.54,82.1,0.0,5.8,6,-187.029,-1.768,-17.652
3535.2,67.62,75.3,0.0,7.4,6,-184.974,-1.726,-15.897
3535.2,67.74,60.9,0.0,11.6,6,-181.844,-1.671,-13.310
3548.6,67.75,39.5,0.0,14.1,6,-179.729,-1.640,-11.617
3548.6,67.75,44.8,0.0,16.1,6,-176.515,-1.602,-9.128
3548.6,67.78,55.9,0.0,16.4,6,-174.345,-1.581,-7.505
3548.6,67.86,58.5,0.0,15.9,6,-171.043,-1.555,-5.128
3562.3,67.89,58.5,0.0,15.5,6,-168.808,-1.539,-3.587
3562.3,67.90,53.4,0.0,15.7,6,-165.407,-1.513,-1.344
3562.3,67.89,41.8,0.0,16.5,6,-163.110,-1.494,0.104
3562.3,67.83,32.6,0.0,18.1,6,-159.616,-1.460,2.197
3576.4,67.81,58.6,0.0,19.7,6,-156.072,-1.418,4.196
3576.4,67.91,58.8,0.0,20.8,6,-153.684,-1.391,5.483
3576.4,67.89,59.2,0.0,22.1,6,-150.062,-1.350,7.348
3576.4,67.93,58.7,0.0,21.7,6,-147.628,-1.333,8.555
3591.0,67.90,28.7,0.0,22.2,6,-143.941,-1.309,10.290
3591.0,67.77,10.6,0.0,24.2,6,-141.459,-1.288,11.388
3591.0,67.55,19.8,0.0,29.0,6,-137.711,-1.251,12.946
3591.0,67.42,21.4,0.0,31.6,6,-135.197,-1.226,13.931
3605.4,67.22,19.2,0.0,34.4,6,-131.407,-1.188,15.329
3605.4,67.07,17.5,0.0,35.3,6,-128.869,-1.162,16.209
3605.4,66.84,14.8,0.0,35.7,6,-125.048,-1.127,17.449
3605.4,66.66,13.5,0.0,35.2,6,-122.492,-1.104,18.220
3774.7,66.74,57.9,0.0,-8.6,6,35.315,0.580,13.296
3927.2,66.26,0.0,80.3,0.8,6,169.373,2.427,84.099
3927.2,65.06,0.0,81.6,0.3,6,172.127,2.446,86.920
3927.2,64.24,0.0,82.4,0.1,6,173.933,2.458,88.773
3940.3,63.02,0.0,82.2,0.1,6,176.599,2.478,91.509
3940.3,62.21,0.0,83.6,0.2,6,178.349,2.491,93.304
3940.3,61.00,30.4,83.4,0.3,0,180.933,2.509,95.949
3940.3,60.18,0.0,83.8,0.4,5,182.630,2.521,97.683
3952.6,58.96,0.0,81.7,0.5,5,185.135,2.540,100.236
3952.6,57.76,0.0,83.2,0.5,5,187.593,2.558,102.733
3952.6,56.96,0.0,81.6,0.5,5,189.207,2.568,104.367
3964.1,55.76,0.0,83.2,0.6,5,191.590,2.580,106.770
3964.1,54.97,0.0,81.6,0.6,5,193.153,2.588,108.340
3964.1,53.77,0.0,83.3,0.6,5,195.462,2.602,110.648
3964.1,52.98,30.5,82.9,0.7,0,196.978,2.611,112.154
3974.8,51.80,0.0,83.7,0.8,4,199.215,2.626,114.365
3974.8,50.99,0.0,85.0,1.0,4,200.684,2.638,115.807
3974.8,49.77,0.0,82.2,1.2,4,202.851,2.658,117.917
3974.8,48.99,0.0,83.9,1.6,4,204.273,2.673,119.291
3984.8,47.79,0.0,84.3,2.0,4,206.373,2.697,121.298
3984.8,46.99,0.0,84.4,2.2,4,207.752,2.713,122.602
3984.8,45.80,0.0,84.3,2.9,4,209.788,2.737,124.503
3984.8,45.01,0.0,83.6,3.2,0,211.125,2.753,125.734
3993.9,43.85,0.0,83.8,3.4,3,213.103,2.776,127.525
3993.9,42.68,0.0,84.9,3.3,3,215.047,2.795,129.249
3993.9,41.89,0.0,83.4,2.9,3,216.324,2.807,130.360
3993.9,40.74,0.0,74.5,1.9,3,218.213,2.823,131.968
4002.3,40.04,0.0,64.8,0.9,3,219.455,2.831,133.003
4078.3,27.90,9.6,0.0,77.1,1,288.433,2.863,146.153
4085.4,27.78,9.6,0.0,77.1,1,289.377,2.885,145.561
4085.4,27.58,9.6,0.0,75.9,1,290.755,2.918,144.634
4085.4,27.47,9.6,0.0,74.4,1,291.647,2.941,143.990
4085.4,27.28,9.6,0.0,71.4,1,292.947,2.977,142.985
4090.8,27.17,9.6,0.0,68.9,1,293.785,3.002,142.291
4090.8,27.00,9.6,0.0,65.8,1,295.002,3.039,141.214
4090.8,26.84,9.6,0.0,64.1,1,296.168,3.076,140.097
4090.8,26.75,9.6,0.0,64.2,1,296.918,3.100,139.330
4095.9,26.59,9.6,0.0,63.9,1,297.999,3.133,138.151
4095.9,26.49,9.6,0.0,62.5,1,298.691,3.154,137.346
4095.9,26.34,9.6,0.0,59.1,1,299.685,3.182,136.111
4095.9,26.24,9.8,0.0,55.8,1,300.317,3.199,135.271
4100.8,26.11,12.2,0.0,49.4,1,301.218,3.222,133.985
4100.8,26.05,16.8,0.0,44.5,1,301.788,3.235,133.112
4100.8,26.05,32.2,0.0,36.1,1,302.597,3.254,131.775
4100.8,26.16,53.8,0.0,29.6,1,303.107,3.265,130.865
4105.8,26.56,58.0,0.0,18.9,1,303.836,3.281,129.463
4171.5,24.39,0.0,11.2,-23.9,1,315.328,4.035,61.675
4171.5,24.14,0.0,9.3,-24.2,1,315.824,4.044,60.306
4176.3,23.98,0.0,8.6,-24.9,1,316.178,4.049,59.411
4176.3,23.75,0.0,7.7,-27.0,1,316.745,4.054,58.096
4176.3,23.60,0.0,7.3,-28.1,1,317.147,4.057,57.238
4176.3,23.40,0.0,3.7,-28.4,1,317.786,4.060,55.981
4180.9,23.28,0.0,4.9,-28.7,1,318.236,4.060,55.163
4180.9,23.09,0.0,5.3,-29.3,1,318.946,4.059,53.966
4180.9,22.97,0.0,6.0,-29.7,1,319.443,4.058,53.190
4180.9,22.77,0.0,3.8,-29.6,1,320.220,4.055,52.059
4185.2,22.66,0.0,5.1,-28.9,1,320.759,4.051,51.327
4185.2,22.47,0.0,6.7,-30.6,1,321.599,4.045,50.265
4185.2,22.33,0.0,7.6,-31.8,1,322.179,4.041,49.581
4185.2,22.11,0.0,9.1,-33.3,1,323.075,4.033,48.594
4189.3,21.96,0.0,5.4,-33.3,1,323.691,4.028,47.963
4189.3,21.77,0.0,5.4,-32.6,1,324.640,4.020,47.057
4189.3,21.58,0.0,5.9,-34.0,1,325.618,4.011,46.200
4189.3,21.46,0.0,6.1,-35.3,1,326.285,4.004,45.656
4193.5,21.25,0.0,7.3,-36.9,1,327.307,3.993,44.882
4193.5,21.13,2.6,1.2,-38.8,1,328.002,3.985,44.396
4193.5,21.12,31.0,0.0,-40.6,1,329.066,3.972,43.709
4193.5,21.21,43.5,0.0,-41.6,1,329.794,3.964,43.278
4197.4,21.43,54.8,0.0,-43.8,1,330.916,3.950,42.667
4197.4,21.61,60.0,0.0,-45.6,1,331.686,3.940,42.283
4197.4,22.03,74.0,0.0,-47.1,1,332.875,3.924,41.739
4197.4,22.21,59.9,0.0,-46.7,1,333.692,3.913,41.399
4201.8,22.47,42.4,0.0,-44.7,1,334.949,3.897,40.934
4201.8,22.61,49.7,0.0,-42.8,1,335.805,3.886,40.653
4201.8,22.89,61.7,0.0,-41.1,1,337.118,3.870,40.281
4201.8,23.09,60.8,0.0,-41.4,1,338.011,3.860,40.065
4206.7,23.37,52.6,0.0,-43.0,1,339.377,3.845,39.789
4206.7,23.49,39.0,0.0,-44.8,1,340.301,3.836,39.638
4206.7,23.61,38.4,0.0,-49.3,1,341.703,3.823,39.464
4211.9,23.70,30.1,0.0,-54.7,1,343.118,3.811,39.350
4211.9,23.72,28.7,0.0,-58.1,1,344.066,3.803,39.307
4211.9,23.69,17.1,0.0,-61.7,1,345.488,3.791,39.290
4211.9,23.65,15.4,0.0,-63.1,1,346.435,3.784,39.313
4217.3,23.56,13.7,0.0,-64.4,1,347.849,3.774,39.398
4217.3,23.50,13.2,0.0,-65.1,1,348.785,3.768,39.489
4217.3,23.39,11.8,0.0,-64.7,1,350.180,3.759,39.677
4217.3,23.32,11.8,0.0,-63.9,1,351.100,3.755,39.838
4222.9,23.22,12.8,0.0,-62.3,1,352.465,3.748,40.129
4222.9,23.16,13.6,0.0,-60.3,1,353.365,3.744,40.356
4222.9,23.08,17.0,0.0,-55.4,1,354.695,3.739,40.748
4222.9,23.06,23.3,0.0,-51.3,1,355.570,3.736,41.042
4228.4,23.15,42.5,0.0,-44.2,1,356.865,3.732,41.532
4228.4,23.34,75.2,0.0,-38.2,1,357.721,3.730,41.893
4228.4,23.84,71.0,0.0,-28.3,1,359.006,3.729,42.483
4228.4,24.13,72.5,0.0,-21.4,1,359.864,3.729,42.910
4233.9,24.63,82.0,0.0,-14.3,1,361.153,3.730,43.598
4233.9,25.19,90.5,0.0,-10.7,1,362.448,3.734,44.342
4233.9,25.60,89.7,0.0,-9.2,1,363.316,3.737,44.868
4233.9,26.23,91.3,0.0,-9.5,1,364.628,3.745,45.700
4239.7,26.65,91.6,0.0,-10.6,1,365.509,3.751,46.283
4239.7,27.27,91.8,0.0,-12.4,1,366.839,3.763,47.201
4239.7,27.69,91.8,0.0,-13.4,1,367.731,3.771,47.842
4239.7,28.30,91.8,0.0,-15.2,1,369.076,3.784,48.847
4245.1,28.69,82.9,0.0,-16.2,1,369.974,3.793,49.546
4245.1,29.21,81.5,0.0,-13.2,1,371.319,3.806,50.644
4245.1,29.57,79.9,0.0,-15.0,1,372.212,3.814,51.406
4245.1,30.08,81.7,0.0,-18.1,1,373.544,3.826,52.600
4250.7,30.40,75.0,0.0,-15.4,1,374.424,3.833,53.429
4250.7,30.87,80.8,0.0,-15.1,1,375.729,3.844,54.722
4250.7,31.19,80.3,0.0,-16.4,1,376.587,3.850,55.617
4250.7,31.66,82.1,0.0,-18.7,1,377.855,3.860,57.011
4256.5,32.12,78.4,0.0,-20.4,1,379.097,3.870,58.466
4256.5,32.39,70.9,0.0,-20.9,1,379.908,3.876,59.469
4256.5,32.78,75.4,0.0,-20.2,1,381.095,3.884,61.021
4256.5,33.04,72.0,0.0,-19.4,1,381.866,3.888,62.088
4262.8,33.40,69.7,0.0,-19.1,1,382.988,3.893,63.735
4262.8,33.62,64.6,0.0,-18.3,1,383.712,3.896,64.862
4262.8,33.95,69.5,0.0,-15.2,1,384.758,3.899,66.597
4262.8,34.18,72.4,0.0,-13.9,1,385.429,3.900,67.782
4269.3,34.56,74.6,0.0,-8.9,1,386.393,3.903,69.604
4269.3,34.83,83.6,0.0,-5.9,1,387.009,3.905,70.846
4269.3,34.95,0.0,0.0,-1.6,0,387.896,3.907,72.746
4269.3,35.08,90.1,0.0,-0.5,2,388.456,3.908,74.027
4276.2,35.61,91.9,0.0,0.8,2,389.268,3.911,75.984
4276.2,35.92,91.9,0.0,0.7,2,389.797,3.913,77.313
4276.2,36.35,78.3,0.0,-0.5,2,390.576,3.913,79.336
4276.2,36.66,90.9,0.0,-1.7,2,391.086,3.910,80.704
4283.3,37.19,84.7,0.0,-2.8,2,391.842,3.907,82.788
4283.3,37.64,57.3,0.0,-2.8,2,392.584,3.900,84.906
4283.3,37.85,56.8,0.0,-2.0,2,393.069,3.893,86.335
4283.3,38.24,91.9,0.0,-0.9,2,393.777,3.882,88.503
4290.7,38.46,69.8,0.0,-1.5,2,394.236,3.879,89.966
4290.7,38.83,70.3,0.0,-1.8,2,394.910,3.874,92.183
4290.7,39.08,91.5,0.0,-2.1,2,395.350,3.872,93.678
4290.7,39.66,92.0,0.0,-2.4,2,395.998,3.868,95.949
4298.4,40.03,92.0,0.0,-2.4,2,396.423,3.865,97.485
4298.4,40.53,92.1,0.0,-1.9,2,397.048,3.861,99.819
4298.4,40.88,92.1,0.0,-2.2,2,397.458,3.858,101.394
4298.4,41.37,92.1,0.0,-2.3,2,398.062,3.853,103.786
4306.3,41.69,92.1,0.0,-2.1,2,398.457,3.850,105.399
4306.3,42.13,92.1,0.0,-2.9,2,399.040,3.848,107.844
4306.3,42.42,92.2,0.0,-3.0,0,399.422,3.846,109.491
4306.3,42.46,91.9,0.0,-2.9,3,399.983,3.842,111.975
4314.6,42.75,91.9,0.0,-3.0,3,400.347,3.839,113.639
4314.6,43.17,91.9,0.0,-3.3,3,400.882,3.836,116.159
4314.6,43.60,91.9,0.0,-3.8,3,401.403,3.833,118.709
4314.6,43.88,91.9,0.0,-4.2,3,401.740,3.831,120.425
4323.2,44.30,91.9,0.0,-4.5,3,402.228,3.829,123.024
4323.2,44.57,91.9,0.0,-4.8,3,402.542,3.827,124.773
4323.2,44.99,92.0,0.0,-4.9,3,402.991,3.824,127.421
4323.2,45.26,92.0,0.0,-4.8,3,403.276,3.821,129.203
4332.0,45.67,92.0,0.0,-5.9,3,403.680,3.817,131.900
4332.0,45.94,92.0,0.0,-5.8,3,403.932,3.813,133.715
4332.0,46.34,92.0,0.0,-5.7,3,404.280,3.807,136.460
4332.0,46.61,92.0,0.0,-5.3,3,404.493,3.804,138.306
4341.1,47.00,92.0,0.0,-6.0,3,404.781,3.799,141.099
4341.1,47.26,92.0,0.0,-6.7,3,404.952,3.795,142.976
4341.1,47.64,92.0,0.0,-7.0,3,405.175,3.788,145.813
4341.1,47.89,92.0,0.0,-6.7,3,405.300,3.784,147.719
4350.4,48.27,92.1,0.0,-6.5,3,405.448,3.777,150.600
4350.4,48.64,92.1,0.0,-7.1,3,405.548,3.771,153.505
4350.4,48.89,92.1,0.0,-7.4,3,405.588,3.767,155.454
4360.0,49.25,92.1,0.0,-7.7,3,405.606,3.759,158.398
4360.0,49.48,92.1,0.0,-7.8,3,405.589,3.755,160.372
4360.0,49.84,92.1,0.0,-8.0,3,405.517,3.748,163.350
4360.0,50.07,92.1,0.0,-8.4,3,405.438,3.743,165.346
4369.8,50.41,92.2,0.0,-8.6,3,405.271,3.735,168.355
4369.8,50.63,92.2,0.0,-8.7,3,405.127,3.729,170.370
4369.8,50.95,92.3,0.0,-9.2,3,404.857,3.722,173.405
4369.8,51.17,92.2,0.0,-9.6,3,404.642,3.717,175.436
4379.8,51.47,92.1,0.0,-9.8,3,404.267,3.708,178.491
4379.8,51.57,0.0,0.0,-10.2,0,403.980,3.702,180.533
4379.8,51.62,92.0,0.0,-10.2,4,403.494,3.694,183.587
4379.8,51.82,92.0,0.0,-10.1,4,403.132,3.688,185.623
4390.1,52.11,92.0,0.0,-10.1,4,402.531,3.679,188.682
4390.1,52.40,92.0,0.0,-9.9,4,401.857,3.670,191.743
4390.1,52.59,92.0,0.0,-10.2,4,401.368,3.666,193.785
4390.1,52.87,89.4,0.0,-10.8,4,400.574,3.658,196.847
4528.8,62.04,67.4,0.0,0.3,5,322.827,3.782,299.608
4528.8,62.21,60.9,0.0,0.2,5,320.919,3.781,301.199
4528.8,62.44,59.8,0.0,0.2,5,318.049,3.780,303.595
4528.8,62.60,59.9,0.0,0.4,5,316.130,3.780,305.198
4541.2,62.83,60.0,0.0,0.2,5,313.244,3.785,307.611
4541.2,62.98,60.1,0.0,0.3,5,311.314,3.790,309.225
4541.2,63.22,60.1,0.0,0.3,5,308.412,3.796,311.655
4541.2,63.38,60.2,0.0,0.2,5,306.472,3.799,313.282
4553.8,63.61,60.2,0.0,0.3,5,303.554,3.805,315.731
4553.8,63.76,60.2,0.0,0.3,5,301.605,3.810,317.371
4553.8,63.99,60.3,0.0,0.4,5,298.675,3.818,319.840
4566.5,64.22,60.3,0.0,0.5,5,295.737,3.822,322.321
4566.5,64.37,60.4,0.0,0.4,5,293.774,3.825,323.983
4566.5,64.59,60.4,0.0,0.5,5,290.826,3.825,326.486
4566.5,64.74,60.5,0.0,0.6,5,288.856,3.821,328.162
4579.4,64.96,60.5,0.0,0.5,5,285.897,3.813,330.689
4579.4,65.11,60.6,0.0,0.5,5,283.921,3.809,332.381
4579.4,65.32,60.6,0.0,0.5,5,280.954,3.800,334.930
4579.4,65.47,60.7,0.0,0.4,5,278.972,3.793,336.638
4592.5,65.68,60.8,0.0,0.4,5,275.996,3.791,339.211
4592.5,65.82,60.8,0.0,0.3,5,274.009,3.791,340.933
4592.5,66.04,60.9,0.0,0.2,5,271.023,3.793,343.527
4592.5,66.18,60.9,0.0,0.1,5,269.029,3.795,345.263
4605.7,66.39,60.9,0.0,0.1,5,266.031,3.798,347.876
4605.7,66.52,61.0,0.0,0.1,5,264.029,3.802,349.624
4605.7,66.74,61.0,0.0,0.1,5,261.019,3.813,352.254
4605.7,66.87,61.1,0.0,0.1,5,259.007,3.822,354.013
4619.1,67.08,61.1,0.0,0.1,5,255.983,3.836,356.658
4619.1,67.28,61.2,0.0,0.1,5,252.950,3.850,359.313
4619.1,67.41,61.2,0.0,0.1,5,250.924,3.858,361.087
4619.1,67.61,61.2,0.0,0.1,5,247.877,3.874,363.755
4632.6,67.74,61.2,0.0,0.2,5,245.840,3.885,365.539
4632.6,67.95,61.2,0.0,0.1,5,242.778,3.896,368.221
4632.6,68.08,61.2,0.0,0.1,5,240.733,3.902,370.013
4632.6,68.27,61.3,0.0,-0.0,5,237.657,3.912,372.710
4646.2,68.40,61.3,0.0,0.0,5,235.602,3.916,374.512
4646.2,68.59,61.3,0.0,0.0,5,232.513,3.918,377.221
4646.2,68.71,61.3,0.0,0.0,5,230.449,3.918,379.032
4646.2,68.90,61.3,0.0,-0.0,5,227.346,3.915,381.755
4659.9,69.03,61.3,0.0,0.0,5,225.273,3.912,383.574
4659.9,69.21,61.3,0.0,0.0,5,222.157,3.907,386.310
4659.9,69.33,61.3,0.0,0.0,5,220.075,3.904,388.138
4659.9,69.51,61.2,0.0,0.0,5,216.946,3.899,390.886
4673.7,69.63,61.2,0.0,0.0,5,214.855,3.895,392.722
4673.7,69.81,61.2,0.0,0.0,5,211.712,3.887,395.483
4673.7,69.99,61.0,0.0,0.1,5,208.562,3.879,398.251
4673.7,70.10,60.9,0.0,0.0,5,206.458,3.874,400.101
4687.8,70.27,60.8,0.0,0.0,5,203.296,3.868,402.881
4687.8,70.38,60.7,0.0,0.1,5,201.183,3.865,404.739
4687.8,70.55,60.6,0.0,0.0,5,198.009,3.859,407.531
4687.8,70.65,60.5,0.0,0.1,5,195.889,3.856,409.396
4701.9,70.81,60.4,0.0,0.1,5,192.703,3.851,412.199
4701.9,70.84,0.0,0.0,0.0,0,190.576,3.847,414.071
4701.9,70.83,87.1,0.0,0.0,6,187.388,3.841,416.879
4701.9,70.93,80.6,0.0,0.1,6,185.261,3.838,418.753
4716.0,71.10,70.9,0.0,0.1,6,182.064,3.835,421.570
4716.0,71.20,64.4,0.0,0.1,6,179.929,3.833,423.452
4716.0,71.36,59.9,0.0,0.1,6,176.722,3.829,426.281
4716.0,71.47,59.9,0.0,0.1,6,174.581,3.825,428.171
4730.3,71.63,60.0,0.0,0.1,6,171.364,3.819,431.014
4730.3,71.78,60.0,0.0,0.1,6,168.141,3.812,433.863
4730.3,71.89,60.1,0.0,0.1,6,165.989,3.809,435.768
4730.3,72.04,60.1,0.0,0.1,6,162.757,3.807,438.630
4744.6,72.15,60.2,0.0,0.1,6,160.600,3.806,440.543
4744.6,72.30,60.2,0.0,0.1,6,157.358,3.805,443.419
4744.6,72.40,60.3,0.0,0.1,6,155.194,3.805,445.340
4744.6,72.55,60.3,0.0,0.1,6,151.944,3.809,448.229
4759.1,72.65,60.3,0.0,0.1,6,149.774,3.812,450.159
4759.1,72.81,60.3,0.0,0.1,6,146.515,3.816,453.060
4759.1,72.91,60.4,0.0,0.1,6,144.339,3.817,454.998
4759.1,73.05,60.4,0.0,0.1,6,141.071,3.819,457.912
4773.7,73.15,60.4,0.0,0.0,6,138.889,3.822,459.858
4773.7,73.30,60.5,0.0,0.0,6,135.611,3.825,462.783
4773.7,73.40,60.5,0.0,0.0,6,133.423,3.826,464.737
4773.7,73.54,60.5,0.0,0.0,6,130.135,3.827,467.673
4788.4,73.63,60.5,0.0,0.1,6,127.941,3.829,469.634
4788.4,73.78,60.5,0.0,0.0,6,124.644,3.832,472.581
4788.4,73.92,60.6,0.0,0.1,6,121.340,3.833,475.534
4788.4,74.01,60.6,0.0,0.1,6,119.135,3.834,477.506
4803.1,74.15,60.6,0.0,0.0,6,115.822,3.834,480.469
4803.1,74.25,60.6,0.0,-0.0,6,113.610,3.834,482.448
4803.1,74.38,60.7,0.0,-0.1,6,110.287,3.831,485.420
4803.1,74.48,60.7,0.0,-0.1,6,108.068,3.829,487.405
4818.0,74.61,60.7,0.0,-0.0,6,104.734,3.822,490.387
4818.0,74.70,60.7,0.0,-0.0,6,102.508,3.817,492.378
4818.0,74.84,60.8,0.0,0.0,6,99.164,3.808,495.368
4818.0,74.93,60.8,0.0,-0.0,6,96.932,3.802,497.364
4832.9,75.06,60.8,0.0,-0.0,6,93.577,3.791,500.363
4832.9,75.15,60.9,0.0,0.0,6,91.337,3.782,502.365
4832.9,75.29,60.9,0.0,0.0,6,87.973,3.766,505.373
4832.9,75.38,60.9,0.0,-0.0,6,85.727,3.754,507.381
4848.0,75.51,60.9,0.0,-0.0,6,82.352,3.734,510.398
4848.0,75.64,61.0,0.0,-0.0,6,78.972,3.714,513.420
4848.0,75.72,61.0,0.0,-0.0,6,76.715,3.700,515.437
4863.1,75.85,61.0,0.0,-0.0,6,73.324,3.678,518.467
4863.1,75.94,61.1,0.0,-0.0,6,71.061,3.664,520.490
4863.1,76.07,61.1,0.0,-0.1,6,67.660,3.641,523.528
4863.1,76.16,61.1,0.0,-0.1,6,65.389,3.625,525.556
4878.3,76.29,61.1,0.0,-0.1,6,61.978,3.599,528.601
4878.3,76.37,61.1,0.0,-0.1,6,59.700,3.580,530.634
4878.3,76.50,61.2,0.0,-0.0,6,56.278,3.551,533.687
4878.3,76.59,61.2,0.0,-0.0,6,53.992,3.529,535.724
4893.6,76.71,61.2,0.0,0.0,6,50.559,3.495,538.783
4893.6,76.79,61.3,0.0,0.1,6,48.267,3.471,540.825
4893.6,76.92,61.3,0.0,0.2,6,44.824,3.433,543.892
4893.6,77.00,61.3,0.0,0.2,6,42.525,3.406,545.939
4909.0,77.12,61.3,0.0,0.2,6,39.074,3.363,549.016
4909.0,77.21,61.3,0.0,0.1,6,36.771,3.331,551.070
4909.0,77.34,61.3,0.0,0.1,6,33.313,3.277,554.158
4909.0,77.45,61.4,0.0,0.1,6,29.852,3.221,557.253
4924.4,77.54,61.4,0.0,0.0,6,27.542,3.183,559.320
4924.4,77.65,61.4,0.0,-0.0,6,24.075,3.125,562.426
4924.4,77.74,61.4,0.0,-0.0,6,21.761,3.086,564.500
4924.4,77.86,61.4,0.0,0.1,6,18.286,3.026,567.617
4940.0,77.94,61.4,0.0,0.0,6,15.967,2.986,569.697
4940.0,78.05,61.4,0.0,-0.2,6,12.485,2.926,572.823
4940.0,78.13,61.4,0.0,-0.4,6,10.161,2.887,574.909
4940.0,78.25,61.4,0.0,-0.5,6,6.669,2.829,578.041
4955.6,78.32,61.4,0.0,-0.4,6,4.336,2.793,580.129
4955.6,78.43,58.6,10.6,-0.3,6,0.828,2.739,583.261
4955.6,78.20,16.9,65.4,-0.4,6,-1.512,2.698,585.346
4955.6,77.10,0.0,81.4,-0.3,6,-4.998,2.635,588.443
4971.2,76.25,0.0,84.0,-0.2,6,-7.294,2.596,590.479
4971.2,74.95,0.0,86.0,-0.2,6,-10.695,2.542,593.484
4971.2,73.64,0.0,85.8,-0.3,6,-14.043,2.488,596.431
4971.2,72.77,0.0,86.0,-0.4,6,-16.244,2.454,598.364
4986.0,71.47,0.0,86.2,-0.5,6,-19.503,2.405,601.215
4986.0,70.62,0.0,86.9,-0.6,6,-21.645,2.373,603.083
4986.0,69.31,0.0,86.2,-0.7,6,-24.816,2.323,605.838
4986.0,68.45,0.0,86.2,-0.6,6,-26.901,2.288,607.642
5000.0,67.16,0.0,85.8,-0.6,6,-29.985,2.237,610.299
5000.0,66.31,0.0,85.6,-0.6,6,-32.013,2.204,612.037
5000.0,65.04,0.0,86.1,-0.7,6,-35.015,2.158,614.594
5000.0,64.20,0.0,86.3,-0.8,6,-36.989,2.128,616.265
5013.1,62.93,0.0,86.3,-0.9,6,-39.909,2.084,618.721
5013.1,62.09,0.0,86.6,-1.0,6,-41.829,2.055,620.325
5013.1,60.85,29.7,87.3,-1.1,0,-44.670,2.012,622.680
5013.1,60.01,0.0,89.0,-1.3,5,-46.538,1.984,624.217
5025.3,58.71,0.0,85.4,-1.7,5,-49.301,1.940,626.469
5025.3,57.47,0.0,87.5,-2.3,5,-52.018,1.899,628.655
5025.3,56.63,0.0,86.3,-2.6,5,-53.806,1.871,630.076
5025.3,55.39,0.0,87.3,-3.0,5,-56.453,1.832,632.149
5036.7,54.56,0.0,86.3,-3.2,5,-58.196,1.806,633.492
5036.7,53.34,31.4,86.6,-3.2,0,-60.779,1.768,635.446
5036.7,52.54,0.0,85.9,-3.1,4,-62.481,1.742,636.709
5036.7,51.32,0.0,72.5,-2.4,4,-65.005,1.703,638.539
5047.2,50.60,0.0,61.9,-2.0,4,-66.669,1.678,639.717
5047.2,49.69,0.0,52.5,-2.1,4,-69.151,1.642,641.420
5047.2,49.15,0.0,48.7,-3.0,4,-70.798,1.619,642.514
5047.2,48.38,0.0,53.7,-4.9,4,-73.260,1.586,644.098
5057.0,47.84,0.0,56.4,-5.8,4,-74.894,1.564,645.115
5057.0,46.97,0.0,56.7,-7.1,4,-77.332,1.531,646.583
5057.0,46.42,0.0,51.0,-7.1,4,-78.947,1.510,647.524
5057.0,45.66,0.0,42.8,-6.5,4,-81.355,1.477,648.878
5066.2,45.22,0.0,34.0,-6.2,4,-82.955,1.456,649.743
5066.2,44.70,0.0,25.3,-7.0,4,-85.349,1.423,650.986
5066.2,44.25,0.0,18.6,-8.4,4,-87.743,1.390,652.166
5066.2,44.01,0.0,18.3,-9.1,4,-89.340,1.367,652.918
5075.0,43.58,0.0,35.0,-10.0,0,-91.740,1.334,653.993
5075.0,43.22,32.8,37.9,-10.3,0,-93.337,1.312,654.674
5075.0,42.61,0.0,31.8,-9.5,3,-95.725,1.279,655.640
5075.0,42.25,0.0,21.0,-9.3,3,-97.310,1.258,656.247
5083.6,41.88,0.0,11.9,-9.7,3,-99.685,1.227,657.100
5083.6,41.68,0.0,8.7,-10.6,3,-101.269,1.207,657.633
5083.6,41.43,0.0,5.5,-12.1,3,-103.648,1.175,658.378
5083.6,41.28,0.0,3.2,-12.9,3,-105.237,1.154,658.839
5092.2,41.10,0.0,1.8,-13.6,3,-107.624,1.124,659.477
5092.2,40.98,0.0,2.0,-14.3,3,-109.219,1.104,659.866
5092.2,40.81,0.0,2.3,-14.8,3,-111.616,1.074,660.395
5092.2,40.69,0.0,3.2,-14.8,3,-113.214,1.054,660.712
5100.8,40.49,0.0,3.3,-14.8,3,-115.614,1.024,661.131
5100.8,40.29,0.0,3.4,-15.0,3,-118.012,0.996,661.481
5100.8,40.16,0.0,3.4,-14.8,3,-119.610,0.977,661.676
5109.0,39.96,0.0,3.5,-12.5,3,-122.002,0.951,661.909
5109.0,39.84,0.0,4.4,-10.4,3,-123.594,0.935,662.025
5109.0,39.64,0.0,3.9,-11.6,3,-125.976,0.912,662.145
5109.0,39.51,0.0,4.1,-11.2,3,-127.558,0.898,662.189
5117.4,39.32,0.0,4.1,-11.6,3,-129.923,0.877,662.206
5117.4,39.20,0.0,4.5,-12.4,3,-131.493,0.863,662.184
5117.4,39.00,0.0,5.5,-14.0,3,-133.838,0.842,662.103
5117.4,38.86,0.0,5.4,-15.2,3,-135.393,0.829,662.016
5125.8,38.65,0.0,2.5,-16.0,3,-137.712,0.809,661.835
5125.8,38.54,0.1,0.2,-16.8,3,-139.248,0.797,661.680
5125.8,38.40,2.5,0.0,-15.7,3,-141.538,0.778,661.394
5125.8,38.30,0.9,0.4,-14.4,3,-143.056,0.766,661.167
5133.8,38.15,0.0,1.0,-15.0,3,-145.316,0.748,660.774
5133.8,38.05,0.0,0.9,-16.7,3,-146.811,0.737,660.477
5133.8,37.89,0.1,0.0,-19.4,3,-149.034,0.720,659.980
5133.8,37.73,1.2,0.0,-21.4,3,-151.232,0.703,659.419
5142.0,37.63,1.6,0.0,-22.3,3,-152.683,0.693,659.010
5142.0,37.48,2.0,0.0,-23.4,3,-154.835,0.677,658.343
5142.0,37.37,0.8,1.5,-24.2,3,-156.253,0.667,657.861
5142.0,37.17,0.0,3.8,-25.0,3,-158.351,0.652,657.086
5150.3,37.01,0.0,5.4,-25.4,3,-159.728,0.642,656.534
5150.3,36.78,2.4,0.1,-25.0,3,-161.758,0.630,655.651
5150.3,36.68,11.5,0.0,-24.4,3,-163.087,0.624,655.024
5150.3,36.56,18.4,0.0,-23.7,3,-165.046,0.618,654.028
5158.1,36.52,20.9,0.0,-23.0,3,-166.328,0.616,653.327
5158.1,36.45,15.2,0.0,-21.8,3,-168.217,0.614,652.222
5158.1,36.38,15.6,0.0,-22.5,3,-169.454,0.612,651.451
5158.1,36.27,7.0,0.0,-26.2,3,-171.271,0.608,650.248
5166.4,36.19,14.2,0.0,-29.4,3,-172.458,0.605,649.416
5166.4,36.12,30.8,0.0,-33.8,3,-174.199,0.600,648.123
5166.4,36.09,28.4,0.0,-38.4,3,-175.892,0.600,646.770
5166.4,36.08,33.4,0.0,-41.5,3,-176.992,0.603,645.837
5174.6,36.07,32.2,0.0,-46.2,3,-178.608,0.608,644.396
5174.6,36.05,27.4,0.0,-49.2,3,-179.659,0.611,643.408
5174.6,35.99,29.1,0.0,-54.1,3,-181.196,0.616,641.889
5174.6,35.93,20.6,0.0,-55.3,3,-182.194,0.620,640.852
5182.1,35.77,9.7,0.0,-53.8,3,-183.643,0.626,639.262
5182.1,35.65,9.8,0.0,-51.6,3,-184.576,0.631,638.181
5182.1,35.48,10.2,0.0,-52.8,3,-185.924,0.640,636.526
5182.1,35.37,10.1,0.0,-50.4,3,-186.788,0.647,635.402
5189.5,35.23,18.0,0.0,-51.9,3,-188.032,0.657,633.688
5189.5,35.16,21.2,0.0,-52.0,3,-188.829,0.664,632.527
5189.5,35.03,12.5,0.0,-51.1,3,-189.972,0.674,630.759
5189.5,34.92,10.3,0.0,-51.4,3,-190.699,0.682,629.563
5196.4,34.76,10.5,0.0,-50.7,0,-191.736,0.694,627.747
5196.4,34.60,2.4,0.0,-48.8,2,-192.708,0.705,625.907
5196.4,34.47,9.3,0.0,-47.4,2,-193.321,0.712,624.669
5196.4,34.32,12.4,0.0,-44.6,2,-194.186,0.719,622.795
5203.0,34.24,13.8,0.0,-42.2,2,-194.726,0.723,621.535
5203.0,34.13,16.4,0.0,-38.9,2,-195.482,0.727,619.628
5203.0,34.08,18.6,0.0,-37.0,2,-195.950,0.729,618.346
5203.0,34.08,34.6,0.0,-34.8,2,-196.598,0.730,616.407
5209.4,34.15,43.6,0.0,-33.4,2,-196.997,0.730,615.103
5209.4,34.37,62.0,0.0,-31.5,2,-197.546,0.731,613.123
5209.4,34.52,53.6,0.0,-30.1,2,-197.881,0.732,611.787
5209.4,34.76,66.4,0.0,-27.3,2,-198.335,0.733,609.760
5216.1,35.02,88.7,0.0,-24.6,2,-198.607,0.735,608.392
5216.1,35.49,91.9,0.0,-19.4,2,-198.972,0.738,606.309
5216.1,35.78,83.3,0.0,-14.6,2,-199.186,0.741,604.900
5216.1,36.16,72.0,0.0,-6.6,2,-199.461,0.744,602.760
5223.2,36.41,79.5,0.0,-1.8,2,-199.610,0.748,601.317
5223.2,36.83,84.3,0.0,2.5,2,-199.790,0.755,599.128
5223.2,37.32,91.9,0.0,4.4,2,-199.918,0.765,596.909
5223.2,37.68,91.9,0.0,3.9,2,-199.980,0.772,595.411
5230.6,38.22,91.9,0.0,1.3,2,-200.043,0.783,593.136
5230.6,38.56,91.9,0.0,-0.5,2,-200.072,0.792,591.602
5230.6,39.07,92.0,0.0,-0.4,2,-200.108,0.807,589.274
5230.6,39.40,90.6,0.0,0.9,2,-200.129,0.818,587.706
5238.4,39.83,71.2,0.0,3.4,2,-200.162,0.836,585.330
5238.4,39.89,19.3,26.8,5.0,2,-200.189,0.848,583.735
5238.4,39.32,0.0,51.5,5.8,2,-200.242,0.864,581.355
5238.4,38.81,0.0,48.0,6.1,2,-200.289,0.874,579.792
5246.3,38.10,0.0,43.3,6.8,2,-200.382,0.891,577.486
5246.3,37.66,0.0,38.8,7.4,2,-200.462,0.903,575.972
5246.3,37.08,0.0,28.4,8.5,2,-200.610,0.920,573.734
5246.3,36.75,0.0,24.6,9.3,2,-200.730,0.931,572.262
5253.9,36.33,0.0,16.2,10.7,2,-200.944,0.946,570.079
5253.9,36.11,0.0,11.7,11.8,2,-201.110,0.956,568.640
5253.9,35.83,0.0,7.2,13.5,2,-201.398,0.970,566.500
5261.3,35.60,0.0,7.3,14.1,2,-201.737,0.983,564.384
5261.3,35.44,0.0,9.8,13.7,2,-201.992,0.993,562.986
5261.3,35.18,0.0,8.4,12.3,2,-202.418,1.007,560.910
5261.3,35.01,0.0,7.9,12.4,2,-202.730,1.016,559.541
5268.5,34.77,0.0,8.8,13.0,2,-203.239,1.031,557.510
5268.5,34.59,0.0,24.3,13.1,2,-203.607,1.041,556.172
5268.5,34.11,0.0,28.7,13.5,2,-204.197,1.057,554.195
5268.5,33.79,0.0,28.4,13.7,2,-204.614,1.069,552.902
5276.0,33.09,0.0,53.3,13.5,2,-205.271,1.086,551.003
5276.0,32.57,0.0,41.0,12.8,2,-205.727,1.098,549.770
5276.0,31.97,0.0,26.1,11.5,2,-206.440,1.116,547.970
5276.0,31.66,0.0,19.5,11.4,2,-206.938,1.129,546.799
5282.9,31.30,0.0,15.0,12.5,2,-207.719,1.148,545.079
5282.9,31.09,0.0,13.2,13.9,2,-208.263,1.162,543.955
5282.9,30.79,0.0,18.5,16.0,2,-209.111,1.183,542.303
5282.9,30.42,0.0,19.3,17.6,2,-209.994,1.203,540.693
5290.3,30.18,0.0,16.0,18.1,2,-210.602,1.216,539.644
5290.3,29.86,0.0,12.1,18.6,2,-211.544,1.234,538.109
5290.3,29.67,0.0,11.1,19.1,2,-212.193,1.247,537.110
5290.3,29.42,0.0,5.0,20.1,0,-213.199,1.265,535.650
5296.8,29.33,34.0,4.4,20.8,0,-213.892,1.277,534.701
5296.8,29.13,0.0,4.2,21.8,1,-214.966,1.294,533.314
5296.8,29.00,0.7,0.7,22.6,1,-215.704,1.304,532.416
5296.8,28.85,2.7,0.0,24.2,1,-216.844,1.320,531.107
5303.0,28.76,2.2,0.0,25.6,1,-217.626,1.330,530.261
5303.0,28.62,5.0,0.0,27.8,1,-218.832,1.345,529.033
5303.0,28.55,10.6,0.0,29.0,1,-219.657,1.354,528.242
5303.0,28.47,10.7,0.0,30.7,1,-220.928,1.367,527.097
5309.1,28.39,13.2,0.0,32.3,1,-222.237,1.379,526.003
5309.1,28.37,20.6,0.0,33.4,1,-223.131,1.387,525.304
5309.1,28.38,24.3,0.0,35.4,1,-224.504,1.397,524.298
5309.1,28.40,24.8,0.0,36.8,1,-225.440,1.404,523.656
5315.2,28.45,29.0,0.0,39.4,1,-226.876,1.413,522.737
5315.2,28.47,23.6,0.0,41.6,1,-227.854,1.418,522.153
5315.2,28.45,17.5,0.0,45.4,1,-229.347,1.426,521.323
5315.2,28.41,16.5,0.0,47.7,1,-230.357,1.430,520.802
5321.1,28.35,16.4,0.0,50.9,1,-231.894,1.436,520.069
5321.1,28.31,18.9,0.0,52.9,1,-232.931,1.439,519.613
5321.1,28.24,13.9,0.0,55.9,1,-234.505,1.443,518.980
5321.1,28.16,11.9,0.0,57.9,1,-235.565,1.446,518.593
5326.9,28.03,10.5,0.0,60.4,1,-237.166,1.449,518.065
5326.9,27.94,10.1,0.0,61.7,1,-238.240,1.450,517.748
5326.9,27.80,9.7,0.0,60.0,1,-239.859,1.452,517.328
5326.9,27.66,9.8,0.0,58.4,1,-241.485,1.452,516.974
5332.5,27.57,9.8,0.0,60.4,1,-242.571,1.452,516.773
5332.5,27.43,10.0,0.0,60.1,1,-244.203,1.451,516.527
5332.5,27.34,9.8,0.0,58.7,1,-245.291,1.450,516.400
5332.5,27.21,10.2,0.0,60.4,1,-246.922,1.448,516.263
5338.1,27.12,10.0,0.0,61.4,1,-248.007,1.446,516.208
5338.1,26.99,9.8,0.0,57.6,1,-249.630,1.442,516.180
5338.1,26.90,10.5,0.0,58.1,1,-250.708,1.439,516.196
5338.1,26.78,11.1,0.0,58.6,1,-252.317,1.434,516.274
5343.6,26.70,11.0,0.0,58.5,1,-253.383,1.430,516.361
5343.6,26.59,11.3,0.0,57.8,1,-254.971,1.424,516.545
5343.6,26.51,11.6,0.0,56.9,1,-256.021,1.419,516.702
5343.6,26.41,12.8,0.0,55.1,1,-257.583,1.412,516.990
5349.0,26.35,13.7,0.0,54.1,1,-258.613,1.406,517.216
5349.0,26.28,15.1,0.0,52.7,1,-260.144,1.396,517.605
5349.0,26.24,16.7,0.0,51.4,1,-261.152,1.389,517.897
5349.0,26.20,20.6,0.0,48.8,1,-262.648,1.376,518.383
5354.5,26.21,27.8,0.0,44.3,1,-264.123,1.362,518.928
5354.5,26.27,36.2,0.0,40.9,1,-265.095,1.352,519.323
5354.5,26.50,63.9,0.0,35.1,1,-266.539,1.336,519.967
5354.5,26.81,87.1,0.0,30.7,1,-267.498,1.325,520.430
5360.0,27.29,68.7,0.0,24.0,1,-268.939,1.308,521.176
5360.0,27.58,78.9,0.0,20.1,1,-269.897,1.297,521.709
5360.0,28.00,61.1,0.0,15.0,1,-271.330,1.279,522.561
5360.0,28.30,71.0,0.0,12.9,1,-272.281,1.266,523.162
5365.7,28.81,80.1,0.0,12.3,1,-273.702,1.247,524.116
5365.7,29.16,86.1,0.0,12.9,1,-274.647,1.233,524.786
5365.7,29.67,79.8,0.0,14.0,1,-276.061,1.212,525.841
5365.7,30.02,79.5,0.0,14.6,1,-276.999,1.197,526.578
5371.8,30.54,86.9,0.0,15.5,1,-278.398,1.175,527.736
5371.8,30.90,80.8,0.0,16.0,1,-279.324,1.159,528.543
5371.8,31.40,79.8,0.0,16.6,1,-280.700,1.136,529.805
5378.3,31.89,81.5,0.0,17.1,1,-282.059,1.111,531.130
5378.3,32.22,82.9,0.0,17.7,1,-282.953,1.094,532.049
5378.3,32.67,74.1,0.0,18.2,1,-284.272,1.069,533.478
5378.3,32.94,69.3,0.0,17.9,1,-285.135,1.051,534.466
5385.6,33.36,78.0,0.0,17.9,1,-286.399,1.026,536.000
5385.6,33.63,77.0,0.0,18.2,1,-287.221,1.010,537.057
5385.6,34.05,79.3,0.0,19.1,1,-288.422,0.986,538.693
5385.6,34.33,74.4,0.0,19.7,1,-289.200,0.970,539.817
5392.9,34.73,83.6,0.0,21.1,1,-290.332,0.946,541.551
5392.9,35.01,85.8,0.0,22.3,0,-291.062,0.929,542.738
5392.9,34.97,79.7,0.0,24.1,2,-292.110,0.905,544.558
5392.9,35.18,68.4,0.0,25.4,2,-292.773,0.889,545.794
5400.9,35.57,89.1,0.0,28.0,2,-293.722,0.867,547.691
5400.9,35.88,88.8,0.0,30.1,2,-294.326,0.852,548.985
5400.9,36.31,79.4,0.0,33.1,2,-295.194,0.830,550.968
5400.9,36.54,67.4,0.0,35.0,2,-295.744,0.815,552.317
5408.7,36.73,41.1,0.0,39.7,2,-296.520,0.793,554.374
5408.7,36.67,18.7,0.0,41.6,2,-297.228,0.772,556.460
5408.7,36.62,21.0,0.0,41.6,2,-297.659,0.760,557.861
5408.7,36.57,23.8,0.0,40.4,2,-298.247,0.744,559.977
5417.1,36.60,39.0,0.0,39.2,2,-298.601,0.733,561.396
5417.1,36.72,48.4,0.0,36.1,2,-299.077,0.719,563.543
5417.1,36.80,38.5,0.0,33.3,2,-299.357,0.708,564.986
5417.1,36.91,51.4,0.0,29.0,2,-299.717,0.696,567.167
5425.1,37.08,71.8,0.0,25.6,2,-299.919,0.688,568.632
5425.1,37.50,91.5,0.0,20.7,2,-300.168,0.677,570.854
5425.1,37.81,91.9,0.0,17.0,2,-300.299,0.670,572.354
5425.1,38.27,92.0,0.0,10.9,2,-300.442,0.661,574.631
5432.7,38.58,92.0,0.0,7.5,2,-300.502,0.655,576.166
5432.7,39.05,92.0,0.0,3.7,2,-300.538,0.648,578.493
5432.7,39.37,92.0,0.0,2.4,2,-300.529,0.643,580.061
5432.7,39.85,92.0,0.0,3.1,2,-300.465,0.637,582.436
5440.7,40.34,92.0,0.0,5.6,2,-300.345,0.630,584.838
5440.7,40.66,92.0,0.0,7.8,2,-300.237,0.624,586.453
5440.7,41.13,92.1,0.0,10.0,2,-300.032,0.616,588.898
5440.7,41.44,92.1,0.0,10.7,2,-299.868,0.610,590.540
5448.7,41.88,92.2,0.0,12.3,2,-299.581,0.601,593.022
5448.7,42.16,92.1,0.0,11.5,0,-299.359,0.595,594.688
5448.7,42.17,91.9,0.0,10.1,3,-298.979,0.584,597.189
5448.7,42.43,91.9,0.0,10.8,3,-298.695,0.576,598.856
5456.9,42.85,91.9,0.0,12.4,3,-298.218,0.563,601.369
5456.9,43.10,91.9,0.0,13.6,3,-297.867,0.553,603.051
5456.9,43.51,91.9,0.0,13.4,3,-297.289,0.533,605.583
5456.9,43.76,91.9,0.0,13.2,3,-296.867,0.520,607.276
5465.4,44.14,91.9,0.0,11.7,3,-296.176,0.499,609.820
5465.4,44.53,91.9,0.0,8.6,3,-295.418,0.476,612.368
5465.4,44.80,92.0,0.0,8.4,3,-294.877,0.459,614.070
5465.4,45.19,92.0,0.0,5.8,3,-294.012,0.429,616.626
5474.3,45.45,92.0,0.0,3.9,3,-293.401,0.408,618.332
5474.3,45.87,92.0,0.0,2.2,3,-292.436,0.374,620.895
5474.3,46.14,92.0,0.0,2.2,3,-291.765,0.350,622.608
5474.3,46.52,92.0,0.0,2.5,3,-290.724,0.311,625.185
5483.4,46.81,92.0,0.0,2.6,3,-290.009,0.286,626.908
5483.4,47.21,92.0,0.0,2.5,3,-288.909,0.248,629.504
5483.4,47.47,92.0,0.0,2.5,3,-288.158,0.222,631.241
5483.4,47.79,92.1,0.0,2.3,3,-287.007,0.177,633.857
5492.8,47.96,92.2,0.0,1.3,0,-286.225,0.145,635.604
5492.8,48.06,70.0,0.0,-1.2,4,-285.034,0.089,638.226
5492.8,48.28,90.0,0.0,-0.8,4,-284.225,0.047,639.973
5492.8,48.61,91.9,0.0,2.0,4,-282.980,-0.006,642.598
5502.3,48.95,92.0,0.0,3.9,4,-281.706,-0.048,645.231
5502.3,49.21,92.0,0.0,3.6,4,-280.841,-0.075,646.993
5502.3,49.57,91.9,0.0,2.6,4,-279.522,-0.117,649.644
5502.3,49.80,92.0,0.0,2.4,4,-278.626,-0.145,651.418
5512.1,50.18,92.0,0.0,1.4,4,-277.259,-0.188,654.086
5512.1,50.37,92.0,0.0,0.4,4,-276.329,-0.212,655.869
5512.1,50.75,92.0,0.0,0.3,4,-274.905,-0.241,658.548
5512.1,50.97,92.0,0.0,0.9,4,-273.939,-0.258,660.337
5522.2,51.29,92.0,0.0,2.2,4,-272.464,-0.280,663.026
5522.2,51.54,92.0,0.0,3.3,4,-271.466,-0.292,664.823
5522.2,51.85,92.0,0.0,4.5,4,-269.945,-0.305,667.525
5522.2,52.09,92.0,0.0,4.0,4,-268.914,-0.316,669.330
5532.5,52.42,92.0,0.0,3.2,4,-267.337,-0.335,672.039
5532.5,52.63,92.0,0.0,2.5,4,-266.263,-0.348,673.844
5532.5,52.95,87.5,0.0,2.5,4,-264.618,-0.365,676.550
5532.5,53.17,80.9,0.0,2.8,4,-263.502,-0.375,678.355
5543.0,53.49,71.2,0.0,3.8,4,-261.799,-0.389,681.063
5543.0,53.82,61.5,0.0,3.9,4,-260.060,-0.400,683.772
5543.0,54.03,59.7,0.0,3.7,4,-258.881,-0.405,685.577
5553.7,54.35,59.8,0.0,2.8,4,-257.082,-0.411,688.284
5553.7,54.56,59.9,0.0,2.4,4,-255.864,-0.414,690.090
5553.7,54.88,60.0,0.0,1.8,4,-254.011,-0.419,692.799
5553.7,55.09,60.1,0.0,1.8,4,-252.760,-0.422,694.607
5564.6,55.40,60.2,0.0,1.3,4,-250.861,-0.427,697.323
5564.6,55.61,60.2,0.0,1.5,4,-249.581,-0.431,699.138
5564.6,55.93,60.3,0.0,1.8,4,-247.642,-0.439,701.864
5564.6,56.13,60.3,0.0,2.1,4,-246.336,-0.444,703.685
5575.6,56.44,60.4,0.0,2.2,4,-244.357,-0.453,706.420
5575.6,56.64,60.5,0.0,2.4,4,-243.023,-0.458,708.245
5575.6,56.94,60.6,0.0,2.6,4,-240.998,-0.465,710.985
5575.6,57.13,60.6,0.0,2.8,4,-239.632,-0.469,712.812
5586.9,57.43,60.7,0.0,2.9,4,-237.557,-0.474,715.551
5586.9,57.72,60.8,0.0,3.2,4,-235.451,-0.478,718.288
5586.9,57.91,60.9,0.0,3.3,4,-234.028,-0.479,720.111
5586.9,58.20,61.0,0.0,3.5,4,-231.866,-0.481,722.841
5598.5,58.39,61.0,0.0,3.6,4,-230.405,-0.482,724.658
5598.5,58.67,61.1,0.0,3.7,4,-228.183,-0.483,727.377
5598.5,58.85,61.1,0.0,3.6,4,-226.681,-0.483,729.185
5598.5,59.12,61.1,0.0,3.7,4,-224.397,-0.480,731.887
5610.4,59.31,61.1,0.0,3.7,4,-222.853,-0.478,733.683
5610.4,59.57,61.1,0.0,3.8,4,-220.505,-0.472,736.367
5610.4,59.75,61.2,0.0,3.9,4,-218.918,-0.466,738.149
5610.4,60.01,61.1,0.0,3.8,4,-216.506,-0.454,740.810
5622.5,60.18,61.1,0.0,3.6,4,-214.876,-0.444,742.576
5622.5,60.43,61.0,0.0,3.6,4,-212.399,-0.425,745.213
5622.5,60.60,60.9,0.0,3.5,4,-210.726,-0.412,746.963
5622.5,60.85,60.7,0.0,3.4,4,-208.186,-0.390,749.575
5634.9,61.01,60.7,0.0,3.2,4,-206.472,-0.374,751.307
5634.9,61.25,60.5,0.0,3.3,4,-203.871,-0.347,753.892
5634.9,61.48,60.2,0.0,3.4,0,-201.235,-0.319,756.462
5634.9,61.43,0.0,0.0,3.5,0,-199.462,-0.300,758.166
5647.4,61.59,83.7,0.0,3.0,5,-196.781,-0.275,760.699
5647.4,61.74,77.2,0.0,2.8,5,-194.976,-0.259,762.379
5647.4,61.97,67.5,0.0,3.3,5,-192.238,-0.238,764.884
5647.4,62.13,61.0,0.0,3.6,5,-190.394,-0.228,766.546
5660.0,62.37,59.7,0.0,3.7,5,-187.601,-0.221,769.025
5660.0,62.52,59.8,0.0,3.7,5,-185.720,-0.218,770.667
5660.0,62.74,59.9,0.0,3.6,5,-182.868,-0.214,773.113
5660.0,62.89,60.0,0.0,3.5,5,-180.946,-0.210,774.732
5672.8,63.11,60.1,0.0,3.8,5,-178.033,-0.201,777.140
5672.8,63.27,60.1,0.0,4.1,5,-176.072,-0.197,778.734
5672.8,63.49,60.2,0.0,4.5,5,-173.100,-0.192,781.107
5672.8,63.64,60.2,0.0,4.7,5,-171.100,-0.191,782.675
5685.7,63.85,60.3,0.0,4.7,5,-168.068,-0.193,785.007
5685.7,64.07,60.3,0.0,4.6,5,-164.998,-0.196,787.308
5685.7,64.20,60.4,0.0,4.6,5,-162.928,-0.197,788.824
5685.7,64.41,60.4,0.0,4.7,5,-159.790,-0.194,791.068
5698.8,64.55,60.5,0.0,4.9,5,-157.676,-0.192,792.545
5698.8,64.75,60.6,0.0,4.8,5,-154.474,-0.190,794.734
5698.8,64.90,60.5,0.0,4.5,5,-152.319,-0.192,796.175
5698.8,65.09,60.6,0.0,3.9,5,-149.052,-0.190,798.303
5712.1,65.23,60.6,0.0,3.7,5,-146.851,-0.185,799.700
5712.1,65.44,60.7,0.0,4.2,5,-143.519,-0.173,801.763
5712.1,65.56,60.7,0.0,4.9,5,-141.280,-0.170,803.122
5712.1,65.78,60.8,0.0,5.3,5,-137.891,-0.169,805.132
5725.5,65.90,60.8,0.0,5.0,5,-135.612,-0.168,806.450
5725.5,66.08,60.8,0.0,4.2,5,-132.161,-0.163,808.391
5725.5,66.22,60.8,0.0,4.6,5,-129.840,-0.161,809.662
5725.5,66.42,60.9,0.0,5.4,5,-126.329,-0.161,811.534
5738.9,66.60,61.0,0.0,5.7,5,-122.781,-0.159,813.359
5738.9,66.72,61.0,0.0,6.0,5,-120.396,-0.157,814.551
5738.9,66.91,61.1,0.0,5.4,5,-116.788,-0.154,816.299
5738.9,67.02,61.1,0.0,5.4,5,-114.363,-0.151,817.436
5752.5,67.21,61.2,0.0,5.5,5,-110.697,-0.149,819.101
5752.5,67.33,61.2,0.0,5.7,5,-108.233,-0.147,820.182
5752.5,67.50,61.2,0.0,5.8,5,-104.509,-0.143,821.759
5752.5,67.62,61.2,0.0,5.6,5,-102.007,-0.139,822.780
5766.1,67.79,61.2,0.0,5.6,5,-98.227,-0.132,824.266
5766.1,67.91,61.2,0.0,5.5,5,-95.689,-0.128,825.227
5766.1,68.07,61.3,0.0,5.8,5,-91.856,-0.121,826.622
5766.1,68.19,61.3,0.0,5.9,5,-89.283,-0.118,827.521
5779.8,68.36,61.3,0.0,5.6,5,-85.400,-0.114,828.824
5779.8,68.52,61.3,0.0,5.2,5,-81.486,-0.107,830.066
5779.8,68.63,61.3,0.0,5.1,5,-78.861,-0.102,830.861
5793.4,68.79,61.3,0.0,5.1,5,-74.901,-0.094,832.006
5793.4,68.90,61.3,0.0,5.4,5,-72.247,-0.089,832.738
5793.4,69.06,61.3,0.0,4.8,5,-68.243,-0.081,833.787
5793.4,69.17,61.3,0.0,3.8,5,-65.561,-0.074,834.454
5807.1,69.34,61.3,0.0,3.4,5,-61.517,-0.064,835.409
5807.1,69.44,61.2,0.0,3.2,5,-58.809,-0.056,836.016
5807.1,69.61,61.2,0.0,2.9,5,-54.730,-0.042,836.887
5807.1,69.78,61.2,0.0,2.9,5,-50.631,-0.026,837.714
5821.0,69.89,61.1,0.0,2.8,5,-47.889,-0.013,838.244
5821.0,70.05,61.0,0.0,2.7,5,-43.761,0.009,839.006
5821.0,70.16,60.9,0.0,2.7,5,-41.000,0.025,839.494
5821.0,70.31,60.8,0.0,2.8,5,-36.846,0.048,840.197
5835.0,70.42,60.7,0.0,2.6,5,-34.067,0.063,840.647
5835.0,70.57,60.6,0.0,2.4,5,-29.887,0.087,841.292
5835.0,70.67,60.5,0.0,1.9,5,-27.093,0.103,841.703
5835.0,70.82,60.4,0.0,1.3,5,-22.889,0.130,842.293
5849.1,70.84,0.0,0.0,1.1,0,-20.080,0.151,842.669
141.4,76.31,61.1,0.0,0.2,6,154.056,1.463,861.834
