opponent,v3,Neel Jani,0,1771613341971
Game,version,date,track,car,event,laptime [s],S1 [s],S2 [s],S3 [s],S4+ [s]
LMU,1.2,2026-02-20 18:49:01,Silverstone Grand Prix Circuit - ELMS,Proton Competition 2025 #99:LM (Hyper),Live,107.493,0,0,0
Tracklen [m],TotalLaps
5869.1,11
,
,
lapdistance [m],speed [m/s],throttle [%],brake [%],steer [%],gear [int],world_x [m],world_y [m],world_z [m]
61.0,73.17,91.1,0.0,0.2,6,61.866,0.800,852.529
61.0,73.26,91.1,0.0,0.2,6,64.777,0.827,852.850
61.0,73.39,91.2,0.0,0.2,6,69.150,0.870,853.331
61.0,73.49,91.2,0.0,0.1,6,72.070,0.899,853.650
75.6,73.63,91.2,0.0,0.0,6,76.457,0.940,854.128
75.6,73.71,91.3,0.0,0.6,6,79.386,0.965,854.446
75.6,73.86,91.3,0.0,0.2,6,83.788,1.000,854.920
75.6,73.95,91.3,0.0,0.7,6,86.727,1.022,855.234
90.4,74.07,91.4,0.0,-0.2,6,91.142,1.057,855.701
90.4,74.16,91.4,0.0,-0.3,6,94.091,1.081,856.010
90.4,74.29,91.4,0.0,-0.2,6,98.520,1.115,856.472
90.4,74.39,91.5,0.0,0.6,6,101.478,1.136,856.779
105.2,74.51,91.5,0.0,0.5,6,105.920,1.167,857.239
105.2,74.64,91.6,0.0,0.2,6,110.371,1.198,857.697
105.2,74.73,91.6,0.0,0.1,6,113.343,1.219,858.000
105.2,74.85,91.6,0.0,-0.0,6,117.807,1.254,858.453
165.4,76.49,92.1,0.0,0.5,6,178.059,1.631,864.379
180.7,76.60,92.2,0.0,-0.0,6,182.630,1.661,864.814
180.7,76.68,92.2,0.0,-0.6,6,185.682,1.680,865.102
180.7,76.80,92.2,0.0,-0.9,6,190.266,1.707,865.534
180.7,76.87,92.2,0.0,-0.8,6,193.325,1.726,865.824
196.0,76.99,92.3,0.0,-0.2,6,197.920,1.755,866.265
196.0,77.06,92.3,0.0,-0.2,6,200.986,1.774,866.565
196.0,77.17,92.3,0.0,-0.2,6,205.590,1.800,867.024
211.4,77.28,92.4,0.0,-0.1,6,210.199,1.824,867.492
211.4,77.36,92.4,0.0,0.0,6,213.276,1.840,867.808
211.4,77.46,92.4,0.0,0.3,6,217.895,1.869,868.287
211.4,77.53,92.4,0.0,0.4,6,220.978,1.892,868.609
226.9,77.64,92.5,0.0,0.5,6,225.607,1.925,869.092
226.9,77.71,92.5,0.0,0.6,6,228.698,1.946,869.413
226.9,77.82,92.5,0.0,0.6,6,233.339,1.979,869.891
226.9,77.79,39.9,28.9,0.6,6,236.436,2.003,870.206
242.4,77.11,0.0,71.2,0.6,6,241.065,2.037,870.669
242.4,76.35,0.0,84.1,0.6,6,244.121,2.055,870.970
242.4,75.05,0.0,89.5,0.8,6,248.645,2.079,871.407
242.4,74.14,0.0,90.3,1.1,6,251.618,2.095,871.687
257.5,72.80,0.0,91.8,1.4,6,256.010,2.118,872.091
257.5,71.44,0.0,92.5,1.6,6,260.323,2.141,872.471
257.5,70.52,0.0,91.9,1.8,6,263.154,2.157,872.710
257.5,69.18,0.0,91.8,2.2,6,267.334,2.180,873.042
271.6,68.29,0.0,92.9,1.8,6,270.078,2.195,873.245
271.6,66.93,0.0,92.3,1.6,6,274.128,2.213,873.520
271.6,66.04,0.0,92.0,1.6,6,276.784,2.224,873.682
271.6,64.70,0.0,91.9,1.9,6,280.703,2.239,873.892
284.7,63.81,0.0,89.4,2.1,6,283.273,2.248,874.007
284.7,62.56,0.0,77.0,2.8,0,287.063,2.262,874.143
284.7,61.81,32.3,68.1,3.0,0,289.551,2.269,874.207
284.7,60.80,0.0,53.0,3.3,5,293.230,2.283,874.257
297.1,60.25,0.0,35.2,4.1,5,295.651,2.293,874.257
297.1,59.67,0.0,19.4,5.4,5,299.248,2.308,874.206
297.1,59.37,0.0,18.0,6.1,5,301.628,2.319,874.135
297.1,58.95,0.0,13.3,7.1,5,305.174,2.337,873.974
308.9,58.60,0.0,6.8,7.7,5,308.693,2.356,873.745
308.9,58.41,0.0,5.7,8.1,5,311.026,2.371,873.553
308.9,58.14,0.0,4.0,9.2,5,314.506,2.393,873.208
308.9,57.97,0.0,0.8,9.8,5,316.813,2.408,872.941
320.3,57.75,2.7,0.0,10.4,5,320.254,2.429,872.481
320.3,57.61,0.5,1.8,10.8,5,322.535,2.443,872.135
320.3,57.35,0.0,5.2,11.5,5,325.936,2.464,871.557
320.3,57.17,0.0,7.6,11.2,5,328.187,2.477,871.131
331.8,56.86,0.0,6.0,11.3,5,331.536,2.494,870.434
331.8,56.65,0.0,5.2,11.1,5,333.750,2.505,869.928
331.8,56.40,17.6,0.0,10.7,5,337.040,2.521,869.108
331.8,56.34,33.7,0.0,10.7,5,339.217,2.532,868.518
343.2,56.29,42.4,0.0,11.7,5,342.459,2.548,867.568
343.2,56.28,48.1,0.0,13.0,5,344.606,2.558,866.893
343.2,56.25,37.1,0.0,15.9,5,347.806,2.573,865.816
343.2,56.17,27.2,0.0,17.9,5,350.977,2.589,864.664
355.1,56.09,20.5,0.0,17.8,5,353.072,2.600,863.856
355.1,55.93,17.0,0.0,18.0,5,356.183,2.617,862.584
355.1,55.83,18.8,0.0,17.6,5,358.234,2.629,861.697
355.1,55.68,23.4,0.0,16.5,5,361.277,2.648,860.307
448.1,57.94,86.6,0.0,9.9,5,425.927,3.057,800.317
459.3,58.07,86.7,0.0,9.1,5,427.088,3.072,798.309
459.3,58.27,86.8,0.0,9.1,5,428.781,3.095,795.257
459.3,58.40,86.9,0.0,8.7,5,429.875,3.111,793.197
459.3,58.59,86.9,0.0,9.5,5,431.466,3.138,790.068
470.8,58.75,86.2,0.0,9.3,5,432.496,3.154,787.960
470.8,58.94,87.2,0.0,8.3,5,433.994,3.176,784.763
470.8,59.07,87.3,0.0,7.7,5,434.960,3.193,782.610
470.8,59.23,86.8,0.0,7.5,5,436.358,3.224,779.349
482.5,59.41,86.6,0.0,4.7,5,437.701,3.258,776.052
482.5,59.49,57.3,0.0,1.0,5,438.574,3.270,773.841
482.5,59.57,60.5,0.0,-4.2,5,439.843,3.278,770.502
482.5,59.64,86.1,0.0,-4.4,5,440.649,3.288,768.259
494.2,59.84,87.7,0.0,-1.2,5,441.802,3.314,764.865
494.2,59.99,87.8,0.0,2.2,5,442.540,3.334,762.586
494.2,60.21,79.8,0.0,5.7,5,443.618,3.366,759.145
494.2,60.32,72.8,0.0,5.7,5,444.320,3.386,756.839
506.1,60.50,85.8,0.0,4.1,5,445.351,3.409,753.365
506.1,60.66,88.1,0.0,2.1,5,446.020,3.424,751.037
506.1,60.88,88.2,0.0,1.7,5,446.996,3.450,747.524
506.1,61.02,87.9,0.0,2.6,5,447.629,3.468,745.171
518.1,61.26,88.3,0.0,3.8,5,448.555,3.499,741.622
518.1,61.46,88.4,0.0,4.2,5,449.157,3.524,739.243
518.1,61.66,88.6,0.0,3.4,5,450.038,3.558,735.657
518.1,61.91,88.6,0.0,1.5,5,450.886,3.580,732.049
530.3,61.99,88.8,0.0,1.0,5,451.425,3.598,729.631
530.3,62.24,88.8,0.0,0.8,5,452.199,3.623,725.985
530.3,62.38,88.8,0.0,1.4,5,452.691,3.641,723.542
530.3,62.60,88.9,0.0,3.2,5,453.394,3.672,719.860
542.8,62.75,89.0,0.0,3.8,5,453.846,3.692,717.395
542.8,62.98,89.0,0.0,3.2,5,454.501,3.719,713.680
542.8,63.13,89.1,0.0,2.3,5,454.922,3.734,711.194
542.8,63.34,89.2,0.0,1.2,5,455.527,3.759,707.449
555.3,63.48,89.2,0.0,1.0,5,455.915,3.779,704.943
555.3,63.70,89.3,0.0,0.9,5,456.476,3.811,701.170
555.3,63.86,89.3,0.0,1.0,5,456.842,3.830,698.646
555.3,64.07,89.4,0.0,0.8,5,457.377,3.862,694.846
568.0,64.28,89.5,0.0,0.7,5,457.900,3.895,691.032
568.0,64.43,89.6,0.0,0.6,5,458.243,3.917,688.481
568.0,64.64,89.7,0.0,0.6,5,458.750,3.949,684.642
568.0,64.78,89.7,0.0,0.6,5,459.083,3.971,682.075
580.7,65.00,89.8,0.0,0.7,5,459.576,4.004,678.214
580.7,65.14,89.8,0.0,0.8,5,459.900,4.025,675.631
580.7,65.34,89.9,0.0,0.7,5,460.379,4.059,671.747
580.7,65.48,90.0,0.0,0.8,5,460.693,4.081,669.149
593.7,65.69,90.0,0.0,0.8,5,461.158,4.114,665.242
593.7,65.83,90.1,0.0,0.8,5,461.462,4.135,662.630
593.7,66.03,90.1,0.0,0.8,5,461.911,4.167,658.700
593.7,66.16,90.2,0.0,0.8,5,462.204,4.189,656.073
606.8,66.36,90.3,0.0,0.9,5,462.634,4.223,652.121
606.8,66.50,90.3,0.0,0.9,5,462.915,4.246,649.480
606.8,66.70,90.4,0.0,0.9,5,463.327,4.280,645.505
606.8,66.83,90.4,0.0,0.9,5,463.595,4.301,642.849
620.1,67.02,90.5,0.0,0.9,5,463.986,4.334,638.853
620.1,67.22,90.5,0.0,0.9,5,464.365,4.367,634.844
620.1,67.35,90.6,0.0,0.9,5,464.610,4.389,632.164
633.5,67.54,90.7,0.0,0.9,5,464.967,4.422,628.134
633.5,67.67,90.7,0.0,0.9,5,465.198,4.444,625.440
633.5,67.86,90.8,0.0,0.7,5,465.534,4.475,621.388
633.5,67.98,90.8,0.0,0.7,5,465.750,4.496,618.681
647.0,68.17,90.9,0.0,0.7,5,466.065,4.528,614.609
647.0,68.29,90.9,0.0,0.6,5,466.268,4.550,611.887
647.0,68.48,91.0,0.0,0.5,5,466.565,4.582,607.795
647.0,68.60,91.0,0.0,0.5,5,466.757,4.604,605.061
660.7,68.79,91.1,0.0,0.5,5,467.037,4.636,600.949
660.7,68.91,91.1,0.0,0.5,5,467.218,4.657,598.202
660.7,69.09,91.2,0.0,0.4,5,467.484,4.689,594.071
660.7,69.20,91.2,0.0,0.5,5,467.657,4.710,591.311
674.6,69.45,91.3,0.0,-0.4,5,467.993,4.750,585.775
674.6,69.56,91.3,0.0,-0.0,5,468.158,4.769,583.000
674.6,69.74,91.4,0.0,-0.2,5,468.402,4.795,578.829
674.6,69.86,91.4,0.0,-0.0,5,468.565,4.812,576.042
688.5,70.03,91.5,0.0,0.3,5,468.810,4.836,571.853
688.5,70.14,91.5,0.0,0.5,5,468.973,4.850,569.055
688.5,70.31,91.6,0.0,0.1,5,469.218,4.868,564.849
688.5,70.43,91.6,0.0,-0.1,5,469.380,4.879,562.039
702.6,70.59,91.7,0.0,-0.2,5,469.621,4.895,557.815
702.6,70.70,91.7,0.0,0.3,0,469.781,4.906,554.994
702.6,70.61,90.8,0.0,-0.1,6,470.020,4.919,550.762
702.6,70.77,90.8,0.0,-0.1,6,470.257,4.931,546.527
716.8,70.88,90.9,0.0,-0.2,6,470.416,4.937,543.699
716.8,71.03,90.9,0.0,-0.1,6,470.655,4.945,539.449
716.8,71.14,90.9,0.0,0.1,6,470.816,4.948,536.610
716.8,71.30,91.0,0.0,0.5,6,471.059,4.953,532.344
731.1,71.40,91.0,0.0,0.6,6,471.221,4.955,529.495
731.1,71.55,91.1,0.0,0.6,6,471.463,4.956,525.214
731.1,71.66,91.1,0.0,0.3,6,471.622,4.954,522.354
731.1,71.81,91.1,0.0,0.0,6,471.856,4.950,518.057
745.4,71.91,91.2,0.0,0.1,6,472.008,4.946,515.187
745.4,72.07,91.2,0.0,0.1,6,472.234,4.939,510.874
745.4,72.17,91.3,0.0,0.1,6,472.382,4.934,507.993
745.4,72.32,91.3,0.0,0.1,6,472.603,4.922,503.664
759.9,72.42,91.3,0.0,0.2,6,472.749,4.912,500.773
759.9,72.57,91.4,0.0,0.2,6,472.966,4.894,496.429
759.9,72.72,91.4,0.0,0.1,6,473.180,4.873,492.076
759.9,72.82,91.4,0.0,0.1,6,473.322,4.857,489.169
774.4,72.96,91.5,0.0,-0.0,6,473.533,4.832,484.800
774.4,73.06,91.5,0.0,0.1,6,473.672,4.816,481.883
774.4,73.21,91.5,0.0,0.0,6,473.879,4.791,477.500
774.4,73.31,91.6,0.0,-0.5,6,474.017,4.777,474.573
789.1,73.45,91.6,0.0,-1.0,6,474.224,4.759,470.176
789.1,73.55,91.6,0.0,-1.4,6,474.364,4.748,467.240
789.1,73.69,91.7,0.0,-1.8,6,474.584,4.728,462.828
789.1,73.78,91.7,0.0,-2.0,6,474.740,4.715,459.883
803.8,73.92,91.8,0.0,-2.7,6,474.996,4.698,455.460
803.8,74.01,91.8,0.0,-2.7,6,475.183,4.686,452.507
803.8,74.15,91.8,0.0,-3.0,6,475.492,4.662,448.073
803.8,74.23,91.8,0.0,-3.0,6,475.720,4.646,445.115
818.5,74.35,91.9,0.0,-3.6,6,476.102,4.625,440.674
818.5,74.44,91.9,0.0,-4.3,6,476.382,4.609,437.712
818.5,74.57,91.9,0.0,-4.4,6,476.842,4.578,433.265
833.4,74.67,92.0,0.0,-4.4,6,477.363,4.552,428.819
833.4,74.74,92.0,0.0,-4.5,6,477.746,4.540,425.856
833.4,74.86,92.0,0.0,-4.8,6,478.374,4.521,421.412
833.4,74.93,92.0,0.0,-4.6,6,478.828,4.507,418.451
848.3,75.04,92.1,0.0,-4.9,6,479.568,4.490,414.014
848.3,75.10,92.1,0.0,-5.3,6,480.099,4.479,411.059
848.3,75.21,92.1,0.0,-5.6,6,480.954,4.463,406.631
848.3,75.27,92.2,0.0,-5.7,6,481.563,4.451,403.684
863.2,75.37,92.2,0.0,-4.9,6,482.535,4.431,399.270
863.2,75.48,92.2,0.0,-4.8,6,483.577,4.406,394.867
863.2,75.54,92.3,0.0,-6.5,6,484.309,4.386,391.937
863.2,75.64,92.3,0.0,-8.2,6,485.465,4.349,387.551
878.1,75.70,92.3,0.0,-7.4,6,486.276,4.319,384.635
878.1,75.77,92.3,0.0,-6.7,6,487.557,4.271,380.276
878.1,75.83,92.3,0.0,-5.8,6,488.456,4.237,377.380
878.1,75.90,92.4,0.0,-5.1,6,489.873,4.184,373.055
893.1,75.97,92.4,0.0,-5.0,6,490.863,4.147,370.184
893.1,76.05,92.4,0.0,-5.5,6,492.415,4.090,365.896
893.1,76.10,92.4,0.0,-5.8,6,493.493,4.052,363.051
893.1,76.19,92.5,0.0,-4.7,6,495.176,3.995,358.804
908.8,76.26,92.5,0.0,-2.9,6,496.339,3.957,355.986
908.8,76.29,37.9,9.4,-0.0,6,498.137,3.901,351.777
908.8,76.07,0.0,17.6,1.5,6,499.365,3.862,348.987
908.8,75.60,0.0,18.8,2.4,6,501.228,3.810,344.836
924.5,75.14,0.0,35.3,2.3,6,503.089,3.757,340.713
924.5,74.68,0.0,49.9,2.0,6,504.317,3.716,337.978
924.5,73.80,0.0,53.7,2.2,6,506.122,3.653,333.904
924.5,73.20,0.0,52.5,2.3,6,507.295,3.615,331.207
939.7,72.33,0.0,46.8,3.1,6,509.003,3.568,327.189
939.7,71.80,0.0,42.0,3.7,6,510.109,3.540,324.526
939.7,71.06,0.0,42.5,4.4,6,511.715,3.501,320.551
939.7,70.56,0.0,41.0,3.4,6,512.749,3.476,317.913
954.0,69.84,0.0,36.0,3.2,6,514.242,3.442,313.974
954.0,69.38,0.0,51.0,4.1,6,515.198,3.422,311.358
954.0,68.47,0.0,62.1,5.2,6,516.569,3.395,307.453
954.0,67.81,0.0,59.2,5.4,6,517.438,3.380,304.868
967.5,66.87,0.0,50.0,4.8,6,518.672,3.363,301.019
967.5,66.31,0.0,43.3,5.4,6,519.448,3.354,298.470
967.5,65.55,0.0,39.9,5.6,6,520.545,3.339,294.669
967.5,65.06,0.0,40.0,5.5,6,521.229,3.329,292.147
980.4,64.37,0.0,12.0,5.6,6,522.185,3.314,288.382
980.4,64.23,78.9,0.0,6.2,6,523.058,3.297,284.628
980.4,64.23,33.3,24.2,7.0,6,523.596,3.285,282.115
980.4,63.70,0.0,36.8,9.0,6,524.333,3.266,278.344
993.3,63.24,0.0,22.0,9.1,6,524.776,3.255,275.844
993.3,62.88,39.8,0.0,7.8,6,525.368,3.243,272.109
993.3,62.87,49.3,8.1,6.6,6,525.717,3.237,269.619
993.3,62.55,0.0,21.7,4.9,6,526.171,3.230,265.882
1007.3,62.20,0.0,5.8,5.8,6,526.551,3.223,262.159
1007.3,62.05,40.2,0.0,5.3,6,526.775,3.206,259.684
1007.3,61.95,63.2,0.0,6.6,6,527.029,3.196,255.973
1007.3,61.90,70.8,0.0,7.4,6,527.138,3.210,253.499
1021.1,62.03,77.7,0.0,6.6,6,527.260,3.212,249.786
1021.1,62.17,73.0,0.0,8.3,6,527.313,3.201,247.301
1021.1,62.09,29.6,0.0,13.1,6,527.320,3.185,243.573
1021.1,61.96,12.3,1.8,15.3,6,527.269,3.181,241.092
1034.0,61.69,0.0,3.7,15.7,6,527.119,3.180,237.385
1034.0,61.50,0.0,3.5,15.1,6,526.972,3.180,234.925
1034.0,61.21,0.0,0.5,13.4,6,526.676,3.187,231.256
1034.0,61.03,0.2,0.3,12.1,6,526.427,3.196,228.823
1046.6,60.78,0.8,0.4,10.1,6,525.978,3.213,225.196
1046.6,60.61,0.2,0.1,9.9,6,525.632,3.224,222.793
1046.6,60.36,0.4,5.2,6.9,6,525.041,3.240,219.212
1046.6,60.17,29.4,6.4,5.4,0,524.600,3.252,216.842
1058.6,59.87,0.0,2.2,4.0,5,523.868,3.275,213.315
1058.6,59.78,64.3,0.0,3.0,5,523.056,3.302,209.821
1058.6,59.90,84.8,0.0,3.0,5,522.474,3.320,207.500
1070.4,60.11,85.5,0.0,3.5,5,521.544,3.350,204.022
1070.4,60.27,85.6,0.0,3.2,5,520.894,3.370,201.704
1070.4,60.50,85.8,0.0,1.4,5,519.881,3.400,198.227
1070.4,60.66,85.9,0.0,0.4,5,519.186,3.421,195.906
1082.6,60.89,86.0,0.0,-0.8,5,518.124,3.451,192.418
1082.6,61.05,86.1,0.0,-1.7,5,517.407,3.470,190.088
1082.6,61.28,86.2,0.0,-2.3,5,516.326,3.499,186.581
1082.6,61.44,86.3,0.0,-2.5,5,515.608,3.517,184.235
1095.0,61.67,86.5,0.0,-2.9,5,514.541,3.542,180.700
1095.0,61.79,67.3,0.0,-3.3,5,513.840,3.558,178.332
1095.0,61.77,21.7,32.2,-4.1,5,512.812,3.579,174.769
1095.0,61.38,0.0,61.6,-4.4,5,512.148,3.591,172.395
1107.3,60.35,0.0,81.5,-4.3,5,511.193,3.608,168.867
1107.3,59.15,0.0,84.4,-2.9,5,510.293,3.625,165.394
1107.3,58.34,0.0,81.6,-2.3,5,509.725,3.635,163.112
1107.3,57.18,0.0,73.2,-2.1,5,508.924,3.650,159.739
1119.1,56.44,0.0,69.3,-1.5,5,508.425,3.659,157.521
1119.1,55.41,0.0,61.5,-1.6,5,507.733,3.674,154.236
1119.1,54.80,0.0,56.3,-2.5,5,507.308,3.685,152.071
1119.1,53.95,0.0,41.8,-3.7,5,506.724,3.699,148.861
1130.4,53.50,0.0,31.8,-4.4,5,506.372,3.708,146.740
1130.4,52.99,0.0,14.7,-6.5,5,505.895,3.721,143.581
1130.4,52.76,0.0,8.0,-8.0,5,505.611,3.727,141.485
1130.4,52.51,0.0,2.7,-9.8,5,505.236,3.734,138.349
1141.4,52.38,0.0,2.2,-10.7,5,505.022,3.737,136.262
1141.4,52.17,0.0,6.4,-11.6,5,504.753,3.738,133.137
1141.4,52.02,0.0,4.4,-12.2,5,504.610,3.737,131.058
1141.4,51.79,0.0,3.0,-13.7,5,504.448,3.730,127.947
1152.3,51.58,35.7,0.2,-13.0,0,504.354,3.715,124.847
1152.3,51.43,6.0,6.9,-11.3,4,504.335,3.704,122.787
1152.3,51.16,0.0,7.6,-9.2,4,504.377,3.693,119.709
1152.3,50.95,0.0,1.5,-7.4,4,504.454,3.692,117.668
1163.0,50.78,21.8,0.0,-5.4,4,504.635,3.696,114.621
1163.0,50.76,26.7,0.0,-4.6,4,504.787,3.690,112.597
1163.0,50.63,11.5,0.0,-6.8,4,505.080,3.683,109.568
1163.0,50.53,18.0,0.0,-7.2,4,505.313,3.676,107.558
1173.7,50.43,26.4,0.0,-6.4,4,505.724,3.664,104.557
1173.7,50.34,24.4,0.0,-7.4,4,506.051,3.666,102.568
1173.7,50.25,8.0,0.0,-6.9,4,506.588,3.657,99.598
1173.7,50.13,4.0,0.0,-6.9,4,506.974,3.639,97.627
1184.7,49.90,14.2,0.0,-10.1,4,507.628,3.625,94.699
1184.7,49.81,18.0,0.0,-10.2,4,508.101,3.614,92.761
1184.7,49.69,7.6,0.0,-8.0,4,508.855,3.583,89.872
1184.7,49.47,7.3,0.0,-8.5,4,509.693,3.557,87.018
1195.2,49.36,12.3,0.0,-10.6,4,510.293,3.541,85.135
1195.2,49.20,7.2,0.0,-14.0,4,511.248,3.510,82.336
1195.2,49.09,9.1,0.0,-16.8,4,511.922,3.487,80.490
1195.2,48.92,7.8,0.0,-21.2,4,512.986,3.449,77.749
1205.4,48.82,11.8,0.0,-23.3,4,513.730,3.422,75.941
1205.4,48.67,8.8,0.0,-25.3,4,514.896,3.380,73.259
1205.4,48.60,30.5,0.0,-25.0,4,515.708,3.351,71.491
1205.4,48.68,65.6,0.0,-22.7,4,516.982,3.308,68.867
1215.3,48.82,81.7,0.0,-20.0,4,517.870,3.281,67.132
1215.3,49.09,83.9,0.0,-15.2,4,519.265,3.243,64.548
1215.3,49.36,84.0,0.0,-10.3,4,520.736,3.209,61.988
1215.3,49.56,84.0,0.0,-6.3,4,521.757,3.189,60.294
1225.2,49.70,26.0,26.1,-0.7,4,523.345,3.160,57.773
1225.2,49.44,0.0,42.4,1.2,4,524.430,3.141,56.112
1225.2,48.67,0.0,66.8,3.8,4,526.069,3.113,53.663
1225.2,48.03,0.0,75.2,5.6,4,527.155,3.095,52.062
1234.9,46.96,0.0,82.0,6.7,4,528.756,3.069,49.701
1234.9,46.22,0.0,84.2,6.7,4,529.796,3.051,48.153
1234.9,45.04,0.0,87.9,6.2,4,531.307,3.024,45.867
1234.9,44.26,35.9,89.3,5.8,0,532.278,3.006,44.367
1244.1,43.12,0.0,64.9,4.8,3,533.679,2.980,42.148
1244.1,42.48,0.0,34.8,4.0,3,534.574,2.962,40.689
1244.1,41.96,0.0,9.5,3.3,3,535.860,2.935,38.508
1244.1,41.77,0.0,4.8,4.2,3,536.681,2.916,37.048
1252.5,41.57,0.0,2.3,8.0,3,537.860,2.885,34.843
1252.5,41.39,0.0,0.4,13.3,3,538.980,2.853,32.621
1252.5,41.28,1.0,0.0,15.9,3,539.695,2.831,31.130
1260.8,41.13,1.9,0.0,17.6,3,540.719,2.797,28.879
1260.8,41.02,1.4,0.0,17.6,3,541.368,2.773,27.370
1260.8,40.86,3.9,0.0,16.7,3,542.289,2.737,25.093
1260.8,40.81,27.3,0.0,16.0,3,542.866,2.713,23.566
1269.4,40.93,54.3,0.0,15.1,3,543.677,2.677,21.253
1269.4,41.08,61.7,0.0,15.5,3,544.183,2.653,19.694
1269.4,41.27,43.5,0.0,17.7,3,544.891,2.617,17.327
1269.4,41.27,16.4,0.0,19.7,3,545.328,2.592,15.735
1278.0,41.11,1.6,0.0,22.0,3,545.928,2.553,13.337
1278.0,41.00,3.3,0.5,22.6,3,546.289,2.527,11.735
1278.0,40.94,42.6,0.0,21.9,3,546.769,2.488,9.325
1278.0,41.04,55.1,0.0,20.6,3,547.048,2.464,7.710
1287.0,41.22,51.4,0.0,20.8,3,547.411,2.427,5.269
1287.0,41.33,50.1,0.0,21.2,3,547.615,2.401,3.632
1287.0,41.45,43.1,0.0,22.5,3,547.867,2.359,1.161
1287.0,41.56,47.8,0.0,23.5,3,548.048,2.316,-1.321
1296.0,41.64,53.9,0.0,23.8,3,548.129,2.286,-2.983
1296.0,41.89,74.4,0.0,24.4,3,548.193,2.242,-5.486
1296.0,42.12,83.6,0.0,25.0,3,548.197,2.212,-7.166
1296.0,42.49,84.6,0.0,26.2,3,548.151,2.164,-9.703
1305.3,42.74,84.7,0.0,26.6,3,548.085,2.130,-11.405
1305.3,43.05,59.8,0.0,26.6,3,547.929,2.077,-13.974
1305.3,43.14,53.5,0.0,26.6,3,547.782,2.043,-15.691
1305.3,43.29,55.5,0.0,27.0,3,547.495,1.993,-18.267
1314.9,43.33,49.7,0.0,27.6,3,547.257,1.963,-19.983
1314.9,43.47,48.8,0.0,27.1,3,546.836,1.920,-22.553
1314.9,43.54,56.8,0.0,27.3,3,546.510,1.894,-24.261
1314.9,43.71,58.6,0.0,26.8,3,545.955,1.857,-26.820
1324.6,43.86,62.0,0.0,26.4,3,545.545,1.832,-28.522
1324.6,44.01,55.0,0.0,26.5,3,544.860,1.801,-31.067
1324.6,44.23,73.7,0.0,28.4,3,544.099,1.770,-33.601
1324.6,44.42,72.8,0.0,30.1,3,543.553,1.748,-35.287
1333.8,44.62,53.6,0.0,32.3,3,542.675,1.713,-37.810
1333.8,44.67,40.8,0.0,33.6,3,542.050,1.690,-39.483
1333.8,44.65,32.6,0.0,33.9,3,541.052,1.658,-41.970
1333.8,44.63,34.1,0.0,33.2,3,540.346,1.639,-43.610
1343.4,44.64,35.8,0.0,32.1,3,539.228,1.614,-46.043
1343.4,44.67,50.2,0.0,31.8,3,538.446,1.597,-47.649
1343.4,44.85,64.5,0.0,31.1,3,537.218,1.570,-50.036
1343.4,44.96,55.7,0.0,30.2,3,536.360,1.553,-51.614
1352.7,45.02,41.8,0.0,28.8,3,535.014,1.529,-53.954
1352.7,45.06,46.3,0.0,27.6,3,534.080,1.514,-55.494
1352.7,45.17,55.2,0.0,25.3,3,532.622,1.492,-57.774
1352.7,45.28,63.0,0.0,23.7,3,531.613,1.478,-59.275
1361.9,45.52,74.7,0.0,21.3,3,530.045,1.456,-61.501
1361.9,45.83,84.2,0.0,18.3,3,528.411,1.431,-63.700
1361.9,46.05,85.5,0.0,15.9,3,527.285,1.414,-65.151
1361.9,46.39,85.6,0.0,12.0,3,525.540,1.385,-67.306
1371.1,46.61,85.3,0.0,9.0,3,524.341,1.364,-68.726
1371.1,46.95,85.4,0.0,4.7,3,522.487,1.332,-70.833
1371.1,47.18,85.3,0.0,2.2,3,521.215,1.310,-72.219
1371.1,47.52,85.8,0.0,-0.6,3,519.254,1.275,-74.274
1380.3,47.77,85.8,0.0,-1.5,3,517.911,1.251,-75.626
1380.3,48.15,85.8,0.0,-0.3,3,515.849,1.214,-77.631
1380.3,48.41,85.8,0.0,1.7,3,514.443,1.187,-78.954
1380.3,48.80,85.8,0.0,5.1,3,512.293,1.144,-80.922
1389.8,49.05,85.9,0.0,8.3,3,510.833,1.117,-82.225
1389.8,49.42,86.0,0.0,9.8,3,508.607,1.078,-84.165
1389.8,49.66,86.0,0.0,9.4,3,507.097,1.053,-85.448
1389.8,50.01,86.1,0.0,8.1,3,504.792,1.017,-87.350
1399.5,50.24,86.2,0.0,6.1,0,503.228,0.992,-88.604
1399.5,50.24,84.0,0.0,3.9,4,500.849,0.950,-90.455
1399.5,50.55,84.3,0.0,2.8,4,498.432,0.905,-92.270
1399.5,50.77,84.4,0.0,2.0,4,496.795,0.875,-93.464
1409.4,51.10,84.6,0.0,2.6,4,494.306,0.829,-95.236
1409.4,51.32,84.7,0.0,3.3,4,492.627,0.799,-96.407
1409.4,51.65,84.9,0.0,3.2,4,490.078,0.756,-98.152
1409.4,51.87,85.0,0.0,2.5,4,488.361,0.729,-99.307
1463.9,56.26,87.2,0.0,-7.1,4,450.821,0.294,-124.903
1463.9,56.43,87.3,0.0,-6.3,4,449.058,0.276,-126.306
1463.9,56.68,87.5,0.0,-6.0,4,446.437,0.256,-128.462
1463.9,56.97,87.6,0.0,-5.8,4,443.843,0.237,-130.675
1475.8,57.16,87.7,0.0,-6.1,4,442.128,0.224,-132.181
1475.8,57.43,87.7,0.0,-4.4,4,439.579,0.208,-134.487
1475.8,57.62,87.8,0.0,-4.0,4,437.896,0.200,-136.055
1475.8,57.89,87.9,0.0,-4.5,4,435.391,0.192,-138.448
1487.6,58.08,88.0,0.0,-4.7,4,433.733,0.188,-140.070
1487.6,58.35,88.1,0.0,-4.9,4,431.263,0.182,-142.539
1487.6,58.53,88.2,0.0,-4.7,4,429.628,0.177,-144.209
1487.6,58.80,88.3,0.0,-4.3,4,427.195,0.170,-146.751
1499.7,58.97,88.4,0.0,-4.3,4,425.585,0.166,-148.471
1499.7,59.24,88.5,0.0,-4.4,4,423.192,0.162,-151.087
1499.7,59.41,88.6,0.0,-4.4,4,421.611,0.162,-152.856
1499.7,59.67,88.7,0.0,-4.8,4,419.261,0.167,-155.546
1511.6,59.84,88.8,0.0,-5.0,4,417.708,0.171,-157.362
1511.6,60.10,88.9,0.0,-4.8,4,415.399,0.174,-160.121
1511.6,60.27,88.9,0.0,-4.7,4,413.873,0.173,-161.983
1511.6,60.52,89.1,0.0,-4.7,4,411.609,0.168,-164.811
1523.5,60.76,89.2,0.0,-4.9,4,409.376,0.161,-167.683
1523.5,60.83,0.0,0.0,-5.1,0,407.904,0.153,-169.620
1523.5,60.85,88.0,0.0,-5.5,5,405.734,0.138,-172.552
1523.5,60.99,88.0,0.0,-4.0,5,404.310,0.128,-174.529
1535.5,61.22,88.1,0.0,-3.8,5,402.204,0.112,-177.529
1535.5,61.38,88.2,0.0,-3.6,5,400.818,0.099,-179.552
1535.5,61.60,88.3,0.0,-3.5,5,398.767,0.077,-182.617
1535.5,61.75,88.4,0.0,-3.2,5,397.417,0.063,-184.682
1547.8,61.99,88.4,0.0,-2.7,5,395.415,0.040,-187.807
1547.8,62.14,88.5,0.0,-2.3,5,394.094,0.026,-189.909
1547.8,62.36,88.6,0.0,-2.0,5,392.134,0.009,-193.087
1547.8,62.52,88.7,0.0,-1.7,5,390.839,-0.001,-195.222
1560.2,62.75,88.8,0.0,-1.4,5,388.911,-0.015,-198.447
1560.2,62.90,88.8,0.0,-1.6,5,387.634,-0.023,-200.611
1560.2,63.13,88.9,0.0,-2.0,5,385.729,-0.032,-203.877
1560.2,63.28,89.0,0.0,-2.7,5,384.466,-0.036,-206.066
1572.8,63.50,89.1,0.0,-2.7,5,382.584,-0.041,-209.371
1572.8,63.73,89.1,0.0,-1.8,5,380.719,-0.046,-212.701
1572.8,63.88,89.2,0.0,-0.3,5,379.487,-0.049,-214.936
1585.5,64.10,89.3,0.0,0.6,5,377.650,-0.054,-218.306
1585.5,64.25,89.3,0.0,0.4,5,376.429,-0.057,-220.564
1585.5,64.47,89.4,0.0,-0.3,5,374.601,-0.060,-223.965
1585.5,64.61,89.5,0.0,-0.6,5,373.381,-0.061,-226.240
1598.4,64.83,89.6,0.0,-0.6,5,371.548,-0.062,-229.663
1598.4,64.98,89.6,0.0,-0.5,5,370.326,-0.064,-231.953
1598.4,65.19,89.7,0.0,-0.3,5,368.491,-0.067,-235.400
1598.4,65.34,89.7,0.0,-0.4,5,367.267,-0.072,-237.706
1611.4,65.56,89.8,0.0,-0.5,5,365.431,-0.081,-241.177
1611.4,65.70,89.8,0.0,-0.6,5,364.207,-0.088,-243.499
1611.4,65.90,89.9,0.0,-0.7,5,362.372,-0.100,-246.994
1611.4,66.12,90.0,0.0,-0.7,5,360.538,-0.114,-250.504
1624.6,66.26,90.0,0.0,-0.8,5,359.317,-0.124,-252.853
1624.6,66.46,90.1,0.0,-0.8,5,357.488,-0.139,-256.389
1624.6,66.60,90.2,0.0,-0.5,5,356.271,-0.149,-258.755
1624.6,66.80,90.2,0.0,-0.3,5,354.448,-0.164,-262.317
1678.6,69.40,91.1,0.0,-0.1,5,330.069,-0.425,-311.050
1692.4,69.59,91.2,0.0,-0.2,5,328.233,-0.450,-314.793
1692.4,69.70,91.2,0.0,-0.2,5,327.008,-0.467,-317.295
1692.4,69.88,91.3,0.0,-0.2,5,325.168,-0.492,-321.056
1692.4,70.00,91.3,0.0,-0.1,5,323.940,-0.508,-323.569
1706.4,70.18,91.4,0.0,0.0,5,322.095,-0.531,-327.348
1706.4,70.30,91.4,0.0,-0.0,5,320.865,-0.547,-329.873
1706.4,70.48,91.5,0.0,-0.1,5,319.015,-0.571,-333.670
1706.4,70.59,91.5,0.0,-0.2,0,317.781,-0.587,-336.206
1720.5,70.50,90.6,0.0,-0.1,6,315.929,-0.611,-340.012
1720.5,70.61,90.6,0.0,-0.1,6,314.696,-0.628,-342.550
1720.5,70.78,90.7,0.0,-0.1,6,312.843,-0.652,-346.365
1720.5,70.94,90.7,0.0,-0.1,6,310.987,-0.676,-350.190
1734.6,71.04,90.8,0.0,-0.1,6,309.749,-0.692,-352.745
1734.6,71.21,90.8,0.0,-0.1,6,307.888,-0.717,-356.585
1734.6,71.32,90.8,0.0,-0.1,6,306.647,-0.735,-359.151
1734.6,71.48,90.9,0.0,-0.1,6,304.782,-0.763,-363.007
1748.9,71.58,90.9,0.0,-0.1,6,303.537,-0.783,-365.583
1748.9,71.74,91.0,0.0,-0.1,6,301.667,-0.814,-369.454
1748.9,71.84,91.0,0.0,-0.1,6,300.419,-0.834,-372.040
1748.9,72.00,91.1,0.0,-0.1,6,298.545,-0.865,-375.927
1763.2,72.11,91.1,0.0,-0.1,6,297.293,-0.887,-378.523
1763.2,72.26,91.1,0.0,-0.1,6,295.414,-0.921,-382.425
1763.2,72.36,91.2,0.0,-0.0,6,294.160,-0.944,-385.031
1763.2,72.52,91.2,0.0,0.0,6,292.276,-0.977,-388.947
1777.7,72.62,91.3,0.0,0.1,6,291.018,-0.998,-391.563
1777.7,72.77,91.3,0.0,0.1,6,289.129,-1.030,-395.494
1777.7,72.92,91.3,0.0,0.0,6,287.237,-1.063,-399.433
1777.7,73.02,91.4,0.0,0.1,6,285.973,-1.086,-402.064
1792.2,73.17,91.4,0.0,0.1,6,284.073,-1.122,-406.017
1792.2,73.26,91.4,0.0,0.1,6,282.804,-1.143,-408.656
1792.2,73.41,91.5,0.0,0.1,6,280.897,-1.169,-412.621
1792.2,73.51,91.5,0.0,0.1,6,279.623,-1.188,-415.268
1806.9,73.65,91.5,0.0,0.1,6,277.708,-1.216,-419.246
1806.9,73.75,91.6,0.0,0.1,6,276.428,-1.235,-421.901
1806.9,73.89,91.6,0.0,0.1,6,274.504,-1.264,-425.890
1806.9,73.99,91.6,0.0,0.1,6,273.218,-1.284,-428.553
1821.6,74.13,91.7,0.0,0.2,6,271.284,-1.313,-432.554
1821.6,74.22,91.7,0.0,0.3,6,269.991,-1.334,-435.224
1821.6,74.36,91.7,0.0,0.3,6,268.047,-1.364,-439.235
1821.6,74.46,91.8,0.0,0.3,6,266.748,-1.384,-441.913
1836.5,74.59,91.8,0.0,0.3,6,264.793,-1.414,-445.934
1836.5,74.69,91.8,0.0,0.3,6,263.485,-1.433,-448.618
1836.5,74.82,91.9,0.0,0.3,6,261.518,-1.461,-452.648
1851.4,74.95,91.9,0.0,0.2,6,259.543,-1.488,-456.684
1851.4,75.04,91.9,0.0,0.2,6,258.222,-1.506,-459.377
1851.4,75.18,92.0,0.0,0.3,6,256.234,-1.531,-463.421
1851.4,75.27,92.0,0.0,0.3,6,254.904,-1.548,-466.119
1866.5,75.40,92.0,0.0,0.3,6,252.902,-1.576,-470.172
1866.5,75.48,92.1,0.0,0.3,6,251.563,-1.594,-472.876
1866.5,75.62,92.1,0.0,0.3,6,249.547,-1.621,-476.936
1866.5,75.70,92.1,0.0,0.2,6,248.199,-1.638,-479.645
1881.6,75.83,92.1,0.0,0.2,6,246.170,-1.663,-483.712
1881.6,75.91,92.2,0.0,0.2,6,244.812,-1.679,-486.426
1881.6,76.05,92.2,0.0,0.1,6,242.769,-1.704,-490.501
1881.6,76.16,92.2,0.0,0.1,6,240.718,-1.726,-494.581
1896.8,76.25,92.3,0.0,0.1,6,239.347,-1.741,-497.303
1896.8,76.38,92.3,0.0,0.1,6,237.285,-1.764,-501.391
1896.8,76.46,92.3,0.0,0.1,6,235.906,-1.780,-504.119
1896.8,76.58,92.3,0.0,0.2,6,233.833,-1.803,-508.215
1912.1,76.66,92.4,0.0,0.2,6,232.447,-1.819,-510.948
1912.1,76.79,92.4,0.0,0.1,6,230.363,-1.843,-515.053
1912.1,76.87,92.4,0.0,0.1,6,228.970,-1.858,-517.792
1912.1,76.99,92.4,0.0,0.1,6,226.875,-1.884,-521.904
1927.5,77.06,92.5,0.0,0.1,6,225.476,-1.901,-524.648
1927.5,77.18,92.5,0.0,0.0,6,223.371,-1.925,-528.769
1927.5,77.25,92.5,0.0,-0.0,6,221.965,-1.939,-531.519
1927.5,77.38,92.5,0.0,-0.1,6,219.852,-1.961,-535.648
1942.9,77.46,92.6,0.0,-0.1,6,218.441,-1.976,-538.405
1942.9,77.57,92.6,0.0,-0.2,6,216.322,-2.004,-542.544
1942.9,77.65,92.6,0.0,-0.3,6,214.909,-2.026,-545.308
1942.9,77.77,92.6,0.0,-0.3,6,212.788,-2.063,-549.460
1958.4,77.88,92.7,0.0,-0.2,6,210.668,-2.105,-553.620
1958.4,77.95,92.7,0.0,-0.2,6,209.255,-2.135,-556.397
1958.4,78.06,92.7,0.0,-0.3,6,207.137,-2.181,-560.571
1958.4,78.14,92.7,0.0,-0.4,6,205.727,-2.213,-563.358
1974.1,78.25,92.7,0.0,-0.4,6,203.613,-2.264,-567.546
1974.1,78.32,92.8,0.0,-0.3,6,202.206,-2.298,-570.343
1974.1,78.43,92.8,0.0,-0.3,6,200.098,-2.350,-574.546
1974.1,78.51,92.8,0.0,-0.3,6,198.695,-2.385,-577.353
1989.7,78.62,92.8,0.0,-0.2,6,196.593,-2.439,-581.572
1989.7,78.69,92.8,0.0,-0.2,6,195.194,-2.476,-584.389
1989.7,78.79,92.9,0.0,-0.2,6,193.098,-2.529,-588.622
1989.7,78.86,92.9,0.0,-0.1,6,191.702,-2.564,-591.449
2005.5,78.97,93.0,0.0,0.1,6,189.608,-2.619,-595.695
2005.5,79.07,93.0,0.0,0.3,6,187.515,-2.677,-599.949
2005.5,79.14,93.0,0.0,0.4,6,186.119,-2.715,-602.788
2005.5,79.24,93.0,0.0,0.5,6,184.022,-2.772,-607.051
2021.3,79.31,93.0,0.0,0.5,6,182.621,-2.810,-609.895
2021.3,79.34,0.0,0.0,0.6,0,180.512,-2.861,-614.164
2021.3,79.25,92.3,0.0,0.7,7,179.104,-2.896,-617.005
2021.3,79.35,92.3,0.0,0.7,7,176.983,-2.949,-621.264
2037.1,79.41,92.3,0.0,0.7,7,175.562,-2.982,-624.103
2037.1,79.49,92.4,0.0,0.7,7,173.418,-3.024,-628.360
2037.1,79.56,92.4,0.0,0.6,7,171.981,-3.051,-631.198
2037.1,79.65,92.4,0.0,0.6,7,169.812,-3.090,-635.453
2053.0,79.72,92.4,0.0,0.6,7,168.357,-3.114,-638.289
2053.0,79.80,92.4,0.0,0.6,7,166.163,-3.147,-642.542
2053.0,79.86,92.4,0.0,0.6,7,164.693,-3.167,-645.376
2053.0,79.95,92.5,0.0,0.6,7,162.476,-3.193,-649.627
2069.0,80.04,92.5,0.0,0.6,7,160.246,-3.215,-653.877
2069.0,80.09,92.5,0.0,0.5,7,158.752,-3.226,-656.709
2069.0,80.18,92.5,0.0,0.3,7,156.501,-3.238,-660.958
2069.0,80.24,92.5,0.0,0.3,7,154.994,-3.243,-663.790
2085.0,80.32,92.6,0.0,0.4,7,152.724,-3.246,-668.038
2085.0,80.38,92.6,0.0,0.4,7,151.205,-3.247,-670.871
2085.0,80.47,92.6,0.0,0.4,7,148.918,-3.245,-675.120
2085.0,80.52,92.6,0.0,1.0,7,147.388,-3.240,-677.952
2101.0,80.60,92.6,0.0,1.2,7,145.083,-3.231,-682.200
2101.0,80.65,92.6,0.0,0.9,7,143.537,-3.222,-685.031
2101.0,80.73,92.6,0.0,1.1,7,141.204,-3.206,-689.272
2101.0,80.78,92.7,0.0,0.9,7,139.638,-3.191,-692.097
2117.1,80.85,92.7,0.0,0.8,7,137.271,-3.165,-696.329
2117.1,80.93,92.7,0.0,0.9,7,134.886,-3.134,-700.555
2117.1,80.98,92.7,0.0,0.7,7,133.285,-3.111,-703.370
2133.2,81.05,92.7,0.0,0.8,7,130.871,-3.072,-707.589
2133.2,81.10,92.7,0.0,0.9,7,129.253,-3.044,-710.399
2133.2,81.17,92.7,0.0,1.2,7,126.812,-2.997,-714.610
2133.2,81.22,92.8,0.0,1.4,7,125.175,-2.961,-717.415
2149.4,81.28,92.8,0.0,1.5,7,122.703,-2.902,-721.616
2149.4,81.30,66.9,0.0,1.8,7,121.043,-2.859,-724.412
2149.4,80.92,0.7,60.8,1.0,7,118.536,-2.791,-728.588
2149.4,80.22,0.0,79.1,1.1,7,116.864,-2.741,-731.346
2165.5,78.94,0.0,89.3,1.0,7,114.371,-2.659,-735.421
2165.5,78.04,0.0,90.9,1.0,7,112.721,-2.601,-738.094
2165.5,76.65,0.0,91.7,0.7,7,110.266,-2.511,-742.034
2165.5,75.26,0.0,92.0,0.6,7,107.836,-2.420,-745.892
2180.8,74.35,0.0,92.1,0.5,7,106.230,-2.358,-748.418
2180.8,72.98,0.0,92.6,1.2,7,103.842,-2.267,-752.139
2180.8,72.06,0.0,92.2,1.6,7,102.264,-2.207,-754.575
2180.8,70.72,0.0,93.6,2.2,7,99.917,-2.119,-758.159
2195.2,69.83,25.9,94.7,2.2,0,98.365,-2.066,-760.504
2195.2,68.42,0.0,91.8,0.8,6,96.054,-1.994,-763.951
2195.2,67.51,0.0,90.9,0.0,6,94.521,-1.942,-766.198
2195.2,66.19,0.0,92.8,0.5,6,92.234,-1.863,-769.495
2263.6,48.39,0.0,6.2,12.3,4,51.302,-0.761,-816.826
2263.6,48.13,0.0,5.1,11.4,4,49.028,-0.712,-818.618
2273.2,47.96,0.0,3.8,11.0,4,47.495,-0.680,-819.777
2273.2,47.73,0.0,2.5,10.9,4,45.169,-0.631,-821.460
2273.2,47.59,0.0,0.9,11.4,4,43.601,-0.599,-822.545
2273.2,47.38,0.7,0.1,12.1,4,41.226,-0.552,-824.117
2282.8,47.26,4.3,0.0,12.6,4,39.625,-0.520,-825.127
2282.8,47.09,8.0,0.0,13.4,4,37.199,-0.473,-826.585
2282.8,46.93,7.2,0.0,14.1,4,34.744,-0.425,-827.974
2282.8,46.82,6.3,0.0,14.6,4,33.093,-0.393,-828.861
2292.5,46.65,5.2,0.0,14.9,4,30.594,-0.346,-830.135
2292.5,46.53,4.8,0.0,15.0,4,28.916,-0.314,-830.944
2292.5,46.36,7.9,0.0,14.8,4,26.380,-0.267,-832.099
2292.5,46.26,8.3,0.0,14.6,4,24.677,-0.235,-832.827
2302.2,46.09,8.2,0.0,14.4,4,22.105,-0.187,-833.858
2302.2,45.99,7.2,0.0,14.3,4,20.380,-0.154,-834.504
2302.2,45.81,3.9,0.0,15.2,4,17.780,-0.105,-835.411
2302.2,45.70,3.2,0.0,15.9,4,16.040,-0.074,-835.977
2311.8,45.51,5.1,0.0,16.4,4,13.420,-0.029,-836.766
2311.8,45.34,5.3,0.0,15.7,4,10.789,0.016,-837.478
2311.8,45.22,4.9,0.0,15.0,4,9.030,0.047,-837.910
2311.8,45.03,1.6,0.0,14.2,4,6.387,0.095,-838.494
2321.4,44.91,1.9,0.0,13.8,4,4.622,0.127,-838.841
2321.4,44.72,0.1,0.2,13.2,4,1.973,0.174,-839.301
2321.4,44.59,0.2,0.7,12.9,4,0.206,0.204,-839.567
2321.4,44.40,0.0,1.0,13.4,4,-2.441,0.248,-839.906
2330.8,44.27,0.0,0.6,13.7,4,-4.205,0.277,-840.092
2330.8,44.08,0.0,1.1,12.4,4,-6.846,0.319,-840.312
2330.8,43.95,0.0,1.0,11.4,4,-8.604,0.346,-840.419
2330.8,43.77,0.0,1.2,11.2,4,-11.233,0.385,-840.524
2340.2,43.67,17.7,0.0,11.3,4,-12.981,0.410,-840.556
2340.2,43.74,62.8,0.0,11.2,4,-15.602,0.446,-840.552
2340.2,43.88,59.1,5.5,11.1,4,-17.354,0.468,-840.514
2340.2,43.66,0.0,26.1,12.0,4,-19.981,0.500,-840.407
2349.6,43.15,0.0,12.1,12.5,4,-22.581,0.528,-840.244
2349.6,42.96,13.2,0.3,11.8,4,-24.298,0.545,-840.104
2349.6,43.07,80.3,0.0,10.8,4,-26.862,0.569,-839.841
2349.6,43.26,81.8,0.0,10.9,4,-28.576,0.583,-839.632
2358.6,43.55,81.7,0.0,11.6,4,-31.154,0.601,-839.267
2358.6,43.74,81.7,0.0,12.6,4,-32.877,0.612,-838.990
2358.6,44.03,82.0,0.0,13.9,4,-35.467,0.627,-838.519
2358.6,44.22,82.1,0.0,14.5,4,-37.196,0.638,-838.168
2367.9,44.50,82.0,0.0,14.8,4,-39.792,0.655,-837.584
2367.9,44.69,80.5,0.0,15.1,4,-41.523,0.666,-837.157
2367.9,44.93,73.7,0.0,15.2,4,-44.120,0.682,-836.461
2367.9,45.09,72.7,0.0,15.4,4,-45.849,0.691,-835.960
2377.4,45.32,76.5,0.0,16.1,4,-48.438,0.702,-835.153
2377.4,45.49,78.0,0.0,16.2,4,-50.160,0.709,-834.576
2377.4,45.74,78.4,0.0,15.9,4,-52.735,0.719,-833.652
2387.0,46.00,79.4,0.0,16.1,4,-55.300,0.729,-832.656
2387.0,46.17,80.2,0.0,16.3,4,-57.004,0.734,-831.953
2387.0,46.44,81.9,0.0,16.6,4,-59.549,0.740,-830.842
2387.0,46.62,82.9,0.0,16.8,4,-61.239,0.741,-830.063
2396.7,46.90,83.2,0.0,17.0,4,-63.762,0.742,-828.836
2396.7,47.09,83.3,0.0,17.4,4,-65.434,0.741,-827.979
2396.7,47.36,81.6,0.0,18.3,4,-67.927,0.739,-826.634
2396.7,47.52,78.4,0.0,18.9,4,-69.578,0.736,-825.698
2406.4,47.75,76.5,0.0,19.5,4,-72.034,0.730,-824.237
2406.4,47.91,78.6,0.0,20.0,4,-73.657,0.725,-823.225
2406.4,48.15,81.5,0.0,20.4,4,-76.069,0.716,-821.649
2406.4,48.31,81.2,0.0,20.3,4,-77.660,0.710,-820.559
2416.0,48.56,78.7,0.0,20.4,4,-80.024,0.699,-818.869
2416.0,48.69,68.9,0.0,20.3,4,-81.581,0.690,-817.704
2416.0,48.84,60.7,0.0,20.7,4,-83.886,0.675,-815.902
2416.0,49.00,76.0,0.0,21.6,4,-86.150,0.659,-814.036
2425.6,49.16,84.2,0.0,22.0,4,-87.639,0.647,-812.756
2425.6,49.41,77.7,0.0,22.3,4,-89.841,0.627,-810.783
2425.6,49.44,24.3,0.0,22.8,4,-91.286,0.612,-809.433
2425.6,49.28,11.7,0.0,23.1,4,-93.409,0.586,-807.367
2435.2,49.17,11.7,0.0,22.5,4,-94.789,0.569,-805.963
2435.2,49.01,11.6,0.0,20.9,4,-96.806,0.543,-803.816
2435.2,48.91,11.6,0.0,20.0,4,-98.115,0.526,-802.359
2435.2,49.04,85.1,0.0,18.1,4,-100.029,0.498,-800.133
2444.5,49.22,85.3,0.0,16.8,4,-101.279,0.479,-798.617
2444.5,49.50,85.4,0.0,15.0,4,-103.114,0.448,-796.294
2444.5,49.69,85.6,0.0,14.4,4,-104.311,0.426,-794.713
2444.5,49.97,85.7,0.0,13.8,4,-106.067,0.391,-792.294
2454.2,50.26,85.9,0.0,13.0,4,-107.776,0.351,-789.821
2454.2,50.45,86.0,0.0,12.7,4,-108.889,0.323,-788.143
2454.2,50.73,86.2,0.0,12.9,4,-110.521,0.277,-785.585
2454.2,50.88,86.4,0.0,10.7,4,-111.583,0.243,-783.854
2464.1,51.21,86.4,0.0,4.7,4,-113.141,0.186,-781.218
2464.1,51.40,86.6,0.0,1.8,4,-114.152,0.147,-779.433
2464.1,51.68,86.6,0.0,-1.3,4,-115.627,0.088,-776.717
2464.1,51.93,86.8,0.0,-1.9,4,-116.588,0.050,-774.882
2474.3,52.07,82.7,0.0,-2.7,4,-118.006,-0.015,-772.104
2474.3,52.39,52.7,0.0,-6.0,4,-118.942,-0.069,-770.237
2474.3,52.63,84.7,0.0,-7.3,4,-120.324,-0.157,-767.408
2474.3,52.84,87.1,0.0,-5.1,4,-121.234,-0.214,-765.507
2484.9,53.18,87.2,0.0,-1.5,4,-122.605,-0.300,-762.639
2484.9,53.40,87.3,0.0,-0.4,4,-123.531,-0.355,-760.721
2484.9,53.73,87.5,0.0,-0.1,4,-124.939,-0.445,-757.836
2484.9,54.06,87.6,0.0,-1.3,4,-126.371,-0.545,-754.939
2495.8,54.28,87.7,0.0,-1.5,4,-127.340,-0.613,-753.003
2495.8,54.60,87.8,0.0,-1.9,4,-128.814,-0.714,-750.091
2495.8,54.82,87.8,0.0,-2.1,4,-129.811,-0.779,-748.144
2495.8,55.14,88.0,0.0,-3.2,4,-131.327,-0.880,-745.217
2507.0,55.35,88.0,0.0,-2.9,4,-132.353,-0.949,-743.261
2507.0,55.67,88.2,0.0,-2.8,4,-133.917,-1.051,-740.323
2507.0,55.86,88.3,0.0,-2.2,4,-134.978,-1.119,-738.362
2507.0,56.19,88.3,0.0,-2.0,4,-136.595,-1.223,-735.417
2518.4,56.40,88.4,0.0,-1.7,4,-137.690,-1.297,-733.451
2518.4,56.71,88.5,0.0,-1.1,4,-139.355,-1.420,-730.497
2518.4,56.92,88.6,0.0,-1.5,4,-140.482,-1.505,-728.526
2518.4,57.22,88.7,0.0,-1.0,4,-142.197,-1.636,-725.565
2530.0,57.54,88.9,0.0,-2.7,4,-143.939,-1.775,-722.600
2530.0,57.74,88.9,0.0,-2.9,4,-145.117,-1.871,-720.620
2530.0,58.04,89.0,0.0,-2.2,4,-146.909,-2.017,-717.649
2530.0,58.24,89.1,0.0,-1.3,4,-148.122,-2.114,-715.668
2541.6,58.55,89.2,0.0,-1.6,4,-149.966,-2.260,-712.693
2541.6,58.75,89.3,0.0,-2.4,4,-151.210,-2.359,-710.707
2541.6,59.05,89.4,0.0,-2.7,4,-153.102,-2.507,-707.727
2541.6,59.24,89.5,0.0,-2.5,4,-154.381,-2.603,-705.740
2553.5,59.53,89.6,0.0,-1.9,4,-156.326,-2.742,-702.759
2553.5,59.72,89.6,0.0,-1.3,4,-157.641,-2.832,-700.771
2553.5,60.01,89.7,0.0,-0.7,4,-159.636,-2.965,-697.788
2553.5,60.20,89.8,0.0,-0.7,4,-160.981,-3.053,-695.798
2565.5,60.48,89.9,0.0,-1.0,4,-163.017,-3.181,-692.808
2565.5,60.67,89.9,0.0,-1.2,4,-164.386,-3.264,-690.811
2565.5,60.94,90.0,0.0,-1.2,4,-166.457,-3.380,-687.811
2577.8,60.99,0.0,0.0,-1.1,0,-168.546,-3.487,-684.807
2577.8,61.08,88.9,0.0,-1.0,5,-169.945,-3.552,-682.808
2577.8,61.33,89.0,0.0,-0.9,5,-172.059,-3.641,-679.808
2577.8,61.50,89.1,0.0,-0.8,5,-173.480,-3.694,-677.805
2590.2,61.74,89.2,0.0,-0.7,5,-175.629,-3.762,-674.798
2590.2,61.90,89.2,0.0,-0.7,5,-177.072,-3.799,-672.790
2590.2,62.15,89.3,0.0,-0.8,5,-179.252,-3.845,-669.775
2590.2,62.31,89.4,0.0,-0.7,5,-180.715,-3.870,-667.762
2602.6,62.55,89.4,0.0,-0.6,5,-182.925,-3.901,-664.737
2602.6,62.71,89.5,0.0,-0.6,5,-184.407,-3.919,-662.718
2602.6,62.95,89.6,0.0,-0.6,5,-186.645,-3.944,-659.685
2602.6,63.11,89.6,0.0,-0.7,5,-188.146,-3.960,-657.660
2615.2,63.34,89.7,0.0,-0.7,5,-190.410,-3.981,-654.617
2615.2,63.57,89.8,0.0,-0.6,5,-192.690,-3.999,-651.569
2615.2,63.72,89.8,0.0,-0.5,5,-194.219,-4.009,-649.534
2615.2,63.95,89.9,0.0,-0.5,5,-196.526,-4.021,-646.477
2627.9,64.09,90.0,0.0,-0.5,5,-198.072,-4.027,-644.436
2627.9,64.32,90.0,0.0,-0.6,5,-200.403,-4.032,-641.369
2627.9,64.46,90.1,0.0,-0.6,5,-201.966,-4.033,-639.322
2627.9,64.68,90.1,0.0,-0.6,5,-204.321,-4.031,-636.247
2640.8,64.83,90.2,0.0,-0.6,5,-205.900,-4.027,-634.193
2640.8,65.04,90.3,0.0,-0.7,5,-208.280,-4.014,-631.110
2640.8,65.18,90.3,0.0,-0.8,5,-209.875,-4.002,-629.051
2640.8,65.39,90.4,0.0,-0.9,5,-212.280,-3.980,-625.960
2693.5,61.19,0.0,90.8,0.2,5,-246.382,-3.989,-584.413
2706.2,59.89,0.0,90.6,0.1,5,-248.755,-4.026,-581.659
2706.2,59.04,0.0,91.0,-0.1,5,-250.311,-4.051,-579.858
2706.2,57.76,0.0,91.1,-0.1,5,-252.609,-4.091,-577.210
2706.2,56.90,0.0,90.7,0.0,5,-254.115,-4.117,-575.479
2756.4,39.47,0.0,89.7,-0.8,3,-281.319,-4.630,-545.548
2756.4,38.31,40.3,87.1,0.8,0,-282.979,-4.658,-543.905
2756.4,37.58,0.0,82.0,1.1,2,-284.070,-4.675,-542.848
2756.4,36.51,0.0,73.7,1.1,2,-285.685,-4.700,-541.318
2764.0,35.82,0.0,69.4,1.7,2,-286.748,-4.717,-540.336
2764.0,34.85,0.0,65.4,2.1,2,-288.324,-4.741,-538.916
2764.0,33.92,0.0,62.3,1.6,2,-289.882,-4.765,-537.561
2764.0,33.31,0.0,63.5,0.7,2,-290.911,-4.780,-536.694
2770.8,32.40,0.0,64.4,-0.8,2,-292.440,-4.801,-535.446
2770.8,31.80,0.0,64.3,-2.1,2,-293.448,-4.815,-534.650
2770.8,30.90,0.0,59.5,-4.1,2,-294.946,-4.835,-533.509
2770.8,30.34,0.0,53.1,-6.4,2,-295.933,-4.847,-532.782
2777.0,29.58,0.0,45.8,-5.2,2,-297.402,-4.865,-531.744
2777.0,29.14,38.1,43.5,-4.5,0,-298.374,-4.876,-531.084
2777.0,28.52,0.0,42.9,-11.9,1,-299.823,-4.891,-530.136
2777.0,28.09,0.0,41.5,-16.0,1,-300.782,-4.900,-529.534
2782.6,27.46,0.0,39.4,-15.0,1,-302.212,-4.913,-528.676
2782.6,27.04,0.0,41.4,-12.1,1,-303.158,-4.921,-528.134
2782.6,26.43,0.0,37.8,-9.0,1,-304.565,-4.932,-527.362
2782.6,26.04,0.0,34.0,-8.3,1,-305.494,-4.938,-526.872
2787.8,25.53,0.0,32.3,-8.7,1,-306.875,-4.947,-526.172
2787.8,25.05,0.0,25.5,-11.5,1,-308.241,-4.955,-525.511
2787.8,24.77,0.0,19.6,-13.9,1,-309.146,-4.959,-525.092
2792.8,24.45,0.0,15.3,-17.2,1,-310.497,-4.964,-524.495
2792.8,24.25,0.0,13.5,-21.7,1,-311.396,-4.967,-524.119
2792.8,23.97,0.0,12.4,-27.0,1,-312.743,-4.969,-523.593
2792.8,23.78,0.0,12.6,-29.1,1,-313.643,-4.970,-523.270
2798.2,23.49,0.0,11.4,-28.8,1,-314.991,-4.970,-522.830
2798.2,23.31,0.0,9.2,-28.7,1,-315.890,-4.968,-522.568
2798.2,23.06,0.0,9.3,-28.8,1,-317.238,-4.965,-522.222
2798.2,22.88,0.0,8.8,-32.1,1,-318.135,-4.961,-522.024
2805.1,22.65,8.5,0.5,-35.1,1,-319.478,-4.953,-521.778
2805.1,22.62,31.9,0.0,-34.5,1,-320.374,-4.946,-521.647
2805.1,22.83,35.8,0.0,-32.9,1,-321.729,-4.934,-521.499
2805.1,22.94,29.5,0.0,-28.7,1,-322.641,-4.928,-521.426
2810.7,23.14,42.1,0.0,-25.2,1,-324.020,-4.925,-521.355
2810.7,23.20,8.9,3.2,-23.1,1,-325.411,-4.926,-521.331
2810.7,23.10,0.5,8.4,-21.4,1,-326.337,-4.929,-521.345
2810.7,22.84,0.0,2.5,-19.8,1,-327.715,-4.933,-521.415
2815.9,22.69,1.5,0.1,-18.7,1,-328.622,-4.929,-521.501
2815.9,22.57,6.4,0.0,-18.6,1,-329.967,-4.919,-521.684
2815.9,22.52,8.0,0.0,-19.1,1,-330.856,-4.912,-521.837
2815.9,22.46,14.8,0.0,-23.4,1,-332.177,-4.903,-522.111
2820.8,22.51,31.3,0.0,-26.5,1,-333.052,-4.897,-522.320
2820.8,22.71,48.2,0.0,-28.4,1,-334.360,-4.888,-522.674
2820.8,22.92,56.0,0.0,-28.7,1,-335.233,-4.881,-522.937
2820.8,23.32,71.7,0.0,-29.4,1,-336.549,-4.869,-523.372
2840.9,28.82,28.9,0.0,9.8,1,-355.123,-4.590,-534.232
2846.6,28.99,35.6,0.0,10.7,1,-356.589,-4.570,-535.158
2846.6,29.12,37.9,0.0,12.1,1,-357.579,-4.558,-535.765
2846.6,29.31,35.3,0.0,17.3,1,-359.089,-4.540,-536.656
2852.4,29.42,25.2,0.0,22.7,1,-360.626,-4.524,-537.517
2852.4,29.43,18.7,0.0,25.0,1,-361.665,-4.515,-538.069
2852.4,29.41,19.9,0.0,26.4,1,-363.244,-4.502,-538.858
2852.4,29.41,16.3,0.0,26.0,1,-364.310,-4.495,-539.356
2858.4,29.32,6.5,0.0,26.6,1,-365.928,-4.485,-540.056
2858.4,29.19,9.6,0.0,27.6,1,-367.562,-4.477,-540.697
2858.4,29.11,9.1,0.0,28.1,1,-368.660,-4.473,-541.090
2858.4,28.98,3.5,0.0,28.0,1,-370.318,-4.468,-541.627
2865.3,28.91,14.8,0.0,28.8,1,-371.429,-4.467,-541.951
2865.3,28.95,37.5,0.0,30.8,1,-373.108,-4.467,-542.388
2865.3,29.08,47.0,0.0,31.0,1,-374.239,-4.469,-542.648
2865.3,29.37,65.3,0.0,30.8,1,-375.958,-4.472,-542.990
2871.9,29.63,62.2,0.0,28.7,1,-377.121,-4.473,-543.184
2871.9,29.93,54.2,0.0,25.5,1,-378.890,-4.472,-543.426
2871.9,30.10,56.0,0.0,24.5,1,-380.084,-4.471,-543.554
2871.9,30.36,58.8,0.0,21.2,1,-381.892,-4.471,-543.699
2878.8,30.55,31.2,0.0,14.8,1,-383.108,-4.475,-543.765
2878.8,30.55,30.1,0.0,12.7,1,-384.941,-4.480,-543.810
2878.8,30.55,15.6,0.0,1.6,1,-386.774,-4.489,-543.790
2878.8,30.48,12.7,0.0,-7.6,1,-387.994,-4.494,-543.735
2886.6,30.37,14.1,0.0,-7.3,1,-389.814,-4.496,-543.594
2886.6,30.32,16.2,0.0,-5.4,1,-391.021,-4.498,-543.463
2886.6,30.35,43.1,0.0,0.7,1,-392.822,-4.500,-543.212
2886.6,30.53,55.4,0.0,5.9,1,-394.021,-4.502,-543.006
2893.4,30.89,58.0,0.0,14.3,1,-395.827,-4.505,-542.643
2893.4,31.14,58.6,0.0,19.6,1,-397.036,-4.506,-542.365
2893.4,31.50,59.6,0.0,25.5,1,-398.856,-4.507,-541.901
2893.4,31.73,61.6,0.0,27.0,1,-400.073,-4.509,-541.561
2900.3,32.10,63.1,0.0,26.1,1,-401.904,-4.513,-541.005
2900.3,32.34,63.0,0.0,24.4,1,-403.128,-4.517,-540.602
2900.3,32.69,58.2,0.0,20.6,1,-404.965,-4.527,-539.947
2900.3,32.97,51.8,0.0,16.3,1,-406.799,-4.540,-539.230
2906.5,33.13,50.4,0.0,13.6,1,-408.016,-4.550,-538.716
2906.5,33.33,46.1,0.0,9.7,1,-409.832,-4.568,-537.893
2906.5,33.46,46.0,0.0,7.8,1,-411.033,-4.582,-537.310
2906.5,33.64,44.5,0.0,5.8,1,-412.820,-4.604,-536.384
2912.9,33.78,48.7,0.0,5.2,1,-414.000,-4.622,-535.733
2912.9,34.04,57.9,0.0,5.3,1,-415.755,-4.649,-534.706
2912.9,34.25,64.2,0.0,6.3,1,-416.916,-4.667,-533.987
2912.9,34.53,0.0,0.0,8.6,0,-418.643,-4.696,-532.857
2919.4,34.51,71.6,0.0,11.1,2,-419.778,-4.715,-532.072
2919.4,34.91,75.4,0.0,14.0,2,-421.461,-4.744,-530.847
2919.4,35.22,78.2,0.0,14.8,2,-422.576,-4.764,-529.998
2919.4,35.69,79.8,0.0,15.6,2,-424.239,-4.792,-528.673
2926.2,36.17,81.9,0.0,14.6,2,-425.890,-4.819,-527.289
2926.2,36.50,84.1,0.0,13.3,2,-426.984,-4.835,-526.334
2926.2,36.99,85.0,0.0,12.8,2,-428.615,-4.859,-524.851
2926.2,37.31,85.2,0.0,10.3,2,-429.693,-4.874,-523.829
2933.4,37.83,85.3,0.0,7.8,2,-431.299,-4.896,-522.248
2933.4,38.16,85.4,0.0,5.9,2,-432.360,-4.910,-521.161
2933.4,38.67,85.4,0.0,3.9,2,-433.938,-4.930,-519.483
2933.4,39.00,85.5,0.0,3.6,2,-434.982,-4.943,-518.334
2940.9,39.49,85.7,0.0,5.1,2,-436.539,-4.962,-516.568
2940.9,39.86,85.7,0.0,6.7,2,-437.571,-4.976,-515.363
2940.9,40.34,84.9,0.0,8.6,2,-439.112,-4.994,-513.517
2940.9,40.61,80.2,0.0,9.4,2,-440.131,-5.005,-512.259
2948.8,40.99,69.7,0.0,9.4,2,-441.645,-5.024,-510.336
2948.8,41.31,79.8,0.0,9.3,2,-443.135,-5.041,-508.368
2948.8,41.47,0.0,0.0,8.4,0,-444.112,-5.051,-507.030
2956.8,41.53,84.4,0.0,6.9,3,-445.541,-5.064,-504.995
2956.8,41.80,84.6,0.0,5.9,3,-446.474,-5.070,-503.615
2956.8,42.18,82.3,0.0,4.3,3,-447.849,-5.078,-501.506
2956.8,42.40,60.0,0.0,4.3,3,-448.749,-5.084,-500.075
2964.9,42.69,83.7,0.0,4.9,3,-450.067,-5.090,-497.891
2964.9,42.99,84.6,0.0,5.1,3,-450.928,-5.094,-496.409
2964.9,43.40,84.8,0.0,6.1,3,-452.191,-5.099,-494.146
2964.9,43.66,84.8,0.0,7.1,3,-453.013,-5.102,-492.612
2973.4,43.99,85.2,0.0,8.4,3,-454.210,-5.103,-490.272
2973.4,44.19,67.8,0.0,8.0,3,-454.987,-5.107,-488.690
2973.4,44.51,80.8,0.0,6.9,3,-456.122,-5.118,-486.283
2973.4,44.78,85.1,0.0,7.2,3,-456.852,-5.125,-484.654
2981.9,45.16,85.2,0.0,8.7,3,-457.908,-5.136,-482.172
2981.9,45.55,85.2,0.0,10.4,3,-458.917,-5.151,-479.646
2981.9,45.80,85.3,0.0,11.5,3,-459.564,-5.163,-477.938
2981.9,46.17,85.4,0.0,13.2,3,-460.494,-5.184,-475.341
2990.7,46.42,85.4,0.0,13.7,3,-461.088,-5.201,-473.588
2990.7,46.78,85.5,0.0,13.4,3,-461.934,-5.229,-470.924
2990.7,47.02,85.6,0.0,13.2,3,-462.469,-5.249,-469.127
2990.7,47.37,85.7,0.0,12.7,3,-463.225,-5.281,-466.399
2999.9,47.60,85.7,0.0,12.2,3,-463.697,-5.305,-464.560
2999.9,47.94,85.8,0.0,11.8,3,-464.355,-5.342,-461.771
2999.9,48.17,85.9,0.0,11.7,3,-464.761,-5.368,-459.893
2999.9,48.50,86.0,0.0,11.3,3,-465.316,-5.409,-457.047
3009.3,48.72,86.0,0.0,10.9,3,-465.650,-5.437,-455.132
3009.3,49.05,86.0,0.0,10.3,3,-466.094,-5.478,-452.234
3009.3,49.38,86.1,0.0,10.3,3,-466.469,-5.519,-449.306
3009.3,49.60,86.1,0.0,10.8,3,-466.681,-5.546,-447.338
3019.0,49.94,86.1,0.0,10.8,3,-466.942,-5.586,-444.365
3019.0,50.15,86.2,0.0,12.3,3,-467.079,-5.612,-442.368
3019.0,50.48,86.2,0.0,14.2,0,-467.229,-5.652,-439.354
3019.0,50.43,0.0,0.0,14.9,0,-467.292,-5.678,-437.336
3028.9,50.61,84.3,0.0,15.0,4,-467.328,-5.718,-434.308
3028.9,50.80,84.3,0.0,14.5,4,-467.314,-5.744,-432.280
3028.9,51.08,84.4,0.0,13.5,4,-467.233,-5.782,-429.226
3028.9,51.27,84.6,0.0,12.8,4,-467.137,-5.806,-427.182
3039.1,51.53,84.8,0.0,11.6,4,-466.930,-5.841,-424.105
3039.1,51.71,84.9,0.0,10.3,4,-466.749,-5.862,-422.049
3039.1,51.99,85.1,0.0,9.0,4,-466.413,-5.891,-418.957
3039.1,52.27,85.2,0.0,8.6,4,-465.998,-5.916,-415.858
3050.3,52.46,85.3,0.0,8.9,4,-465.679,-5.931,-413.788
3050.3,52.73,85.5,0.0,9.7,4,-465.139,-5.951,-410.679
3050.3,52.92,85.6,0.0,10.6,4,-464.739,-5.965,-408.605
3050.3,53.22,85.8,0.0,12.0,4,-464.087,-5.988,-405.489
3061.6,53.40,85.9,0.0,12.6,4,-463.618,-6.009,-403.410
3061.6,53.68,85.9,0.0,12.6,4,-462.861,-6.045,-400.289
3061.6,53.85,86.1,0.0,12.4,4,-462.314,-6.069,-398.209
3061.6,54.11,86.2,0.0,11.9,4,-461.431,-6.102,-395.094
3072.8,54.29,86.3,0.0,11.6,4,-460.798,-6.120,-393.021
3072.8,54.55,86.5,0.0,10.7,4,-459.783,-6.142,-389.918
3072.8,54.73,86.6,0.0,9.9,4,-459.065,-6.156,-387.855
3072.8,55.00,86.7,0.0,8.5,4,-457.929,-6.175,-384.766
3083.8,55.28,86.8,0.0,7.3,4,-456.723,-6.194,-381.686
3083.8,55.46,86.9,0.0,6.7,4,-455.881,-6.207,-379.638
3083.8,55.73,87.0,0.0,6.3,4,-454.560,-6.222,-376.575
3083.8,55.92,87.1,0.0,6.4,4,-453.643,-6.229,-374.540
3094.8,56.20,87.2,0.0,6.8,4,-452.217,-6.239,-371.494
3094.8,56.39,87.3,0.0,6.5,4,-451.235,-6.246,-369.468
3094.8,56.67,87.4,0.0,6.0,4,-449.717,-6.258,-366.436
3094.8,56.86,87.5,0.0,5.6,4,-448.675,-6.268,-364.419
3105.9,57.13,87.6,0.0,5.3,4,-447.065,-6.281,-361.403
3105.9,57.31,87.7,0.0,5.5,4,-445.961,-6.290,-359.398
3105.9,57.59,87.8,0.0,5.6,4,-444.261,-6.303,-356.400
3117.2,57.86,87.9,0.0,5.6,4,-442.507,-6.315,-353.415
3117.2,58.03,88.0,0.0,5.5,4,-441.308,-6.321,-351.432
3117.2,58.30,88.2,0.0,5.7,4,-439.466,-6.329,-348.469
3117.2,58.48,88.3,0.0,5.7,4,-438.209,-6.334,-346.500
3128.8,58.75,88.4,0.0,5.1,4,-436.282,-6.342,-343.559
3128.8,58.92,88.4,0.0,4.8,4,-434.968,-6.346,-341.608
3128.8,59.19,88.6,0.0,3.7,4,-432.957,-6.354,-338.692
3128.8,59.35,88.6,0.0,3.0,4,-431.590,-6.358,-336.755
3140.6,59.62,88.7,0.0,1.9,4,-429.498,-6.359,-333.864
3140.6,59.77,88.8,0.0,1.3,4,-428.079,-6.357,-331.944
3140.6,60.03,89.0,0.0,1.1,4,-425.919,-6.349,-329.072
3140.6,60.21,89.0,0.0,1.3,4,-424.462,-6.342,-327.160
3152.6,60.47,89.1,0.0,1.1,4,-422.252,-6.329,-324.293
3152.6,60.74,89.2,0.0,0.4,4,-420.020,-6.316,-321.423
3152.6,60.90,89.3,0.0,-0.1,0,-418.521,-6.307,-319.508
3152.6,60.85,88.0,0.0,-0.8,5,-416.264,-6.294,-316.636
3214.9,64.08,89.3,0.0,-0.3,5,-384.337,-6.040,-274.976
3214.9,64.22,89.3,0.0,-0.3,5,-382.806,-6.023,-272.918
3214.9,64.44,89.4,0.0,-0.2,5,-380.504,-5.996,-269.820
3214.9,64.58,89.5,0.0,-0.1,5,-378.968,-5.978,-267.747
3227.8,64.80,89.5,0.0,-0.1,5,-376.660,-5.951,-264.627
3227.8,65.01,89.6,0.0,-0.1,5,-374.346,-5.924,-261.495
3227.8,65.15,89.7,0.0,-0.1,5,-372.800,-5.906,-259.401
3227.8,65.36,89.7,0.0,0.0,5,-370.477,-5.876,-256.250
3240.8,65.49,89.8,0.0,0.1,5,-368.925,-5.854,-254.143
3240.8,65.70,89.9,0.0,0.3,5,-366.591,-5.819,-250.975
3240.8,65.85,89.9,0.0,0.4,5,-365.031,-5.795,-248.857
3240.8,66.04,90.0,0.0,0.3,5,-362.683,-5.758,-245.672
3254.0,66.18,90.0,0.0,0.3,5,-361.112,-5.732,-243.545
3254.0,66.38,90.1,0.0,0.3,5,-358.747,-5.690,-240.349
3254.0,66.51,90.2,0.0,0.3,5,-357.165,-5.660,-238.214
3254.0,66.71,90.2,0.0,0.2,5,-354.782,-5.614,-235.006
3267.3,66.84,90.3,0.0,0.1,5,-353.187,-5.584,-232.864
3267.3,67.04,90.3,0.0,-0.0,5,-350.787,-5.541,-229.644
3267.3,67.24,90.4,0.0,0.0,5,-348.376,-5.501,-226.418
3267.3,67.37,90.4,0.0,0.1,5,-346.763,-5.478,-224.263
3280.7,67.55,90.5,0.0,0.1,5,-344.336,-5.440,-221.024
3280.7,67.68,90.6,0.0,0.1,5,-342.714,-5.413,-218.860
3280.7,67.87,90.6,0.0,0.1,5,-340.273,-5.370,-215.609
3280.7,68.00,90.7,0.0,0.0,5,-338.641,-5.340,-213.437
3294.3,68.18,90.8,0.0,0.0,5,-336.187,-5.293,-210.172
3294.3,68.31,90.8,0.0,0.0,5,-334.546,-5.261,-207.991
3294.3,68.49,90.8,0.0,-0.0,5,-332.079,-5.214,-204.711
3294.3,68.62,90.9,0.0,-0.1,5,-330.431,-5.183,-202.520
3308.0,68.79,91.0,0.0,-0.1,5,-327.954,-5.134,-199.227
3308.0,68.91,91.0,0.0,-0.1,5,-326.298,-5.099,-197.026
3308.0,69.09,91.0,0.0,-0.2,5,-323.811,-5.045,-193.717
3308.0,69.21,91.1,0.0,-0.2,5,-322.150,-5.009,-191.506
3321.8,69.38,91.2,0.0,-0.2,5,-319.654,-4.952,-188.181
3321.8,69.56,91.2,0.0,-0.2,5,-317.154,-4.897,-184.847
3321.8,69.67,91.3,0.0,-0.2,5,-315.485,-4.860,-182.618
3321.8,69.85,91.3,0.0,-0.1,5,-312.978,-4.804,-179.267
3335.7,69.96,91.3,0.0,-0.1,5,-311.305,-4.767,-177.028
3335.7,70.13,91.4,0.0,-0.2,5,-308.792,-4.711,-173.660
3335.7,70.24,91.4,0.0,-0.2,5,-307.114,-4.675,-171.410
3335.7,70.40,91.5,0.0,-0.3,5,-304.595,-4.618,-168.026
3349.7,70.51,91.5,0.0,-0.2,5,-302.913,-4.580,-165.765
3349.7,70.48,0.0,0.0,-0.2,0,-300.390,-4.521,-162.368
3349.7,70.52,90.7,0.0,-0.2,6,-298.711,-4.482,-160.104
3349.7,70.67,90.7,0.0,-0.2,6,-296.191,-4.422,-156.701
3363.9,70.77,90.7,0.0,-0.3,6,-294.509,-4.382,-154.427
3363.9,70.93,90.8,0.0,-0.2,6,-291.984,-4.321,-151.008
3363.9,71.03,90.8,0.0,-0.2,6,-290.299,-4.280,-148.723
3363.9,71.18,90.9,0.0,-0.1,6,-287.770,-4.219,-145.288
3378.1,71.32,90.9,0.0,-0.1,6,-285.239,-4.158,-141.844
3378.1,71.43,91.0,0.0,-0.0,6,-283.550,-4.117,-139.543
3378.1,71.58,91.0,0.0,0.1,6,-281.013,-4.059,-136.084
3378.1,71.67,91.0,0.0,0.1,6,-279.320,-4.019,-133.774
3392.4,71.82,91.1,0.0,0.2,6,-276.776,-3.958,-130.302
3392.4,71.92,91.1,0.0,0.1,6,-275.077,-3.917,-127.984
3392.4,72.06,91.1,0.0,0.0,6,-272.524,-3.854,-124.501
3392.4,72.16,91.2,0.0,-0.0,6,-270.818,-3.813,-122.176
3406.8,72.30,91.2,0.0,0.3,6,-268.254,-3.750,-118.683
3406.8,72.40,91.3,0.0,0.1,6,-266.542,-3.708,-116.351
3406.8,72.54,91.3,0.0,0.7,6,-263.968,-3.645,-112.847
3406.8,72.63,91.3,0.0,-0.0,6,-262.247,-3.603,-110.510
3421.3,72.76,91.4,0.0,-0.9,6,-259.659,-3.538,-106.999
3421.3,72.90,91.4,0.0,-0.9,6,-257.066,-3.471,-103.482
3421.3,73.00,91.4,0.0,-0.6,6,-255.338,-3.426,-101.132
3435.9,73.13,91.5,0.0,-0.2,6,-252.747,-3.358,-97.597
3435.9,73.23,91.5,0.0,-0.2,6,-251.021,-3.312,-95.233
3435.9,73.36,91.5,0.0,-0.3,6,-248.435,-3.245,-91.678
3435.9,73.45,91.6,0.0,-0.3,6,-246.711,-3.201,-89.301
3450.5,73.59,91.6,0.0,-0.2,6,-244.127,-3.137,-85.727
3450.5,73.67,91.6,0.0,0.1,6,-242.405,-3.095,-83.338
3450.5,73.80,91.7,0.0,0.8,6,-239.821,-3.031,-79.748
3450.5,73.89,91.7,0.0,1.2,6,-238.095,-2.988,-77.352
3465.3,74.02,91.7,0.0,0.7,6,-235.499,-2.925,-73.754
3465.3,74.10,91.8,0.0,0.9,6,-233.761,-2.882,-71.356
3465.3,74.23,91.8,0.0,1.5,6,-231.141,-2.818,-67.760
3465.3,74.28,46.3,29.4,2.5,6,-228.502,-2.752,-64.169
3480.1,73.90,0.0,55.6,3.0,6,-226.734,-2.706,-61.788
3480.1,72.87,0.0,82.0,3.1,6,-224.088,-2.637,-58.265
3480.1,72.03,0.0,87.8,2.6,6,-222.331,-2.591,-55.958
3480.1,70.73,0.0,76.2,2.4,6,-219.709,-2.521,-52.569
3494.5,69.96,0.0,59.4,2.7,6,-217.967,-2.475,-50.359
3494.5,69.04,0.0,41.7,3.7,6,-215.353,-2.409,-47.110
3494.5,68.55,0.0,32.7,5.0,6,-213.603,-2.365,-44.986
3494.5,67.94,0.0,19.8,5.5,6,-210.958,-2.300,-41.861
3508.2,67.63,0.0,10.7,4.0,6,-209.177,-2.258,-39.816
3508.2,67.28,0.0,1.9,4.9,6,-206.475,-2.194,-36.804
3508.2,67.11,4.1,0.0,4.7,6,-204.650,-2.150,-34.830
3508.2,66.91,13.7,0.0,4.2,6,-201.877,-2.085,-31.919
3521.5,66.79,12.3,0.0,4.6,6,-200.006,-2.042,-30.009
3521.5,66.60,5.9,24.5,5.4,6,-197.169,-1.979,-27.187
3521.5,66.10,0.0,91.8,5.1,6,-194.301,-1.915,-24.423
3521.5,65.35,0.0,54.6,5.3,6,-192.384,-1.872,-22.621
3534.5,64.72,47.1,1.6,5.7,6,-189.511,-1.806,-19.988
3534.5,64.77,87.4,0.0,6.4,6,-187.577,-1.762,-18.267
3534.5,64.91,80.6,0.0,8.6,6,-184.634,-1.701,-15.724
3534.5,64.94,57.1,0.7,10.8,6,-182.645,-1.665,-14.054
3547.4,64.81,19.0,0.0,13.2,6,-179.626,-1.619,-11.596
3547.4,64.75,49.0,0.0,14.0,6,-177.591,-1.593,-9.992
3547.4,64.79,83.4,0.0,14.2,6,-174.501,-1.562,-7.638
3547.4,64.85,87.7,0.0,13.9,6,-172.411,-1.544,-6.104
3560.5,64.94,87.8,0.0,13.1,6,-169.229,-1.520,-3.861
3560.5,65.00,87.9,0.0,13.2,6,-167.075,-1.504,-2.407
3560.5,65.09,87.9,0.0,14.8,6,-163.797,-1.477,-0.290
3560.5,65.15,84.4,0.0,16.3,6,-160.462,-1.447,1.746
3573.8,65.16,75.3,0.0,16.9,6,-158.208,-1.422,3.055
3573.8,65.23,83.6,0.0,18.4,6,-154.788,-1.383,4.951
3573.8,65.26,88.1,0.0,19.5,6,-152.483,-1.359,6.174
3573.8,65.40,88.3,0.0,19.8,6,-148.991,-1.330,7.955
3587.8,65.41,79.0,0.0,20.0,6,-146.638,-1.312,9.098
3587.8,65.36,70.7,0.0,21.7,6,-143.071,-1.280,10.733
3587.8,65.35,64.8,0.0,23.4,6,-140.672,-1.258,11.771
3587.8,65.21,32.6,0.0,27.3,6,-137.045,-1.222,13.249
3601.8,65.08,31.3,0.0,30.2,6,-134.612,-1.198,14.183
3601.8,64.89,29.0,0.0,33.9,6,-130.944,-1.161,15.506
3601.8,64.75,25.1,0.0,35.6,6,-128.488,-1.137,16.338
3601.8,64.52,21.3,0.0,37.1,6,-124.792,-1.103,17.513
3615.3,64.26,19.5,0.0,36.8,6,-121.083,-1.070,18.595
3615.3,64.08,18.3,0.0,36.3,6,-118.604,-1.048,19.261
3615.3,63.81,16.6,0.0,36.0,6,-114.878,-1.014,20.181
3615.3,63.62,12.8,0.0,35.6,6,-112.391,-0.993,20.740
3628.0,63.31,12.0,0.0,35.2,6,-108.659,-0.960,21.495
3628.0,63.11,11.9,0.0,35.2,6,-106.170,-0.936,21.942
3628.0,62.82,11.9,0.0,36.0,6,-102.438,-0.899,22.530
3628.0,62.63,11.8,0.0,36.5,6,-99.951,-0.876,22.869
3640.4,62.33,11.8,0.0,36.4,6,-96.227,-0.839,23.296
3640.4,62.14,11.7,0.0,35.9,6,-93.748,-0.812,23.526
3640.4,61.87,11.7,0.0,34.5,6,-90.037,-0.770,23.793
3652.5,61.61,19.1,0.0,31.7,6,-86.336,-0.728,23.966
3652.5,61.47,23.0,0.0,29.2,6,-83.876,-0.700,24.031
3652.5,61.27,31.4,0.0,25.1,6,-80.194,-0.657,24.050
3652.5,61.17,39.8,0.0,22.0,6,-77.745,-0.628,24.010
3664.6,61.09,60.0,0.0,17.5,6,-74.081,-0.582,23.870
3664.6,61.10,77.3,0.0,14.5,6,-71.641,-0.550,23.725
3664.6,61.20,88.1,0.0,10.8,6,-67.985,-0.504,23.433
3664.6,61.29,88.2,0.0,8.4,6,-65.548,-0.474,23.191
3676.8,61.41,88.2,0.0,5.5,6,-61.893,-0.430,22.757
3676.8,61.51,88.3,0.0,4.0,6,-59.458,-0.398,22.422
3676.8,61.66,88.4,0.0,3.2,6,-55.807,-0.347,21.855
3676.8,61.76,88.5,0.0,3.2,6,-53.374,-0.312,21.442
3689.1,61.96,88.5,0.0,2.5,6,-49.721,-0.264,20.782
3689.1,62.15,88.6,0.0,0.2,6,-46.066,-0.220,20.080
3689.1,62.27,88.6,0.0,-1.3,6,-43.626,-0.192,19.595
3689.1,62.45,88.7,0.0,-2.7,6,-39.959,-0.149,18.852
3701.5,62.58,87.8,0.0,-3.1,6,-37.508,-0.122,18.356
3701.5,62.76,88.6,0.0,-3.5,6,-33.821,-0.082,17.623
3701.5,62.88,88.9,0.0,-3.8,6,-31.354,-0.057,17.147
3701.5,63.04,89.0,0.0,-2.7,6,-27.640,-0.021,16.459
3714.0,63.18,89.0,0.0,-2.8,6,-25.154,-0.002,16.017
3714.0,63.35,89.1,0.0,-3.5,6,-21.412,0.024,15.383
3714.0,63.48,89.1,0.0,-4.1,6,-18.909,0.039,14.981
3714.0,63.65,89.2,0.0,-5.0,6,-15.138,0.062,14.413
3726.8,63.76,89.2,0.0,-6.2,6,-12.615,0.078,14.060
3726.8,63.92,89.3,0.0,-7.4,6,-8.816,0.104,13.575
3726.8,64.02,89.4,0.0,-7.8,6,-6.274,0.121,13.284
3726.8,64.16,89.5,0.0,-7.5,6,-2.448,0.147,12.902
3739.7,64.31,89.5,0.0,-6.7,6,1.394,0.174,12.592
3739.7,64.40,89.6,0.0,-6.8,6,3.963,0.196,12.429
3739.7,64.55,89.6,0.0,-7.2,6,7.826,0.232,12.249
3739.7,64.64,89.7,0.0,-7.8,6,10.409,0.259,12.173
3752.8,64.78,89.7,0.0,-8.0,6,14.291,0.302,12.123
3752.8,64.88,89.7,0.0,-8.3,6,16.883,0.332,12.133
3752.8,65.01,89.8,0.0,-8.2,6,20.778,0.382,12.212
3752.8,65.10,89.8,0.0,-7.7,6,23.378,0.418,12.309
3766.3,65.23,89.9,0.0,-6.7,6,27.281,0.477,12.524
3766.3,65.32,90.0,0.0,-6.1,6,29.885,0.519,12.712
3766.3,65.46,90.0,0.0,-6.7,6,33.793,0.580,13.056
3766.3,65.57,90.0,0.0,-8.6,6,36.399,0.615,13.320
3779.9,65.69,90.1,0.0,-10.7,6,40.311,0.661,13.776
3779.9,65.81,90.2,0.0,-11.1,6,44.218,0.712,14.316
3779.9,65.89,90.2,0.0,-10.8,6,46.820,0.748,14.721
3779.9,66.01,90.3,0.0,-9.8,6,50.718,0.803,15.399
3793.4,66.09,90.3,0.0,-9.5,6,53.312,0.839,15.896
3793.4,66.21,90.3,0.0,-9.3,6,57.195,0.894,16.713
3793.4,66.28,90.3,0.0,-8.9,6,59.777,0.931,17.307
3793.4,66.39,90.4,0.0,-8.7,6,63.638,0.989,18.269
3807.1,66.45,90.4,0.0,-8.8,6,66.204,1.027,18.956
3807.1,66.55,90.5,0.0,-9.0,6,70.040,1.083,20.056
3807.1,66.65,90.5,0.0,-8.8,6,72.587,1.120,20.834
3807.1,66.77,90.5,0.0,-7.8,6,76.393,1.176,22.071
3820.9,66.83,90.6,0.0,-7.2,6,78.918,1.215,22.943
3820.9,66.94,90.6,0.0,-6.7,6,82.687,1.273,24.318
3820.9,67.05,90.7,0.0,-6.5,6,86.434,1.330,25.773
3820.9,67.15,90.7,0.0,-6.6,6,88.919,1.368,26.788
3834.6,67.26,90.7,0.0,-7.0,6,92.625,1.427,28.377
3834.6,67.36,90.7,0.0,-7.4,6,95.081,1.467,29.479
3834.6,67.48,90.8,0.0,-7.8,6,98.743,1.528,31.195
3834.6,67.56,90.8,0.0,-7.9,6,101.169,1.570,32.380
3848.1,67.69,90.9,0.0,-7.6,6,104.785,1.634,34.219
3848.1,67.77,90.9,0.0,-7.3,6,107.180,1.677,35.485
3848.1,67.90,90.9,0.0,-6.9,6,110.747,1.741,37.443
3848.1,67.98,91.0,0.0,-6.8,6,113.108,1.783,38.788
3861.6,68.10,91.0,0.0,-6.8,6,116.621,1.847,40.866
3861.6,68.19,91.0,0.0,-6.9,6,118.945,1.890,42.290
3861.6,68.32,91.1,0.0,-7.4,6,122.403,1.952,44.482
3861.6,68.40,91.1,0.0,-7.6,6,124.690,1.991,45.980
3875.2,68.52,91.1,0.0,-7.5,6,128.090,2.049,48.284
3875.2,68.64,91.2,0.0,-7.6,6,131.453,2.105,50.654
3875.2,68.73,91.2,0.0,-7.5,6,133.674,2.140,52.271
3888.8,68.85,91.2,0.0,-7.3,6,136.973,2.190,54.750
3888.8,68.93,91.3,0.0,-7.3,6,139.149,2.222,56.440
3888.8,69.05,91.3,0.0,-7.3,6,142.379,2.265,59.028
3888.8,69.14,91.3,0.0,-7.4,6,144.510,2.290,60.787
3902.6,69.26,91.3,0.0,-6.7,6,147.672,2.320,63.477
3902.6,69.34,91.4,0.0,-5.3,6,149.756,2.336,65.304
3902.6,69.47,91.4,0.0,-3.5,6,152.846,2.357,68.095
3902.6,69.56,91.4,0.0,-2.7,6,154.883,2.369,69.988
3916.5,69.70,91.5,0.0,-1.9,6,157.905,2.385,72.871
3916.5,69.80,91.5,0.0,-1.6,6,159.902,2.395,74.819
3916.5,69.67,28.3,58.3,-1.2,6,162.872,2.410,77.772
3916.5,68.68,0.0,80.3,-0.4,6,165.797,2.423,80.723
3930.3,67.87,0.0,86.0,0.2,6,167.711,2.433,82.674
3930.3,66.60,0.0,90.1,0.9,6,170.530,2.452,85.563
3930.3,65.72,0.0,91.3,0.9,6,172.376,2.465,87.463
3930.3,64.41,0.0,92.3,0.6,6,175.095,2.486,90.267
3943.4,63.52,0.0,91.9,0.4,6,176.877,2.500,92.105
3943.4,62.20,0.0,92.2,0.1,6,179.506,2.519,94.814
3943.4,61.33,28.4,91.9,0.1,0,181.230,2.531,96.586
3943.4,60.03,0.0,92.6,0.2,5,183.774,2.550,99.194
3955.6,59.15,0.0,91.8,0.3,5,185.441,2.563,100.899
3955.6,57.85,0.0,91.8,0.5,5,187.901,2.580,103.407
3955.6,56.99,0.0,92.3,0.5,5,189.513,2.590,105.045
3955.6,55.68,0.0,91.0,0.4,5,191.891,2.603,107.452
3967.0,54.82,0.0,90.9,0.3,5,193.449,2.612,109.022
3967.0,53.56,0.0,91.8,0.4,0,195.747,2.626,111.326
3967.0,52.29,0.0,92.0,0.6,4,197.999,2.641,113.568
3967.0,51.44,0.0,92.1,0.7,4,199.475,2.653,115.028
3977.5,50.15,0.0,91.3,1.1,4,201.650,2.672,117.166
3977.5,49.30,0.0,91.2,1.4,4,203.075,2.687,118.555
3977.5,48.04,0.0,91.2,2.0,4,205.177,2.712,120.586
3977.5,46.78,0.0,91.5,2.1,4,207.237,2.737,122.552
3987.2,45.53,0.0,91.6,2.6,4,209.255,2.762,124.451
3987.2,44.69,0.0,91.1,3.0,0,210.578,2.777,125.680
3987.2,43.48,0.0,90.7,3.1,3,212.531,2.800,127.467
3987.2,42.66,0.0,89.9,3.1,3,213.813,2.814,128.621
3996.0,41.46,0.0,87.1,2.2,3,215.704,2.833,130.294
3996.0,40.67,0.0,84.1,1.4,3,216.946,2.845,131.372
3996.0,39.57,0.0,68.9,0.0,3,218.781,2.859,132.933
4004.1,38.60,0.0,55.8,-2.0,3,220.591,2.870,134.426
4004.1,38.04,0.0,49.7,-2.7,3,221.788,2.876,135.384
4004.1,37.29,0.0,42.8,-2.2,3,223.578,2.883,136.765
4004.1,36.84,0.0,40.1,-0.9,3,224.769,2.886,137.650
4011.5,36.21,0.0,37.4,3.2,3,226.554,2.889,138.923
4011.5,35.63,0.0,34.8,7.9,0,228.336,2.890,140.136
4011.5,35.28,37.5,35.7,9.8,0,229.522,2.889,140.915
4011.5,34.72,0.0,35.3,10.9,2,231.298,2.886,142.039
4018.5,34.35,0.0,34.3,11.3,2,232.478,2.883,142.758
4018.5,33.79,0.0,33.6,11.3,2,234.243,2.878,143.791
4018.5,33.43,0.0,32.2,11.1,2,235.417,2.874,144.448
4018.5,32.92,0.0,30.3,11.3,2,237.173,2.866,145.387
4025.1,32.58,0.0,26.8,11.8,2,238.341,2.861,145.981
4025.1,32.15,0.0,18.9,12.6,2,240.091,2.852,146.825
4025.1,31.91,0.0,14.8,13.5,2,241.257,2.846,147.356
4025.1,31.62,0.0,11.2,15.4,2,243.009,2.836,148.106
4031.2,31.44,0.0,8.9,16.9,2,244.180,2.830,148.576
4031.2,31.21,0.0,5.7,18.9,2,245.941,2.820,149.233
4031.2,31.01,0.0,4.9,19.9,2,247.708,2.810,149.834
4031.2,30.88,0.0,4.7,20.4,2,248.890,2.803,150.202
4037.2,30.68,0.0,4.1,21.5,2,250.668,2.793,150.703
4037.2,30.56,0.0,7.8,19.9,2,251.855,2.785,151.005
4037.2,30.34,0.0,6.6,16.9,2,253.638,2.773,151.406
4037.2,30.20,0.0,5.1,15.2,2,254.826,2.765,151.640
4043.1,30.02,0.0,6.4,14.3,2,256.607,2.753,151.943
4043.1,29.89,0.0,4.9,15.0,2,257.793,2.745,152.113
4043.1,29.72,0.0,0.7,16.5,2,259.569,2.735,152.323
4043.1,29.64,2.4,0.0,20.1,2,260.751,2.729,152.433
4049.9,29.52,2.0,0.0,25.2,2,262.522,2.720,152.551
4049.9,29.43,4.7,0.0,27.5,2,263.701,2.715,152.597
4049.9,29.34,15.0,0.0,30.2,2,265.464,2.708,152.614
4049.9,29.25,8.1,0.0,31.8,2,267.221,2.704,152.563
4056.6,29.19,14.4,0.0,32.8,2,268.387,2.702,152.492
4056.6,29.11,10.4,0.0,35.1,2,270.129,2.701,152.327
4056.6,29.04,10.8,0.0,37.4,2,271.283,2.700,152.180
4056.6,28.91,6.1,0.0,41.1,2,272.999,2.702,151.904
4063.4,28.81,8.7,0.0,43.8,2,274.132,2.703,151.683
4063.4,28.66,7.2,0.0,46.6,2,275.813,2.708,151.295
4063.4,28.56,2.6,0.0,49.0,0,276.919,2.714,150.999
4063.4,28.40,4.8,0.0,54.3,1,278.553,2.724,150.501
4071.5,28.29,11.0,0.0,57.7,1,279.626,2.731,150.133
4071.5,28.13,13.0,0.0,60.8,1,281.207,2.745,149.529
4071.5,28.02,12.2,0.0,60.3,1,282.241,2.757,149.091
4071.5,27.84,11.3,0.0,62.3,1,283.758,2.779,148.380
4078.3,27.69,11.2,0.0,60.3,1,285.233,2.807,147.606
4078.3,27.59,11.1,0.0,59.5,1,286.193,2.826,147.058
4078.3,27.44,11.0,0.0,59.2,1,287.599,2.857,146.192
4078.3,27.34,11.1,0.0,57.9,1,288.511,2.878,145.586
4085.4,27.19,11.3,0.0,56.3,1,289.844,2.908,144.637
4085.4,27.10,12.2,0.0,55.5,1,290.707,2.930,143.978
4085.4,26.98,13.3,0.0,53.7,1,291.962,2.962,142.950
4085.4,26.91,14.2,0.0,52.0,1,292.772,2.985,142.240
4090.9,26.82,16.4,0.0,49.0,1,293.947,3.021,141.137
4090.9,26.77,18.9,0.0,46.4,1,294.704,3.044,140.378
4090.9,26.76,26.6,0.0,41.9,1,295.799,3.080,139.205
4096.1,26.85,38.4,0.0,36.7,1,296.850,3.113,137.989
4096.1,26.99,51.3,0.0,32.9,1,297.528,3.135,137.153
4096.1,27.33,55.5,0.0,26.1,1,298.516,3.165,135.859
4096.1,27.52,48.4,0.0,20.9,1,299.155,3.184,134.968
4101.3,27.80,47.9,0.0,13.0,1,300.082,3.212,133.593
4101.3,27.99,46.1,0.0,8.6,1,300.680,3.229,132.651
4101.3,28.31,59.6,0.0,4.3,1,301.546,3.252,131.202
4101.3,28.58,64.2,0.0,3.3,1,302.106,3.267,130.213
4106.8,29.04,70.1,0.0,3.7,1,302.923,3.287,128.691
4106.8,29.39,73.5,0.0,4.7,1,303.455,3.300,127.651
4106.8,29.93,74.2,0.0,7.0,1,304.236,3.318,126.053
4106.8,30.28,73.1,0.0,8.4,1,304.744,3.329,124.962
4112.6,30.80,71.2,0.0,9.7,1,305.488,3.344,123.289
4112.6,31.13,70.9,0.0,10.5,1,305.969,3.354,122.148
4112.6,31.62,70.4,0.0,10.9,1,306.669,3.369,120.402
4112.6,32.08,70.8,0.0,11.1,1,307.338,3.384,118.613
4118.9,32.40,72.0,0.0,11.2,1,307.768,3.392,117.398
4118.9,32.87,73.6,0.0,11.7,1,308.386,3.405,115.541
4118.9,33.19,74.1,0.0,12.0,1,308.778,3.413,114.280
4118.9,33.66,76.8,0.0,11.3,1,309.335,3.425,112.354
4125.5,33.98,80.2,0.0,10.3,1,309.685,3.433,111.048
4125.5,34.36,0.0,0.0,9.2,0,310.175,3.446,109.055
4125.5,34.35,81.9,0.0,9.2,2,310.472,3.454,107.714
4125.5,34.83,84.4,0.0,10.0,2,310.878,3.469,105.680
4132.4,35.18,84.5,0.0,10.3,2,311.124,3.480,104.303
4132.4,35.68,84.7,0.0,11.9,2,311.456,3.498,102.204
4132.4,35.97,64.8,0.0,12.8,2,311.651,3.511,100.785
4132.4,36.09,14.5,2.0,11.1,2,311.897,3.532,98.636
4139.6,35.90,0.0,20.9,8.9,2,312.086,3.555,96.483
4139.6,35.61,0.0,34.0,7.0,2,312.182,3.570,95.055
4139.6,35.01,0.0,42.2,4.2,2,312.290,3.597,92.937
4139.6,34.54,0.0,58.0,2.8,2,312.340,3.616,91.546
4146.4,33.67,0.0,69.2,1.2,2,312.392,3.647,89.498
4146.4,33.02,0.0,74.3,-0.2,2,312.415,3.669,88.163
4146.4,31.99,0.0,77.4,-2.8,2,312.438,3.702,86.211
4146.4,31.29,0.0,78.5,-4.4,2,312.451,3.725,84.944
4152.7,30.22,0.0,78.7,-6.5,0,312.470,3.758,83.097
4152.7,29.54,26.5,76.6,-7.7,0,312.488,3.780,81.901
4152.7,28.54,0.0,58.6,-8.8,1,312.525,3.812,80.157
4152.7,27.96,0.0,46.5,-9.3,1,312.560,3.833,79.027
4158.2,27.31,0.0,33.5,-10.9,1,312.634,3.862,77.370
4158.2,26.95,0.0,29.1,-12.4,1,312.700,3.880,76.286
4158.2,26.48,0.0,22.7,-14.7,1,312.825,3.905,74.688
4158.2,26.09,0.0,17.4,-16.9,1,312.985,3.927,73.119
4163.4,25.87,0.0,14.5,-17.9,1,313.113,3.941,72.087
4163.4,25.55,0.0,14.3,-19.1,1,313.337,3.961,70.560
4163.4,25.35,0.0,13.0,-19.8,1,313.509,3.973,69.556
4163.4,25.07,0.0,11.0,-20.8,1,313.801,3.989,68.072
4168.4,24.90,0.0,9.7,-21.0,1,314.019,4.000,67.096
4168.4,24.64,0.0,11.4,-20.9,1,314.381,4.014,65.654
4168.4,24.46,0.0,10.8,-21.6,1,314.645,4.022,64.708
4168.4,24.21,0.0,9.7,-23.1,1,315.075,4.033,63.312
4173.3,24.04,0.0,8.9,-24.0,1,315.384,4.040,62.398
4173.3,23.79,0.0,9.4,-24.7,1,315.883,4.048,61.052
4173.3,23.64,0.0,8.0,-25.4,1,316.239,4.053,60.173
4173.3,23.42,0.0,5.9,-26.8,1,316.808,4.058,58.880
4178.0,23.22,0.0,4.6,-27.8,1,317.419,4.062,57.621
4178.0,23.09,0.0,5.8,-28.2,1,317.850,4.063,56.801
4178.0,22.90,0.0,5.2,-28.8,1,318.530,4.064,55.600
4178.0,22.77,0.0,4.5,-29.0,1,319.006,4.063,54.821
4182.4,22.60,0.0,3.5,-29.3,1,319.754,4.061,53.683
4182.4,22.49,0.0,5.8,-29.4,1,320.274,4.059,52.946
4182.4,22.29,0.0,5.8,-29.6,1,321.084,4.053,51.874
4182.4,22.16,0.0,5.9,-29.7,1,321.643,4.049,51.182
4186.6,21.97,0.0,6.0,-29.7,1,322.510,4.042,50.181
4186.6,21.84,0.0,5.9,-29.7,1,323.106,4.036,49.539
4186.6,21.65,0.0,7.8,-29.7,1,324.025,4.028,48.612
4186.6,21.51,0.0,7.6,-29.6,1,324.653,4.022,48.020
4190.6,21.30,0.0,6.8,-30.8,1,325.617,4.012,47.170
4190.6,21.17,0.0,5.9,-32.1,1,326.272,4.005,46.630
4190.6,20.99,0.0,4.5,-34.1,1,327.275,3.994,45.859
4194.7,20.82,0.0,1.4,-32.0,1,328.300,3.981,45.136
4194.7,20.75,7.4,0.0,-34.2,1,328.996,3.972,44.682
4194.7,20.81,33.4,0.0,-36.9,1,330.063,3.959,44.038
4194.7,20.93,44.2,0.0,-38.6,1,330.792,3.949,43.633
4198.7,21.21,56.7,0.0,-39.8,1,331.916,3.935,43.057
4198.7,21.48,73.2,0.0,-37.7,1,332.688,3.924,42.695
4198.7,21.78,48.9,0.0,-42.1,1,333.882,3.909,42.185
4198.7,21.92,46.4,0.0,-43.7,1,334.697,3.899,41.872
4203.2,22.14,45.8,0.0,-45.5,1,335.949,3.883,41.449
4203.2,22.31,46.2,0.0,-39.2,1,336.801,3.873,41.197
4203.2,22.57,50.4,0.0,-37.8,1,338.105,3.859,40.867
4203.2,22.75,49.5,0.0,-38.3,1,338.991,3.849,40.679
4208.2,23.03,53.4,0.0,-38.2,1,340.343,3.836,40.444
4208.2,23.33,49.5,0.0,-36.8,1,341.722,3.824,40.267
4208.2,23.52,53.1,0.0,-39.0,1,342.655,3.815,40.181
4208.2,23.83,54.2,0.0,-43.3,1,344.072,3.804,40.101
4213.6,24.02,49.0,0.0,-46.2,1,345.029,3.796,40.080
4213.6,24.20,33.5,0.0,-51.3,1,346.475,3.785,40.097
4213.6,24.24,26.6,0.0,-55.4,1,347.443,3.777,40.143
4213.6,24.23,17.9,0.0,-61.4,1,348.892,3.768,40.264
4220.3,24.17,12.3,0.0,-64.0,1,349.854,3.762,40.377
4220.3,24.04,11.0,0.0,-66.2,1,351.283,3.755,40.598
4220.3,23.96,10.8,0.0,-66.7,1,352.226,3.751,40.779
4220.3,23.82,10.4,0.0,-69.7,1,353.624,3.746,41.102
4226.1,23.73,10.1,0.0,-67.8,1,354.542,3.743,41.350
4226.1,23.60,10.0,0.0,-67.3,1,355.897,3.740,41.773
4226.1,23.47,10.0,0.0,-61.0,1,357.225,3.738,42.254
4226.1,23.38,10.5,0.0,-57.4,1,358.093,3.737,42.607
4231.7,23.30,17.1,0.0,-50.6,1,359.370,3.737,43.182
4231.7,23.30,26.9,0.0,-45.0,1,360.204,3.738,43.596
4231.7,23.52,66.5,0.0,-34.8,1,361.437,3.740,44.265
4231.7,23.86,81.8,0.0,-27.6,1,362.254,3.742,44.744
4237.0,24.31,64.4,0.0,-16.6,1,363.478,3.747,45.510
4237.0,24.65,78.9,0.0,-11.2,1,364.294,3.752,46.051
4237.0,25.23,75.1,0.0,-7.0,1,365.522,3.760,46.905
4237.0,25.60,74.5,0.0,-7.0,1,366.344,3.767,47.501
4242.2,26.15,72.0,0.0,-9.4,1,367.583,3.777,48.436
4242.2,26.50,71.4,0.0,-12.1,1,368.412,3.785,49.084
4242.2,27.02,70.8,0.0,-14.8,1,369.660,3.797,50.092
4242.2,27.35,70.6,0.0,-15.6,1,370.492,3.804,50.790
4247.5,27.87,71.7,0.0,-16.1,1,371.741,3.816,51.878
4247.5,28.39,75.0,0.0,-16.4,1,372.986,3.827,53.015
4247.5,28.75,75.5,0.0,-15.9,1,373.813,3.834,53.803
4247.5,29.28,72.2,0.0,-14.2,1,375.047,3.843,55.029
4252.9,29.62,72.0,0.0,-12.8,1,375.864,3.849,55.877
4252.9,30.16,78.1,0.0,-13.1,1,377.078,3.859,57.196
4252.9,30.51,73.9,0.0,-12.2,1,377.879,3.865,58.106
4252.9,31.00,70.0,0.0,-13.7,1,379.065,3.873,59.519
4258.7,31.32,71.7,0.0,-14.7,1,379.842,3.879,60.492
4258.7,31.79,73.7,0.0,-11.9,1,380.988,3.886,61.998
4258.7,32.11,75.4,0.0,-15.0,1,381.736,3.891,63.033
4258.7,32.57,74.7,0.0,-17.4,1,382.836,3.896,64.631
4264.8,32.88,74.6,0.0,-14.3,1,383.551,3.899,65.727
4264.8,33.32,74.1,0.0,-13.6,1,384.594,3.903,67.416
4264.8,33.61,73.7,0.0,-13.4,1,385.268,3.905,68.572
4264.8,34.06,79.3,0.0,-7.7,1,386.246,3.909,70.350
4271.3,34.22,0.0,0.0,-5.5,0,387.181,3.913,72.176
4271.3,34.37,83.8,0.0,-4.4,2,387.775,3.915,73.411
4271.3,34.92,84.4,0.0,-3.7,2,388.636,3.918,75.301
4271.3,35.24,84.5,0.0,-4.2,2,389.197,3.919,76.587
4278.1,35.76,84.6,0.0,-5.6,2,390.020,3.918,78.551
4278.1,36.13,84.7,0.0,-6.3,2,390.558,3.916,79.884
4278.1,36.68,83.8,0.0,-6.3,2,391.349,3.913,81.919
4278.1,36.94,83.5,0.0,-6.3,2,391.864,3.910,83.297
4285.2,37.41,84.5,0.0,-5.5,2,392.621,3.904,85.395
4285.2,37.72,77.3,0.0,-3.9,2,393.114,3.899,86.815
4285.2,38.24,84.4,0.0,-0.5,2,393.835,3.891,88.977
4285.2,38.56,85.6,0.0,0.2,2,394.301,3.888,90.441
4292.7,39.02,72.5,0.0,1.2,2,394.984,3.886,92.666
4292.7,39.38,84.8,0.0,1.2,2,395.428,3.883,94.168
4292.7,39.90,85.6,0.0,-0.0,2,396.076,3.880,96.455
4300.4,40.41,85.7,0.0,-0.9,2,396.706,3.877,98.780
4300.4,40.75,85.7,0.0,-1.0,2,397.117,3.876,100.349
4300.4,41.27,85.8,0.0,-1.6,2,397.724,3.872,102.732
4300.4,41.59,86.0,0.0,-1.5,2,398.122,3.869,104.340
4308.6,42.05,86.0,0.0,-2.0,2,398.710,3.864,106.778
4308.6,42.36,86.1,0.0,-3.0,2,399.096,3.861,108.421
4308.6,42.53,0.0,0.0,-4.1,0,399.663,3.857,110.908
4308.6,42.70,84.3,0.0,-4.4,3,400.028,3.856,112.571
4316.9,43.12,84.5,0.0,-4.5,3,400.562,3.853,115.089
4316.9,43.41,84.6,0.0,-4.5,3,400.906,3.850,116.784
4316.9,43.83,84.7,0.0,-4.7,3,401.402,3.847,119.353
4316.9,44.11,84.8,0.0,-4.9,3,401.719,3.845,121.082
4325.5,44.53,84.9,0.0,-5.2,3,402.172,3.842,123.702
4325.5,44.81,85.0,0.0,-5.3,3,402.458,3.839,125.465
4325.5,45.22,85.1,0.0,-5.2,3,402.862,3.835,128.134
4325.5,45.63,85.2,0.0,-5.0,3,403.234,3.830,130.833
4334.4,45.90,85.2,0.0,-5.0,3,403.465,3.825,132.649
4334.4,46.31,85.3,0.0,-5.1,3,403.781,3.819,135.396
4334.4,46.57,85.4,0.0,-5.2,3,403.973,3.815,137.243
4334.4,46.97,85.4,0.0,-5.3,3,404.231,3.809,140.037
4343.7,47.24,85.5,0.0,-5.5,3,404.383,3.804,141.914
4343.7,47.62,85.6,0.0,-5.8,3,404.580,3.797,144.752
4343.7,47.88,85.6,0.0,-5.7,3,404.691,3.793,146.659
4343.7,48.27,85.7,0.0,-5.4,3,404.823,3.785,149.539
4353.1,48.52,85.8,0.0,-5.8,3,404.887,3.781,151.473
4353.1,48.89,85.9,0.0,-6.5,3,404.949,3.775,154.394
4353.1,49.14,85.9,0.0,-6.8,3,404.965,3.771,156.355
4353.1,49.50,86.0,0.0,-7.1,3,404.951,3.764,159.313
4362.8,49.75,86.0,0.0,-7.2,3,404.914,3.759,161.297
4362.8,50.10,86.1,0.0,-6.3,3,404.815,3.753,164.290
4362.8,50.45,86.2,0.0,-6.7,3,404.665,3.745,167.302
4362.8,50.57,0.0,0.0,-6.3,0,404.536,3.740,169.319
4372.7,50.65,84.2,0.0,-5.8,4,404.297,3.733,172.343
4372.7,50.86,84.3,0.0,-5.9,4,404.109,3.729,174.364
4372.7,51.17,84.3,0.0,-7.2,4,403.785,3.721,177.408
4372.7,51.38,84.4,0.0,-9.1,4,403.540,3.715,179.444
4382.8,51.68,84.5,0.0,-11.5,4,403.126,3.708,182.507
4382.8,51.88,84.6,0.0,-12.3,4,402.816,3.702,184.555
4382.8,52.17,84.8,0.0,-12.5,4,402.298,3.694,187.632
4382.8,52.35,84.9,0.0,-12.1,4,401.913,3.689,189.686
4393.2,52.62,85.1,0.0,-11.2,4,401.273,3.682,192.769
4393.2,52.80,85.2,0.0,-11.4,4,400.804,3.678,194.824
4393.2,53.06,85.4,0.0,-11.2,4,400.037,3.672,197.906
4393.2,53.33,85.5,0.0,-10.7,4,399.191,3.667,200.982
4404.1,53.50,85.6,0.0,-11.1,4,398.582,3.666,203.030
4404.1,53.76,85.8,0.0,-12.4,4,397.602,3.665,206.095
4404.1,53.95,85.9,0.0,-13.8,4,396.908,3.663,208.133
4404.1,54.20,86.0,0.0,-15.4,4,395.803,3.661,211.183
4415.8,54.36,86.1,0.0,-15.5,4,395.022,3.662,213.209
4415.8,54.60,86.2,0.0,-15.2,4,393.783,3.667,216.233
4415.8,54.77,86.4,0.0,-14.9,4,392.913,3.672,218.240
4415.8,55.02,86.5,0.0,-14.5,4,391.547,3.679,221.236
4427.5,55.17,86.6,0.0,-14.3,4,390.592,3.684,223.222
4427.5,55.40,86.7,0.0,-14.0,4,389.096,3.693,226.182
4427.5,55.58,86.8,0.0,-13.7,4,388.056,3.699,228.142
4427.5,55.81,87.0,0.0,-13.7,4,386.434,3.706,231.063
4438.9,55.97,87.0,0.0,-13.4,4,385.314,3.707,232.997
4438.9,56.20,87.1,0.0,-12.5,4,383.574,3.707,235.877
4438.9,56.44,87.3,0.0,-10.7,4,381.759,3.707,238.727
4438.9,56.59,87.3,0.0,-9.5,4,380.507,3.707,240.609
4450.0,56.84,87.4,0.0,-7.9,4,378.569,3.710,243.405
4450.0,57.00,87.5,0.0,-6.7,4,377.236,3.714,245.251
4450.0,57.25,87.6,0.0,-6.1,4,375.181,3.722,247.993
4450.0,57.43,87.7,0.0,-6.6,4,373.776,3.727,249.806
4461.2,57.70,87.8,0.0,-6.1,4,371.621,3.736,252.504
4461.2,57.87,87.9,0.0,-5.4,4,370.153,3.742,254.289
4461.2,58.14,88.0,0.0,-4.8,4,367.908,3.751,256.948
4461.2,58.32,88.1,0.0,-4.8,4,366.384,3.758,258.709
4472.7,58.59,88.2,0.0,-4.6,4,364.059,3.767,261.334
4472.7,58.76,88.3,0.0,-4.3,4,362.483,3.772,263.073
4472.7,59.03,88.4,0.0,-4.1,4,360.082,3.778,265.665
4484.4,59.29,88.5,0.0,-4.3,4,357.636,3.784,268.237
4484.4,59.47,88.6,0.0,-4.4,4,355.982,3.786,269.941
4484.4,59.73,88.7,0.0,-4.6,4,353.464,3.787,272.480
4484.4,59.89,88.8,0.0,-4.6,4,351.762,3.787,274.160
4496.3,60.14,88.6,0.0,-4.9,4,349.172,3.788,276.662
4496.3,60.30,88.9,0.0,-4.5,4,347.421,3.789,278.316
4496.3,60.56,89.1,0.0,-3.9,4,344.761,3.792,280.778
4496.3,60.74,89.1,0.0,-2.2,4,342.963,3.793,282.406
4508.4,60.75,0.0,0.0,-1.2,0,340.234,3.797,284.826
4508.4,60.79,88.1,0.0,-0.8,5,338.400,3.799,286.421
4508.4,61.07,88.1,0.0,-0.6,5,335.622,3.802,288.798
4508.4,61.27,88.1,0.0,-0.4,5,333.753,3.803,290.377
4520.6,61.48,88.2,0.0,-0.5,5,330.929,3.805,292.738
4520.6,61.66,88.3,0.0,-0.4,5,329.034,3.803,294.311
4520.6,61.90,88.3,0.0,-0.2,5,326.176,3.798,296.672
4520.6,62.04,88.4,0.0,-0.1,5,324.262,3.798,298.246
4533.0,62.29,88.5,0.0,0.3,5,321.380,3.797,300.613
4533.0,62.52,88.6,0.0,0.5,5,318.485,3.796,302.988
4533.0,62.67,88.6,0.0,0.6,5,316.550,3.796,304.576
4533.0,62.90,88.7,0.0,0.5,5,313.640,3.798,306.967
4545.5,63.05,88.8,0.0,0.5,5,311.695,3.803,308.568
4545.5,63.28,88.9,0.0,0.6,5,308.772,3.809,310.981
4545.5,63.44,89.0,0.0,0.6,5,306.820,3.812,312.597
4545.5,63.66,89.0,0.0,0.6,5,303.887,3.818,315.032
4558.1,63.81,89.1,0.0,0.6,5,301.929,3.823,316.664
4558.1,64.03,89.2,0.0,0.6,5,298.987,3.831,319.124
4558.1,64.18,89.2,0.0,0.6,5,297.023,3.835,320.773
4558.1,64.40,89.3,0.0,0.5,5,294.073,3.839,323.258
4571.0,64.63,89.4,0.0,0.5,5,291.119,3.839,325.759
4571.0,64.77,89.5,0.0,0.5,5,289.147,3.836,327.434
4571.0,64.99,89.5,0.0,0.5,5,286.185,3.829,329.960
4571.0,65.13,89.6,0.0,0.4,5,284.208,3.825,331.652
4583.9,65.34,89.7,0.0,0.5,5,281.240,3.816,334.202
4583.9,65.49,89.7,0.0,0.3,5,279.258,3.809,335.910
4583.9,65.69,89.8,0.0,0.3,5,276.282,3.805,338.484
4583.9,65.83,89.9,0.0,0.3,5,274.295,3.806,340.207
4597.1,66.04,89.9,0.0,0.2,5,271.309,3.807,342.802
4597.1,66.18,90.0,0.0,0.2,5,269.315,3.809,344.538
4597.1,66.39,90.0,0.0,0.1,5,266.319,3.813,347.153
4597.1,66.52,90.1,0.0,0.1,5,264.317,3.817,348.902
4610.3,66.72,90.2,0.0,0.0,5,261.310,3.827,351.534
4610.3,66.92,90.2,0.0,0.1,5,258.294,3.839,354.175
4610.3,67.06,90.3,0.0,0.1,5,256.279,3.848,355.941
4610.3,67.25,90.4,0.0,0.1,5,253.250,3.862,358.598
4623.8,67.39,90.4,0.0,0.1,5,251.226,3.869,360.374
4623.8,67.58,90.5,0.0,0.1,5,248.183,3.883,363.044
4623.8,67.71,90.5,0.0,0.2,5,246.149,3.894,364.829
4623.8,67.91,90.6,0.0,0.2,5,243.092,3.907,367.513
4637.3,68.04,90.6,0.0,0.1,5,241.049,3.913,369.307
4637.3,68.23,90.7,0.0,0.0,5,237.978,3.922,372.005
4637.3,68.36,90.7,0.0,0.0,5,235.927,3.927,373.809
4637.3,68.55,90.8,0.0,0.1,5,232.842,3.930,376.521
4650.9,68.68,90.8,0.0,0.1,5,230.782,3.930,378.333
4650.9,68.86,90.9,0.0,0.0,5,227.684,3.929,381.058
4650.9,68.99,90.9,0.0,0.0,5,225.615,3.926,382.879
4650.9,69.17,91.0,0.0,0.0,5,222.504,3.921,385.618
4664.7,69.35,91.1,0.0,0.0,5,219.386,3.917,388.364
4664.7,69.47,91.1,0.0,0.0,5,217.302,3.913,390.198
4664.7,69.65,91.2,0.0,0.0,5,214.170,3.908,392.957
4664.7,69.77,91.2,0.0,0.0,5,212.078,3.903,394.800
4678.6,69.95,91.3,0.0,0.0,5,208.934,3.895,397.571
4678.6,70.07,91.3,0.0,0.0,5,206.833,3.890,399.423
4678.6,70.24,91.4,0.0,0.0,5,203.676,3.884,402.207
4678.6,70.36,91.4,0.0,0.0,5,201.568,3.881,404.066
4692.7,70.53,91.5,0.0,0.0,5,198.398,3.875,406.862
4692.7,70.64,91.5,0.0,0.0,0,196.281,3.872,408.730
4692.7,70.55,90.6,0.0,0.1,6,193.105,3.868,411.533
4692.7,70.66,90.6,0.0,0.1,6,190.988,3.864,413.402
4706.8,70.82,90.7,0.0,0.1,6,187.807,3.858,416.211
4706.8,70.98,90.7,0.0,0.1,6,184.619,3.853,419.027
4706.8,71.09,90.8,0.0,0.1,6,182.491,3.851,420.909
4721.0,71.25,90.8,0.0,0.1,6,179.292,3.848,423.737
4721.0,71.35,90.8,0.0,0.1,6,177.156,3.846,425.627
4721.0,71.51,90.9,0.0,0.1,6,173.948,3.841,428.468
4721.0,71.61,90.9,0.0,0.2,6,171.806,3.837,430.366
4735.2,71.77,91.0,0.0,0.1,6,168.587,3.830,433.220
4735.2,71.87,91.0,0.0,0.1,6,166.439,3.827,435.126
4735.2,72.02,91.1,0.0,0.1,6,163.212,3.824,437.993
4735.2,72.12,91.1,0.0,0.1,6,161.057,3.823,439.908
4749.7,72.27,91.1,0.0,0.1,6,157.821,3.823,442.787
4749.7,72.37,91.2,0.0,0.1,6,155.661,3.823,444.711
4749.7,72.52,91.2,0.0,0.1,6,152.416,3.826,447.603
4749.7,72.67,91.2,0.0,0.1,6,149.166,3.831,450.503
4764.2,72.77,91.3,0.0,0.1,6,146.996,3.833,452.440
4764.2,72.92,91.3,0.0,0.1,6,143.737,3.836,455.352
4764.2,73.02,91.3,0.0,0.1,6,141.561,3.837,457.297
4764.2,73.16,91.4,0.0,0.0,6,138.293,3.841,460.221
4778.8,73.26,91.4,0.0,0.0,6,136.111,3.843,462.174
4778.8,73.40,91.5,0.0,-0.0,6,132.834,3.845,465.109
4778.8,73.50,91.5,0.0,-0.0,6,130.646,3.846,467.069
4778.8,73.63,91.5,0.0,0.0,6,127.360,3.849,470.015
4793.5,73.73,91.6,0.0,0.0,6,125.165,3.850,471.982
4793.5,73.87,91.6,0.0,0.0,6,121.869,3.852,474.938
4793.5,73.96,91.6,0.0,0.0,6,119.668,3.853,476.912
4793.5,74.10,91.7,0.0,-0.0,6,116.362,3.854,479.878
4808.2,74.19,91.7,0.0,-0.0,6,114.154,3.853,481.858
4808.2,74.33,91.7,0.0,-0.0,6,110.838,3.851,484.833
4808.2,74.46,91.8,0.0,0.0,6,107.515,3.847,487.814
4808.2,74.56,91.8,0.0,-0.0,6,105.297,3.843,489.804
4823.1,74.69,91.8,0.0,0.0,6,101.964,3.835,492.793
4823.1,74.77,91.9,0.0,0.0,6,99.739,3.829,494.789
4823.1,74.90,91.9,0.0,0.0,6,96.396,3.821,497.786
4823.1,74.99,91.9,0.0,-0.0,6,94.164,3.814,499.788
4838.1,75.13,91.9,0.0,0.0,6,90.811,3.800,502.794
4838.1,75.22,92.0,0.0,-0.0,6,88.572,3.789,504.801
4838.1,75.35,92.0,0.0,-0.0,6,85.209,3.771,507.816
4838.1,75.44,92.0,0.0,-0.0,6,82.964,3.758,509.829
4853.2,75.56,92.1,0.0,-0.0,6,79.591,3.738,512.853
4853.2,75.65,92.1,0.0,-0.1,6,77.340,3.725,514.872
4853.2,75.78,92.1,0.0,-0.0,6,73.957,3.703,517.904
4853.2,75.91,92.2,0.0,-0.1,6,70.569,3.681,520.941
4868.3,75.99,92.2,0.0,-0.0,6,68.306,3.666,522.967
4868.3,76.11,92.2,0.0,-0.1,6,64.908,3.642,526.012
4868.3,76.20,92.2,0.0,-0.0,6,62.638,3.625,528.043
4868.3,76.32,92.3,0.0,0.0,6,59.229,3.598,531.094
4883.6,76.41,92.3,0.0,-0.5,6,56.952,3.578,533.131
4883.6,76.53,92.3,0.0,-0.3,6,53.531,3.546,536.187
4883.6,76.61,92.3,0.0,0.1,6,51.246,3.523,538.226
4883.6,76.74,92.4,0.0,0.3,6,47.812,3.488,541.287
4898.8,76.82,92.4,0.0,0.4,6,45.518,3.463,543.329
4898.8,76.94,92.4,0.0,0.2,6,42.074,3.422,546.397
4898.8,77.02,92.4,0.0,0.1,6,39.776,3.393,548.446
4898.8,77.14,92.5,0.0,0.0,6,36.326,3.346,551.526
4914.2,77.22,92.5,0.0,0.1,6,34.025,3.311,553.583
4914.2,77.35,92.5,0.0,0.1,6,30.569,3.253,556.675
4914.2,77.46,92.6,0.0,0.0,6,27.111,3.196,559.773
4914.2,77.54,92.6,0.0,-0.0,6,24.804,3.157,561.843
4929.7,77.66,92.6,0.0,-0.0,6,21.340,3.100,564.953
4929.7,77.74,92.6,0.0,0.0,6,19.029,3.060,567.030
4929.7,77.85,92.6,0.0,0.0,6,15.558,2.999,570.150
4929.7,77.93,92.7,0.0,-0.1,6,13.242,2.959,572.233
4945.3,78.04,92.7,0.0,-0.4,6,9.763,2.901,575.362
4945.3,78.12,92.7,0.0,-0.2,6,7.440,2.862,577.449
4945.3,78.23,92.6,0.0,-0.1,6,3.950,2.808,580.582
4945.3,78.29,80.9,0.0,-0.3,6,1.620,2.772,582.671
4960.9,77.90,5.0,69.2,-0.7,6,-1.876,2.711,585.802
4960.9,77.15,0.0,82.2,-0.7,6,-4.189,2.669,587.870
4960.9,75.87,0.0,89.2,-0.5,6,-7.616,2.612,590.927
4960.9,74.98,0.0,91.0,-0.4,6,-9.872,2.576,592.934
4976.2,73.63,0.0,91.5,-0.4,6,-13.209,2.521,595.893
4976.2,72.27,0.0,91.4,-0.5,6,-16.492,2.470,598.792
4976.2,71.37,0.0,91.7,-0.5,6,-18.650,2.438,600.691
4990.7,70.05,0.0,93.3,-0.6,6,-21.842,2.390,603.489
4990.7,69.14,0.0,92.2,-0.7,6,-23.940,2.356,605.321
4990.7,67.80,0.0,91.5,-0.8,6,-27.042,2.305,608.019
4990.7,66.91,0.0,91.6,-0.8,6,-29.080,2.271,609.784
5004.3,65.58,0.0,91.4,-0.7,6,-32.094,2.222,612.379
5004.3,64.71,0.0,91.9,-0.8,6,-34.075,2.192,614.075
5004.3,63.40,0.0,92.2,-0.8,6,-37.003,2.148,616.567
5004.3,62.52,0.0,92.0,-0.9,6,-38.928,2.119,618.194
5016.9,61.23,28.5,93.0,-1.0,0,-41.772,2.076,620.583
5016.9,60.36,0.0,93.0,-1.0,5,-43.641,2.048,622.142
5016.9,59.06,0.0,92.4,-1.2,5,-46.403,2.005,624.427
5016.9,57.74,0.0,91.9,-1.7,5,-49.116,1.963,626.648
5028.7,56.89,0.0,91.6,-2.1,5,-50.899,1.935,628.092
5028.7,55.60,0.0,91.7,-2.7,5,-53.534,1.895,630.203
5028.7,54.74,0.0,91.6,-2.9,5,-55.267,1.869,631.573
5028.7,53.47,32.1,92.1,-3.2,0,-57.830,1.830,633.568
5039.7,52.65,0.0,92.1,-3.1,4,-59.516,1.806,634.859
5039.7,51.37,0.0,86.2,-2.7,4,-62.012,1.768,636.736
5039.7,50.56,0.0,79.9,-2.2,4,-63.654,1.743,637.946
5039.7,49.45,0.0,61.3,-1.5,4,-66.090,1.706,639.699
5049.7,48.85,0.0,53.5,-1.4,4,-67.702,1.682,640.827
5049.7,48.05,0.0,46.6,-2.2,4,-70.109,1.648,642.458
5049.7,47.56,0.0,44.7,-3.5,4,-71.709,1.625,643.507
5049.7,46.84,0.0,48.0,-5.4,4,-74.101,1.592,645.025
5059.1,46.36,0.0,50.5,-6.4,4,-75.690,1.570,646.002
5059.1,45.61,0.0,44.9,-7.5,4,-78.062,1.539,647.412
5059.1,44.93,0.0,39.0,-7.4,4,-80.422,1.507,648.759
5059.1,44.53,0.0,33.1,-6.8,4,-81.991,1.486,649.621
5068.0,44.02,0.0,23.2,-6.8,4,-84.339,1.454,650.863
5068.0,43.73,0.0,20.8,-7.6,4,-85.904,1.433,651.658
5068.0,43.35,0.0,15.3,-8.6,4,-88.253,1.400,652.801
5068.0,43.13,0.0,23.2,-9.1,4,-89.822,1.378,653.530
5076.6,42.68,37.8,36.2,-9.9,0,-92.177,1.346,654.574
5076.6,42.31,0.0,39.4,-9.9,3,-93.743,1.325,655.235
5076.6,41.72,0.0,26.6,-9.2,3,-96.083,1.293,656.174
5076.6,41.40,0.0,17.7,-9.0,3,-97.638,1.273,656.763
5085.1,41.06,0.0,11.4,-9.5,3,-99.968,1.243,657.594
5085.1,40.86,0.0,8.1,-10.4,3,-101.523,1.223,658.113
5085.1,40.62,0.0,5.4,-11.9,3,-103.857,1.193,658.840
5085.1,40.42,0.0,2.7,-12.9,3,-106.195,1.163,659.505
5093.3,40.30,0.0,2.5,-13.4,3,-107.757,1.143,659.914
5093.3,40.12,0.0,2.5,-14.3,3,-110.103,1.114,660.475
5093.3,40.00,0.0,2.8,-14.5,3,-111.669,1.094,660.815
5093.3,39.81,0.0,3.6,-14.2,3,-114.020,1.065,661.271
5101.7,39.68,0.0,3.5,-14.1,3,-115.587,1.046,661.539
5101.7,39.49,0.0,3.5,-14.2,3,-117.937,1.019,661.886
5101.7,39.36,0.0,3.5,-14.1,3,-119.502,1.001,662.081
5101.7,39.16,0.0,3.9,-13.5,3,-121.846,0.975,662.316
5109.9,39.03,0.0,3.9,-13.2,3,-123.405,0.959,662.436
5109.9,38.83,0.0,3.6,-13.5,3,-125.738,0.937,662.559
5109.9,38.70,0.0,3.8,-14.0,3,-127.288,0.923,662.605
5109.9,38.51,0.0,3.5,-14.6,3,-129.605,0.902,662.621
5117.9,38.38,0.0,3.2,-15.0,3,-131.143,0.889,662.597
5117.9,38.19,0.0,4.3,-15.0,3,-133.438,0.868,662.508
5117.9,38.06,0.0,4.2,-15.0,3,-134.961,0.854,662.413
5117.9,37.86,0.0,3.8,-14.5,3,-137.230,0.835,662.218
5126.0,37.67,0.0,1.2,-15.3,3,-139.481,0.817,661.961
5126.0,37.56,0.0,1.1,-14.6,3,-140.972,0.804,661.755
5126.0,37.40,0.0,2.0,-12.2,3,-143.192,0.786,661.394
5126.0,37.29,0.0,2.2,-11.9,3,-144.661,0.774,661.121
5133.8,37.13,0.0,2.7,-14.2,3,-146.847,0.757,660.664
5133.8,37.01,0.0,1.8,-16.0,3,-148.291,0.746,660.327
5133.8,36.85,0.0,1.4,-18.0,3,-150.437,0.730,659.775
5133.8,36.74,0.0,1.4,-18.9,3,-151.854,0.719,659.376
5141.8,36.58,0.0,1.0,-19.6,3,-153.956,0.703,658.727
5141.8,36.47,0.0,2.0,-19.9,3,-155.341,0.693,658.261
5141.8,36.28,0.0,5.7,-20.2,3,-157.391,0.678,657.513
5141.8,36.13,0.0,10.1,-20.2,3,-158.738,0.669,656.981
5149.9,35.87,0.0,4.0,-19.7,3,-160.726,0.655,656.133
5149.9,35.73,0.8,0.4,-18.9,3,-162.026,0.648,655.534
5149.9,35.55,2.9,0.1,-17.7,3,-163.942,0.639,654.584
5157.6,35.43,13.8,0.0,-16.5,3,-165.815,0.635,653.571
5157.6,35.37,11.1,0.0,-15.8,3,-167.041,0.634,652.863
5157.6,35.27,6.1,0.0,-15.9,3,-168.847,0.632,651.753
5157.6,35.18,4.6,0.0,-17.4,3,-170.027,0.630,650.984
5165.6,35.01,1.3,0.4,-22.1,0,-171.762,0.625,649.789
5165.6,34.93,39.7,0.0,-25.2,0,-172.894,0.620,648.966
5165.6,34.87,29.7,0.0,-27.5,2,-174.550,0.616,647.687
5165.6,34.89,35.0,0.0,-27.7,2,-175.627,0.617,646.800
5173.1,35.03,45.0,0.0,-28.9,2,-177.208,0.621,645.422
5173.1,35.12,47.5,0.0,-30.8,2,-178.241,0.624,644.474
5173.1,35.31,52.3,0.0,-32.2,2,-179.760,0.628,643.006
5173.1,35.44,47.9,0.0,-32.8,2,-180.753,0.630,641.998
5181.0,35.52,34.0,0.0,-33.6,2,-182.204,0.634,640.440
5181.0,35.55,32.0,0.0,-33.1,2,-183.143,0.638,639.373
5181.0,35.58,32.7,0.0,-31.2,2,-184.506,0.647,637.731
5181.0,35.65,45.1,0.0,-30.2,2,-185.814,0.657,636.043
5188.3,35.79,57.6,0.0,-29.9,2,-186.659,0.664,634.891
5188.3,36.09,62.5,0.0,-30.1,2,-187.890,0.674,633.122
5188.3,36.21,39.6,0.0,-30.2,2,-188.687,0.681,631.915
5188.3,36.19,14.0,0.0,-29.9,2,-189.836,0.692,630.071
5195.7,36.11,16.6,0.0,-29.8,2,-190.568,0.700,628.824
5195.7,36.09,34.3,0.0,-28.7,2,-191.614,0.713,626.928
5195.7,36.17,44.5,0.0,-27.5,2,-192.279,0.721,625.645
5195.7,36.36,55.6,0.0,-25.6,2,-193.233,0.732,623.691
5202.7,36.52,58.2,0.0,-23.8,2,-193.841,0.738,622.366
5202.7,36.78,61.1,0.0,-20.6,2,-194.708,0.745,620.346
5202.7,36.95,58.5,0.0,-18.0,2,-195.256,0.749,618.977
5202.7,37.16,51.9,0.0,-13.8,2,-196.034,0.752,616.895
5209.7,37.30,53.7,0.0,-11.4,2,-196.520,0.752,615.487
5209.7,37.48,49.7,0.0,-8.4,2,-197.200,0.752,613.350
5209.7,37.61,52.9,0.0,-7.3,2,-197.618,0.753,611.908
5209.7,37.83,59.4,0.0,-6.8,2,-198.194,0.753,609.720
5217.0,38.11,64.7,0.0,-7.2,2,-198.706,0.755,607.501
5217.0,38.31,70.6,0.0,-8.4,2,-199.015,0.756,606.005
5217.0,38.67,72.4,0.0,-8.6,2,-199.427,0.759,603.733
5217.0,38.93,80.7,0.0,-9.3,2,-199.670,0.761,602.201
5224.6,39.38,85.7,0.0,-8.8,2,-199.985,0.766,599.874
5224.6,39.68,85.8,0.0,-7.2,2,-200.164,0.770,598.304
5224.6,40.14,85.9,0.0,-4.4,2,-200.386,0.778,595.921
5224.6,40.44,86.0,0.0,-2.2,2,-200.505,0.784,594.314
5232.6,40.93,86.0,0.0,0.3,2,-200.642,0.795,591.878
5232.6,41.25,84.6,0.0,1.6,2,-200.708,0.804,590.236
5232.6,41.33,6.1,32.8,2.6,2,-200.779,0.819,587.756
5232.6,40.97,0.0,41.8,3.0,2,-200.817,0.830,586.109
5240.9,40.27,0.0,63.1,4.1,2,-200.872,0.846,583.670
5240.9,39.31,0.0,72.0,4.8,2,-200.938,0.862,581.282
5240.9,38.64,0.0,65.1,5.4,2,-200.991,0.872,579.722
5240.9,37.74,0.0,52.1,6.5,2,-201.090,0.889,577.432
5248.7,37.22,0.0,45.6,7.3,2,-201.170,0.900,575.934
5248.7,36.56,0.0,32.4,8.5,2,-201.319,0.917,573.725
5248.7,36.21,0.0,26.1,9.2,2,-201.439,0.928,572.274
5248.7,35.77,0.0,18.8,10.8,2,-201.652,0.943,570.125
5256.2,35.53,0.0,14.0,11.9,2,-201.816,0.952,568.708
5256.2,35.23,0.0,9.2,13.6,2,-202.100,0.965,566.605
5256.2,35.05,0.0,8.7,14.2,2,-202.317,0.973,565.215
5256.2,34.80,0.0,8.2,13.7,2,-202.686,0.987,563.152
5263.3,34.64,0.0,8.9,12.7,2,-202.960,0.996,561.791
5263.3,34.38,0.0,8.0,12.3,2,-203.412,1.009,559.770
5263.3,34.22,0.0,7.1,12.5,2,-203.740,1.019,558.437
5263.3,33.96,0.0,27.6,12.7,2,-204.275,1.034,556.462
5270.8,33.63,0.0,38.6,13.0,2,-204.656,1.045,555.164
5270.8,33.04,0.0,28.5,13.3,2,-205.260,1.063,553.257
5270.8,32.36,0.0,51.4,13.0,2,-205.900,1.080,551.398
5270.8,31.86,0.0,40.0,12.5,2,-206.344,1.092,550.192
5277.7,31.27,0.0,28.4,11.7,2,-207.038,1.109,548.429
5277.7,30.95,0.0,21.4,11.4,2,-207.521,1.122,547.282
5277.7,30.57,0.0,13.2,12.2,2,-208.279,1.142,545.600
5277.7,30.38,0.0,13.5,13.7,2,-208.806,1.155,544.500
5285.2,30.08,0.0,15.2,15.7,2,-209.629,1.176,542.883
5285.2,29.86,0.0,15.6,17.0,2,-210.196,1.190,541.827
5285.2,29.54,0.0,14.9,18.3,2,-211.076,1.209,540.276
5285.2,29.33,0.0,12.1,18.6,2,-211.682,1.222,539.266
5291.9,29.06,0.0,8.6,19.1,2,-212.621,1.240,537.787
5291.9,28.90,0.0,7.7,19.7,2,-213.268,1.252,536.825
5291.9,28.70,38.3,5.3,20.7,0,-214.271,1.270,535.418
5291.9,28.59,0.0,4.5,21.2,1,-214.962,1.281,534.504
5298.2,28.39,0.0,3.0,22.1,1,-216.031,1.297,533.170
5298.2,28.20,0.0,0.9,23.5,1,-217.138,1.313,531.883
5298.2,28.08,0.2,0.1,24.6,1,-217.897,1.323,531.051
5304.8,27.91,2.6,0.0,25.9,1,-219.066,1.337,529.845
5304.8,27.81,5.2,0.0,27.1,1,-219.865,1.346,529.069
5304.8,27.71,11.2,0.0,28.9,1,-221.096,1.358,527.946
5304.8,27.66,13.6,0.0,30.2,1,-221.936,1.366,527.226
5310.7,27.61,16.7,0.0,31.8,1,-223.229,1.377,526.188
5310.7,27.60,21.5,0.0,33.0,1,-224.111,1.384,525.524
5310.7,27.63,27.4,0.0,34.9,1,-225.466,1.394,524.571
5310.7,27.68,28.0,0.0,36.2,1,-226.390,1.400,523.963
5316.5,27.74,27.4,0.0,38.8,1,-227.806,1.408,523.094
5316.5,27.77,26.7,0.0,40.9,1,-228.770,1.413,522.543
5316.5,27.78,20.7,0.0,44.2,1,-230.242,1.420,521.761
5316.5,27.76,19.6,0.0,46.2,1,-231.239,1.423,521.271
5322.3,27.73,19.0,0.0,49.1,1,-232.755,1.428,520.583
5322.3,27.67,17.3,0.0,51.7,1,-234.294,1.432,519.956
5322.3,27.62,15.9,0.0,53.4,1,-235.331,1.434,519.571
5322.3,27.53,14.0,0.0,55.8,1,-236.900,1.436,519.045
5328.0,27.46,13.1,0.0,57.0,1,-237.954,1.438,518.729
5328.0,27.34,12.1,0.0,58.5,1,-239.543,1.439,518.309
5328.0,27.26,11.7,0.0,59.4,1,-240.607,1.439,518.064
5328.0,27.12,11.2,0.0,60.6,1,-242.209,1.439,517.751
5333.7,27.03,11.0,0.0,60.9,1,-243.278,1.439,517.579
5333.7,26.89,10.9,0.0,60.8,1,-244.883,1.437,517.375
5333.7,26.80,10.9,0.0,59.3,1,-245.952,1.436,517.275
5333.7,26.67,11.0,0.0,60.3,1,-247.553,1.433,517.179
5339.4,26.58,11.0,0.0,59.8,1,-248.618,1.430,517.151
5339.4,26.45,11.0,0.0,58.5,1,-250.209,1.426,517.162
5339.4,26.36,11.2,0.0,57.6,1,-251.264,1.422,517.205
5339.4,26.24,11.8,0.0,55.7,1,-252.838,1.416,517.323
5344.9,26.17,12.7,0.0,54.0,1,-253.880,1.412,517.436
5344.9,26.08,14.7,0.0,51.2,1,-255.432,1.405,517.657
5344.9,26.03,21.7,0.0,47.9,1,-256.969,1.397,517.940
5344.9,26.06,29.8,0.0,45.6,1,-257.987,1.391,518.162
5350.3,26.12,28.4,0.0,42.4,1,-259.504,1.381,518.545
5350.3,26.19,34.4,0.0,40.1,1,-260.510,1.374,518.834
5350.3,26.38,48.7,0.0,36.3,1,-262.010,1.361,519.315
5350.3,26.60,62.4,0.0,32.8,1,-263.008,1.352,519.671
5355.8,26.97,51.5,0.0,26.6,1,-264.504,1.337,520.255
5355.8,27.18,56.9,0.0,22.6,1,-265.500,1.327,520.679
5355.8,27.54,54.4,0.0,17.0,1,-266.989,1.311,521.368
5355.8,27.79,57.4,0.0,16.3,1,-267.979,1.300,521.862
5361.5,28.17,56.8,0.0,15.9,1,-269.459,1.282,522.654
5361.5,28.41,56.4,0.0,15.4,1,-270.440,1.270,523.216
5361.5,28.81,55.4,0.0,18.0,1,-271.906,1.252,524.108
5361.5,29.16,54.4,0.0,20.1,1,-273.362,1.232,525.058
5367.5,29.39,55.3,0.0,19.6,1,-274.326,1.219,525.722
5367.5,29.75,56.2,0.0,22.4,1,-275.762,1.197,526.763
5367.5,30.00,56.9,0.0,23.0,1,-276.711,1.183,527.487
5367.5,30.37,60.1,0.0,20.4,1,-278.121,1.161,528.622
5373.8,30.63,62.1,0.0,20.8,1,-279.051,1.147,529.410
5373.8,31.03,60.8,0.0,22.9,1,-280.432,1.125,530.640
5373.8,31.29,60.7,0.0,23.9,1,-281.340,1.109,531.493
5373.8,31.65,61.3,0.0,23.1,1,-282.682,1.085,532.820
5380.9,31.89,60.6,0.0,23.5,1,-283.561,1.069,533.737
5380.9,32.25,61.0,0.0,23.7,1,-284.852,1.045,535.163
5380.9,32.49,61.5,0.0,24.4,1,-285.693,1.029,536.146
5380.9,32.83,61.0,0.0,25.6,1,-286.924,1.006,537.670
5387.8,33.06,62.3,0.0,26.5,1,-287.723,0.991,538.717
5387.8,33.40,62.3,0.0,28.0,1,-288.887,0.969,540.335
5387.8,33.62,61.6,0.0,29.0,1,-289.639,0.953,541.444
5387.8,33.94,62.7,0.0,31.9,1,-290.730,0.930,543.150
5395.6,34.23,56.2,0.0,35.1,1,-291.774,0.907,544.908
5395.6,34.37,46.6,0.0,37.2,1,-292.441,0.891,546.107
5395.6,34.51,42.9,0.0,40.3,1,-293.392,0.870,547.942
5395.6,34.57,34.9,0.0,41.7,1,-293.992,0.857,549.187
5403.1,34.60,31.3,0.0,45.5,1,-294.841,0.836,551.080
5403.1,34.61,31.7,0.0,48.7,1,-295.373,0.822,552.358
5403.1,34.56,18.9,0.0,53.7,1,-296.117,0.801,554.296
5403.1,34.47,17.3,0.0,54.9,1,-296.577,0.788,555.598
5411.2,34.33,16.9,0.0,53.9,1,-297.207,0.771,557.563
5411.2,34.24,16.9,0.0,53.0,1,-297.588,0.760,558.881
5411.2,34.13,18.9,0.0,50.2,1,-298.102,0.745,560.867
5411.2,34.08,26.0,0.0,47.7,1,-298.408,0.735,562.196
5418.5,34.02,20.2,0.0,42.4,1,-298.808,0.720,564.200
5418.5,33.98,22.5,0.0,38.7,1,-299.037,0.709,565.541
5418.5,33.97,35.0,0.0,31.7,1,-299.319,0.697,567.559
5426.1,34.20,68.1,0.0,23.9,1,-299.535,0.684,569.590
5426.1,34.50,86.4,0.0,18.8,0,-299.644,0.676,570.959
5426.1,34.52,84.0,0.0,10.5,2,-299.756,0.665,573.027
5426.1,34.86,84.3,0.0,5.3,2,-299.797,0.657,574.413
5455.9,41.37,86.1,0.0,9.3,2,-296.947,0.546,604.007
5455.9,41.85,86.2,0.0,8.9,2,-296.392,0.527,606.440
5463.9,42.17,0.0,0.0,8.1,0,-295.779,0.507,608.887
5463.9,42.16,82.2,0.0,7.7,3,-295.339,0.494,610.514
5463.9,42.56,83.9,0.0,8.2,3,-294.636,0.472,612.955
5463.9,42.84,82.3,0.0,7.6,3,-294.138,0.455,614.589
5472.3,43.22,76.5,0.0,6.1,3,-293.347,0.428,617.046
5472.3,43.46,74.3,0.0,5.2,3,-292.790,0.409,618.687
5472.3,43.81,72.1,0.0,4.9,3,-291.915,0.379,621.154
5472.3,44.04,70.9,0.0,5.0,3,-291.307,0.356,622.802
5480.9,44.37,69.9,0.0,4.6,3,-290.363,0.317,625.279
5480.9,44.58,70.0,0.0,4.2,3,-289.712,0.291,626.934
5480.9,44.89,69.9,0.0,3.8,3,-288.704,0.254,629.420
5480.9,45.07,69.3,0.0,3.8,3,-288.013,0.231,631.081
5489.8,45.40,69.3,0.0,3.8,3,-286.951,0.194,633.577
5527.4,50.10,76.5,0.0,3.2,3,-268.206,-0.306,670.075
5527.4,50.39,77.5,0.0,2.8,3,-266.648,-0.323,672.655
5537.4,50.70,78.1,0.0,3.0,3,-265.055,-0.337,675.235
5537.4,50.81,0.0,0.0,3.1,0,-263.975,-0.347,676.954
5537.4,50.88,75.5,0.0,3.1,4,-262.333,-0.360,679.522
5537.4,51.07,75.2,0.0,3.0,4,-261.223,-0.367,681.232
5547.6,51.33,71.7,0.0,2.8,4,-259.530,-0.376,683.795
5547.6,51.57,70.6,0.0,2.1,4,-257.807,-0.381,686.356
5547.6,51.82,70.7,0.0,1.5,4,-256.056,-0.386,688.916
5547.6,51.99,70.6,0.0,1.4,4,-254.875,-0.388,690.623
5557.8,52.24,70.6,0.0,1.0,4,-253.086,-0.393,693.187
5557.8,52.40,70.8,0.0,0.9,4,-251.882,-0.396,694.898
5557.8,52.65,71.0,0.0,0.6,4,-250.061,-0.401,697.469
5557.8,52.81,70.9,0.0,0.9,4,-248.837,-0.405,699.187
5568.2,53.06,71.1,0.0,1.4,4,-246.987,-0.412,701.768
5568.2,53.30,71.2,0.0,1.7,4,-245.121,-0.421,704.355
5568.2,53.46,71.4,0.0,1.9,4,-243.866,-0.426,706.083
5578.8,53.70,71.6,0.0,2.1,4,-241.966,-0.434,708.675
5578.8,53.86,71.8,0.0,2.2,4,-240.687,-0.439,710.404
5578.8,54.10,72.0,0.0,2.5,4,-238.748,-0.444,712.998
5578.8,54.26,72.2,0.0,2.6,4,-237.441,-0.447,714.727
5589.6,54.50,72.4,0.0,2.7,4,-235.458,-0.451,717.317
5589.6,54.66,72.6,0.0,2.9,4,-234.120,-0.452,719.042
5589.6,54.90,72.8,0.0,3.0,4,-232.089,-0.454,721.626
5589.6,55.13,73.0,0.0,3.1,4,-230.028,-0.455,724.204
5600.6,55.29,73.2,0.0,3.3,4,-228.637,-0.456,725.918
5600.6,55.52,73.5,0.0,3.3,4,-226.523,-0.455,728.483
5600.6,55.68,73.8,0.0,3.4,4,-225.095,-0.454,730.188
5600.6,55.91,74.2,0.0,3.0,4,-222.926,-0.451,732.738
5611.8,56.06,74.5,0.0,3.1,4,-221.462,-0.448,734.432
5611.8,56.29,74.8,0.0,2.5,4,-219.238,-0.441,736.964
5611.8,56.45,74.9,0.0,3.0,4,-217.737,-0.435,738.646
5611.8,56.68,75.5,0.0,2.3,4,-215.460,-0.423,741.161
5623.3,56.83,75.7,0.0,2.7,4,-213.924,-0.413,742.833
5623.3,57.06,76.0,0.0,2.2,4,-211.596,-0.395,745.332
5623.3,57.21,76.1,0.0,2.2,4,-210.027,-0.382,746.994
5623.3,57.43,76.5,0.0,2.9,4,-207.651,-0.361,749.480
5635.1,57.66,77.0,0.0,2.8,4,-205.245,-0.338,751.957
5635.1,57.82,77.3,0.0,3.2,4,-203.626,-0.320,753.602
5635.1,58.04,77.6,0.0,3.5,4,-201.170,-0.293,756.062
5635.1,58.20,77.8,0.0,3.7,4,-199.517,-0.276,757.695
5646.9,58.42,78.3,0.0,3.8,4,-197.009,-0.253,760.133
5646.9,58.56,78.6,0.0,3.6,4,-195.318,-0.238,761.750
5646.9,58.79,78.9,0.0,3.8,4,-192.752,-0.218,764.160
5646.9,58.93,79.0,0.0,4.0,4,-191.023,-0.208,765.758
5658.8,59.16,79.2,0.0,3.8,4,-188.402,-0.200,768.140
5658.8,59.31,79.3,0.0,3.6,4,-186.634,-0.197,769.718
5658.8,59.52,79.8,0.0,3.3,4,-183.952,-0.193,772.066
5658.8,59.67,80.2,0.0,3.3,4,-182.144,-0.191,773.618
5785.2,65.01,82.1,0.0,4.7,5,-79.032,-0.077,830.496
37.4,70.50,91.2,0.0,0.1,5,41.284,0.620,849.742
