opponent,v3,Norman Nato,0,1771614241937
Game,version,date,track,car,event,laptime [s],S1 [s],S2 [s],S3 [s],S4+ [s]
LMU,1.2,2026-02-20 19:04:01,Silverstone Grand Prix Circuit - ELMS,Cadillac Hertz Team Jota 2025 #12:LM (Hyper),Live,106.786,0,0,0
Tracklen [m],TotalLaps
5869.1,19
,
,
lapdistance [m],speed [m/s],throttle [%],brake [%],steer [%],gear [int],world_x [m],world_y [m],world_z [m]
80.4,72.25,92.1,0.0,-0.0,6,85.472,1.053,854.991
80.4,72.41,92.2,0.0,-0.0,6,89.787,1.087,855.456
80.4,72.50,92.2,0.0,-0.0,6,92.668,1.111,855.765
94.8,72.66,92.2,0.0,0.0,6,96.997,1.143,856.230
94.8,72.76,92.3,0.0,0.1,6,99.889,1.164,856.540
94.8,72.90,92.3,0.0,0.0,6,104.233,1.195,857.006
94.8,73.00,92.3,0.0,0.1,6,107.134,1.215,857.317
109.4,73.15,92.4,0.0,0.3,6,111.494,1.245,857.783
109.4,73.24,92.4,0.0,0.4,6,114.405,1.268,858.093
109.4,73.38,92.5,0.0,0.5,6,118.778,1.300,858.556
124.0,73.53,92.5,0.0,0.6,6,123.162,1.328,859.017
124.0,73.63,92.5,0.0,0.3,6,126.089,1.344,859.323
124.0,73.78,92.5,0.0,0.3,6,130.488,1.365,859.777
124.0,73.91,92.6,0.0,0.2,6,134.895,1.390,860.228
138.8,74.01,92.6,0.0,0.1,6,137.838,1.410,860.526
138.8,74.13,92.7,0.0,0.1,6,142.259,1.445,860.970
138.8,74.25,92.6,0.0,0.2,6,145.212,1.463,861.265
138.8,74.37,92.7,0.0,0.5,6,149.648,1.491,861.706
153.6,74.46,92.7,0.0,0.4,6,152.610,1.509,861.999
153.6,74.65,92.8,0.0,0.2,6,158.545,1.543,862.580
153.6,74.73,92.8,0.0,0.3,6,161.518,1.560,862.870
168.5,74.91,92.8,0.0,0.3,6,167.475,1.598,863.448
168.5,75.01,92.9,0.0,0.2,6,170.460,1.618,863.736
168.5,75.13,92.9,0.0,0.0,6,174.943,1.649,864.167
168.5,75.22,92.9,0.0,-0.2,6,177.936,1.669,864.454
183.5,75.35,93.0,0.0,-0.3,6,182.432,1.698,864.885
183.5,75.44,93.0,0.0,0.1,6,185.434,1.717,865.173
183.5,75.58,93.0,0.0,0.3,6,189.943,1.743,865.606
183.5,75.65,93.0,0.0,-0.4,6,192.954,1.763,865.894
198.6,75.79,93.0,0.0,-1.2,6,197.476,1.791,866.329
198.6,75.87,93.1,0.0,-1.1,6,200.494,1.809,866.620
198.6,75.99,93.1,0.0,-0.5,6,205.028,1.834,867.064
198.6,76.08,93.1,0.0,-0.2,6,208.054,1.850,867.366
213.8,76.19,93.2,0.0,-0.2,6,212.598,1.874,867.826
213.8,76.27,93.2,0.0,-0.2,6,215.631,1.893,868.138
213.8,76.39,93.2,0.0,-0.0,6,220.186,1.925,868.609
213.8,76.52,93.3,0.0,0.4,6,224.748,1.957,869.083
229.1,76.59,93.3,0.0,0.7,6,227.793,1.978,869.400
229.1,76.70,93.3,0.0,0.9,6,232.367,2.010,869.873
229.1,76.77,93.3,0.0,0.9,6,235.421,2.034,870.186
229.1,76.88,71.2,16.5,0.6,6,240.007,2.068,870.649
244.5,76.61,6.6,48.1,0.7,6,243.064,2.088,870.953
244.5,75.57,0.0,79.7,1.1,6,247.612,2.112,871.396
244.5,74.67,0.0,86.3,1.4,6,250.605,2.127,871.681
244.5,73.21,0.0,88.8,1.8,6,255.026,2.149,872.094
259.4,72.26,0.0,91.0,2.0,6,257.926,2.164,872.357
259.4,70.79,0.0,91.5,2.1,6,262.204,2.188,872.730
259.4,69.80,0.0,91.2,2.4,6,265.007,2.204,872.965
259.4,68.36,0.0,92.8,2.3,6,269.142,2.226,873.290
273.4,66.88,0.0,91.6,2.0,6,273.191,2.245,873.582
273.4,65.90,0.0,91.5,2.8,6,275.843,2.256,873.757
273.4,64.46,31.1,90.9,4.1,0,279.749,2.271,873.987
273.4,63.52,0.0,90.1,4.1,5,282.308,2.281,874.117
355.6,55.15,18.8,0.0,23.0,5,357.573,2.662,861.981
425.5,55.64,87.2,0.0,9.1,5,409.097,2.985,823.754
425.5,55.78,87.3,0.0,8.7,5,410.538,2.993,822.055
425.5,56.00,87.4,0.0,7.9,5,412.661,3.003,819.459
436.6,56.15,87.4,0.0,8.3,5,414.048,3.011,817.697
436.6,56.37,87.5,0.0,11.3,5,416.086,3.025,815.007
436.6,56.53,87.6,0.0,13.4,5,417.421,3.033,813.185
436.6,56.77,87.7,0.0,15.7,5,419.387,3.043,810.414
447.6,56.91,87.8,0.0,16.1,5,420.672,3.050,808.539
447.6,57.13,87.9,0.0,15.7,5,422.560,3.064,805.686
447.6,57.35,88.0,0.0,14.6,5,424.398,3.079,802.786
447.6,57.49,88.1,0.0,13.5,5,425.594,3.091,800.825
458.7,57.70,88.2,0.0,12.6,5,427.340,3.113,797.843
458.7,57.84,88.4,0.0,12.7,5,428.473,3.128,795.830
458.7,58.07,88.4,0.0,11.6,5,430.125,3.152,792.771
458.7,58.20,88.5,0.0,12.9,5,431.194,3.170,790.705
470.1,58.42,88.1,0.0,12.7,5,432.752,3.193,787.573
470.1,58.55,88.6,0.0,11.3,5,433.759,3.208,785.462
470.1,58.73,88.8,0.0,10.7,5,435.218,3.237,782.261
470.1,58.85,88.9,0.0,11.0,5,436.159,3.259,780.105
481.7,59.05,87.9,0.0,9.8,5,437.532,3.284,776.845
481.7,59.18,64.6,0.0,6.5,5,438.425,3.291,774.656
481.7,59.32,84.4,0.0,1.3,5,439.711,3.305,771.342
481.7,59.45,89.0,0.0,0.6,5,440.528,3.322,769.112
493.4,59.61,89.2,0.0,2.0,5,441.702,3.353,765.739
493.4,59.81,89.2,0.0,3.7,5,442.457,3.372,763.474
493.4,60.02,80.9,0.0,6.2,5,443.556,3.397,760.052
493.4,60.09,72.9,0.0,7.3,5,444.264,3.415,757.757
505.2,60.25,82.3,0.0,6.5,5,445.291,3.443,754.296
505.2,60.50,89.6,0.0,3.7,5,446.282,3.467,750.812
505.2,60.66,89.5,0.0,2.0,5,446.920,3.484,748.475
505.2,60.86,88.6,0.0,2.9,5,447.846,3.511,744.950
517.2,61.00,88.7,0.0,3.9,5,448.445,3.531,742.587
517.2,61.25,89.6,0.0,5.7,5,449.321,3.560,739.026
517.2,61.42,89.8,0.0,6.4,5,449.891,3.579,736.640
517.2,61.67,89.9,0.0,5.9,5,450.724,3.610,733.043
529.3,61.79,90.1,0.0,5.1,5,451.259,3.632,730.633
529.3,62.02,90.1,0.0,2.8,5,452.033,3.658,727.002
529.3,62.19,90.0,0.0,1.7,5,452.530,3.671,724.568
529.3,62.39,90.2,0.0,2.1,5,453.235,3.700,720.899
541.7,62.55,90.2,0.0,3.0,5,453.683,3.721,718.441
541.7,62.78,90.3,0.0,3.5,5,454.329,3.748,714.738
541.7,62.93,90.4,0.0,3.4,5,454.744,3.764,712.258
541.7,63.17,90.4,0.0,2.4,5,455.345,3.789,708.524
554.2,63.31,90.5,0.0,2.1,5,455.730,3.808,706.024
554.2,63.55,90.6,0.0,1.5,5,456.290,3.839,702.260
554.2,63.70,90.6,0.0,1.2,5,456.653,3.859,699.742
554.2,63.92,90.7,0.0,0.8,5,457.184,3.890,695.950
566.8,64.15,90.7,0.0,0.6,5,457.702,3.923,692.144
566.8,64.30,90.8,0.0,0.7,5,458.041,3.945,689.597
566.8,64.53,90.9,0.0,0.8,5,458.545,3.977,685.766
566.8,64.67,91.0,0.0,0.9,5,458.876,3.999,683.204
579.6,64.89,91.0,0.0,1.0,5,459.368,4.032,679.349
579.6,65.04,91.0,0.0,0.9,5,459.692,4.054,676.770
579.6,65.26,91.1,0.0,0.9,5,460.171,4.087,672.891
579.6,65.41,91.2,0.0,0.9,5,460.487,4.109,670.297
592.5,65.63,91.2,0.0,1.1,5,460.953,4.142,666.395
592.5,65.77,91.3,0.0,1.1,5,461.259,4.164,663.785
592.5,65.98,91.3,0.0,1.1,5,461.711,4.196,659.859
592.5,66.12,91.4,0.0,1.0,5,462.006,4.217,657.234
605.6,66.33,91.4,0.0,1.2,5,462.440,4.252,653.286
605.6,66.47,91.5,0.0,1.3,5,462.724,4.275,650.646
605.6,66.67,91.5,0.0,1.3,5,463.141,4.308,646.674
605.6,66.81,91.6,0.0,1.3,5,463.412,4.330,644.019
618.9,67.02,91.6,0.0,1.2,5,463.808,4.363,640.024
618.9,67.15,91.7,0.0,1.3,5,464.065,4.384,637.354
618.9,67.35,91.8,0.0,1.4,5,464.440,4.418,633.336
618.9,67.49,91.8,0.0,1.4,5,464.683,4.440,630.651
632.3,67.68,91.9,0.0,1.2,5,465.037,4.472,626.612
632.3,67.81,91.9,0.0,1.1,5,465.265,4.493,623.912
632.3,68.01,91.9,0.0,1.1,5,465.597,4.525,619.852
645.8,68.20,92.0,0.0,1.1,5,465.916,4.557,615.779
645.8,68.33,92.0,0.0,1.1,5,466.122,4.578,613.056
645.8,68.51,92.1,0.0,0.9,5,466.422,4.611,608.963
645.8,68.64,92.1,0.0,0.9,5,466.616,4.633,606.227
659.6,68.83,92.2,0.0,0.9,5,466.900,4.665,602.113
659.6,68.95,92.2,0.0,0.9,5,467.084,4.686,599.364
659.6,69.13,92.3,0.0,0.8,5,467.353,4.718,595.231
659.6,69.25,92.3,0.0,0.8,5,467.527,4.739,592.469
673.4,69.43,92.4,0.0,0.8,5,467.783,4.770,588.317
673.4,69.55,92.4,0.0,-0.3,5,467.949,4.789,585.542
673.4,69.73,92.5,0.0,-0.1,5,468.196,4.817,581.371
673.4,69.85,92.5,0.0,-0.0,5,468.358,4.835,578.585
687.3,69.94,0.0,0.0,0.4,0,468.603,4.860,574.396
687.3,69.87,91.6,0.0,0.3,6,468.765,4.875,571.605
687.3,70.04,91.7,0.0,0.1,6,469.008,4.895,567.416
687.3,70.15,91.7,0.0,0.1,6,469.170,4.907,564.617
701.4,70.32,91.8,0.0,-0.1,6,469.410,4.923,560.409
701.4,70.48,91.8,0.0,-0.0,6,469.650,4.940,556.192
701.4,70.60,91.8,0.0,0.6,6,469.809,4.950,553.375
701.4,70.77,91.9,0.0,-0.1,6,470.047,4.963,549.141
715.6,70.88,91.9,0.0,-0.5,6,470.205,4.971,546.313
715.6,71.04,92.0,0.0,-0.2,6,470.443,4.979,542.063
715.6,71.14,92.0,0.0,0.1,6,470.603,4.984,539.224
715.6,71.32,92.0,0.0,-0.1,6,470.845,4.989,534.957
729.9,71.43,92.0,0.0,0.6,6,471.007,4.992,532.106
729.9,71.59,92.1,0.0,0.9,6,471.250,4.995,527.823
729.9,71.69,92.1,0.0,0.9,6,471.411,4.994,524.962
729.9,71.86,92.2,0.0,0.4,6,471.648,4.991,520.663
744.3,71.96,92.2,0.0,0.2,6,471.803,4.988,517.791
744.3,72.12,92.2,0.0,0.1,6,472.030,4.982,513.475
744.3,72.22,92.3,0.0,0.2,6,472.180,4.978,510.592
744.3,72.38,92.3,0.0,0.3,6,472.401,4.968,506.260
758.7,72.48,92.4,0.0,0.3,6,472.548,4.960,503.366
758.7,72.64,92.4,0.0,0.2,6,472.765,4.944,499.018
758.7,72.80,92.4,0.0,0.2,6,472.981,4.925,494.661
758.7,72.90,92.4,0.0,0.2,6,473.123,4.910,491.750
773.3,73.05,92.5,0.0,0.2,6,473.335,4.886,487.377
773.3,73.16,92.5,0.0,0.0,6,473.475,4.869,484.456
773.3,73.30,92.6,0.0,0.5,6,473.683,4.845,480.067
773.3,73.41,92.6,0.0,-0.1,6,473.820,4.829,477.136
788.0,73.55,92.6,0.0,-0.8,6,474.024,4.809,472.733
788.0,73.65,92.6,0.0,-1.3,6,474.161,4.797,469.792
788.0,73.80,92.7,0.0,-2.0,6,474.371,4.779,465.373
788.0,73.90,92.7,0.0,-2.5,6,474.518,4.765,462.423
802.7,74.05,92.7,0.0,-3.0,6,474.754,4.748,457.991
802.7,74.14,92.8,0.0,-3.8,6,474.925,4.736,455.032
802.7,74.28,92.8,0.0,-4.0,6,475.207,4.716,450.589
802.7,74.37,92.8,0.0,-4.1,6,475.414,4.699,447.624
817.5,74.49,92.8,0.0,-4.3,6,475.762,4.677,443.172
817.5,74.63,92.9,0.0,-5.8,6,476.155,4.655,438.716
817.5,74.72,92.9,0.0,-6.1,6,476.441,4.634,435.743
817.5,74.83,92.9,0.0,-6.2,6,476.919,4.606,431.282
832.4,74.91,93.0,0.0,-6.4,6,477.272,4.591,428.308
832.4,75.02,93.0,0.0,-7.2,6,477.854,4.573,423.849
832.4,75.10,93.0,0.0,-7.2,6,478.276,4.559,420.877
832.4,75.20,93.0,0.0,-6.9,6,478.967,4.539,416.422
847.3,75.28,93.1,0.0,-7.2,6,479.467,4.529,413.454
847.3,75.38,93.1,0.0,-8.2,6,480.276,4.512,409.008
847.3,75.44,93.1,0.0,-8.5,6,480.854,4.501,406.048
847.3,75.55,93.2,0.0,-8.9,6,481.780,4.483,401.614
862.3,75.60,93.2,0.0,-9.8,6,482.437,4.469,398.664
862.3,75.70,93.2,0.0,-10.3,6,483.485,4.443,394.247
862.3,75.75,93.3,0.0,-10.6,6,484.224,4.422,391.310
862.3,75.84,93.2,0.0,-10.4,6,485.395,4.383,386.916
877.2,75.92,93.3,0.0,-10.1,6,486.646,4.337,382.539
877.2,75.96,93.3,0.0,-9.9,6,487.525,4.305,379.632
877.2,76.05,93.3,0.0,-8.9,6,488.913,4.253,375.288
877.2,76.09,93.4,0.0,-8.1,6,489.884,4.217,372.405
892.3,76.17,93.4,0.0,-7.8,6,491.409,4.161,368.100
892.3,76.23,93.4,0.0,-7.9,6,492.471,4.122,365.243
892.3,76.31,93.4,0.0,-8.2,6,494.130,4.065,360.979
892.3,76.37,93.3,0.0,-7.1,6,495.279,4.027,358.150
907.9,76.43,57.7,30.1,-3.5,6,497.063,3.970,353.928
907.9,75.97,4.1,64.8,-1.0,6,498.285,3.932,351.132
907.9,74.93,0.0,34.3,3.3,6,500.139,3.877,347.002
907.9,74.47,0.0,17.9,4.6,6,501.381,3.842,344.284
923.4,73.99,0.0,30.2,4.6,6,503.245,3.788,340.239
923.4,73.55,0.0,44.1,3.6,6,504.476,3.748,337.556
923.4,72.67,0.0,48.8,2.7,6,506.286,3.688,333.558
923.4,72.06,0.0,46.0,2.8,6,507.461,3.650,330.912
938.5,71.20,0.0,39.5,4.3,6,509.171,3.603,326.968
938.5,70.45,0.0,34.2,6.3,6,510.819,3.562,323.049
938.5,69.97,0.0,34.7,7.3,6,511.881,3.536,320.448
952.7,69.26,0.0,31.7,6.8,6,513.415,3.500,316.562
952.7,68.81,0.0,29.4,5.7,6,514.397,3.479,313.980
952.7,68.11,0.0,53.0,5.8,6,515.806,3.449,310.120
952.7,67.47,0.0,60.8,5.6,6,516.700,3.431,307.558
966.1,66.40,0.0,55.0,5.8,6,517.971,3.411,303.747
966.1,65.76,0.0,53.7,5.6,6,518.771,3.400,301.226
966.1,64.86,0.0,34.8,7.0,6,519.903,3.386,297.473
966.1,64.38,0.0,26.1,7.9,6,520.612,3.377,294.988
978.8,63.79,0.0,20.2,8.5,6,521.607,3.362,291.272
978.8,63.47,0.0,3.2,9.0,6,522.224,3.352,288.803
978.8,63.42,83.1,0.0,10.4,6,523.086,3.335,285.098
978.8,63.48,54.4,6.4,11.6,6,523.618,3.323,282.616
991.5,63.11,0.0,26.1,13.2,6,524.352,3.305,278.886
991.5,62.56,37.6,11.2,12.1,0,525.001,3.290,275.173
991.5,62.32,19.6,0.6,9.8,5,525.387,3.282,272.705
991.5,62.22,29.2,11.3,6.4,5,525.897,3.271,269.004
1005.5,62.01,0.0,22.5,4.7,5,526.191,3.267,266.536
1005.5,61.56,0.0,2.3,4.2,5,526.575,3.256,262.849
1005.5,61.38,29.2,0.0,4.5,5,526.794,3.243,260.400
1005.5,61.35,75.4,0.0,7.6,5,527.046,3.241,256.730
1018.7,61.37,52.1,0.0,10.0,5,527.169,3.246,254.279
1018.7,61.44,51.7,0.0,14.6,5,527.306,3.242,250.597
1018.7,61.47,58.2,0.0,17.1,5,527.363,3.232,248.140
1018.7,61.40,25.5,0.0,19.3,5,527.375,3.226,244.454
1031.9,61.25,3.6,3.7,20.7,5,527.337,3.224,242.000
1031.9,60.95,0.0,4.2,21.6,5,527.215,3.220,238.335
1031.9,60.73,0.0,1.2,20.3,5,527.088,3.219,235.905
1031.9,60.43,1.3,0.2,17.6,5,526.822,3.223,232.279
1044.3,60.25,5.3,0.0,15.4,5,526.595,3.230,229.876
1044.3,60.01,7.8,0.0,12.7,5,526.180,3.245,226.291
1044.3,59.78,6.9,0.0,11.8,5,525.679,3.261,222.732
1044.3,59.62,7.5,0.0,10.9,5,525.300,3.271,220.374
1056.2,59.36,1.1,1.8,7.8,5,524.661,3.289,216.862
1056.2,59.17,0.0,0.4,7.0,5,524.189,3.303,214.539
1056.2,58.99,44.1,0.0,6.3,5,523.414,3.329,211.081
1056.2,59.07,80.5,0.0,5.8,5,522.856,3.346,208.787
1067.9,59.29,86.5,0.0,6.0,5,521.961,3.375,205.352
1067.9,59.45,86.6,0.0,5.8,5,521.329,3.395,203.063
1067.9,59.69,86.7,0.0,3.7,5,520.340,3.424,199.630
1067.9,59.86,86.8,0.0,1.4,5,519.656,3.445,197.339
1079.8,60.11,87.0,0.0,-0.5,5,518.603,3.475,193.898
1079.8,60.27,87.1,0.0,-1.4,5,517.889,3.495,191.599
1079.8,60.53,87.2,0.0,-2.8,5,516.807,3.524,188.141
1079.8,60.69,87.3,0.0,-3.3,5,516.084,3.542,185.827
1092.0,60.93,87.4,0.0,-4.0,5,515.007,3.568,182.342
1092.0,61.15,68.3,0.0,-4.7,5,513.945,3.592,178.837
1092.0,61.15,25.4,5.3,-5.5,5,513.250,3.606,176.491
1092.0,60.72,0.0,51.9,-6.0,5,512.239,3.625,172.973
1104.3,60.12,0.0,60.5,-6.0,5,511.590,3.638,170.644
1104.3,59.07,0.0,71.8,-5.4,5,510.661,3.656,167.188
1104.3,58.29,0.0,71.8,-4.8,5,510.072,3.666,164.914
1104.3,57.12,0.0,69.7,-3.6,5,509.238,3.681,161.551
1116.1,56.37,0.0,65.9,-3.0,5,508.716,3.690,159.340
1116.1,55.31,0.0,59.2,-2.2,5,507.987,3.704,156.068
1116.1,54.63,0.0,52.7,-2.3,5,507.537,3.715,153.915
1116.1,53.75,39.4,42.6,-3.3,0,506.916,3.729,150.723
1127.3,53.25,0.0,35.4,-3.3,4,506.539,3.738,148.615
1127.3,52.61,0.0,19.4,-4.9,4,506.028,3.751,145.480
1127.3,52.30,0.0,9.6,-6.8,4,505.723,3.759,143.404
1127.3,51.99,0.0,1.5,-10.2,4,505.318,3.767,140.302
1138.1,51.85,1.4,0.0,-12.9,4,505.083,3.771,138.238
1138.1,51.66,4.0,0.0,-16.0,4,504.781,3.775,135.148
1138.1,51.47,4.4,0.0,-17.6,4,504.541,3.775,132.063
1138.1,51.36,11.0,0.0,-18.7,4,504.415,3.773,130.010
1149.0,51.23,17.3,0.0,-20.3,4,504.276,3.763,126.935
1149.0,51.15,20.9,0.0,-19.3,4,504.221,3.753,124.889
1149.0,51.00,9.2,0.6,-16.7,4,504.202,3.739,121.824
1149.0,50.83,0.7,8.1,-14.7,4,504.235,3.732,119.787
1159.9,50.51,0.9,0.6,-11.2,4,504.352,3.726,116.748
1159.9,50.35,3.4,0.0,-8.8,4,504.477,3.727,114.735
1159.9,50.18,11.0,0.0,-8.0,4,504.721,3.726,111.728
1159.9,50.09,8.5,0.0,-8.5,4,504.914,3.715,109.732
1170.5,49.87,19.4,0.0,-8.6,4,505.277,3.709,106.756
1170.5,49.79,20.7,0.0,-8.8,4,505.561,3.706,104.783
1170.5,49.69,14.0,0.0,-10.0,4,506.041,3.696,101.837
1181.0,49.51,7.4,0.0,-11.3,4,506.590,3.681,98.911
1181.0,49.37,11.1,0.0,-11.5,4,506.996,3.672,96.976
1181.0,49.23,15.1,0.0,-14.2,4,507.656,3.652,94.092
1181.0,49.13,11.6,0.0,-17.1,4,508.136,3.639,92.184
1191.4,48.96,12.7,0.0,-19.8,4,508.911,3.616,89.345
1191.4,48.86,10.6,0.0,-22.1,4,509.467,3.601,87.469
1191.4,48.69,9.7,0.0,-26.9,4,510.352,3.574,84.680
1191.4,48.58,9.8,0.0,-28.7,4,510.975,3.553,82.837
1201.6,48.41,10.5,0.0,-30.6,4,511.959,3.518,80.098
1201.6,48.30,10.9,0.0,-30.9,4,512.649,3.493,78.291
1201.6,48.15,14.2,0.0,-30.3,4,513.736,3.453,75.609
1201.6,48.05,13.5,0.0,-29.4,4,514.495,3.425,73.841
1211.6,47.92,35.2,0.0,-27.7,4,515.687,3.382,71.221
1211.6,47.98,62.1,0.0,-25.6,4,516.519,3.354,69.494
1211.6,48.19,83.5,0.0,-21.8,4,517.828,3.313,66.925
1211.6,48.38,85.0,0.0,-16.1,4,518.743,3.288,65.225
1221.3,48.67,85.1,0.0,-13.0,4,520.178,3.254,62.692
1221.3,48.98,85.1,0.0,-6.2,4,521.687,3.224,60.182
1221.3,49.16,61.3,0.0,-0.9,4,522.732,3.205,58.521
1221.3,48.98,0.2,25.5,4.4,4,524.344,3.176,56.053
1231.1,48.59,0.0,48.9,4.8,4,525.435,3.158,54.434
1231.1,47.71,0.0,68.5,6.4,4,527.069,3.132,52.047
1231.1,47.01,0.0,72.3,7.5,4,528.142,3.115,50.483
1231.1,45.90,0.0,75.0,8.3,4,529.711,3.088,48.178
1240.4,45.11,0.0,77.1,8.4,4,530.726,3.069,46.665
1240.4,43.97,30.6,80.0,8.5,0,532.196,3.043,44.431
1240.4,43.21,0.0,73.3,8.0,3,533.140,3.026,42.963
1240.4,42.16,0.0,33.2,6.8,3,534.499,3.000,40.792
1249.1,41.73,0.0,13.8,5.7,3,535.367,2.982,39.356
1249.1,41.38,0.0,2.8,5.8,3,536.615,2.954,37.198
1249.1,41.24,0.0,0.5,7.7,3,537.411,2.934,35.750
1249.1,41.05,0.9,0.0,13.7,3,538.555,2.903,33.563
1257.3,40.94,4.3,0.0,18.2,3,539.284,2.882,32.094
1257.3,40.80,6.5,0.0,23.7,3,540.330,2.848,29.876
1257.3,40.66,6.4,0.0,25.7,3,541.318,2.814,27.641
1257.3,40.56,5.7,0.0,25.7,3,541.943,2.791,26.142
1265.6,40.44,24.4,0.0,24.5,3,542.828,2.755,23.880
1265.6,40.47,44.4,0.0,23.2,3,543.382,2.731,22.360
1265.6,40.68,60.7,0.0,21.8,3,544.160,2.695,20.054
1265.6,40.83,55.0,0.0,22.5,3,544.645,2.672,18.498
1274.0,40.96,33.5,0.0,25.2,3,545.321,2.635,16.139
1274.0,40.93,15.1,0.0,27.2,3,545.736,2.610,14.555
1274.0,40.81,16.4,0.0,30.3,3,546.299,2.571,12.168
1274.0,40.75,36.2,0.0,31.7,3,546.792,2.533,9.773
1282.9,40.82,49.9,0.0,30.9,3,547.080,2.508,8.168
1282.9,40.98,49.6,0.0,31.3,3,547.458,2.471,5.743
1282.9,41.07,47.6,0.0,32.0,3,547.672,2.446,4.117
1282.9,41.19,44.2,0.0,32.8,3,547.940,2.404,1.664
1291.8,41.25,42.9,0.0,33.1,3,548.079,2.376,0.022
1291.8,41.34,46.3,0.0,33.5,3,548.230,2.333,-2.451
1291.8,41.42,51.2,0.0,33.2,3,548.291,2.303,-4.104
1291.8,41.64,76.8,0.0,33.6,3,548.323,2.259,-6.594
1300.8,41.90,85.4,0.0,34.3,3,548.308,2.228,-8.264
1300.8,42.26,78.4,0.0,35.7,3,548.232,2.180,-10.787
1300.8,42.50,49.8,0.0,35.8,3,548.091,2.128,-13.326
1300.8,42.57,52.1,0.0,35.8,3,547.954,2.094,-15.021
1310.2,42.65,45.2,0.0,36.4,3,547.684,2.045,-17.563
1310.2,42.71,48.9,0.0,37.8,3,547.461,2.014,-19.256
1310.2,42.81,51.5,0.0,35.7,3,547.059,1.972,-21.789
1310.2,42.88,55.3,0.0,33.0,3,546.748,1.945,-23.474
1319.8,43.02,51.8,0.0,29.7,3,546.217,1.907,-25.995
1319.8,43.10,52.9,0.0,25.3,3,545.819,1.883,-27.671
1319.8,43.24,56.4,0.0,22.4,3,545.155,1.850,-30.173
1319.8,43.35,62.2,0.0,19.7,3,544.669,1.829,-31.835
1328.9,43.53,56.8,0.0,20.4,3,543.877,1.797,-34.318
1328.9,43.64,54.3,0.0,20.8,3,543.310,1.774,-35.966
1328.9,43.83,67.5,0.0,21.7,3,542.396,1.739,-38.424
1328.9,43.97,64.7,0.0,21.7,3,541.745,1.717,-40.054
1338.4,44.19,74.6,0.0,21.1,3,540.701,1.686,-42.483
1338.4,44.48,78.4,0.0,19.7,3,539.579,1.660,-44.894
1338.4,44.70,85.4,0.0,19.6,3,538.789,1.642,-46.492
1347.8,45.05,78.3,0.0,19.1,3,537.546,1.614,-48.880
1347.8,45.26,83.8,0.0,18.3,3,536.677,1.596,-50.463
1347.8,45.61,86.4,0.0,16.0,3,535.310,1.570,-52.821
1347.8,45.95,85.1,0.0,13.2,3,533.868,1.547,-55.157
1357.3,46.18,80.9,0.0,10.9,3,532.866,1.532,-56.703
1357.3,46.51,81.5,0.0,8.2,3,531.303,1.510,-59.002
1357.3,46.72,83.3,0.0,7.0,3,530.223,1.496,-60.521
1357.3,47.05,83.7,0.0,5.1,3,528.547,1.472,-62.779
1366.7,47.26,75.0,0.0,3.8,3,527.393,1.455,-64.271
1366.7,47.59,87.0,0.0,3.0,3,525.609,1.427,-66.487
1366.7,47.81,86.5,0.0,2.6,3,524.385,1.407,-67.950
1366.7,48.20,86.9,0.0,2.9,3,522.497,1.374,-70.123
1376.2,48.44,87.0,0.0,4.2,3,521.203,1.352,-71.559
1376.2,48.82,87.1,0.0,6.6,3,519.213,1.317,-73.691
1376.2,49.07,87.2,0.0,8.3,3,517.855,1.294,-75.100
1376.2,49.34,0.0,0.0,10.5,0,515.773,1.255,-77.197
1385.8,49.31,85.3,0.0,10.9,4,514.365,1.227,-78.577
1385.8,49.65,85.6,0.0,10.4,4,512.217,1.184,-80.625
1385.8,50.00,85.7,0.0,9.8,4,510.020,1.142,-82.651
1385.8,50.22,85.9,0.0,9.1,4,508.528,1.115,-83.988
1395.6,50.56,86.1,0.0,11.3,4,506.249,1.078,-85.974
1395.6,50.77,86.3,0.0,10.6,4,504.703,1.053,-87.283
1395.6,51.11,86.4,0.0,11.6,4,502.345,1.013,-89.227
1395.6,51.33,86.5,0.0,9.8,4,500.746,0.983,-90.507
1405.6,51.66,86.7,0.0,7.3,4,498.306,0.938,-92.400
1405.6,51.88,86.8,0.0,4.8,4,496.651,0.906,-93.644
1405.6,52.22,87.0,0.0,3.5,4,494.128,0.859,-95.482
1405.6,52.44,87.1,0.0,3.8,4,492.420,0.829,-96.691
1415.9,52.78,87.2,0.0,4.1,4,489.822,0.785,-98.483
1415.9,53.01,87.3,0.0,3.8,4,488.069,0.758,-99.666
1415.9,53.36,87.4,0.0,2.4,4,485.410,0.720,-101.428
1415.9,53.58,87.5,0.0,1.1,4,483.620,0.696,-102.598
1426.5,53.92,87.7,0.0,-0.5,4,480.912,0.661,-104.349
1426.5,54.26,87.8,0.0,-1.4,4,478.182,0.626,-106.102
1426.5,54.49,87.9,0.0,-2.3,4,476.351,0.604,-107.275
1426.5,54.82,88.0,0.0,-4.5,4,473.592,0.570,-109.046
1437.5,55.00,88.2,0.0,-4.8,4,471.748,0.549,-110.239
1437.5,55.36,88.2,0.0,-4.3,4,468.977,0.518,-112.050
1437.5,55.56,88.3,0.0,-4.7,4,467.129,0.498,-113.275
1437.5,55.86,88.5,0.0,-5.1,4,464.358,0.474,-115.143
1448.9,56.02,88.7,0.0,-6.2,4,462.512,0.459,-116.409
1448.9,56.37,88.7,0.0,-7.7,4,459.748,0.432,-118.338
1448.9,56.51,88.9,0.0,-8.9,4,457.909,0.413,-119.649
1448.9,56.84,89.0,0.0,-9.3,4,455.162,0.382,-121.652
1460.7,57.02,89.0,0.0,-8.9,4,453.339,0.362,-123.016
1460.7,57.27,89.2,0.0,-7.9,4,450.622,0.332,-125.106
1460.7,57.46,89.1,0.0,-7.3,4,448.824,0.316,-126.532
1460.7,57.75,89.3,0.0,-7.6,4,446.148,0.295,-128.718
1472.6,58.02,89.4,0.0,-8.3,4,443.495,0.274,-130.958
1472.6,58.20,89.5,0.0,-9.4,4,441.740,0.260,-132.482
1472.6,58.45,89.6,0.0,-7.5,4,439.132,0.245,-134.815
1472.6,58.64,89.7,0.0,-6.9,4,437.410,0.238,-136.401
1484.8,58.90,89.8,0.0,-7.0,4,434.848,0.230,-138.823
1484.8,59.09,89.8,0.0,-7.5,4,433.155,0.226,-140.466
1484.8,59.11,0.0,0.0,-7.4,0,430.638,0.219,-142.967
1484.8,59.19,88.5,0.0,-6.6,5,428.981,0.214,-144.654
1496.8,59.44,88.6,0.0,-6.0,5,426.519,0.208,-147.223
1496.8,59.59,88.7,0.0,-6.1,5,424.893,0.205,-148.962
1496.8,59.83,88.8,0.0,-6.3,5,422.478,0.203,-151.608
1496.8,60.00,88.8,0.0,-6.5,5,420.884,0.204,-153.397
1508.8,60.23,88.9,0.0,-7.0,5,418.516,0.210,-156.117
1508.8,60.48,89.0,0.0,-7.0,5,416.175,0.214,-158.878
1508.8,60.63,89.1,0.0,-6.6,5,414.628,0.214,-160.742
1520.9,60.88,89.2,0.0,-6.6,5,412.332,0.210,-163.573
1520.9,61.03,89.3,0.0,-6.4,5,410.819,0.207,-165.484
1520.9,61.26,89.4,0.0,-7.0,5,408.576,0.197,-168.386
1520.9,61.42,89.4,0.0,-7.3,5,407.098,0.188,-170.345
1533.0,61.65,89.5,0.0,-8.2,5,404.911,0.174,-173.319
1533.0,61.80,89.6,0.0,-6.6,5,403.474,0.164,-175.326
1533.0,62.03,89.7,0.0,-6.1,5,401.348,0.145,-178.372
1533.0,62.26,89.7,0.0,-4.8,5,399.259,0.123,-181.460
1545.3,62.41,89.8,0.0,-4.5,5,397.885,0.109,-183.540
1545.3,62.66,89.9,0.0,-3.7,5,395.852,0.086,-186.693
1545.3,62.81,89.9,0.0,-3.4,5,394.513,0.072,-188.815
1545.3,63.03,90.0,0.0,-3.2,5,392.526,0.054,-192.024
1557.9,63.20,90.1,0.0,-3.0,5,391.214,0.043,-194.181
1557.9,63.44,90.1,0.0,-2.4,5,389.262,0.029,-197.440
1557.9,63.59,90.2,0.0,-2.0,5,387.970,0.020,-199.627
1557.9,63.83,90.3,0.0,-1.7,5,386.043,0.010,-202.927
1570.5,63.98,90.3,0.0,-1.6,5,384.765,0.006,-205.140
1570.5,64.21,90.4,0.0,-2.4,5,382.856,0.001,-208.478
1570.5,64.44,90.5,0.0,-2.0,5,380.956,-0.004,-211.837
1570.5,64.59,90.6,0.0,-2.5,5,379.695,-0.007,-214.089
1583.4,64.82,90.6,0.0,-3.0,5,377.814,-0.012,-217.484
1583.4,64.97,90.7,0.0,-3.0,5,376.568,-0.015,-219.761
1583.4,65.18,90.8,0.0,-1.6,5,374.710,-0.019,-223.195
1583.4,65.33,90.8,0.0,-0.4,5,373.481,-0.020,-225.497
1596.4,65.56,90.9,0.0,0.3,5,371.644,-0.022,-228.967
1596.4,65.70,90.9,0.0,0.2,5,370.421,-0.023,-231.290
1596.4,65.92,91.0,0.0,-0.2,5,368.587,-0.027,-234.787
1596.4,66.08,91.0,0.0,-0.4,5,367.363,-0.031,-237.125
1609.6,66.29,91.1,0.0,-0.6,5,365.524,-0.040,-240.644
1609.6,66.43,91.2,0.0,-0.8,5,364.296,-0.047,-242.996
1609.6,66.65,91.2,0.0,-0.9,5,362.452,-0.060,-246.537
1609.6,66.79,91.3,0.0,-0.9,5,361.221,-0.070,-248.905
1622.9,67.00,91.3,0.0,-0.7,5,359.376,-0.084,-252.469
1622.9,67.21,91.4,0.0,-0.8,5,357.532,-0.099,-256.048
1622.9,67.35,91.4,0.0,-0.6,5,356.305,-0.109,-258.442
1622.9,67.56,91.5,0.0,-0.7,5,354.465,-0.124,-262.047
1636.3,67.69,91.6,0.0,-0.5,5,353.240,-0.135,-264.458
1636.3,67.89,91.6,0.0,-0.2,5,351.403,-0.151,-268.086
1636.3,68.02,91.7,0.0,-0.2,5,350.178,-0.162,-270.512
1636.3,68.22,91.7,0.0,-0.0,5,348.337,-0.178,-274.162
1649.9,68.36,91.8,0.0,-0.1,5,347.109,-0.189,-276.601
1649.9,68.55,91.9,0.0,-0.1,5,345.262,-0.206,-280.269
1649.9,68.69,91.9,0.0,-0.1,5,344.028,-0.217,-282.721
1649.9,68.88,92.0,0.0,0.1,5,342.174,-0.236,-286.407
1663.6,69.00,92.0,0.0,-0.3,5,340.935,-0.250,-288.871
1663.6,69.19,92.1,0.0,-1.1,5,339.075,-0.272,-292.575
1663.6,69.33,92.1,0.0,-1.0,5,337.833,-0.287,-295.052
1663.6,69.50,92.2,0.0,-0.7,5,335.972,-0.309,-298.777
1677.4,69.54,0.0,0.0,-0.4,0,334.731,-0.328,-301.267
1677.4,69.52,91.3,0.0,-0.0,6,332.879,-0.353,-305.001
1677.4,69.70,91.3,0.0,-0.2,6,331.030,-0.372,-308.746
1677.4,69.82,91.4,0.0,-0.4,6,329.796,-0.387,-311.248
1691.4,70.00,91.4,0.0,-0.4,6,327.945,-0.413,-315.012
1691.4,70.11,91.4,0.0,-0.4,6,326.710,-0.430,-317.527
1691.4,70.29,91.5,0.0,-0.2,6,324.856,-0.454,-321.308
1691.4,70.41,91.5,0.0,-0.1,6,323.619,-0.470,-323.836
1705.4,70.58,91.6,0.0,-0.1,6,321.762,-0.493,-327.635
1705.4,70.69,91.6,0.0,-0.2,6,320.523,-0.509,-330.174
1705.4,70.87,91.6,0.0,-0.2,6,318.662,-0.533,-333.991
1705.4,70.98,91.7,0.0,-0.2,6,317.419,-0.549,-336.541
1719.5,71.15,91.7,0.0,-0.1,6,315.554,-0.573,-340.374
1719.5,71.32,91.8,0.0,-0.0,6,313.685,-0.598,-344.217
1719.5,71.43,91.8,0.0,-0.1,6,312.438,-0.614,-346.785
1733.8,71.59,91.9,0.0,-0.1,6,310.565,-0.638,-350.645
1733.8,71.70,91.9,0.0,-0.1,6,309.315,-0.655,-353.223
1733.8,71.87,91.9,0.0,-0.1,6,307.437,-0.681,-357.099
1733.8,71.98,92.0,0.0,-0.1,6,306.183,-0.699,-359.688
1748.2,72.14,92.0,0.0,-0.1,6,304.300,-0.728,-363.580
1748.2,72.25,92.1,0.0,0.0,6,303.043,-0.748,-366.179
1748.2,72.40,92.1,0.0,-0.1,6,301.156,-0.779,-370.086
1748.2,72.51,92.1,0.0,-0.1,6,299.896,-0.799,-372.696
1762.6,72.67,92.2,0.0,-0.1,6,298.004,-0.831,-376.618
1762.6,72.78,92.2,0.0,-0.2,6,296.741,-0.854,-379.238
1762.6,72.93,92.2,0.0,-0.1,6,294.844,-0.888,-383.176
1762.6,73.03,92.3,0.0,-0.1,6,293.578,-0.910,-385.806
1777.2,73.19,92.3,0.0,0.0,6,291.676,-0.943,-389.758
1777.2,73.29,92.3,0.0,0.0,6,290.406,-0.965,-392.398
1777.2,73.44,92.4,0.0,-0.0,6,288.499,-0.998,-396.365
1777.2,73.59,92.4,0.0,-0.1,6,286.588,-1.032,-400.340
1791.9,73.70,92.4,0.0,-0.0,6,285.312,-1.056,-402.995
1791.9,73.84,92.5,0.0,0.1,6,283.395,-1.090,-406.984
1791.9,73.93,92.5,0.0,0.2,6,282.114,-1.109,-409.647
1791.9,74.09,92.6,0.0,0.2,6,280.189,-1.137,-413.648
1806.7,74.19,92.6,0.0,0.2,6,278.903,-1.156,-416.320
1806.7,74.33,92.6,0.0,0.2,6,276.970,-1.184,-420.334
1806.7,74.43,92.6,0.0,0.1,6,275.678,-1.203,-423.013
1806.7,74.57,92.7,0.0,0.1,6,273.735,-1.233,-427.039
1821.6,74.67,92.7,0.0,0.2,6,272.436,-1.253,-429.726
1821.6,74.81,92.7,0.0,0.3,6,270.483,-1.283,-433.763
1821.6,74.91,92.7,0.0,0.4,6,269.178,-1.303,-436.458
1821.6,75.05,92.8,0.0,0.3,6,267.216,-1.334,-440.505
1836.5,75.13,92.8,0.0,0.4,6,265.903,-1.354,-443.206
1836.5,75.28,92.8,0.0,0.5,6,263.929,-1.383,-447.263
1836.5,75.37,92.9,0.0,0.5,6,262.609,-1.402,-449.971
1836.5,75.51,92.9,0.0,0.5,6,260.622,-1.430,-454.038
1851.6,75.64,92.9,0.0,0.4,6,258.628,-1.457,-458.110
1851.6,75.73,93.0,0.0,0.4,6,257.293,-1.474,-460.827
1851.6,75.86,93.0,0.0,0.4,6,255.285,-1.500,-464.907
1851.6,75.95,93.0,0.0,0.4,6,253.942,-1.519,-467.629
1866.8,76.08,93.1,0.0,0.4,6,251.920,-1.546,-471.717
1866.8,76.17,93.1,0.0,0.5,6,250.567,-1.563,-474.445
1866.8,76.30,93.1,0.0,0.4,6,248.531,-1.591,-478.540
1866.8,76.38,93.1,0.0,0.3,6,247.169,-1.608,-481.273
1882.0,76.50,93.2,0.0,0.3,6,245.119,-1.632,-485.375
1882.0,76.59,93.2,0.0,0.2,6,243.748,-1.649,-488.112
1882.0,76.71,93.2,0.0,0.2,6,241.685,-1.673,-492.222
1882.0,76.79,93.2,0.0,0.2,6,240.305,-1.688,-494.964
1897.4,76.92,93.3,0.0,0.2,6,238.229,-1.711,-499.081
1897.4,77.00,93.3,0.0,0.2,6,236.842,-1.726,-501.829
1897.4,77.12,93.3,0.0,0.3,6,234.755,-1.750,-505.954
1897.4,77.20,93.4,0.0,0.2,6,233.360,-1.766,-508.707
1912.8,77.32,93.4,0.0,0.2,6,231.262,-1.790,-512.840
1912.8,77.43,93.4,0.0,0.2,6,229.159,-1.813,-516.978
1912.8,77.51,93.4,0.0,0.1,6,227.753,-1.830,-519.739
1912.8,77.63,93.4,0.0,-0.0,6,225.638,-1.856,-523.885
1928.3,77.70,93.5,0.0,-0.1,6,224.225,-1.873,-526.651
1928.3,77.81,93.5,0.0,-0.0,6,222.101,-1.895,-530.804
1928.3,77.89,93.5,0.0,0.1,6,220.682,-1.909,-533.576
1928.3,78.00,93.5,0.0,0.0,6,218.550,-1.932,-537.738
1943.8,78.08,93.6,0.0,-0.1,6,217.128,-1.950,-540.517
1943.8,78.18,93.6,0.0,-0.2,6,214.992,-1.981,-544.689
1943.8,78.26,93.6,0.0,-0.3,6,213.567,-2.005,-547.475
1943.8,78.37,93.7,0.0,-0.4,6,211.431,-2.045,-551.659
1959.5,78.44,93.7,0.0,-0.4,6,210.006,-2.075,-554.453
1959.5,78.55,93.7,0.0,-0.4,6,207.872,-2.120,-558.651
1959.5,78.54,0.0,0.0,-0.5,0,206.450,-2.151,-561.453
1959.5,78.49,93.0,0.0,-0.5,7,204.325,-2.201,-565.655
1975.2,78.56,93.0,0.0,-0.5,7,202.911,-2.235,-568.459
1975.2,78.66,93.0,0.0,-0.5,7,200.792,-2.286,-572.673
1975.2,78.77,93.1,0.0,-0.5,7,198.677,-2.339,-576.895
1975.2,78.83,93.1,0.0,-0.5,7,197.270,-2.374,-579.715
1990.9,78.95,93.1,0.0,-0.3,7,195.162,-2.429,-583.952
1990.9,79.01,93.1,0.0,-0.4,7,193.758,-2.465,-586.782
1990.9,79.11,93.1,0.0,-0.4,7,191.656,-2.517,-591.034
1990.9,79.18,93.2,0.0,-0.3,7,190.256,-2.553,-593.873
2006.7,79.29,93.2,0.0,-0.1,7,188.155,-2.612,-598.137
2006.7,79.35,93.2,0.0,0.2,7,186.755,-2.650,-600.984
2006.7,79.45,93.2,0.0,0.4,7,184.653,-2.707,-605.259
2006.7,79.52,93.2,0.0,0.5,7,183.250,-2.745,-608.111
2022.6,79.60,93.3,0.0,0.8,7,181.140,-2.798,-612.393
2022.6,79.68,93.3,0.0,0.9,7,179.729,-2.833,-615.249
2022.6,79.78,93.3,0.0,1.0,7,177.604,-2.886,-619.534
2022.6,79.84,93.3,0.0,1.0,7,176.181,-2.921,-622.391
2038.5,79.93,93.3,0.0,0.9,7,174.033,-2.967,-626.676
2038.5,80.00,93.3,0.0,0.9,7,172.593,-2.994,-629.532
2038.5,80.10,93.4,0.0,1.0,7,170.419,-3.034,-633.814
2054.5,80.19,93.4,0.0,1.1,7,168.229,-3.071,-638.095
2054.5,80.24,93.4,0.0,1.0,7,166.761,-3.094,-640.947
2054.5,80.33,93.4,0.0,0.8,7,164.546,-3.125,-645.225
2054.5,80.39,93.4,0.0,0.7,7,163.062,-3.143,-648.076
2070.6,80.49,93.4,0.0,0.7,7,160.822,-3.166,-652.351
2070.6,80.54,93.5,0.0,0.8,7,159.323,-3.179,-655.201
2070.6,80.63,93.5,0.0,0.7,7,157.062,-3.193,-659.475
2070.6,80.69,93.5,0.0,0.7,7,155.549,-3.199,-662.324
2086.7,80.77,93.5,0.0,0.6,7,153.269,-3.204,-666.598
2086.7,80.83,93.5,0.0,0.5,7,151.744,-3.206,-669.447
2086.7,80.92,93.5,0.0,0.6,7,149.446,-3.205,-673.720
2086.7,80.97,93.5,0.0,0.6,7,147.909,-3.201,-676.570
2102.8,81.06,93.6,0.0,0.6,7,145.594,-3.193,-680.844
2102.8,81.11,93.6,0.0,0.6,7,144.045,-3.185,-683.693
2102.8,81.18,93.6,0.0,0.9,7,141.713,-3.170,-687.967
2102.8,81.23,93.6,0.0,1.4,7,140.153,-3.157,-690.816
2119.0,81.31,93.6,0.0,1.2,7,137.802,-3.132,-695.088
2119.0,81.39,93.6,0.0,1.4,7,135.439,-3.103,-699.358
2119.0,81.44,93.7,0.0,1.5,7,133.853,-3.081,-702.203
2119.0,81.51,93.7,0.0,1.3,7,131.459,-3.044,-706.464
2135.2,81.56,93.7,0.0,1.3,7,129.852,-3.017,-709.302
2135.2,81.63,93.7,0.0,1.8,7,127.424,-2.971,-713.553
2135.2,81.68,93.7,0.0,2.3,7,125.794,-2.936,-716.383
2135.2,81.75,93.7,0.0,2.5,7,123.332,-2.879,-720.623
2151.5,81.80,93.7,0.0,2.4,7,121.677,-2.837,-723.444
2151.5,81.84,70.1,18.0,2.4,7,119.173,-2.770,-727.666
2151.5,81.52,6.7,50.5,1.7,7,117.490,-2.721,-730.468
2151.5,80.41,0.0,81.6,1.8,7,114.967,-2.640,-734.624
2167.7,79.47,0.0,87.7,1.7,7,113.294,-2.583,-737.351
2167.7,77.97,0.0,89.6,1.3,7,110.806,-2.494,-741.369
2167.7,76.98,0.0,90.9,1.0,7,109.162,-2.432,-743.998
2167.7,75.47,0.0,90.9,1.0,7,106.718,-2.339,-747.867
2183.1,74.48,0.0,90.9,1.0,7,105.104,-2.276,-750.397
2183.1,73.00,0.0,91.4,1.9,0,102.708,-2.183,-754.118
2183.1,71.59,0.0,90.2,2.3,6,100.339,-2.093,-757.753
2183.1,70.63,0.0,98.1,2.7,6,98.773,-2.039,-760.129
2197.5,69.02,0.0,92.3,1.0,6,96.449,-1.963,-763.619
2197.5,68.01,0.0,88.8,-0.6,6,94.912,-1.911,-765.889
2197.5,66.59,0.0,90.9,-0.6,6,92.622,-1.832,-769.216
2197.5,65.61,0.0,88.5,0.1,6,91.105,-1.783,-771.384
2210.9,64.18,39.5,85.9,-0.4,0,88.849,-1.708,-774.559
2210.9,63.28,0.0,87.5,1.4,5,87.355,-1.657,-776.626
2210.9,61.87,0.0,87.8,3.2,5,85.134,-1.584,-779.656
2210.9,60.93,0.0,88.3,3.4,5,83.667,-1.536,-781.628
2223.3,59.53,0.0,89.3,3.2,5,81.488,-1.469,-784.514
2223.3,58.59,0.0,90.2,2.8,5,80.049,-1.426,-786.390
2223.3,57.19,0.0,88.8,2.0,5,77.911,-1.364,-789.130
2223.3,55.87,37.2,83.2,1.3,0,75.795,-1.305,-791.783
2234.7,55.01,0.0,85.9,1.2,4,74.394,-1.268,-793.505
2234.7,53.69,0.0,89.3,0.9,4,72.308,-1.215,-796.015
2234.7,52.80,0.0,81.4,0.5,4,70.929,-1.181,-797.640
2234.7,51.57,0.0,66.5,-0.5,4,68.874,-1.130,-800.003
2245.3,50.85,0.0,48.5,-1.3,4,67.509,-1.097,-801.531
2293.3,46.02,7.9,0.0,20.4,4,28.939,-0.280,-830.824
2293.3,45.86,10.6,0.0,19.8,4,26.432,-0.234,-831.968
2293.3,45.76,11.4,0.0,19.3,4,24.748,-0.202,-832.691
2302.9,45.61,12.1,0.0,19.0,4,22.206,-0.154,-833.716
2302.9,45.52,11.1,0.0,18.8,4,20.501,-0.121,-834.359
2302.9,45.35,7.3,0.0,20.2,4,17.929,-0.073,-835.264
2302.9,45.24,7.5,0.0,20.5,4,16.208,-0.043,-835.829
2312.5,45.07,8.0,0.0,21.9,4,13.616,0.002,-836.618
2312.5,44.96,9.8,0.0,20.7,4,11.882,0.031,-837.104
2312.5,44.80,6.7,0.0,18.6,4,9.273,0.077,-837.770
2312.5,44.68,5.5,0.0,18.3,4,7.530,0.109,-838.173
2322.0,44.51,3.8,0.0,18.3,4,4.910,0.157,-838.716
2322.0,44.32,4.2,0.0,18.4,4,2.288,0.203,-839.190
2322.0,44.20,2.9,0.0,18.1,4,0.539,0.233,-839.467
2322.0,44.02,2.0,0.0,17.7,4,-2.084,0.277,-839.823
2331.3,43.89,1.7,0.0,18.7,4,-3.831,0.306,-840.022
2331.3,43.71,2.9,0.0,18.4,4,-6.447,0.348,-840.262
2331.3,43.59,2.7,0.0,16.7,4,-8.189,0.375,-840.383
2331.3,43.41,1.7,0.4,14.9,4,-10.796,0.414,-840.507
2340.6,43.29,10.5,0.1,14.9,4,-12.529,0.439,-840.553
2340.6,43.32,59.0,0.0,15.0,4,-15.125,0.475,-840.567
2340.6,43.47,70.4,0.0,14.9,4,-16.860,0.498,-840.542
2340.6,43.38,3.9,26.6,15.3,4,-19.468,0.531,-840.453
2350.0,43.02,40.3,26.7,17.3,0,-21.195,0.550,-840.362
2350.0,42.60,6.0,1.2,17.7,3,-23.756,0.576,-840.178
2350.0,42.55,44.4,0.0,16.4,3,-25.451,0.592,-840.021
2350.0,42.83,84.1,0.0,14.4,3,-27.994,0.615,-839.733
2358.8,43.08,80.4,0.0,13.2,3,-29.697,0.628,-839.508
2358.8,43.44,77.3,0.0,11.8,3,-32.263,0.644,-839.118
2358.8,43.79,81.4,0.0,11.5,3,-34.839,0.660,-838.660
2358.8,44.03,81.0,0.0,12.2,3,-36.560,0.670,-838.316
2368.1,44.37,80.0,0.0,13.5,3,-39.149,0.687,-837.742
2368.1,44.61,75.9,0.0,14.7,3,-40.877,0.698,-837.320
2368.1,44.89,67.6,0.0,16.8,3,-43.471,0.714,-836.629
2368.1,45.06,64.0,0.0,18.2,3,-45.199,0.723,-836.131
2377.7,45.30,68.4,0.0,20.9,3,-47.788,0.735,-835.329
2426.0,49.26,77.4,0.0,30.3,4,-89.386,0.666,-811.123
2426.0,49.40,67.4,0.0,31.2,4,-90.835,0.651,-809.783
2426.0,49.56,67.8,0.0,32.0,4,-92.973,0.626,-807.724
2435.6,49.74,71.2,0.0,31.2,4,-95.067,0.600,-805.606
2435.6,49.86,76.1,0.0,30.7,4,-96.436,0.583,-804.160
2435.6,49.98,27.9,0.0,30.9,4,-98.452,0.557,-801.943
2435.6,49.89,13.8,0.0,30.8,4,-99.765,0.538,-800.437
2445.1,49.72,13.7,0.0,29.5,4,-101.681,0.508,-798.143
2445.1,49.62,13.6,0.0,28.1,4,-102.921,0.488,-796.591
2445.1,49.74,86.9,0.0,26.3,4,-104.731,0.455,-794.226
2445.1,49.94,87.4,0.0,25.1,4,-105.911,0.432,-792.619
2454.8,50.24,87.5,0.0,22.6,4,-107.641,0.394,-790.163
2454.8,50.43,87.6,0.0,21.4,4,-108.769,0.367,-788.496
2454.8,50.70,87.9,0.0,20.6,4,-110.423,0.323,-785.953
2454.8,50.84,67.7,0.0,17.7,4,-111.501,0.289,-784.233
2464.7,51.05,81.0,0.0,10.6,4,-113.078,0.232,-781.614
2464.7,51.22,88.1,0.0,6.7,4,-114.098,0.194,-779.841
2464.7,51.44,88.0,0.0,1.6,4,-115.584,0.135,-777.145
2464.7,51.67,73.3,0.0,-2.6,4,-116.551,0.094,-775.323
2474.9,51.92,88.1,0.0,-5.5,4,-117.961,0.027,-772.557
2474.9,52.28,88.5,0.0,-10.6,4,-119.335,-0.049,-769.752
2474.9,52.49,88.6,0.0,-12.1,4,-120.235,-0.104,-767.861
2474.9,52.86,88.5,0.0,-8.5,4,-121.569,-0.188,-764.996
2485.5,53.11,88.6,0.0,-4.8,4,-122.458,-0.245,-763.073
2485.5,53.42,88.9,0.0,-1.1,4,-123.810,-0.332,-760.179
2485.5,53.64,89.1,0.0,-0.1,4,-124.726,-0.395,-758.245
2485.5,54.02,88.9,0.0,-1.0,4,-126.128,-0.495,-755.336
2496.4,54.26,89.0,0.0,-2.1,4,-127.080,-0.562,-753.393
2496.4,54.58,89.2,0.0,-3.8,4,-128.536,-0.662,-750.473
2496.4,54.82,89.3,0.0,-4.2,4,-129.523,-0.729,-748.522
2496.4,55.16,89.4,0.0,-4.7,4,-131.027,-0.830,-745.589
2507.6,55.36,89.4,0.0,-4.0,4,-132.049,-0.898,-743.630
2507.6,55.72,89.6,0.0,-3.7,4,-133.608,-0.997,-740.688
2507.6,55.91,89.8,0.0,-3.1,4,-134.666,-1.064,-738.724
2507.6,56.24,89.8,0.0,-3.4,4,-136.280,-1.170,-735.775
2519.0,56.46,89.9,0.0,-3.2,4,-137.373,-1.246,-733.806
2519.0,56.77,90.0,0.0,-2.2,4,-139.041,-1.365,-730.849
2519.0,57.10,90.1,0.0,-2.9,4,-140.738,-1.491,-727.888
2519.0,57.31,90.2,0.0,-2.8,4,-141.887,-1.579,-725.912
2530.7,57.63,90.3,0.0,-3.9,4,-143.632,-1.718,-722.942
2530.7,57.84,90.3,0.0,-3.8,4,-144.813,-1.815,-720.960
2530.7,58.15,90.4,0.0,-2.5,4,-146.611,-1.961,-717.986
2530.7,58.36,90.5,0.0,-1.7,4,-147.829,-2.058,-716.002
2542.3,58.67,90.6,0.0,-1.8,4,-149.681,-2.205,-713.024
2542.3,58.87,90.6,0.0,-3.0,4,-150.930,-2.304,-711.036
2542.3,59.17,90.7,0.0,-3.8,4,-152.829,-2.453,-708.051
2542.3,59.36,90.8,0.0,-3.6,4,-154.111,-2.550,-706.060
2554.3,59.56,0.0,0.0,-2.0,0,-156.060,-2.690,-703.073
2554.3,59.54,89.5,0.0,-1.1,5,-157.373,-2.780,-701.088
2554.3,59.82,89.6,0.0,-0.7,5,-159.361,-2.914,-698.114
2554.3,60.00,89.7,0.0,-1.0,5,-160.699,-3.001,-696.128
2566.3,60.27,89.8,0.0,-1.7,5,-162.725,-3.130,-693.145
2566.3,60.46,89.8,0.0,-1.9,5,-164.086,-3.213,-691.153
2566.3,60.72,89.9,0.0,-1.8,5,-166.144,-3.329,-688.160
2566.3,60.98,90.0,0.0,-1.5,5,-168.223,-3.436,-685.161
2578.5,61.16,90.1,0.0,-1.4,5,-169.620,-3.502,-683.159
2578.5,61.42,90.1,0.0,-1.4,5,-171.735,-3.593,-680.152
2578.5,61.59,90.2,0.0,-1.3,5,-173.156,-3.647,-678.145
2578.5,61.85,90.3,0.0,-1.1,5,-175.306,-3.716,-675.131
2590.9,62.02,90.4,0.0,-1.1,5,-176.751,-3.754,-673.119
2590.9,62.27,90.4,0.0,-1.1,5,-178.934,-3.802,-670.098
2590.9,62.44,90.5,0.0,-1.0,5,-180.401,-3.828,-668.080
2590.9,62.69,90.6,0.0,-1.0,5,-182.615,-3.860,-665.050
2603.5,62.86,90.6,0.0,-1.0,5,-184.101,-3.879,-663.027
2603.5,63.11,90.7,0.0,-1.0,5,-186.345,-3.905,-659.987
2603.5,63.27,90.7,0.0,-1.0,5,-187.850,-3.921,-657.957
2603.5,63.51,90.8,0.0,-1.0,5,-190.121,-3.943,-654.907
2616.1,63.66,90.9,0.0,-1.0,5,-191.644,-3.955,-652.870
2616.1,63.90,90.9,0.0,-1.0,5,-193.943,-3.971,-649.810
2616.1,64.05,91.0,0.0,-1.0,5,-195.484,-3.980,-647.767
2616.1,64.29,91.0,0.0,-1.0,5,-197.808,-3.989,-644.698
2628.9,64.52,91.1,0.0,-0.9,5,-200.148,-3.995,-641.623
2628.9,64.68,91.2,0.0,-0.9,5,-201.716,-3.996,-639.570
2628.9,64.90,91.2,0.0,-0.8,5,-204.081,-3.995,-636.485
2628.9,65.05,91.3,0.0,-0.7,5,-205.666,-3.991,-634.426
2641.8,65.27,91.4,0.0,-0.9,5,-208.057,-3.978,-631.333
2641.8,65.41,91.4,0.0,-1.0,5,-209.658,-3.966,-629.268
2641.8,65.63,91.5,0.0,-1.3,5,-212.074,-3.944,-626.167
2641.8,65.78,91.5,0.0,-1.5,5,-213.693,-3.930,-624.097
2654.8,66.00,91.5,0.0,-1.8,5,-216.135,-3.907,-620.989
2654.8,66.14,91.6,0.0,-2.0,5,-217.773,-3.892,-618.915
2654.8,66.35,91.7,0.0,-2.1,5,-220.247,-3.871,-615.805
2654.8,66.49,91.7,0.0,-1.9,5,-221.908,-3.858,-613.732
2668.0,66.71,91.7,0.0,-1.3,5,-224.417,-3.843,-610.623
2668.0,66.84,91.8,0.0,-1.3,5,-226.102,-3.836,-608.551
2668.0,67.05,91.8,0.0,-1.3,5,-228.648,-3.832,-605.444
2668.0,67.19,91.9,0.0,-1.3,5,-230.357,-3.831,-603.373
2681.4,67.39,91.9,0.0,-1.2,5,-232.936,-3.836,-600.268
2681.4,67.49,54.4,22.1,-1.2,5,-234.666,-3.842,-598.197
2681.4,66.90,0.0,59.2,-1.2,5,-237.264,-3.856,-595.107
2694.8,65.80,0.0,79.5,-1.0,5,-239.837,-3.876,-592.064
2694.8,64.95,0.0,86.0,-0.6,5,-241.531,-3.892,-590.070
2694.8,63.56,0.0,88.5,0.0,5,-244.036,-3.921,-587.135
2694.8,62.65,0.0,90.7,0.1,5,-245.680,-3.943,-585.217
2707.6,61.24,0.0,91.1,0.2,5,-248.106,-3.979,-582.399
2707.6,60.28,0.0,90.4,0.3,5,-249.696,-4.005,-580.559
2707.6,58.87,0.0,90.2,0.5,5,-252.041,-4.044,-577.857
2707.6,57.94,0.0,90.9,0.6,5,-253.576,-4.071,-576.094
2719.4,56.54,0.0,90.5,0.9,5,-255.838,-4.111,-573.506
2719.4,55.62,0.0,91.0,0.8,0,-257.318,-4.138,-571.819
2719.4,54.25,0.0,91.6,0.5,4,-259.496,-4.177,-569.343
2719.4,53.35,0.0,92.8,-0.0,4,-260.921,-4.203,-567.728
2730.3,51.93,0.0,91.6,-0.6,4,-263.017,-4.244,-565.361
2730.3,51.02,0.0,91.6,-1.1,4,-264.385,-4.270,-563.820
2730.3,49.65,0.0,91.4,-1.7,4,-266.396,-4.311,-561.564
2730.3,48.75,0.0,92.2,-2.2,4,-267.710,-4.338,-560.096
2740.2,47.37,0.0,90.9,-2.4,0,-269.640,-4.378,-557.951
2740.2,46.03,0.0,88.9,-1.8,3,-271.525,-4.414,-555.875
2740.2,45.15,0.0,87.5,-1.3,3,-272.757,-4.438,-554.529
2740.2,43.86,0.0,85.5,-0.4,3,-274.570,-4.471,-552.566
2749.2,43.01,0.0,84.2,0.3,3,-275.757,-4.493,-551.295
2749.2,41.77,0.0,82.9,0.7,3,-277.505,-4.525,-549.445
2749.2,40.97,0.0,82.3,1.0,3,-278.651,-4.546,-548.249
2749.2,39.77,0.0,81.1,1.8,0,-280.340,-4.577,-546.510
2757.4,39.01,41.3,80.3,2.0,0,-281.449,-4.596,-545.390
2757.4,37.88,0.0,78.5,1.2,2,-283.092,-4.623,-543.766
2757.4,37.11,0.0,72.1,0.6,2,-284.170,-4.641,-542.722
2757.4,36.05,0.0,63.4,0.6,2,-285.765,-4.666,-541.211
2764.8,35.37,0.0,59.5,1.4,2,-286.814,-4.682,-540.240
2764.8,34.44,0.0,56.5,3.8,2,-288.372,-4.706,-538.838
2764.8,33.54,0.0,54.2,4.7,2,-289.913,-4.730,-537.499
2764.8,32.95,0.0,55.2,4.7,2,-290.930,-4.745,-536.642
2771.5,32.07,0.0,56.0,3.9,2,-292.443,-4.766,-535.408
2771.5,31.47,0.0,55.9,3.3,2,-293.442,-4.780,-534.620
2771.5,30.58,0.0,51.7,2.4,2,-294.923,-4.800,-533.489
2771.5,29.75,0.0,43.4,-0.3,2,-296.384,-4.818,-532.419
2777.6,29.25,0.0,38.9,-2.0,2,-297.350,-4.829,-531.740
2777.6,28.58,0.0,35.6,-2.3,2,-298.791,-4.845,-530.771
2777.6,28.17,0.0,34.8,-10.4,2,-299.746,-4.855,-530.157
2777.6,27.60,50.4,34.3,-17.7,0,-301.174,-4.869,-529.283
2783.1,27.23,0.0,34.3,-20.3,1,-302.122,-4.877,-528.730
2783.1,26.61,0.0,35.5,-14.5,1,-303.534,-4.888,-527.944
2783.1,26.20,0.0,32.8,-12.0,1,-304.465,-4.895,-527.445
2783.1,25.64,0.0,27.7,-10.7,1,-305.848,-4.904,-526.732
2788.1,25.30,0.0,24.0,-11.6,1,-306.761,-4.910,-526.278
2788.1,24.84,0.0,22.7,-15.0,1,-308.118,-4.918,-525.627
2788.1,24.55,0.0,17.2,-18.7,1,-309.015,-4.922,-525.213
2788.1,24.21,0.0,10.2,-23.7,1,-310.355,-4.927,-524.625
2793.1,23.95,0.0,10.1,-27.4,1,-311.691,-4.931,-524.075
2793.1,23.76,0.0,8.0,-28.7,1,-312.582,-4.932,-523.731
2793.1,23.51,0.0,8.5,-35.4,1,-313.918,-4.934,-523.252
2793.1,23.33,0.0,7.2,-36.5,1,-314.808,-4.933,-522.960
2798.5,23.08,0.0,6.3,-38.1,1,-316.143,-4.931,-522.565
2798.5,22.93,0.0,5.6,-39.6,1,-317.033,-4.929,-522.331
2798.5,22.64,0.0,5.0,-43.0,1,-318.367,-4.922,-522.028
2798.5,22.49,4.7,0.6,-47.4,1,-319.254,-4.913,-521.859
2805.4,22.48,34.4,0.0,-49.1,1,-320.585,-4.902,-521.650
2805.4,22.65,48.6,0.0,-49.9,1,-321.479,-4.902,-521.533
2805.4,22.83,60.2,0.0,-50.1,1,-322.837,-4.897,-521.403
2805.4,23.03,61.3,0.0,-45.8,1,-323.754,-4.891,-521.347
2810.9,23.26,13.3,0.7,-38.4,1,-325.142,-4.889,-521.298
2810.9,23.20,1.6,9.4,-33.6,1,-326.071,-4.891,-521.292
2810.9,22.92,0.0,6.6,-25.2,1,-327.456,-4.897,-521.327
2816.1,22.59,0.0,0.8,1.8,1,-328.815,-4.892,-521.433
2816.1,22.49,0.5,0.0,22.9,1,-329.712,-4.887,-521.532
2816.1,22.33,2.6,0.0,4.6,1,-331.044,-4.880,-521.712
2816.1,22.22,7.0,0.0,-7.8,1,-331.923,-4.875,-521.860
2820.8,22.23,33.4,0.0,-30.9,1,-333.227,-4.867,-522.130
2820.8,22.37,44.8,0.0,-43.0,1,-334.093,-4.861,-522.341
2820.8,22.67,53.5,0.0,-56.1,1,-335.395,-4.851,-522.698
2820.8,22.89,56.4,0.0,-62.8,1,-336.267,-4.843,-522.962
2825.5,23.23,49.3,0.0,-70.4,1,-337.580,-4.830,-523.397
2825.5,23.34,36.6,0.0,-72.8,1,-338.456,-4.821,-523.714
2825.5,23.39,24.0,0.0,-71.8,1,-339.758,-4.805,-524.233
2825.5,23.41,26.1,0.0,-68.9,1,-340.615,-4.793,-524.609
2830.1,23.47,31.7,0.0,-64.3,1,-341.883,-4.775,-525.216
2830.1,23.55,37.5,0.0,-61.8,1,-342.716,-4.762,-525.651
2830.1,23.72,43.6,0.0,-54.0,1,-343.950,-4.742,-526.348
2830.1,23.87,48.5,0.0,-46.1,1,-344.762,-4.728,-526.844
2834.8,24.13,41.8,0.0,-28.3,1,-345.965,-4.708,-527.635
2834.8,24.43,54.9,0.0,-8.5,1,-347.151,-4.687,-528.478
2834.8,24.72,63.6,0.0,4.2,1,-347.937,-4.673,-529.066
2834.8,25.28,77.3,0.0,16.6,1,-349.124,-4.653,-529.980
2839.7,25.71,77.2,0.0,19.0,1,-349.928,-4.638,-530.607
2839.7,26.31,67.8,0.0,20.0,1,-351.161,-4.617,-531.563
2839.7,26.63,60.9,0.0,20.2,1,-352.004,-4.602,-532.203
2839.7,27.03,51.8,0.0,21.0,1,-353.300,-4.579,-533.157
2845.0,27.25,47.5,0.0,16.8,1,-354.185,-4.565,-533.784
2845.0,27.54,45.1,0.0,21.4,1,-355.542,-4.545,-534.711
2845.0,27.72,45.2,0.0,24.7,1,-356.465,-4.532,-535.317
2845.0,28.00,46.7,0.0,28.8,1,-357.882,-4.514,-536.204
2850.6,28.18,45.4,0.0,31.0,1,-358.847,-4.503,-536.778
2850.6,28.41,40.2,0.0,32.7,1,-360.326,-4.488,-537.610
2850.6,28.53,37.3,0.0,33.2,1,-361.333,-4.479,-538.143
2850.6,28.68,38.5,0.0,32.6,1,-362.870,-4.466,-538.903
2856.4,28.82,26.7,0.0,30.5,1,-364.442,-4.456,-539.615
2856.4,28.83,19.3,0.0,29.4,1,-365.505,-4.450,-540.061
2856.4,28.78,18.2,0.0,29.8,1,-367.119,-4.442,-540.681
2856.4,28.76,18.8,0.0,30.8,1,-368.205,-4.438,-541.061
2862.5,28.70,11.0,0.0,32.4,1,-369.848,-4.433,-541.583
2862.5,28.63,10.0,0.0,32.8,1,-370.951,-4.431,-541.897
2862.5,28.63,34.0,0.0,35.2,1,-372.615,-4.430,-542.320
2862.5,28.76,44.9,0.0,36.3,1,-373.734,-4.431,-542.571
2868.8,29.02,57.4,0.0,37.5,1,-375.432,-4.436,-542.905
2868.8,29.23,50.0,0.0,34.1,1,-376.581,-4.438,-543.096
2868.8,29.55,74.1,0.0,27.5,1,-378.329,-4.435,-543.328
2868.8,29.77,74.8,0.0,24.5,0,-379.507,-4.436,-543.456
2876.3,29.78,43.3,0.0,8.9,2,-381.289,-4.437,-543.599
2876.3,29.83,52.8,0.0,4.9,2,-382.479,-4.437,-543.660
2876.3,30.00,23.4,0.0,-5.4,2,-384.273,-4.442,-543.710
2876.3,30.03,29.9,0.0,-4.9,2,-385.474,-4.449,-543.715
2883.2,30.03,32.6,0.0,-1.4,2,-387.275,-4.457,-543.665
2883.2,30.12,40.7,0.0,4.9,2,-389.075,-4.461,-543.546
2883.2,30.24,46.2,0.0,10.2,2,-390.276,-4.463,-543.429
2883.2,30.49,52.9,0.0,19.8,2,-392.083,-4.466,-543.199
2890.9,30.67,52.5,0.0,26.4,2,-393.291,-4.468,-543.009
2890.9,30.94,53.6,0.0,34.5,2,-395.108,-4.471,-542.677
2890.9,31.10,55.1,0.0,37.1,2,-396.322,-4.472,-542.424
2890.9,31.37,55.4,0.0,37.7,2,-398.147,-4.474,-541.999
2897.5,31.53,56.3,0.0,35.8,2,-399.364,-4.475,-541.684
2897.5,31.80,54.3,0.0,29.1,2,-401.190,-4.478,-541.162
2897.5,31.95,47.6,0.0,23.7,2,-402.407,-4.481,-540.780
2897.5,32.16,46.2,0.0,16.5,2,-404.226,-4.489,-540.158
2903.9,32.28,43.2,0.0,12.1,2,-405.435,-4.497,-539.709
2903.9,32.46,43.3,0.0,7.5,2,-407.237,-4.510,-538.987
2903.9,32.58,45.6,0.0,5.8,2,-408.431,-4.520,-538.472
2903.9,32.79,50.4,0.0,4.8,2,-410.211,-4.538,-537.651
2910.1,32.96,53.7,0.0,5.3,2,-411.391,-4.552,-537.072
2910.1,33.27,59.8,0.0,7.0,2,-413.152,-4.575,-536.155
2910.1,33.64,68.5,0.0,9.3,2,-414.906,-4.601,-535.181
2910.1,33.92,71.8,0.0,11.2,2,-416.072,-4.619,-534.499
2916.5,34.36,72.4,0.0,14.7,2,-417.816,-4.648,-533.427
2916.5,34.66,73.1,0.0,17.1,2,-418.975,-4.667,-532.680
2916.5,35.10,73.6,0.0,21.2,2,-420.709,-4.697,-531.509
2916.5,35.38,73.2,0.0,22.6,2,-421.859,-4.716,-530.696
2923.2,35.82,74.3,0.0,25.2,2,-423.576,-4.746,-529.427
2923.2,36.10,76.5,0.0,25.8,2,-424.712,-4.764,-528.547
2923.2,36.52,48.4,0.0,25.1,2,-426.404,-4.791,-527.174
2923.2,36.55,14.7,0.0,25.1,2,-427.517,-4.807,-526.226
2930.1,36.43,14.4,0.0,26.7,2,-429.149,-4.830,-524.766
2930.1,36.58,74.7,0.0,24.5,2,-430.211,-4.845,-523.767
2930.1,37.06,86.1,0.0,18.9,2,-431.786,-4.866,-522.219
2930.1,37.39,86.2,0.0,13.4,2,-432.825,-4.878,-521.153
2937.4,37.85,80.6,0.0,5.9,2,-434.368,-4.896,-519.506
2937.4,38.13,75.0,0.0,1.5,2,-435.387,-4.908,-518.379
2937.4,38.52,72.4,0.0,-1.6,2,-436.896,-4.926,-516.647
2937.4,38.80,86.5,0.0,-0.2,2,-437.891,-4.936,-515.464
2944.8,39.27,87.2,0.0,4.4,2,-439.373,-4.952,-513.652
2944.8,39.76,78.6,0.0,8.6,2,-440.844,-4.970,-511.792
2944.8,40.01,71.3,0.0,11.1,2,-441.818,-4.982,-510.527
2952.6,40.41,78.1,0.0,12.1,2,-443.261,-4.999,-508.594
2952.6,40.68,85.9,0.0,11.8,2,-444.210,-5.007,-507.280
2952.6,40.83,0.0,0.0,10.7,0,-445.613,-5.020,-505.273
2952.6,40.95,85.1,0.0,9.8,3,-446.526,-5.029,-503.919
2960.5,41.36,85.4,0.0,7.8,3,-447.872,-5.040,-501.851
2960.5,41.62,85.6,0.0,7.4,3,-448.754,-5.046,-500.447
2960.5,42.03,85.2,0.0,9.7,3,-450.054,-5.051,-498.302
2960.5,42.28,85.2,0.0,10.5,3,-450.903,-5.054,-496.846
2968.7,42.61,79.0,0.0,10.1,3,-452.150,-5.057,-494.626
2968.7,42.88,83.3,0.0,10.1,3,-452.963,-5.060,-493.121
2968.7,43.21,70.2,0.0,10.3,3,-454.149,-5.062,-490.826
2968.7,43.29,26.6,0.0,8.4,3,-454.917,-5.067,-489.276
2977.0,43.42,67.4,0.0,3.9,3,-456.031,-5.079,-486.926
2977.0,43.65,85.4,0.0,2.9,3,-456.746,-5.086,-485.339
2977.0,44.03,84.2,0.0,3.2,3,-457.780,-5.097,-482.923
2977.0,44.31,86.0,0.0,4.9,3,-458.447,-5.106,-481.287
2985.4,44.75,86.2,0.0,7.6,3,-459.412,-5.123,-478.797
2985.4,45.16,86.2,0.0,10.8,3,-460.336,-5.142,-476.264
2985.4,45.43,86.3,0.0,12.7,3,-460.929,-5.158,-474.553
2985.4,45.84,86.4,0.0,14.5,3,-461.784,-5.184,-471.952
2994.2,46.12,86.4,0.0,15.8,3,-462.330,-5.203,-470.197
2994.2,46.50,86.6,0.0,16.9,3,-463.111,-5.234,-467.531
2994.2,46.76,86.6,0.0,16.9,3,-463.605,-5.257,-465.733
2994.2,47.13,86.7,0.0,16.2,3,-464.302,-5.292,-463.005
3003.4,47.38,86.8,0.0,15.8,3,-464.737,-5.318,-461.166
3003.4,47.73,86.9,0.0,14.8,3,-465.340,-5.357,-458.378
3003.4,47.95,87.0,0.0,13.7,3,-465.707,-5.385,-456.501
3003.4,48.28,87.1,0.0,11.6,0,-466.206,-5.426,-453.659
3012.8,48.25,0.0,0.0,10.2,0,-466.499,-5.454,-451.750
3012.8,48.32,78.8,0.0,9.3,4,-466.876,-5.494,-448.880
3012.8,48.52,85.2,0.0,9.8,4,-467.088,-5.520,-446.956
3012.8,48.84,85.4,0.0,12.4,4,-467.348,-5.558,-444.048
3022.3,49.06,85.4,0.0,14.8,4,-467.485,-5.584,-442.095
3022.3,49.37,85.6,0.0,18.5,4,-467.634,-5.623,-439.147
3022.3,49.59,85.7,0.0,20.6,4,-467.698,-5.648,-437.169
3022.3,49.90,85.9,0.0,23.2,4,-467.739,-5.686,-434.186
3032.1,50.21,86.0,0.0,23.7,4,-467.716,-5.724,-431.183
3032.1,50.40,86.2,0.0,22.9,4,-467.663,-5.749,-429.173
3032.1,50.69,86.4,0.0,20.5,4,-467.523,-5.784,-426.144
3032.1,50.87,86.6,0.0,18.4,4,-467.388,-5.807,-424.118
3042.3,51.14,86.8,0.0,13.4,4,-467.122,-5.839,-421.069
3042.3,51.33,86.8,0.0,10.0,4,-466.900,-5.858,-419.032
3042.3,51.61,87.1,0.0,5.5,4,-466.502,-5.884,-415.970
3042.3,51.79,83.8,0.0,3.1,4,-466.193,-5.900,-413.926
3053.2,52.05,85.8,0.0,1.4,4,-465.665,-5.921,-410.857
3053.2,52.24,86.0,0.0,1.5,4,-465.271,-5.936,-408.809
3053.2,52.54,87.5,0.0,4.2,4,-464.622,-5.960,-405.734
3053.2,52.75,87.5,0.0,6.5,4,-464.152,-5.979,-403.682
3064.6,53.06,87.6,0.0,11.1,4,-463.390,-6.011,-400.602
3064.6,53.26,87.7,0.0,14.1,4,-462.843,-6.033,-398.548
3064.6,53.56,87.8,0.0,17.5,4,-461.965,-6.064,-395.466
3064.6,53.75,87.8,0.0,18.1,4,-461.341,-6.082,-393.413
3075.6,54.04,88.0,0.0,16.1,4,-460.348,-6.104,-390.336
3075.6,54.23,88.1,0.0,13.9,4,-459.649,-6.117,-388.288
3075.6,54.51,88.3,0.0,10.0,4,-458.542,-6.138,-385.219
3075.6,54.80,88.4,0.0,7.0,4,-457.366,-6.158,-382.159
3086.4,55.00,88.5,0.0,6.0,4,-456.544,-6.171,-380.123
3086.4,55.29,88.5,0.0,7.8,4,-455.251,-6.186,-377.078
3086.4,55.49,88.6,0.0,8.8,4,-454.351,-6.194,-375.053
3086.4,55.79,88.8,0.0,11.1,4,-452.951,-6.203,-372.024
3097.2,55.99,88.8,0.0,11.0,4,-451.986,-6.211,-370.008
3097.2,56.28,88.9,0.0,9.7,4,-450.492,-6.223,-366.991
3097.2,56.47,89.0,0.0,8.3,4,-449.465,-6.233,-364.984
3097.2,56.75,89.1,0.0,6.8,4,-447.876,-6.246,-361.982
3108.3,56.95,89.2,0.0,6.7,4,-446.785,-6.253,-359.987
3108.3,57.24,89.3,0.0,7.2,4,-445.102,-6.265,-357.004
3108.3,57.43,89.4,0.0,7.4,4,-443.951,-6.273,-355.021
3108.3,57.72,89.5,0.0,7.6,4,-442.178,-6.281,-352.056
3119.6,57.90,89.6,0.0,7.6,4,-440.968,-6.285,-350.087
3119.6,58.18,89.7,0.0,8.3,4,-439.112,-6.293,-347.140
3119.6,58.35,89.7,0.0,7.8,4,-437.846,-6.297,-345.183
3119.6,58.64,89.8,0.0,6.0,4,-435.907,-6.304,-342.258
3131.2,58.89,89.9,0.0,5.4,4,-433.916,-6.304,-339.349
3131.2,58.97,0.0,0.0,4.6,0,-432.563,-6.303,-337.418
3131.2,58.98,88.6,0.0,3.0,5,-430.505,-6.304,-334.543
3131.2,59.14,88.8,0.0,1.7,5,-429.109,-6.302,-332.637
3143.0,59.39,88.8,0.0,1.6,5,-426.983,-6.296,-329.788
3143.0,59.51,89.0,0.0,1.8,5,-425.547,-6.289,-327.893
3143.0,59.79,89.1,0.0,2.1,5,-423.369,-6.278,-325.053
3143.0,59.97,89.1,0.0,1.3,5,-421.902,-6.271,-323.160
3155.0,60.21,89.1,0.0,-0.2,5,-419.683,-6.259,-320.319
3155.0,60.38,89.2,0.0,-1.2,5,-418.192,-6.251,-318.423
3155.0,60.65,89.2,0.0,-0.6,5,-415.943,-6.240,-315.573
3155.0,60.81,89.3,0.0,-0.8,5,-414.437,-6.232,-313.668
3167.1,61.04,89.4,0.0,-1.9,5,-412.170,-6.220,-310.801
3167.1,61.19,89.5,0.0,-2.9,5,-410.656,-6.211,-308.882
3167.1,61.44,89.6,0.0,-3.1,5,-408.382,-6.199,-305.990
3167.1,61.62,89.6,0.0,-2.0,5,-406.867,-6.192,-304.051
3179.4,61.78,89.7,0.0,-1.1,5,-405.355,-6.183,-302.101
3179.4,62.09,89.8,0.0,-0.5,5,-402.337,-6.160,-298.173
3179.4,62.26,89.9,0.0,-0.6,5,-400.828,-6.149,-296.196
3191.8,62.50,90.0,0.0,-0.6,5,-398.565,-6.130,-293.217
3191.8,62.65,90.0,0.0,-0.2,5,-397.054,-6.118,-291.221
3191.8,62.89,90.1,0.0,-0.7,5,-394.785,-6.098,-288.215
3191.8,63.05,90.2,0.0,-0.7,5,-393.271,-6.084,-286.203
3204.3,63.29,90.2,0.0,-0.6,5,-390.996,-6.062,-283.172
3204.3,63.45,90.3,0.0,-0.6,5,-389.478,-6.048,-281.143
3204.3,63.68,90.4,0.0,0.4,5,-387.197,-6.027,-278.087
3204.3,63.83,90.4,0.0,-0.1,5,-385.672,-6.011,-276.043
3217.1,64.07,90.5,0.0,-0.4,5,-383.381,-5.988,-272.967
3217.1,64.21,90.6,0.0,-0.1,5,-381.849,-5.971,-270.909
3217.1,64.44,90.6,0.0,-0.2,5,-379.547,-5.944,-267.812
3217.1,64.59,90.7,0.0,-0.2,5,-378.008,-5.926,-265.740
3296.6,68.69,92.0,0.0,0.2,5,-330.215,-5.127,-201.546
3296.6,68.81,92.0,0.0,-0.0,5,-328.566,-5.094,-199.346
3310.3,68.99,92.1,0.0,-0.2,5,-326.087,-5.042,-196.039
3310.3,69.10,92.2,0.0,-0.1,5,-324.432,-5.006,-193.828
3310.3,69.29,92.2,0.0,-0.1,5,-321.944,-4.950,-190.505
3310.3,69.41,92.3,0.0,-0.1,5,-320.282,-4.913,-188.285
3324.1,69.59,92.3,0.0,-0.1,5,-317.785,-4.858,-184.946
3324.1,69.70,92.3,0.0,-0.1,5,-316.118,-4.821,-182.714
3324.1,69.80,0.0,0.0,-0.1,0,-313.614,-4.765,-179.360
3324.1,69.73,91.4,0.0,-0.2,6,-311.946,-4.728,-177.124
3338.0,69.90,91.5,0.0,-0.4,6,-309.444,-4.673,-173.766
3338.0,70.06,91.5,0.0,-0.2,6,-306.937,-4.617,-170.399
3338.0,70.16,91.6,0.0,-0.2,6,-305.263,-4.579,-168.149
3352.0,70.33,91.6,0.0,0.0,6,-302.750,-4.521,-164.767
3352.0,70.44,91.7,0.0,0.5,6,-301.073,-4.483,-162.506
3352.0,70.60,91.7,0.0,0.5,6,-298.554,-4.423,-159.108
3352.0,70.71,91.7,0.0,0.0,6,-296.872,-4.383,-156.838
3366.2,70.87,91.8,0.0,-0.5,6,-294.343,-4.324,-153.426
3366.2,70.97,91.8,0.0,-0.6,6,-292.654,-4.283,-151.147
3366.2,71.14,91.9,0.0,-0.5,6,-290.116,-4.222,-147.722
3366.2,71.23,91.9,0.0,0.1,6,-288.423,-4.181,-145.434
3380.4,71.40,91.9,0.0,0.2,6,-285.879,-4.121,-141.994
3380.4,71.50,92.0,0.0,-0.1,6,-284.181,-4.081,-139.695
3380.4,71.65,92.0,0.0,0.3,6,-281.631,-4.022,-136.241
3380.4,71.76,92.0,0.0,-0.1,6,-279.927,-3.983,-133.934
3394.8,71.92,92.0,0.0,-0.4,6,-277.366,-3.922,-130.469
3394.8,72.06,92.1,0.0,0.4,6,-274.800,-3.860,-126.995
3394.8,72.16,92.1,0.0,1.0,6,-273.086,-3.818,-124.676
3394.8,72.31,92.2,0.0,1.2,6,-270.510,-3.757,-121.192
3409.2,72.41,92.2,0.0,1.0,6,-268.787,-3.716,-118.867
3409.2,72.55,92.3,0.0,0.2,6,-266.193,-3.653,-115.377
3409.2,72.66,92.3,0.0,0.3,6,-264.458,-3.612,-113.049
3409.2,72.79,92.3,0.0,-0.9,6,-261.846,-3.549,-109.554
3423.7,72.89,92.4,0.0,-1.5,6,-260.100,-3.506,-107.222
3423.7,73.04,92.4,0.0,-1.6,6,-257.479,-3.440,-103.717
3423.7,73.14,92.4,0.0,-1.0,6,-255.733,-3.395,-101.374
3423.7,73.27,92.5,0.0,-0.5,6,-253.117,-3.327,-97.846
3438.4,73.36,92.5,0.0,-0.6,6,-251.377,-3.281,-95.486
3438.4,73.50,92.5,0.0,-0.7,6,-248.772,-3.214,-91.934
3438.4,73.59,92.6,0.0,-0.6,6,-247.037,-3.170,-89.559
3438.4,73.73,92.6,0.0,-0.5,6,-244.439,-3.106,-85.984
3453.1,73.82,92.6,0.0,-0.3,6,-242.708,-3.063,-83.595
3453.1,73.97,92.6,0.0,0.6,6,-240.113,-2.998,-80.000
3453.1,74.10,92.7,0.0,1.7,6,-237.515,-2.935,-76.398
3453.1,74.19,92.7,0.0,1.6,6,-235.779,-2.892,-73.994
3467.9,74.32,92.7,0.0,1.3,6,-233.166,-2.828,-70.386
3467.9,74.41,92.1,0.0,2.0,6,-231.416,-2.785,-67.981
3467.9,74.43,45.9,44.7,3.5,6,-228.776,-2.719,-64.378
3467.9,73.93,0.0,78.1,4.2,6,-227.011,-2.673,-61.989
3482.8,72.58,0.0,88.4,4.2,6,-224.380,-2.604,-58.465
3482.8,71.62,0.0,90.5,3.5,6,-222.640,-2.559,-56.163
3482.8,70.16,0.0,77.3,2.9,6,-220.050,-2.490,-52.787
3482.8,69.31,0.0,56.1,2.9,6,-218.333,-2.445,-50.587
3496.9,68.36,0.0,35.1,3.6,6,-215.761,-2.378,-47.356
3496.9,67.88,0.0,27.1,4.7,6,-214.040,-2.335,-45.244
3496.9,67.30,0.0,15.8,8.2,6,-211.440,-2.270,-42.132
3496.9,67.00,0.0,8.1,7.2,6,-209.691,-2.227,-40.093
3510.4,66.67,0.0,1.2,5.9,6,-207.040,-2.164,-37.085
3510.4,66.50,7.3,0.0,7.1,6,-205.252,-2.121,-35.112
3510.4,66.31,20.2,0.0,7.9,6,-202.535,-2.056,-32.198
3510.4,66.16,20.6,0.0,9.4,6,-199.777,-1.992,-29.337
3523.5,66.05,20.7,10.8,10.3,6,-197.915,-1.950,-27.459
3523.5,65.60,0.0,24.5,10.6,6,-195.092,-1.886,-24.695
3523.5,65.07,0.0,52.3,9.9,6,-193.195,-1.843,-22.893
3523.5,64.23,0.0,4.0,8.6,6,-190.346,-1.777,-20.265
3536.3,64.16,74.8,0.0,8.0,6,-188.431,-1.734,-18.556
3536.3,64.30,88.5,0.0,9.7,6,-185.516,-1.672,-16.037
3536.3,64.39,88.6,0.0,12.4,6,-183.542,-1.636,-14.385
3536.3,64.53,78.0,0.0,16.5,6,-180.538,-1.588,-11.949
3549.0,64.56,62.8,0.0,19.4,6,-178.508,-1.561,-10.355
3549.0,64.60,80.0,0.0,21.1,6,-175.424,-1.528,-8.010
3549.0,64.67,88.3,0.0,21.5,6,-173.340,-1.510,-6.480
3549.0,64.77,89.0,0.0,20.2,6,-170.169,-1.486,-4.240
3562.1,64.83,88.5,0.0,19.1,6,-168.024,-1.469,-2.786
3562.1,64.91,87.5,0.0,18.8,6,-164.758,-1.442,-0.669
3562.1,64.98,74.4,0.0,19.4,6,-161.437,-1.412,1.370
3562.1,64.94,46.2,0.0,19.8,6,-159.195,-1.388,2.681
3575.6,64.79,51.2,0.0,21.3,6,-155.795,-1.351,4.577
3575.6,64.79,68.5,0.0,23.4,6,-153.508,-1.327,5.796
3575.6,64.86,86.9,0.0,26.6,6,-150.046,-1.297,7.565
3575.6,64.86,63.4,0.0,28.1,6,-147.713,-1.278,8.701
3589.6,64.76,42.9,0.0,31.7,6,-144.183,-1.249,10.333
3589.6,64.65,30.6,0.0,34.5,6,-141.812,-1.228,11.371
3589.6,64.46,32.1,0.0,38.3,6,-138.233,-1.194,12.852
3589.6,64.34,32.2,0.0,40.0,6,-135.834,-1.171,13.791
3603.1,64.17,37.0,0.0,41.4,6,-132.217,-1.134,15.125
3603.1,64.06,32.7,0.0,41.6,6,-129.794,-1.111,15.967
3603.1,63.87,28.7,0.0,41.8,6,-126.144,-1.076,17.155
3603.1,63.72,27.9,0.0,41.5,6,-123.703,-1.055,17.898
3616.4,63.50,27.8,0.0,40.4,6,-120.029,-1.022,18.933
3616.4,63.36,27.2,0.0,40.0,6,-117.573,-0.999,19.571
3616.4,63.14,25.1,0.0,40.6,6,-113.881,-0.968,20.450
3629.0,62.89,23.7,0.0,41.5,6,-110.182,-0.936,21.234
3629.0,62.73,18.6,0.0,42.1,6,-107.713,-0.912,21.702
3629.0,62.46,13.3,0.0,43.7,6,-104.009,-0.876,22.325
3629.0,62.27,13.3,0.0,44.8,6,-101.541,-0.853,22.690
3641.2,62.00,13.2,0.0,44.7,0,-97.842,-0.817,23.159
3641.2,61.81,36.9,0.0,43.7,0,-95.380,-0.791,23.419
3641.2,61.50,10.9,0.0,40.9,5,-91.693,-0.751,23.731
3641.2,61.33,15.5,0.0,38.3,5,-89.242,-0.723,23.887
3653.3,61.12,33.4,0.0,33.5,5,-85.572,-0.681,24.045
3653.3,61.02,38.6,0.0,30.0,5,-83.130,-0.653,24.099
3653.3,60.93,52.8,0.0,25.2,5,-79.472,-0.610,24.103
3653.3,60.92,66.6,0.0,22.4,5,-77.036,-0.580,24.054
3665.3,61.01,86.7,0.0,18.4,5,-73.382,-0.534,23.905
3665.3,61.18,90.2,0.0,14.3,5,-69.726,-0.487,23.667
3665.3,61.28,90.2,0.0,11.9,5,-67.285,-0.457,23.464
3665.3,61.49,90.3,0.0,8.5,5,-63.622,-0.413,23.092
3677.5,61.61,90.3,0.0,6.2,5,-61.178,-0.382,22.799
3677.5,61.82,90.3,0.0,4.4,5,-57.510,-0.332,22.297
3677.5,61.97,90.4,0.0,4.5,5,-55.062,-0.297,21.926
3677.5,62.19,90.6,0.0,4.9,5,-51.388,-0.245,21.322
3689.8,62.33,90.6,0.0,4.0,5,-48.936,-0.214,20.893
3689.8,62.57,90.6,0.0,0.7,5,-45.252,-0.170,20.212
3689.8,62.73,90.6,0.0,-1.5,5,-42.792,-0.142,19.737
3689.8,62.96,90.7,0.0,-3.3,5,-39.094,-0.099,19.006
3702.3,63.12,89.8,0.0,-3.9,5,-36.621,-0.073,18.514
3702.3,63.35,90.8,0.0,-4.8,5,-32.899,-0.034,17.783
3702.3,63.58,90.8,0.0,-4.8,5,-29.159,0.002,17.074
3702.3,63.73,90.9,0.0,-4.3,5,-26.655,0.023,16.616
3715.0,63.95,91.0,0.0,-4.5,5,-22.884,0.050,15.956
3715.0,64.03,91.2,0.0,-5.5,5,-20.359,0.067,15.536
3715.0,64.28,91.1,0.0,-6.3,5,-16.556,0.090,14.937
3715.0,64.41,91.2,0.0,-6.5,5,-14.010,0.105,14.563
3727.9,64.60,91.3,0.0,-7.2,5,-10.175,0.129,14.043
3727.9,64.76,91.3,0.0,-7.5,5,-7.607,0.146,13.725
3727.9,64.96,91.3,0.0,-9.2,5,-3.741,0.171,13.294
3727.9,65.08,91.4,0.0,-10.0,5,-1.154,0.190,13.042
3741.1,65.24,91.5,0.0,-10.9,5,2.741,0.221,12.720
3741.1,65.36,91.5,0.0,-11.9,5,5.347,0.244,12.546
3741.1,65.53,91.6,0.0,-12.5,5,9.268,0.283,12.349
3741.1,65.64,91.6,0.0,-12.9,5,11.890,0.311,12.262
3754.5,65.77,91.7,0.0,-12.4,5,15.831,0.356,12.197
3754.5,65.89,91.7,0.0,-12.5,5,18.464,0.389,12.200
3754.5,66.04,91.8,0.0,-12.1,5,22.421,0.442,12.275
3754.5,66.17,91.9,0.0,-10.8,5,26.383,0.501,12.437
3768.0,66.27,91.9,0.0,-9.2,5,29.027,0.543,12.594
3768.0,66.43,92.0,0.0,-8.1,5,32.995,0.604,12.897
3768.0,66.52,92.0,0.0,-9.9,5,35.642,0.640,13.139
3768.0,66.67,92.0,0.0,-12.7,5,39.614,0.690,13.569
3781.8,66.75,92.0,0.0,-14.3,5,42.261,0.725,13.906
3781.8,66.88,92.1,0.0,-16.8,5,46.227,0.779,14.483
3781.8,66.98,92.1,0.0,-17.7,5,48.869,0.816,14.915
3781.8,67.09,91.3,0.0,-17.9,5,52.826,0.871,15.634
3795.7,67.18,91.1,0.0,-17.2,5,55.459,0.908,16.160
3795.7,67.29,92.3,0.0,-15.2,5,59.398,0.965,17.023
3795.7,67.36,92.2,0.0,-13.7,5,62.017,1.004,17.648
3795.7,67.45,92.4,0.0,-11.6,5,65.932,1.062,18.659
3809.6,67.54,92.4,0.0,-9.0,5,69.830,1.120,19.758
3809.6,67.60,92.6,0.0,-7.6,5,72.417,1.158,20.538
3809.6,67.73,92.5,0.0,-6.0,5,76.279,1.217,21.785
3809.6,67.76,92.5,0.0,-5.2,5,78.841,1.256,22.665
3823.4,67.85,92.6,0.0,-5.3,0,82.663,1.314,24.059
3823.4,67.74,0.0,0.0,-6.2,0,85.194,1.352,25.036
3823.4,67.65,77.5,0.0,-7.1,6,88.952,1.410,26.570
3823.4,67.70,91.6,0.0,-8.0,6,91.437,1.450,27.640
3837.2,67.83,91.7,0.0,-10.3,6,95.141,1.509,29.314
3837.2,67.90,91.7,0.0,-11.8,6,97.595,1.549,30.475
3837.2,68.03,91.7,0.0,-13.1,6,101.251,1.611,32.280
3837.2,68.12,91.8,0.0,-13.1,6,103.672,1.654,33.524
3850.8,68.24,91.8,0.0,-11.8,6,107.281,1.717,35.449
3850.8,68.37,91.9,0.0,-9.8,6,110.859,1.781,37.446
3850.8,68.45,91.9,0.0,-8.7,6,113.227,1.823,38.817
3864.5,68.58,91.9,0.0,-8.0,6,116.750,1.887,40.934
3864.5,68.67,91.9,0.0,-8.2,6,119.079,1.929,42.385
3864.5,68.80,92.0,0.0,-9.6,6,122.546,1.991,44.617
3864.5,68.89,92.0,0.0,-10.5,6,124.839,2.030,46.141
3878.1,69.02,92.0,0.0,-10.9,6,128.250,2.088,48.480
3878.1,69.11,92.0,0.0,-10.8,6,130.505,2.125,50.076
3878.1,69.24,92.1,0.0,-10.5,6,133.858,2.179,52.522
3878.1,69.32,92.1,0.0,-10.0,6,136.072,2.212,54.188
3891.9,69.45,92.1,0.0,-9.6,6,139.359,2.260,56.741
3891.9,69.53,92.2,0.0,-9.9,6,141.528,2.289,58.478
3891.9,69.66,92.2,0.0,-10.4,6,144.749,2.328,61.135
3891.9,69.79,92.2,0.0,-9.5,6,147.929,2.357,63.853
3905.8,69.87,92.3,0.0,-7.8,6,150.026,2.373,65.698
3905.8,70.01,92.3,0.0,-5.3,6,153.134,2.394,68.516
3905.8,70.09,92.3,0.0,-4.0,6,155.182,2.406,70.427
3905.8,70.24,92.4,0.0,-2.6,6,158.222,2.422,73.339
3919.8,70.34,92.4,0.0,-2.0,6,160.230,2.432,75.307
3919.8,70.36,26.0,6.0,-1.6,6,163.217,2.447,78.291
3919.8,70.08,0.0,49.9,-1.2,6,165.191,2.457,80.292
3919.8,69.04,0.0,77.2,-0.2,6,168.112,2.474,83.280
3933.7,68.19,0.0,85.1,0.3,6,170.026,2.486,85.250
3933.7,66.79,0.0,89.1,0.9,6,172.845,2.505,88.161
3933.7,65.86,0.0,91.5,1.0,6,174.691,2.520,90.070
3933.7,64.42,30.4,92.4,0.7,0,177.409,2.541,92.881
3946.9,62.97,0.0,92.4,0.4,5,180.070,2.560,95.629
3946.9,62.00,0.0,91.9,0.3,5,181.812,2.573,97.424
3946.9,60.56,0.0,91.5,0.3,5,184.379,2.593,100.061
3946.9,59.63,0.0,92.6,0.4,5,186.060,2.606,101.782
3959.0,58.20,0.0,92.0,0.7,5,188.536,2.623,104.308
3959.0,57.27,0.0,92.6,0.6,5,190.157,2.632,105.956
3959.0,55.82,0.0,91.0,0.3,5,192.543,2.646,108.371
3959.0,54.87,0.0,90.3,-0.0,0,194.104,2.655,109.943
3970.3,53.52,0.0,93.1,-0.1,4,196.404,2.671,112.245
3970.3,52.55,0.0,91.7,-0.1,4,197.910,2.681,113.742
3970.3,51.14,0.0,91.3,-0.1,4,200.125,2.700,115.931
3970.3,49.74,0.0,90.3,0.4,4,202.289,2.722,118.050
3980.5,48.83,0.0,90.8,0.9,4,203.705,2.738,119.425
3980.5,47.47,0.0,90.2,1.9,4,205.788,2.763,121.429
3980.5,46.55,0.0,88.7,2.1,4,207.151,2.779,122.728
3980.5,45.26,39.3,87.0,2.6,0,209.157,2.804,124.618
3989.9,44.40,0.0,85.8,3.1,3,210.471,2.821,125.841
3989.9,43.14,0.0,82.5,3.2,3,212.407,2.843,127.619
3989.9,42.31,0.0,80.4,2.8,3,213.676,2.857,128.766
3989.9,41.12,0.0,77.1,1.4,3,215.547,2.877,130.432
3998.4,40.36,0.0,75.0,0.1,3,216.775,2.888,131.505
3998.4,39.28,42.3,61.8,-1.6,0,218.592,2.903,133.058
3998.4,38.68,0.0,54.5,-2.4,2,219.792,2.911,134.057
3998.4,37.80,0.0,45.6,-3.2,2,221.578,2.920,135.499
4006.2,37.01,0.0,37.7,-3.5,2,223.352,2.927,136.875
4006.2,36.51,0.0,34.0,-3.0,2,224.530,2.930,137.756
4006.2,35.87,0.0,30.5,-0.9,2,226.294,2.933,139.024
4006.2,35.47,0.0,28.7,2.1,2,227.470,2.934,139.834
4013.5,34.91,0.0,27.9,8.2,2,229.232,2.933,140.999
4013.5,34.55,0.0,27.7,11.3,2,230.405,2.931,141.743
4013.5,34.03,0.0,27.3,14.9,2,232.162,2.927,142.816
4013.5,33.69,0.0,27.9,16.4,2,233.331,2.924,143.502
4020.3,33.17,0.0,26.6,16.9,2,235.079,2.917,144.487
4020.3,32.83,0.0,25.8,16.6,2,236.241,2.912,145.114
4020.3,32.34,0.0,23.7,16.5,2,237.981,2.903,146.008
4020.3,32.04,0.0,19.0,16.5,2,239.138,2.897,146.573
4026.7,31.66,0.0,13.1,16.9,2,240.873,2.888,147.375
4026.7,31.35,0.0,9.7,18.8,2,242.610,2.878,148.122
4026.7,31.17,0.0,7.6,20.7,2,243.770,2.872,148.590
4032.7,30.93,0.0,4.4,23.9,2,245.513,2.862,149.246
4080.1,27.39,11.0,0.0,81.5,2,285.044,2.840,147.752
4080.1,27.24,10.9,0.0,78.2,2,286.465,2.868,146.935
4080.1,27.14,10.9,0.0,76.9,2,287.388,2.888,146.361
4080.1,26.98,11.2,0.0,78.6,2,288.737,2.918,145.458
4086.1,26.88,48.3,0.0,79.1,0,289.612,2.938,144.829
4086.1,26.68,6.2,0.0,77.3,1,290.883,2.969,143.846
4086.1,26.51,13.2,0.0,73.3,1,292.103,3.001,142.819
4086.1,26.42,13.7,0.0,70.4,1,292.889,3.024,142.109
4091.6,26.31,15.7,0.0,66.2,1,294.026,3.058,141.010
4091.6,26.25,18.0,0.0,62.3,1,294.757,3.081,140.255
4091.6,26.22,25.8,0.0,54.8,1,295.814,3.115,139.090
4091.6,26.27,35.0,0.0,48.7,1,296.493,3.137,138.291
4096.7,26.49,58.0,0.0,37.9,1,297.478,3.168,137.054
4096.7,26.68,38.4,0.0,29.3,1,298.115,3.188,136.203
4096.7,26.88,44.3,0.0,16.8,1,299.037,3.216,134.889
4096.7,27.05,45.0,0.0,9.9,1,299.631,3.233,133.989
4101.9,27.36,50.8,0.0,3.5,1,300.495,3.258,132.605
4101.9,27.62,59.6,0.0,2.6,1,301.055,3.274,131.660
4101.9,28.11,71.0,0.0,4.8,1,301.877,3.297,130.206
4101.9,28.48,71.3,0.0,7.0,1,302.415,3.311,129.211
4107.3,29.01,70.9,0.0,9.8,1,303.208,3.330,127.682
4146.5,32.66,0.0,64.4,1.4,2,312.306,3.708,88.111
4177.7,22.96,0.0,4.7,-36.4,1,317.187,4.107,57.350
4236.4,26.69,60.2,0.0,-21.0,1,363.578,3.786,45.356
4236.4,27.15,62.1,0.0,-16.7,1,364.947,3.795,46.212
4236.4,27.45,61.1,0.0,-16.0,1,365.857,3.802,46.815
4242.0,27.88,58.8,0.0,-17.1,1,367.217,3.815,47.765
4272.0,34.80,65.6,0.0,-7.3,2,388.068,3.959,73.306
4272.0,35.22,82.9,0.0,-3.0,2,388.922,3.962,75.224
4272.0,35.53,79.5,0.0,-0.9,2,389.476,3.964,76.526
4278.9,36.00,68.3,0.0,-0.0,2,390.284,3.963,78.512
4278.9,36.28,80.6,0.0,-0.9,2,390.809,3.963,79.858
4278.9,36.82,85.1,0.0,-2.8,2,391.579,3.962,81.911
4278.9,37.14,85.0,0.0,-3.8,2,392.083,3.960,83.301
4286.0,37.41,49.6,0.0,-3.8,2,392.825,3.949,85.409
4286.0,37.72,86.4,0.0,-3.6,2,393.540,3.938,87.545
4286.0,38.10,74.5,0.0,-2.5,2,394.004,3.934,88.988
4286.0,38.57,86.3,0.0,-4.0,2,394.686,3.930,91.185
4293.5,38.89,86.6,0.0,-4.3,2,395.133,3.926,92.668
4293.5,39.46,86.4,0.0,-4.5,2,395.791,3.921,94.924
4293.5,39.78,86.5,0.0,-4.9,2,396.221,3.918,96.449
4293.5,40.24,86.8,0.0,-4.0,2,396.850,3.918,98.766
4301.3,40.60,86.7,0.0,-2.3,2,397.262,3.917,100.329
4301.3,41.10,86.7,0.0,-1.6,2,397.869,3.912,102.702
4301.3,41.42,86.9,0.0,-1.0,2,398.266,3.909,104.303
4301.3,41.76,0.0,0.0,-2.4,0,398.849,3.905,106.732
4309.3,41.75,85.2,0.0,-2.8,3,399.228,3.905,108.358
4309.3,42.20,85.3,0.0,-3.4,3,399.787,3.905,110.812
4309.3,42.50,85.6,0.0,-3.5,3,400.156,3.902,112.465
4309.3,42.96,85.5,0.0,-4.5,3,400.700,3.896,114.969
4317.7,43.27,85.6,0.0,-5.2,3,401.056,3.893,116.656
4317.7,43.71,85.7,0.0,-5.9,3,401.578,3.889,119.212
4317.7,44.16,85.9,0.0,-6.4,3,402.082,3.887,121.799
4317.7,44.46,85.9,0.0,-6.6,3,402.408,3.885,123.540
4326.3,44.89,86.1,0.0,-7.7,3,402.876,3.883,126.179
4326.3,45.18,86.1,0.0,-8.6,3,403.174,3.881,127.955
4326.3,45.60,86.2,0.0,-8.9,3,403.595,3.876,130.645
4326.3,45.88,86.3,0.0,-8.8,3,403.857,3.873,132.455
4335.2,46.29,86.4,0.0,-8.4,3,404.217,3.867,135.196
4335.2,46.58,86.5,0.0,-8.2,3,404.436,3.863,137.040
4335.2,46.98,86.6,0.0,-8.0,3,404.728,3.858,139.831
4335.2,47.26,86.6,0.0,-8.2,3,404.900,3.854,141.707
4344.4,47.66,86.7,0.0,-8.7,3,405.123,3.847,144.545
4344.4,47.92,86.8,0.0,-8.7,3,405.249,3.842,146.452
4344.4,48.32,86.8,0.0,-8.0,3,405.399,3.835,149.335
4344.4,48.57,87.0,0.0,-8.1,3,405.475,3.831,151.270
4353.9,48.95,87.2,0.0,-8.9,3,405.550,3.824,154.194
4353.9,49.20,87.3,0.0,-9.4,3,405.574,3.819,156.157
4353.9,49.30,0.0,0.0,-9.7,0,405.570,3.812,159.115
4363.6,49.53,85.5,0.0,-9.4,4,405.513,3.805,162.076
4363.6,49.75,85.7,0.0,-9.9,4,405.445,3.801,164.060
4363.6,50.09,85.9,0.0,-10.8,4,405.300,3.793,167.051
4363.6,50.31,86.0,0.0,-11.2,4,405.173,3.787,169.054
4373.5,50.64,86.2,0.0,-12.0,4,404.933,3.780,172.073
4373.5,50.85,86.3,0.0,-12.6,4,404.740,3.775,174.092
4373.5,51.17,86.5,0.0,-13.1,4,404.401,3.767,177.133
4373.5,51.38,86.6,0.0,-13.3,4,404.139,3.761,179.167
4383.5,51.70,86.7,0.0,-14.3,4,403.693,3.753,182.227
4383.5,51.90,86.8,0.0,-14.9,4,403.359,3.747,184.271
4383.5,52.21,87.0,0.0,-15.1,4,402.801,3.738,187.343
4383.5,52.40,87.2,0.0,-15.0,4,402.390,3.732,189.394
4394.0,52.70,87.3,0.0,-13.9,4,401.713,3.725,192.472
4394.0,52.89,87.4,0.0,-13.9,4,401.220,3.720,194.526
4394.0,53.16,87.6,0.0,-13.4,4,400.421,3.713,197.604
4394.0,53.35,87.7,0.0,-12.1,4,399.845,3.708,199.655
4405.1,53.64,87.8,0.0,-11.4,4,398.916,3.705,202.727
4405.1,53.92,87.9,0.0,-12.4,4,397.909,3.703,205.792
4405.1,54.11,88.0,0.0,-13.5,4,397.197,3.701,207.831
4405.1,54.39,88.1,0.0,-15.6,4,396.067,3.699,210.883
4416.5,54.56,88.2,0.0,-15.9,4,395.270,3.699,212.910
4416.5,54.81,88.4,0.0,-14.5,4,394.010,3.705,215.939
4416.5,55.01,88.4,0.0,-13.7,4,393.129,3.709,217.950
4416.5,55.27,88.5,0.0,-13.1,4,391.746,3.715,220.956
4428.3,55.45,88.6,0.0,-13.2,4,390.783,3.720,222.949
4428.3,55.71,88.7,0.0,-13.4,4,389.276,3.729,225.924
4428.3,55.91,88.7,0.0,-13.6,4,388.232,3.734,227.896
4428.3,56.16,88.9,0.0,-13.9,4,386.608,3.741,230.839
4439.8,56.35,89.0,0.0,-13.5,4,385.489,3.743,232.790
4439.8,56.60,89.1,0.0,-12.6,4,383.754,3.744,235.701
4439.8,56.78,89.2,0.0,-12.9,4,382.559,3.743,237.627
4439.8,57.04,89.3,0.0,-10.5,4,380.708,3.744,240.496
4450.9,57.21,89.3,0.0,-11.0,4,379.435,3.746,242.393
4450.9,57.46,89.4,0.0,-12.3,4,377.468,3.752,245.214
4450.9,57.71,89.6,0.0,-13.9,4,375.433,3.761,248.006
4450.9,57.89,89.6,0.0,-14.6,4,374.041,3.766,249.851
4462.2,58.13,89.7,0.0,-13.2,4,371.899,3.775,252.594
4462.2,58.30,89.8,0.0,-10.6,4,370.435,3.782,254.405
4462.2,58.56,89.9,0.0,-7.4,4,368.188,3.792,257.095
4462.2,58.73,90.0,0.0,-6.6,4,366.657,3.800,258.872
4473.8,58.99,90.0,0.0,-6.2,4,364.313,3.809,261.513
4473.8,59.16,90.1,0.0,-6.0,4,362.722,3.814,263.258
4473.8,59.42,90.2,0.0,-5.8,0,360.293,3.820,265.857
4473.8,59.37,0.0,0.0,-5.7,0,358.650,3.824,267.574
4485.6,59.53,88.8,0.0,-5.4,5,356.158,3.827,270.122
4485.6,59.69,88.9,0.0,-5.2,5,354.473,3.826,271.810
4485.6,59.93,88.5,0.0,-5.5,5,351.912,3.826,274.322
4485.6,60.09,86.3,0.0,-6.0,5,350.181,3.827,275.985
4497.5,60.31,88.3,0.0,-6.5,5,347.553,3.831,278.462
4497.5,60.45,89.2,0.0,-6.5,5,345.780,3.834,280.101
4497.5,60.70,89.4,0.0,-3.8,5,343.086,3.842,282.539
4497.5,60.91,89.4,0.0,-2.3,5,340.353,3.849,284.955
4509.7,61.04,89.6,0.0,-1.1,5,338.510,3.851,286.554
4509.7,61.32,89.6,0.0,0.5,5,335.720,3.849,288.940
4509.7,61.46,89.6,0.0,1.0,5,333.843,3.848,290.521
4509.7,61.73,89.7,0.0,0.8,5,331.006,3.846,292.890
4521.9,61.90,89.7,0.0,0.6,5,329.104,3.846,294.469
4521.9,62.14,89.9,0.0,0.8,5,326.239,3.843,296.842
4521.9,62.29,89.9,0.0,1.0,5,324.323,3.841,298.429
4521.9,62.53,90.0,0.0,0.8,5,321.442,3.840,300.820
4534.3,62.69,90.1,0.0,0.7,5,319.517,3.839,302.422
4534.3,62.93,90.1,0.0,0.6,5,316.625,3.839,304.837
4534.3,63.09,90.2,0.0,0.7,5,314.694,3.841,306.456
4534.3,63.32,90.3,0.0,1.0,5,311.792,3.848,308.897
4546.9,63.48,90.3,0.0,0.4,5,309.854,3.852,310.532
4546.9,63.72,90.4,0.0,-0.2,5,306.942,3.857,312.998
4546.9,63.88,90.4,0.0,-0.2,5,304.997,3.861,314.649
4546.9,64.11,90.5,0.0,0.1,5,302.072,3.869,317.135
4559.6,64.33,90.6,0.0,0.4,5,299.137,3.876,319.631
4559.6,64.48,90.7,0.0,0.6,5,297.176,3.880,321.301
4559.6,64.71,90.8,0.0,0.6,5,294.227,3.884,323.816
4559.6,64.87,90.8,0.0,0.5,5,292.256,3.885,325.498
4572.5,65.09,90.9,0.0,0.6,5,289.295,3.881,328.033
4572.5,65.25,90.9,0.0,0.6,5,287.316,3.876,329.730
4572.5,65.46,91.0,0.0,0.5,5,284.343,3.869,332.286
4572.5,65.61,91.1,0.0,0.5,5,282.358,3.864,333.998
4585.6,65.83,91.1,0.0,0.3,5,279.375,3.855,336.576
4585.6,65.97,91.2,0.0,0.3,5,277.384,3.854,338.303
4585.6,66.18,91.2,0.0,0.4,5,274.392,3.853,340.902
4585.6,66.33,91.2,0.0,0.2,5,272.393,3.853,342.642
4598.8,66.55,91.3,0.0,0.1,5,269.389,3.855,345.262
4666.9,69.78,0.0,0.0,0.0,0,214.995,3.961,393.034
4666.9,69.88,91.5,0.0,-0.0,6,211.852,3.953,395.802
4826.2,75.27,92.9,0.0,-0.1,6,97.808,3.873,497.260
4902.4,77.58,93.5,0.0,0.2,6,34.874,3.363,553.033
4917.9,77.69,93.5,0.0,0.0,6,31.391,3.307,556.125
4917.9,77.75,93.6,0.0,0.1,6,29.069,3.270,558.192
4917.9,77.89,93.6,0.0,0.1,6,25.585,3.210,561.300
4917.9,77.96,93.6,0.0,0.2,6,23.261,3.172,563.377
4933.4,78.08,93.6,0.0,0.3,6,19.773,3.112,566.499
4933.4,78.16,93.7,0.0,0.2,6,17.447,3.071,568.584
4933.4,78.27,93.7,0.0,-0.1,6,13.954,3.011,571.717
4933.4,78.34,93.7,0.0,-0.4,6,11.624,2.971,573.809
4949.1,78.45,93.7,0.0,-0.4,6,8.125,2.913,576.952
4949.1,78.52,93.7,0.0,-0.0,6,5.790,2.875,579.050
4949.1,78.44,0.0,0.0,-0.4,0,2.284,2.821,582.197
4949.1,78.45,86.2,0.0,-0.7,7,-0.051,2.781,584.291
4964.8,78.36,21.5,40.9,-1.1,7,-3.557,2.719,587.431
4964.8,77.78,0.0,71.0,-0.7,7,-5.888,2.679,589.514
4964.8,76.51,0.0,86.4,0.1,7,-9.346,2.622,592.596
4964.8,75.07,0.0,89.9,-0.1,7,-12.746,2.565,595.619
4980.2,74.10,0.0,90.8,-0.2,7,-14.979,2.529,597.601
4980.2,72.64,0.0,91.7,-0.8,0,-18.276,2.480,600.522
4980.2,71.67,26.6,92.1,-1.2,0,-20.439,2.448,602.435
4980.2,70.20,0.0,92.5,-1.2,6,-23.632,2.397,605.254
4994.6,69.21,0.0,91.1,-1.0,6,-25.727,2.363,607.097
5052.5,46.39,0.0,35.9,-1.6,4,-73.570,1.636,645.349
5052.5,45.73,0.0,35.3,-6.1,4,-75.930,1.602,646.790
5061.6,45.31,0.0,33.5,-8.9,4,-77.500,1.581,647.714
5061.6,44.71,0.0,30.5,-11.5,4,-79.848,1.549,649.049
5061.6,44.34,0.0,26.6,-11.9,4,-81.410,1.528,649.906
5061.6,43.86,0.0,18.8,-10.9,4,-83.749,1.496,651.143
5070.3,43.59,0.0,17.9,-11.0,4,-85.309,1.476,651.935
5070.3,43.23,46.5,15.5,-11.4,0,-87.650,1.444,653.078
5070.3,42.86,0.0,24.7,-11.2,3,-89.994,1.412,654.162
5070.3,42.51,0.0,31.8,-11.7,3,-91.557,1.390,654.853
5078.7,41.89,0.0,35.0,-12.2,3,-93.892,1.359,655.836
5078.7,41.47,0.0,26.3,-12.2,3,-95.441,1.338,656.456
5078.7,40.99,0.0,13.3,-12.3,3,-97.754,1.309,657.333
5078.7,40.76,0.0,9.6,-12.8,3,-99.294,1.289,657.883
5087.0,40.49,0.0,5.2,-14.7,3,-101.605,1.260,658.658
5087.0,40.34,0.0,4.0,-16.2,3,-103.147,1.240,659.141
5087.0,40.12,0.0,2.1,-18.0,3,-105.465,1.210,659.816
5087.0,39.99,0.0,1.5,-18.5,3,-107.012,1.191,660.232
5095.3,39.81,0.0,1.8,-19.4,3,-109.336,1.163,660.806
5095.3,39.68,0.0,1.5,-19.7,3,-110.887,1.144,661.154
5095.3,39.49,0.0,1.9,-19.2,3,-113.215,1.115,661.625
5095.3,39.37,0.0,1.7,-19.2,3,-114.768,1.096,661.903
5103.3,39.17,0.0,1.6,-19.6,3,-117.096,1.069,662.266
5103.3,39.05,0.0,1.8,-19.7,3,-118.647,1.052,662.472
5103.3,38.86,0.0,1.4,-19.2,3,-120.971,1.025,662.727
5103.3,38.73,0.0,1.8,-18.6,3,-122.517,1.009,662.860
5111.4,38.55,0.0,1.8,-18.4,3,-124.831,0.986,663.004
5111.4,38.36,0.0,2.0,-19.0,3,-127.137,0.965,663.083
5111.4,38.23,0.0,1.7,-19.4,3,-128.669,0.951,663.101
5111.4,38.05,0.0,1.6,-20.4,3,-130.958,0.931,663.076
5119.5,37.93,0.0,1.4,-20.7,3,-132.476,0.917,663.024
5119.5,37.75,0.0,1.3,-20.5,3,-134.743,0.897,662.895
5119.5,37.63,0.0,1.7,-20.5,3,-136.246,0.884,662.773
5119.5,37.45,0.0,0.6,-21.3,3,-138.486,0.866,662.539
5127.3,37.33,0.2,0.1,-21.7,3,-139.970,0.853,662.349
5127.3,37.15,0.1,0.1,-21.6,3,-142.179,0.835,662.012
5127.3,37.04,0.1,0.0,-21.8,3,-143.640,0.823,661.754
5127.3,36.87,1.6,0.0,-21.8,3,-145.814,0.806,661.315
5135.2,36.76,0.5,0.0,-22.2,3,-147.250,0.795,660.989
5135.2,36.59,2.1,0.0,-23.2,3,-149.384,0.779,660.449
5135.2,36.49,2.0,0.0,-23.8,3,-150.792,0.768,660.057
5135.2,36.32,1.9,0.0,-24.5,3,-152.881,0.752,659.419
5142.8,36.16,1.5,0.0,-25.4,3,-154.941,0.737,658.723
5142.8,36.05,1.3,0.0,-25.9,3,-156.298,0.727,658.227
5142.8,35.89,2.4,0.0,-26.3,3,-158.306,0.712,657.434
5142.8,35.77,1.0,0.8,-26.2,3,-159.625,0.703,656.874
5150.8,35.59,2.3,0.0,-25.2,3,-161.573,0.690,655.985
5150.8,35.49,6.2,0.0,-24.2,3,-162.849,0.683,655.360
5150.8,35.31,4.7,0.0,-22.8,3,-164.731,0.675,654.374
5150.8,35.21,7.3,0.0,-21.3,3,-165.962,0.671,653.684
5158.3,35.11,6.7,0.0,-18.5,0,-167.774,0.668,652.605
5158.3,35.04,44.4,0.0,-18.1,0,-168.959,0.668,651.854
5158.3,34.88,3.6,0.5,-18.8,2,-170.703,0.665,650.687
5158.3,34.75,3.5,0.1,-20.8,2,-171.841,0.661,649.884
5166.3,34.64,21.7,0.0,-25.3,2,-173.509,0.656,648.639
5166.3,34.64,29.4,0.0,-27.7,2,-174.595,0.655,647.779
5166.3,34.71,37.5,0.0,-31.2,2,-176.189,0.657,646.443
5166.3,34.82,44.3,0.0,-33.2,2,-177.230,0.659,645.523
5173.7,35.00,48.2,0.0,-36.0,2,-178.765,0.661,644.100
5173.7,35.19,51.3,0.0,-37.7,2,-180.263,0.665,642.623
5173.7,35.33,54.4,0.0,-39.4,2,-181.242,0.668,641.608
5181.6,35.54,51.3,0.0,-40.8,2,-182.678,0.674,640.041
5181.6,35.65,42.9,0.0,-39.9,2,-183.613,0.678,638.967
5181.6,35.76,46.9,0.0,-37.0,2,-184.973,0.687,637.312
5181.6,35.89,56.1,0.0,-35.6,2,-185.852,0.693,636.181
5189.0,36.19,73.2,0.0,-33.9,2,-187.134,0.703,634.442
5189.0,36.42,59.1,0.0,-33.0,2,-187.967,0.710,633.252
5189.0,36.50,14.3,6.9,-31.5,2,-189.176,0.720,631.427
5189.0,36.33,0.0,8.4,-30.6,2,-189.948,0.728,630.191
5196.3,36.01,6.4,0.1,-29.5,2,-191.045,0.740,628.319
5196.3,35.92,26.9,0.0,-28.2,2,-191.737,0.749,627.058
5196.3,36.00,47.9,0.0,-26.5,2,-192.725,0.760,625.141
5196.3,36.13,54.3,0.0,-25.4,2,-193.352,0.767,623.842
5203.3,36.34,53.4,0.0,-22.3,2,-194.250,0.775,621.863
5203.3,36.45,44.2,0.0,-19.2,2,-194.817,0.779,620.522
5203.3,36.59,43.0,0.0,-13.8,2,-195.621,0.783,618.484
5203.3,36.71,43.1,0.0,-8.6,2,-196.368,0.785,616.416
5210.2,36.79,37.2,0.0,-5.8,2,-196.832,0.785,615.021
5210.2,36.92,52.8,0.0,-3.9,2,-197.479,0.785,612.908
5210.2,37.06,51.2,0.0,-3.8,2,-197.876,0.786,611.482
5210.2,37.28,60.3,0.0,-5.7,2,-198.422,0.787,609.321
5217.4,37.50,67.0,0.0,-7.7,2,-198.753,0.788,607.863
5217.4,37.84,70.2,0.0,-11.6,2,-199.203,0.790,605.648
5217.4,38.09,74.6,0.0,-12.9,2,-199.472,0.791,604.155
5217.4,38.53,83.9,0.0,-13.1,2,-199.831,0.794,601.885
5224.9,38.85,86.4,0.0,-14.1,2,-200.041,0.797,600.353
5224.9,39.31,86.7,0.0,-11.1,2,-200.313,0.804,598.025
5224.9,39.63,86.8,0.0,-7.5,2,-200.466,0.808,596.454
5224.9,40.10,87.1,0.0,-1.5,2,-200.652,0.817,594.071
5232.9,40.42,87.0,0.0,1.6,2,-200.749,0.824,592.464
5232.9,40.91,83.5,0.0,4.7,2,-200.854,0.837,590.027
5232.9,41.06,26.5,19.9,5.5,2,-200.902,0.847,588.388
5232.9,40.61,0.0,38.8,4.5,2,-200.949,0.864,585.934
5241.1,39.91,0.0,57.0,4.8,2,-200.992,0.881,583.517
5241.1,39.25,0.0,65.4,5.4,2,-201.025,0.891,581.933
5241.1,38.25,0.0,58.0,7.0,2,-201.087,0.907,579.606
5241.1,37.63,0.0,49.3,8.4,2,-201.139,0.918,578.089
5248.8,36.84,0.0,39.4,10.5,2,-201.239,0.935,575.856
5248.8,36.38,0.0,31.1,11.9,2,-201.323,0.946,574.394
5248.8,35.84,0.0,21.5,13.5,2,-201.480,0.963,572.233
5248.8,35.54,0.0,17.4,14.7,2,-201.606,0.973,570.810
5256.2,35.17,0.0,10.7,16.9,2,-201.830,0.987,568.701
5256.2,34.96,0.0,7.1,18.0,2,-202.004,0.996,567.308
5256.2,34.71,0.0,5.8,19.8,2,-202.305,1.009,565.240
5256.2,34.54,0.0,5.3,20.1,2,-202.535,1.018,563.874
5263.3,34.31,0.0,6.0,19.2,2,-202.923,1.032,561.845
5263.3,34.14,0.0,5.5,17.7,2,-203.210,1.041,560.506
5263.3,33.91,0.0,4.4,16.9,2,-203.682,1.055,558.519
5263.3,33.76,0.0,12.0,17.0,2,-204.024,1.065,557.210
5270.6,33.37,0.0,33.3,17.3,2,-204.578,1.082,555.271
5270.6,32.77,0.0,28.0,17.8,2,-205.171,1.099,553.377
5270.6,32.35,0.0,45.2,17.8,2,-205.586,1.110,552.141
5270.6,31.61,0.0,33.6,16.7,2,-206.235,1.127,550.334
5277.6,31.21,0.0,25.3,15.8,2,-206.686,1.139,549.161
5277.6,30.73,0.0,18.0,15.4,2,-207.393,1.157,547.442
5277.6,30.47,0.0,12.7,15.3,2,-207.886,1.170,546.321
5277.6,30.17,0.0,10.1,17.3,2,-208.657,1.190,544.674
5285.0,29.99,0.0,11.6,20.0,2,-209.193,1.204,543.596
5285.0,29.68,0.0,12.5,22.3,2,-210.025,1.224,542.011
5285.0,29.47,0.0,13.6,23.4,2,-210.598,1.237,540.975
5285.0,29.15,0.0,10.1,24.8,2,-211.486,1.256,539.456
5291.6,28.97,0.0,7.7,25.2,2,-212.097,1.268,538.467
5291.6,28.73,0.0,5.5,26.0,2,-213.044,1.286,537.018
5291.6,28.58,0.0,4.3,27.0,2,-213.695,1.298,536.075
5291.6,28.38,0.0,1.9,28.6,2,-214.705,1.316,534.696
5297.9,28.21,0.0,0.7,30.3,2,-215.753,1.332,533.360
5297.9,28.11,0.0,0.2,31.5,2,-216.473,1.343,532.494
5297.9,27.95,0.9,0.0,33.6,2,-217.584,1.358,531.232
5297.9,27.85,3.0,0.0,35.2,2,-218.347,1.368,530.417
5304.5,27.71,5.1,0.0,37.1,2,-219.521,1.382,529.233
5304.5,27.63,7.9,0.0,38.5,2,-220.324,1.390,528.472
5304.5,27.53,11.8,0.0,40.6,2,-221.559,1.403,527.371
5304.5,27.48,13.5,0.0,41.8,2,-222.404,1.410,526.665
5310.3,27.42,19.7,0.0,43.6,2,-223.700,1.421,525.650
5310.3,27.42,24.8,0.0,44.9,2,-224.584,1.428,525.001
5310.3,27.45,28.7,0.0,46.8,2,-225.942,1.438,524.070
5310.3,27.48,29.1,0.0,48.4,2,-226.867,1.443,523.479
5316.0,27.52,29.5,0.0,51.7,2,-228.284,1.451,522.634
5316.0,27.54,28.2,0.0,54.6,2,-229.248,1.456,522.100
5316.0,27.53,21.1,0.0,58.8,2,-230.717,1.462,521.346
5316.0,27.50,21.5,0.0,61.3,2,-231.712,1.465,520.874
5321.7,27.46,19.3,0.0,65.1,2,-233.223,1.470,520.214
5321.7,27.39,17.2,0.0,68.9,2,-234.755,1.473,519.614
5321.7,27.33,15.5,0.0,71.3,2,-235.786,1.475,519.247
5327.4,27.23,13.9,0.0,74.1,2,-237.345,1.477,518.748
5327.4,27.15,13.3,0.0,75.3,2,-238.391,1.478,518.450
5327.4,27.03,12.5,0.0,76.8,0,-239.968,1.479,518.056
5327.4,26.94,49.6,0.0,77.5,0,-241.024,1.480,517.828
5333.0,26.74,10.7,0.0,77.0,1,-242.609,1.479,517.542
5333.0,26.64,13.6,0.0,75.6,1,-243.665,1.478,517.388
5333.0,26.53,13.7,0.0,73.3,1,-245.250,1.476,517.211
5333.0,26.45,13.8,0.0,72.5,1,-246.307,1.474,517.130
5338.5,26.34,14.2,0.0,71.0,1,-247.889,1.470,517.062
5338.5,26.27,14.7,0.0,69.8,1,-248.941,1.468,517.052
5338.5,26.18,15.4,0.0,68.1,1,-250.514,1.462,517.089
5338.5,26.13,16.1,0.0,66.8,1,-251.559,1.459,517.148
5343.9,26.06,18.5,0.0,63.8,1,-253.118,1.452,517.289
5343.9,26.04,21.1,0.0,61.2,1,-254.153,1.448,517.415
5343.9,26.06,26.7,0.0,56.7,1,-255.697,1.440,517.656
5343.9,26.16,36.3,0.0,51.6,1,-257.233,1.432,517.957
5349.5,26.31,48.9,0.0,48.4,1,-258.256,1.425,518.190
5349.5,26.65,56.7,0.0,43.2,1,-259.793,1.415,518.589
5349.5,26.90,53.4,0.0,39.2,1,-260.821,1.407,518.889
5349.5,27.20,49.3,0.0,32.6,1,-262.364,1.394,519.389
5355.1,27.38,42.5,0.0,27.9,1,-263.391,1.385,519.758
5355.1,27.63,45.2,0.0,21.5,1,-264.926,1.369,520.363
5355.1,27.81,48.2,0.0,19.2,1,-265.944,1.359,520.800
5355.1,28.15,51.3,0.0,19.1,1,-267.466,1.343,521.507
5360.9,28.38,50.6,0.0,21.3,1,-268.477,1.332,522.011
5360.9,28.69,49.5,0.0,25.9,1,-269.986,1.315,522.818
5360.9,28.90,49.9,0.0,28.6,1,-270.987,1.303,523.388
5360.9,29.22,49.6,0.0,33.1,1,-272.479,1.284,524.289
5367.0,29.42,49.8,0.0,35.9,1,-273.466,1.272,524.921
5367.0,29.72,52.1,0.0,36.6,1,-274.936,1.252,525.913
5367.0,29.92,53.5,0.0,38.7,1,-275.906,1.239,526.606
5367.0,30.25,55.3,0.0,36.2,1,-277.345,1.217,527.694
5373.3,30.59,59.3,0.0,35.2,1,-278.763,1.196,528.843
5373.3,30.83,60.5,0.0,34.5,1,-279.695,1.182,529.642
5373.3,31.17,57.4,0.0,33.4,1,-281.072,1.160,530.890
5373.3,31.39,55.8,0.0,32.9,1,-281.975,1.144,531.756
5380.3,31.68,57.4,0.0,32.6,1,-283.302,1.120,533.104
5380.3,31.86,51.0,0.0,31.5,1,-284.166,1.104,534.035
5380.3,32.10,52.4,0.0,29.9,1,-285.428,1.079,535.479
5380.3,32.27,54.3,0.0,29.6,1,-286.244,1.064,536.474
5387.1,32.54,56.1,0.0,29.7,1,-287.432,1.041,538.012
5387.1,32.72,59.5,0.0,30.1,0,-288.200,1.026,539.067
5387.1,32.67,56.5,0.0,30.6,2,-289.306,1.002,540.688
5387.1,32.82,57.1,0.0,31.3,2,-290.011,0.987,541.791
5394.7,33.09,57.8,0.0,33.1,2,-291.028,0.963,543.486
5394.7,33.27,57.5,0.0,32.8,2,-291.678,0.947,544.642
5394.7,33.55,62.6,0.0,31.8,2,-292.611,0.924,546.416
5394.7,33.75,62.0,0.0,31.0,2,-293.203,0.910,547.625
5402.0,34.08,63.9,0.0,29.8,2,-294.049,0.888,549.475
5402.0,34.36,62.3,0.0,27.6,2,-294.841,0.866,551.368
5402.0,34.52,44.3,0.0,25.4,2,-295.339,0.851,552.652
5402.0,34.66,52.8,0.0,23.6,2,-296.032,0.828,554.608
5410.1,34.80,53.7,0.0,22.8,2,-296.457,0.814,555.931
5410.1,34.97,45.0,0.0,18.1,2,-297.036,0.794,557.941
5410.1,35.11,58.7,0.0,15.0,2,-297.383,0.783,559.298
5410.1,35.42,63.8,0.0,11.9,2,-297.851,0.765,561.361
5417.6,35.65,69.6,0.0,10.1,2,-298.129,0.753,562.754
5417.6,36.07,71.6,0.0,6.0,2,-298.498,0.735,564.872
5417.6,36.37,83.3,0.0,5.0,2,-298.711,0.724,566.305
5417.6,36.90,86.0,0.0,4.9,2,-298.986,0.710,568.484
5425.7,37.29,86.0,0.0,6.6,2,-299.144,0.701,569.958
5425.7,37.81,86.1,0.0,10.1,2,-299.344,0.690,572.201
5425.7,38.18,86.2,0.0,11.5,2,-299.454,0.683,573.716
5425.7,38.69,85.8,0.0,13.3,2,-299.585,0.675,576.018
5433.5,39.03,85.0,0.0,13.9,2,-299.649,0.672,577.571
5433.5,39.51,81.7,0.0,14.1,2,-299.709,0.668,579.925
5433.5,39.93,77.8,0.0,13.3,2,-299.720,0.666,582.308
5433.5,40.20,75.8,0.0,12.5,2,-299.698,0.664,583.910
5441.5,40.58,75.3,0.0,11.7,2,-299.621,0.661,586.331
5441.5,40.84,76.8,0.0,11.9,2,-299.538,0.658,587.957
5441.5,41.24,82.1,0.0,12.7,0,-299.366,0.652,590.412
5441.5,41.23,0.0,0.0,14.1,0,-299.219,0.647,592.056
5449.5,41.50,85.3,0.0,14.9,3,-298.947,0.640,594.519
5449.5,41.80,85.3,0.0,14.8,3,-298.734,0.633,596.171
5449.5,42.23,85.5,0.0,15.2,3,-298.365,0.622,598.664
5449.5,42.52,85.6,0.0,15.2,3,-298.086,0.615,600.335
5457.7,42.93,85.7,0.0,17.9,3,-297.618,0.600,602.855
5457.7,43.20,85.9,0.0,18.9,3,-297.272,0.588,604.541
5457.7,43.58,51.4,0.0,17.2,3,-296.702,0.569,607.082
5457.7,43.58,15.0,0.0,17.3,3,-296.282,0.556,608.774
5466.1,43.77,82.4,0.0,14.6,3,-295.598,0.536,611.301
5466.1,44.06,81.3,0.0,13.5,3,-295.107,0.520,612.987
5466.1,44.42,79.6,0.0,11.0,3,-294.318,0.494,615.520
5474.9,44.76,78.2,0.0,5.8,3,-293.465,0.465,618.055
5474.9,45.00,77.1,0.0,2.7,3,-292.861,0.443,619.745
5474.9,45.34,75.0,0.0,1.0,3,-291.910,0.409,622.282
5474.9,45.59,73.3,0.0,1.9,3,-291.248,0.384,623.976
5483.9,45.94,72.8,0.0,3.4,3,-290.217,0.349,626.520
5483.9,46.11,73.5,0.0,4.7,3,-289.508,0.327,628.219
5483.9,46.48,72.4,0.0,5.3,3,-288.422,0.287,630.774
5483.9,46.65,72.7,0.0,5.1,3,-287.682,0.255,632.483
5493.1,46.98,73.6,0.0,3.0,3,-286.550,0.202,635.050
5493.1,47.21,74.0,0.0,1.9,3,-285.777,0.165,636.767
5493.1,47.52,77.2,0.0,2.7,3,-284.591,0.111,639.348
5493.1,47.73,78.1,0.0,3.5,3,-283.782,0.079,641.072
5502.5,48.11,74.5,0.0,5.4,3,-282.545,0.034,643.668
5502.5,48.32,75.7,0.0,5.4,3,-281.704,0.005,645.403
5502.5,48.65,74.7,0.0,4.3,3,-280.419,-0.038,648.012
5502.5,48.85,75.6,0.0,3.8,3,-279.547,-0.064,649.755
5512.1,49.17,77.8,0.0,3.3,3,-278.216,-0.106,652.376
5512.1,49.51,78.2,0.0,2.7,3,-276.859,-0.148,655.006
5512.1,49.61,0.0,0.0,2.4,0,-275.938,-0.171,656.761
5512.1,49.69,73.1,0.0,1.7,4,-274.538,-0.202,659.388
5522.0,49.88,77.6,0.0,2.7,4,-273.590,-0.218,661.139
5522.0,50.19,77.9,0.0,4.9,4,-272.144,-0.232,663.769
5522.0,50.35,71.9,0.0,6.5,4,-271.166,-0.238,665.526
5522.0,50.63,71.2,0.0,6.3,4,-269.678,-0.253,668.163
5532.1,50.81,71.3,0.0,5.4,4,-268.668,-0.266,669.922
5532.1,51.07,71.5,0.0,4.9,4,-267.121,-0.284,672.557
5532.1,51.24,71.6,0.0,4.9,4,-266.068,-0.296,674.312
5532.1,51.50,71.8,0.0,5.0,4,-264.457,-0.312,676.939
5542.3,51.67,71.9,0.0,5.1,4,-263.362,-0.322,678.688
5542.3,51.93,72.1,0.0,5.2,4,-261.691,-0.334,681.307
5542.3,52.10,72.3,0.0,5.0,4,-260.556,-0.341,683.051
5542.3,52.35,72.6,0.0,4.3,4,-258.826,-0.349,685.663
5552.6,52.53,72.7,0.0,3.0,4,-257.654,-0.353,687.402
5552.6,52.79,72.9,0.0,2.0,4,-255.871,-0.357,690.010
5552.6,53.04,72.8,0.0,1.4,4,-254.061,-0.362,692.617
5552.6,53.21,73.1,0.0,1.3,4,-252.842,-0.365,694.357
5563.2,53.47,73.4,0.0,1.2,4,-250.996,-0.369,696.971
5563.2,53.64,73.4,0.0,1.2,4,-249.755,-0.373,698.717
5563.2,53.91,73.8,0.0,1.9,4,-247.880,-0.380,701.342
5563.2,54.08,74.0,0.0,2.2,4,-246.620,-0.385,703.096
5573.8,54.33,74.3,0.0,2.6,4,-244.715,-0.393,705.731
5573.8,54.49,74.6,0.0,2.9,4,-243.433,-0.399,707.490
5573.8,54.75,75.2,0.0,3.2,4,-241.493,-0.406,710.130
5573.8,54.91,75.4,0.0,3.5,4,-240.186,-0.410,711.891
5584.6,55.17,75.8,0.0,3.8,4,-238.205,-0.415,714.532
5584.6,55.33,76.0,0.0,3.9,4,-236.868,-0.418,716.292
5584.6,55.58,76.5,0.0,4.2,4,-234.840,-0.421,718.929
5584.6,55.75,76.7,0.0,4.3,4,-233.472,-0.422,720.685
5595.7,55.99,77.1,0.0,4.4,4,-231.393,-0.424,723.314
5595.7,56.16,77.3,0.0,4.6,4,-229.989,-0.425,725.063
5595.7,56.40,77.6,0.0,4.7,4,-227.856,-0.426,727.681
5595.7,56.56,77.8,0.0,4.7,4,-226.415,-0.425,729.420
5607.1,56.80,78.1,0.0,4.9,4,-224.226,-0.422,732.021
5607.1,57.04,78.6,0.0,4.9,4,-222.001,-0.418,734.612
5607.1,57.12,78.7,0.0,4.9,4,-221.252,-0.416,735.473
5607.1,57.44,79.4,0.0,5.1,4,-218.215,-0.405,738.904
5618.6,57.60,79.9,0.0,5.0,4,-216.672,-0.397,740.611
5618.6,57.84,80.5,0.0,4.7,4,-214.328,-0.382,743.159
5618.6,58.00,80.8,0.0,4.6,4,-212.746,-0.370,744.851
5618.6,58.24,81.2,0.0,4.4,4,-210.342,-0.351,747.377
5630.5,58.39,81.4,0.0,4.3,4,-208.720,-0.337,749.052
5630.5,58.63,82.1,0.0,4.1,4,-206.258,-0.315,751.554
5630.5,58.79,82.6,0.0,3.9,4,-204.597,-0.298,753.214
5630.5,59.03,83.0,0.0,4.2,4,-202.078,-0.270,755.692
5642.4,59.18,83.2,0.0,4.4,4,-200.381,-0.252,757.337
5642.4,59.43,83.7,0.0,4.9,4,-197.809,-0.228,759.795
5642.4,59.58,86.1,0.0,4.7,0,-196.076,-0.212,761.427
5642.4,59.53,79.6,0.0,4.3,5,-193.456,-0.191,763.856
5654.6,59.73,79.2,0.0,4.4,5,-190.810,-0.175,766.263
5654.6,59.87,77.2,0.0,4.5,5,-189.029,-0.169,767.859
5654.6,60.05,76.5,0.0,4.4,5,-186.331,-0.164,770.238
5654.6,60.17,76.7,0.0,4.4,5,-184.515,-0.161,771.813
5666.7,60.35,76.9,0.0,4.5,5,-181.764,-0.155,774.158
5666.7,60.48,77.1,0.0,4.3,5,-179.912,-0.151,775.710
5666.7,60.66,77.4,0.0,4.8,5,-177.108,-0.143,778.021
5666.7,60.78,77.4,0.0,5.1,5,-175.221,-0.140,779.550
5679.0,60.98,77.5,0.0,5.6,5,-172.365,-0.136,781.827
5679.0,61.10,77.5,0.0,6.1,5,-170.443,-0.136,783.332
5679.0,61.28,77.6,0.0,6.0,5,-167.532,-0.139,785.569
5679.0,61.39,77.9,0.0,6.0,5,-165.573,-0.140,787.045
5691.6,61.57,78.2,0.0,5.9,5,-162.603,-0.140,789.233
5691.6,61.68,78.4,0.0,5.9,5,-160.604,-0.139,790.674
5691.6,61.87,78.4,0.0,6.4,5,-157.574,-0.136,792.810
5691.6,61.98,78.4,0.0,6.8,5,-155.536,-0.136,794.216
5704.1,62.16,78.6,0.0,6.2,5,-152.449,-0.137,796.298
5704.1,62.33,79.0,0.0,5.2,5,-149.325,-0.133,798.345
5704.1,62.45,79.2,0.0,5.2,5,-147.223,-0.129,799.690
5716.9,62.62,79.1,0.0,5.9,5,-144.042,-0.119,801.678
5716.9,62.76,79.0,0.0,5.6,5,-141.905,-0.116,802.988
5716.9,62.92,79.3,0.0,5.5,5,-138.672,-0.114,804.926
5716.9,63.04,79.7,0.0,5.5,5,-136.498,-0.114,806.197
5729.8,63.21,79.8,0.0,5.3,5,-133.207,-0.110,808.071
5729.8,63.31,79.7,0.0,6.5,5,-130.995,-0.108,809.299
5729.8,63.50,80.0,0.0,7.2,5,-127.651,-0.108,811.112
5729.8,63.60,80.7,0.0,7.2,5,-125.403,-0.107,812.297
5742.6,63.78,80.4,0.0,7.0,5,-122.003,-0.104,814.040
5742.6,63.87,81.0,0.0,6.9,5,-119.718,-0.103,815.178
5742.6,64.05,81.2,0.0,6.6,5,-116.263,-0.099,816.847
5742.6,64.14,81.6,0.0,7.1,5,-113.942,-0.097,817.935
5755.6,64.32,81.5,0.0,7.6,5,-110.433,-0.095,819.528
5755.6,64.43,81.6,0.0,7.9,5,-108.076,-0.092,820.565
5755.6,64.59,82.0,0.0,8.0,5,-104.515,-0.087,822.079
5755.6,64.74,82.2,0.0,7.5,5,-100.922,-0.081,823.545
5768.6,64.86,82.4,0.0,7.5,5,-98.510,-0.077,824.495
5768.6,65.01,82.8,0.0,7.2,5,-94.868,-0.071,825.877
5768.6,65.13,82.9,0.0,7.5,5,-92.423,-0.067,826.769
5768.6,65.29,82.8,0.0,7.7,5,-88.732,-0.062,828.067
5781.7,65.39,83.2,0.0,7.2,5,-86.257,-0.059,828.903
5781.7,65.54,83.6,0.0,6.7,5,-82.519,-0.053,830.110
5781.7,65.65,84.6,0.0,6.8,5,-80.013,-0.048,830.886
5781.7,65.82,86.3,0.0,6.9,5,-76.231,-0.041,832.005
5794.7,65.94,87.4,0.0,7.0,5,-73.696,-0.037,832.723
5794.7,66.11,88.6,0.0,7.3,5,-69.871,-0.030,833.755
5794.7,66.24,89.1,0.0,7.2,5,-67.308,-0.024,834.415
5794.7,66.42,90.0,0.0,5.3,5,-63.442,-0.015,835.360
5807.9,66.55,90.4,0.0,4.9,5,-60.852,-0.009,835.962
5807.9,66.74,91.1,0.0,4.1,5,-56.948,0.003,836.825
5807.9,66.88,91.3,0.0,3.7,5,-54.333,0.013,837.375
5807.9,67.07,91.3,0.0,3.7,5,-50.394,0.030,838.167
5821.1,67.27,91.4,0.0,3.7,5,-46.436,0.049,838.923
5821.1,67.40,91.5,0.0,3.7,5,-43.787,0.064,839.408
5821.1,67.59,91.5,0.0,3.8,5,-39.799,0.087,840.110
5821.1,67.72,91.5,0.0,3.5,5,-37.131,0.101,840.561
5834.6,67.91,91.6,0.0,3.5,5,-33.114,0.123,841.211
5834.6,68.05,91.6,0.0,3.5,5,-30.427,0.138,841.626
5834.6,68.23,91.7,0.0,2.3,5,-26.384,0.162,842.223
5834.6,68.35,91.7,0.0,1.9,5,-23.679,0.181,842.604
5848.2,68.54,91.8,0.0,1.5,5,-19.609,0.210,843.152
5848.2,68.67,91.8,0.0,1.3,5,-16.888,0.229,843.504
5848.2,68.86,91.9,0.0,0.7,5,-12.795,0.253,844.017
5848.2,68.97,91.9,0.0,0.4,5,-10.059,0.271,844.351
5862.0,69.15,92.0,0.0,0.1,5,-5.945,0.299,844.840
5862.0,69.28,92.1,0.0,-0.0,5,-3.195,0.317,845.162
5862.0,69.46,92.1,0.0,-0.1,5,0.939,0.346,845.642
5862.0,69.49,0.0,0.0,-0.2,0,3.700,0.361,845.961
6.7,69.48,91.2,0.0,-0.2,6,7.839,0.385,846.438
