opponent,v3,Paul di Resta,0,1771613671539
Game,version,date,track,car,event,laptime [s],S1 [s],S2 [s],S3 [s],S4+ [s]
LMU,1.2,2026-02-20 18:54:31,Silverstone Grand Prix Circuit - ELMS,Peugeot TotalEnergies 2025 #93:LM (Hyper),Live,108.640,0,0,0
Tracklen [m],TotalLaps
5869.1,14
,
,
lapdistance [m],speed [m/s],throttle [%],brake [%],steer [%],gear [int],world_x [m],world_y [m],world_z [m]
142.6,73.22,78.6,0.0,0.1,6,147.476,1.423,861.234
216.6,75.44,58.6,0.0,0.4,6,225.893,1.906,869.108
231.7,75.57,58.7,0.0,0.5,6,230.399,1.937,869.581
231.7,75.64,58.7,0.0,0.5,6,233.406,1.959,869.893
231.7,75.67,27.2,4.3,0.6,6,237.923,1.993,870.357
231.7,75.43,2.5,54.7,0.7,6,240.932,2.015,870.660
246.8,74.44,0.0,78.7,0.8,6,245.410,2.041,871.105
246.8,73.63,0.0,83.0,0.9,6,248.359,2.056,871.392
246.8,72.36,0.0,84.2,1.2,6,252.722,2.079,871.807
246.8,71.09,0.0,85.1,1.5,6,257.010,2.102,872.201
261.3,70.23,0.0,85.0,1.6,6,259.827,2.118,872.451
261.3,68.96,0.0,85.2,1.9,6,263.991,2.142,872.803
261.3,68.13,0.0,86.0,2.1,6,266.725,2.157,873.022
261.3,66.84,0.0,85.3,2.4,6,270.766,2.178,873.323
274.9,66.01,0.0,85.8,2.5,6,273.419,2.190,873.504
274.9,64.74,0.0,85.1,2.8,6,277.337,2.206,873.743
274.9,63.92,27.0,85.7,2.9,0,279.908,2.216,873.878
274.9,62.67,0.0,84.2,2.7,5,283.705,2.230,874.043
287.7,61.86,0.0,77.6,2.9,5,286.195,2.240,874.126
287.7,60.71,0.0,65.3,2.6,5,289.873,2.251,874.208
287.7,60.04,0.0,56.4,2.4,5,292.289,2.260,874.232
287.7,59.21,0.0,32.8,3.3,5,295.867,2.277,874.216
299.6,58.82,0.0,20.6,4.5,5,298.227,2.287,874.172
299.6,58.39,0.0,18.0,6.4,5,301.742,2.303,874.054
299.6,57.98,0.0,13.8,8.1,5,305.229,2.320,873.873
299.6,57.75,0.0,8.5,8.6,5,307.539,2.333,873.719
311.2,57.46,0.0,6.2,8.7,5,310.983,2.354,873.433
311.2,57.28,0.0,6.1,8.9,5,313.267,2.369,873.207
311.2,57.03,0.0,1.2,9.5,5,316.674,2.391,872.814
311.2,56.89,2.7,0.0,10.0,5,318.933,2.405,872.516
322.4,56.69,0.1,2.9,10.6,5,322.303,2.426,872.012
322.4,56.52,0.0,8.8,9.8,5,324.537,2.439,871.637
322.4,56.22,0.0,11.5,9.3,5,327.863,2.458,871.022
322.4,56.00,0.0,13.0,9.9,5,330.063,2.469,870.576
391.4,54.85,27.9,0.0,23.7,5,382.379,2.756,848.113
391.4,54.82,26.4,0.0,23.1,5,385.059,2.771,846.205
391.4,54.80,29.1,0.0,22.9,5,386.820,2.781,844.899
391.4,54.79,33.4,0.0,22.1,5,389.420,2.796,842.888
402.8,54.80,33.8,0.0,21.3,5,391.127,2.807,841.513
402.8,54.80,30.7,0.0,20.7,5,393.647,2.823,839.400
402.8,54.80,31.8,0.0,20.2,5,396.117,2.839,837.230
402.8,54.82,36.1,0.0,19.5,5,397.736,2.849,835.752
414.2,54.89,41.2,0.0,18.3,5,400.121,2.866,833.485
414.2,54.91,29.5,0.0,17.7,5,401.685,2.877,831.943
414.2,54.90,32.2,0.0,16.6,5,403.986,2.894,829.585
414.2,54.97,46.9,0.0,15.6,5,405.490,2.905,827.984
425.4,55.11,50.8,0.0,14.2,5,407.706,2.920,825.537
425.4,55.18,39.2,0.0,13.9,5,409.157,2.929,823.876
425.4,55.24,32.7,0.0,14.1,5,411.293,2.940,821.343
425.4,55.38,51.0,0.0,13.5,5,413.378,2.949,818.762
436.4,55.48,51.3,0.0,12.9,5,414.739,2.957,817.013
436.4,55.67,51.5,0.0,12.6,5,416.741,2.972,814.346
436.4,55.79,51.6,0.0,12.7,5,418.050,2.980,812.542
436.4,55.95,39.5,0.0,13.2,5,419.976,2.989,809.798
447.3,56.07,49.6,0.0,13.6,5,421.848,3.000,807.008
447.3,56.19,52.0,0.0,13.5,5,423.067,3.010,805.123
447.3,56.37,52.2,0.0,12.6,5,424.850,3.026,802.256
458.2,56.55,52.4,0.0,11.7,5,426.577,3.046,799.342
458.2,56.67,52.5,0.0,11.5,5,427.696,3.061,797.375
458.2,56.87,52.6,0.0,11.4,5,429.331,3.083,794.387
458.2,56.99,52.7,0.0,11.3,5,430.389,3.099,792.370
469.3,57.19,52.9,0.0,11.6,5,431.930,3.126,789.312
469.3,57.31,52.7,0.0,11.2,5,432.928,3.141,787.252
469.3,57.51,53.2,0.0,10.0,5,434.381,3.162,784.128
469.3,57.63,53.5,0.0,9.7,5,435.317,3.181,782.025
480.8,57.81,53.4,0.0,8.8,5,436.673,3.213,778.840
480.8,57.90,54.0,0.0,7.5,5,437.550,3.232,776.699
480.8,58.12,54.4,0.0,3.7,5,438.831,3.247,773.464
480.8,58.26,54.0,0.0,2.5,5,439.655,3.255,771.287
492.2,58.45,54.1,0.0,3.8,5,440.839,3.274,767.992
492.2,58.58,54.4,0.0,5.1,5,441.597,3.292,765.778
492.2,58.81,54.4,0.0,6.6,5,442.700,3.321,762.434
492.2,58.96,54.4,0.0,6.2,5,443.416,3.339,760.191
503.8,59.10,45.4,0.0,4.1,5,444.458,3.367,756.806
503.8,59.27,53.2,0.0,2.5,5,445.462,3.393,753.400
503.8,59.41,54.9,0.0,1.9,5,446.111,3.409,751.117
503.8,59.64,54.8,0.0,2.1,5,447.059,3.434,747.675
515.5,59.78,54.6,0.0,3.1,5,447.676,3.453,745.368
515.5,59.98,54.9,0.0,4.0,5,448.581,3.481,741.891
515.5,60.14,55.2,0.0,4.5,5,449.171,3.500,739.563
515.5,60.39,55.2,0.0,4.4,5,450.035,3.527,736.053
527.5,60.50,55.4,0.0,4.1,5,450.593,3.547,733.701
527.5,60.67,56.0,0.0,3.9,5,451.399,3.581,730.157
527.5,60.90,55.8,0.0,3.6,5,452.171,3.605,726.593
527.5,61.04,55.7,0.0,3.4,5,452.665,3.619,724.205
539.6,61.25,55.6,0.0,3.1,5,453.372,3.645,720.605
539.6,61.39,55.9,0.0,3.1,5,453.822,3.665,718.194
539.6,61.61,56.0,0.0,3.0,5,454.470,3.693,714.563
539.6,61.75,56.1,0.0,2.7,5,454.887,3.708,712.131
551.8,61.96,56.2,0.0,2.0,5,455.487,3.731,708.469
551.8,62.10,56.3,0.0,1.8,5,455.871,3.750,706.018
551.8,62.31,56.5,0.0,1.3,5,456.429,3.781,702.328
551.8,62.46,56.5,0.0,1.2,5,456.791,3.800,699.860
564.2,62.67,56.6,0.0,1.0,5,457.321,3.830,696.144
564.2,62.81,56.7,0.0,0.8,5,457.667,3.851,693.658
564.2,63.03,56.7,0.0,0.7,5,458.177,3.884,689.918
564.2,63.24,56.8,0.0,0.8,5,458.678,3.915,686.164
576.6,63.38,56.9,0.0,0.8,5,459.008,3.937,683.654
576.6,63.59,57.0,0.0,0.9,5,459.497,3.969,679.878
576.6,63.73,57.1,0.0,1.0,5,459.819,3.990,677.352
576.6,63.93,57.2,0.0,1.0,5,460.296,4.022,673.553
589.2,64.07,57.3,0.0,0.9,5,460.610,4.043,671.012
589.2,64.28,57.3,0.0,0.9,5,461.073,4.075,667.190
589.2,64.41,57.4,0.0,0.9,5,461.378,4.097,664.635
589.2,64.62,57.5,0.0,1.0,5,461.827,4.128,660.791
602.1,64.75,57.6,0.0,1.0,5,462.121,4.149,658.220
602.1,64.95,57.7,0.0,1.0,5,462.553,4.181,654.354
602.1,65.09,57.7,0.0,1.0,5,462.835,4.204,651.769
602.1,65.29,57.8,0.0,1.0,5,463.250,4.238,647.880
615.0,65.49,57.9,0.0,1.1,5,463.654,4.271,643.978
615.0,65.62,57.9,0.0,1.1,5,463.917,4.292,641.369
615.0,65.82,58.0,0.0,1.2,5,464.301,4.324,637.445
615.0,65.95,58.0,0.0,1.1,5,464.550,4.345,634.822
628.1,66.14,58.1,0.0,1.1,5,464.914,4.378,630.876
628.1,66.27,58.1,0.0,1.1,5,465.149,4.400,628.239
628.1,66.47,58.2,0.0,1.0,5,465.492,4.431,624.272
628.1,66.59,58.2,0.0,1.0,5,465.714,4.451,621.621
641.4,66.78,58.3,0.0,0.9,5,466.037,4.483,617.633
641.4,66.91,58.3,0.0,0.8,5,466.245,4.503,614.968
641.4,67.09,58.3,0.0,0.7,5,466.548,4.535,610.960
654.7,67.28,58.3,0.0,0.8,5,466.841,4.567,606.940
654.7,67.46,58.4,0.0,0.8,5,467.124,4.599,602.908
654.7,67.59,58.4,0.0,0.7,5,467.308,4.620,600.214
654.7,67.77,58.4,0.0,0.6,5,467.578,4.650,596.162
668.3,67.89,58.5,0.0,0.6,5,467.753,4.671,593.455
668.3,68.07,58.5,0.0,0.6,5,468.009,4.702,589.384
668.3,68.19,58.6,0.0,0.6,5,468.176,4.721,586.665
668.3,68.37,58.6,0.0,0.6,5,468.420,4.749,582.576
681.9,68.49,58.6,0.0,0.6,5,468.579,4.767,579.843
681.9,68.67,58.7,0.0,0.5,5,468.811,4.792,575.735
681.9,68.78,58.7,0.0,0.5,5,468.961,4.807,572.991
681.9,68.96,58.8,0.0,0.5,5,469.182,4.828,568.865
695.7,69.08,58.8,0.0,0.4,5,469.325,4.840,566.108
695.7,69.25,58.9,0.0,-0.3,5,469.536,4.857,561.964
695.7,69.42,58.9,0.0,-0.2,5,469.743,4.873,557.809
695.7,69.54,58.9,0.0,-0.2,5,469.881,4.884,555.034
709.6,69.71,59.0,0.0,-0.3,5,470.089,4.898,550.862
709.6,69.82,59.0,0.0,0.0,5,470.230,4.906,548.075
709.6,69.99,59.1,0.0,-0.3,5,470.444,4.916,543.887
709.6,70.11,59.1,0.0,-0.6,5,470.590,4.921,541.089
723.6,70.27,59.1,0.0,-0.3,5,470.812,4.928,536.883
723.6,70.38,59.2,0.0,0.1,5,470.963,4.931,534.075
723.6,70.55,59.2,0.0,0.4,5,471.193,4.935,529.853
723.6,70.66,59.2,0.0,0.6,5,471.347,4.936,527.033
737.8,70.83,59.2,0.0,0.4,5,471.577,4.934,522.795
737.8,70.94,59.2,0.0,0.2,5,471.728,4.932,519.964
737.8,71.10,59.3,0.0,0.1,5,471.952,4.926,515.710
737.8,71.20,59.3,0.0,0.2,5,472.099,4.922,512.868
752.1,71.37,59.3,0.0,0.2,5,472.318,4.915,508.596
752.1,71.53,59.3,0.0,0.2,5,472.534,4.904,504.315
752.1,71.63,59.3,0.0,0.2,5,472.678,4.895,501.456
752.1,71.79,59.4,0.0,0.2,5,472.892,4.877,497.159
766.4,71.90,59.4,0.0,0.1,5,473.033,4.864,494.289
766.4,72.05,59.4,0.0,0.1,5,473.243,4.841,489.976
766.4,72.15,59.4,0.0,0.1,5,473.382,4.825,487.095
766.4,72.31,59.4,0.0,0.2,5,473.589,4.800,482.767
780.8,72.46,59.4,0.0,0.1,5,473.794,4.776,478.429
780.8,72.56,59.3,0.0,-0.4,5,473.929,4.761,475.532
780.8,72.70,59.1,0.0,-0.8,5,474.132,4.743,471.179
780.8,72.80,59.1,0.0,-1.2,5,474.269,4.731,468.273
795.4,72.95,59.0,0.0,-1.7,5,474.482,4.712,463.906
795.4,73.04,58.9,0.0,-1.9,5,474.632,4.700,460.990
795.4,73.17,58.8,0.0,-2.8,5,474.876,4.683,456.611
795.4,73.18,0.0,0.0,-3.2,0,475.054,4.671,453.688
809.9,73.16,85.0,0.0,-3.1,6,475.346,4.649,449.310
809.9,73.24,78.6,0.0,-3.0,6,475.562,4.632,446.390
809.9,73.37,69.1,0.0,-3.5,6,475.922,4.611,442.007
809.9,73.45,62.7,0.0,-4.2,6,476.187,4.597,439.083
824.5,73.59,58.2,0.0,-5.2,6,476.622,4.568,434.694
824.5,73.70,58.3,0.0,-5.8,6,477.111,4.539,430.303
824.5,73.76,58.3,0.0,-5.8,6,477.473,4.525,427.376
839.2,73.87,58.3,0.0,-5.8,6,478.072,4.508,422.988
839.2,73.95,58.3,0.0,-5.8,6,478.508,4.494,420.064
839.2,74.05,58.4,0.0,-5.9,6,479.223,4.476,415.682
839.2,74.12,58.4,0.0,-6.4,6,479.740,4.465,412.764
854.0,74.22,58.4,0.0,-6.9,6,480.576,4.449,408.394
854.0,74.28,58.4,0.0,-6.0,6,481.174,4.438,405.485
854.0,74.39,58.4,0.0,-5.6,6,482.130,4.419,401.129
854.0,74.45,58.4,0.0,-6.0,6,482.806,4.404,398.230
868.6,74.55,58.5,0.0,-5.9,6,483.876,4.378,393.890
868.6,74.63,58.5,0.0,-6.1,6,484.627,4.357,391.003
868.6,74.73,58.5,0.0,-6.7,6,485.806,4.318,386.680
868.6,74.80,58.5,0.0,-6.7,6,486.629,4.288,383.806
883.4,74.89,58.5,0.0,-6.8,6,487.922,4.239,379.506
883.4,74.98,58.5,0.0,-6.6,6,489.287,4.189,375.223
883.4,75.04,58.6,0.0,-6.2,6,490.238,4.153,372.377
883.4,75.13,58.6,0.0,-6.3,6,491.727,4.098,368.126
898.5,75.19,58.6,0.0,-6.6,6,492.760,4.060,365.303
898.5,75.28,58.6,0.0,-6.4,6,494.372,4.003,361.087
898.5,75.34,58.6,0.0,-5.2,6,495.488,3.966,358.289
898.5,75.44,58.4,0.0,-2.5,6,497.220,3.910,354.111
914.0,75.47,42.0,0.0,-0.8,6,498.409,3.873,351.337
914.0,75.28,4.8,21.1,1.3,6,500.233,3.817,347.196
914.0,74.97,0.0,20.2,1.8,6,501.462,3.783,344.454
914.0,74.50,0.0,41.1,2.2,6,503.302,3.731,340.363
929.5,74.02,0.0,56.1,2.2,6,504.516,3.690,337.651
929.5,73.09,0.0,57.4,2.5,6,506.303,3.626,333.614
929.5,72.46,0.0,55.7,2.5,6,507.464,3.589,330.943
929.5,71.57,0.0,50.5,3.1,6,509.155,3.545,326.966
944.3,70.76,0.0,44.7,3.8,6,510.787,3.504,323.019
944.3,70.25,0.0,45.4,4.3,6,511.840,3.479,320.402
944.3,69.47,0.0,41.2,4.2,6,513.364,3.441,316.496
944.3,68.99,0.0,38.4,4.1,6,514.340,3.420,313.903
958.2,68.25,0.0,63.0,4.5,6,515.744,3.391,310.031
958.2,67.59,0.0,66.2,4.7,6,516.639,3.373,307.464
958.2,66.56,0.0,60.1,4.6,6,517.914,3.353,303.645
958.2,65.93,0.0,59.4,4.2,6,518.720,3.342,301.120
971.3,65.05,0.0,44.4,5.1,6,519.864,3.329,297.360
971.3,64.54,0.0,40.3,5.5,6,520.583,3.319,294.869
971.3,63.85,0.0,34.5,5.6,6,521.598,3.305,291.153
971.3,63.46,0.0,8.7,6.3,6,522.232,3.295,288.686
983.8,63.39,76.5,0.0,8.1,6,523.121,3.279,284.989
983.8,63.43,23.0,20.7,10.5,6,523.939,3.260,281.272
983.8,63.16,0.0,17.0,11.8,6,524.443,3.247,278.790
983.8,62.78,0.0,2.5,11.4,6,525.132,3.230,275.075
997.0,62.68,43.7,0.0,10.3,6,525.543,3.222,272.600
997.0,62.71,50.0,0.0,10.3,6,526.094,3.210,268.879
997.0,62.68,17.4,1.3,10.1,6,526.418,3.203,266.391
997.0,62.48,24.6,0.0,10.3,6,526.832,3.197,262.660
1011.1,62.44,34.2,0.0,10.8,6,527.067,3.194,260.172
1011.1,62.51,38.5,2.1,9.6,6,527.362,3.181,256.436
1011.1,62.39,6.4,11.9,11.3,6,527.506,3.182,253.941
1011.1,62.10,26.0,10.3,13.3,0,527.660,3.182,250.209
1097.3,60.70,0.0,66.5,-3.6,5,513.738,3.548,175.994
1097.3,60.03,0.0,76.8,-2.6,5,513.065,3.560,173.674
1097.3,58.89,0.0,78.4,-3.0,5,512.094,3.576,170.238
1097.3,58.13,0.0,71.0,-3.9,5,511.475,3.588,167.980
1109.3,57.10,0.0,61.6,-2.5,5,510.590,3.605,164.636
1109.3,56.49,0.0,55.4,-2.9,5,510.030,3.615,162.433
1109.3,55.66,0.0,49.6,-2.7,5,509.238,3.630,159.163
1109.3,55.13,0.0,56.7,-3.4,5,508.740,3.639,157.002
1120.7,54.26,0.0,55.7,-3.8,5,508.041,3.655,153.794
1120.7,53.71,0.0,53.2,-5.4,5,507.604,3.666,151.678
1120.7,52.93,0.0,40.7,-6.5,5,506.994,3.681,148.537
1120.7,52.50,0.0,31.1,-6.8,5,506.619,3.690,146.462
1131.6,52.02,0.0,14.2,-7.9,5,506.107,3.703,143.369
1131.6,51.80,0.0,7.6,-8.7,5,505.799,3.710,141.315
1131.6,51.57,38.0,2.1,-10.3,0,505.390,3.716,138.242
1142.5,51.38,0.0,2.6,-11.7,4,505.046,3.720,135.172
1142.5,51.24,0.0,3.3,-12.6,4,504.853,3.721,133.128
1142.5,51.02,0.7,0.3,-14.4,4,504.619,3.719,130.069
1142.5,50.91,5.6,0.0,-15.8,4,504.500,3.714,128.034
1153.2,50.73,8.3,0.0,-17.0,4,504.376,3.700,124.987
1153.2,50.64,10.4,0.0,-16.8,4,504.335,3.690,122.960
1153.2,50.44,6.2,1.2,-16.1,4,504.339,3.679,119.927
1153.2,50.31,1.5,0.7,-14.8,4,504.389,3.675,117.912
1163.8,50.11,7.4,0.0,-12.7,4,504.532,3.676,114.903
1163.8,49.99,6.7,0.0,-12.2,4,504.669,3.678,112.906
1163.8,49.85,4.4,0.0,-11.7,4,504.919,3.666,109.921
1163.8,49.68,8.5,0.0,-12.4,4,505.130,3.659,107.941
1174.5,49.56,18.9,0.0,-11.9,4,505.513,3.655,104.990
1174.5,49.42,12.0,0.0,-14.0,4,505.970,3.650,102.055
1174.5,49.33,2.2,0.5,-15.4,4,506.307,3.640,100.109
1174.5,49.11,7.8,0.0,-18.2,4,506.866,3.620,97.210
1185.0,48.97,10.5,0.0,-20.9,4,507.281,3.608,95.292
1185.0,48.84,16.8,0.0,-24.8,4,507.960,3.590,92.438
1185.0,48.74,11.4,0.0,-27.5,4,508.447,3.573,90.548
1185.0,48.57,10.6,0.0,-31.7,4,509.237,3.548,87.738
1195.3,48.46,8.7,0.0,-34.6,4,509.801,3.532,85.880
1195.3,48.29,9.4,0.0,-37.4,4,510.693,3.502,83.118
1195.3,48.18,8.9,0.0,-38.7,4,511.320,3.480,81.293
1195.3,48.00,9.6,0.0,-40.0,4,512.311,3.443,78.583
1205.2,47.88,9.8,0.0,-40.3,4,513.006,3.417,76.796
1205.2,47.69,9.8,0.0,-40.2,4,514.100,3.376,74.146
1205.2,47.57,9.9,0.0,-40.6,4,514.864,3.347,72.400
1205.2,47.38,11.7,0.0,-40.1,4,516.062,3.304,69.816
1259.4,40.58,9.4,0.0,20.8,3,540.922,2.802,29.838
1259.4,40.47,8.0,0.0,25.5,3,541.927,2.769,27.623
1259.4,40.35,7.8,0.0,26.8,3,542.873,2.734,25.391
1259.4,40.31,32.6,0.0,26.5,3,543.468,2.711,23.892
1267.5,40.43,64.7,0.0,25.1,3,544.309,2.675,21.622
1267.5,40.62,83.8,0.0,24.3,3,544.834,2.652,20.089
1267.5,40.91,69.9,0.0,24.6,3,545.574,2.617,17.758
1267.5,41.05,64.0,0.0,26.0,3,546.032,2.593,16.185
1276.2,41.15,32.0,0.0,29.1,3,546.667,2.556,13.801
1276.2,41.09,19.8,0.0,32.9,3,547.235,2.518,11.400
1276.2,41.05,25.6,0.0,34.8,3,547.576,2.492,9.793
1285.0,41.02,31.1,0.0,36.2,3,548.026,2.455,7.373
1285.0,41.00,26.2,0.0,37.4,3,548.290,2.430,5.754
1285.0,40.94,20.2,0.0,39.1,3,548.629,2.392,3.320
1285.0,40.85,18.2,0.0,40.8,3,548.903,2.351,0.881
1293.5,40.78,16.9,0.0,41.5,3,549.047,2.323,-0.745
1293.5,40.66,15.9,0.0,42.1,3,549.206,2.280,-3.183
1293.5,40.59,15.6,0.0,42.3,3,549.272,2.252,-4.806
1293.5,40.46,15.4,0.0,42.2,3,549.314,2.210,-7.237
1302.3,40.40,19.7,0.0,42.4,3,549.303,2.181,-8.854
1302.3,40.34,26.0,0.0,43.8,3,549.231,2.136,-11.274
1302.3,40.28,14.7,0.0,44.8,3,549.146,2.105,-12.885
1302.3,40.14,12.2,0.0,45.9,3,548.963,2.059,-15.290
1311.1,40.03,12.1,0.0,46.0,3,548.802,2.029,-16.885
1311.1,39.89,12.3,0.0,45.5,3,548.502,1.987,-19.264
1311.1,39.79,12.6,0.0,44.7,3,548.263,1.960,-20.839
1311.1,39.65,13.6,0.0,42.7,3,547.846,1.921,-23.185
1319.9,39.52,15.4,0.0,40.1,3,547.358,1.883,-25.509
1319.9,39.44,17.3,0.0,38.3,3,546.993,1.860,-27.046
1319.9,39.35,22.0,0.0,35.3,3,546.386,1.827,-29.330
1319.9,39.30,26.8,0.0,33.2,3,545.941,1.807,-30.838
1328.2,39.31,34.9,0.0,30.6,3,545.218,1.778,-33.082
1328.2,39.33,40.5,0.0,29.4,3,544.699,1.758,-34.567
1328.2,39.44,52.2,0.0,27.7,3,543.870,1.727,-36.779
1328.2,39.61,68.1,0.0,25.6,3,542.977,1.695,-38.974
1336.8,39.91,87.2,0.0,22.1,3,542.018,1.664,-41.157
1336.8,40.26,89.6,0.0,17.1,3,540.989,1.636,-43.330
1336.8,40.63,89.6,0.0,11.8,3,539.891,1.610,-45.493
1345.3,40.90,89.6,0.0,9.2,3,539.121,1.593,-46.930
1345.3,41.29,89.6,0.0,7.3,3,537.914,1.567,-49.079
1345.3,41.55,89.6,0.0,6.8,3,537.075,1.550,-50.506
1345.3,41.95,89.6,0.0,6.8,3,535.763,1.525,-52.639
1353.8,42.35,89.6,0.0,7.6,3,534.392,1.502,-54.763
1353.8,42.62,89.6,0.0,7.9,3,533.448,1.488,-56.176
1353.8,43.02,89.6,0.0,8.3,3,531.989,1.467,-58.289
1353.8,43.29,89.7,0.0,8.5,3,530.988,1.453,-59.695
1362.6,43.68,89.7,0.0,8.7,3,529.445,1.431,-61.797
1362.6,43.95,89.7,0.0,8.3,3,528.387,1.416,-63.194
1362.6,44.34,89.7,0.0,7.9,3,526.758,1.391,-65.282
1362.6,44.73,89.7,0.0,7.8,3,525.077,1.364,-67.358
1371.4,45.00,89.7,0.0,7.6,3,523.927,1.344,-68.734
1371.4,45.38,89.7,0.0,7.6,3,522.158,1.313,-70.788
1371.4,45.64,89.7,0.0,7.8,3,520.950,1.291,-72.148
1371.4,46.02,89.7,0.0,7.9,3,519.094,1.258,-74.175
1380.4,46.27,89.8,0.0,7.8,3,517.827,1.235,-75.517
1380.4,46.66,89.8,0.0,7.7,3,515.885,1.198,-77.517
1380.4,46.89,26.6,0.0,10.0,3,513.895,1.158,-79.497
1380.4,46.83,11.1,0.0,11.1,3,512.545,1.130,-80.798
1389.4,47.05,89.8,0.0,11.5,3,510.487,1.090,-82.717
1389.4,47.28,89.8,0.0,11.0,3,509.086,1.065,-83.979
1389.4,47.65,89.8,0.0,10.1,3,506.939,1.031,-85.848
1389.4,47.88,89.8,0.0,9.8,3,505.477,1.008,-87.078
1398.7,48.23,89.8,0.0,9.2,3,503.242,0.972,-88.898
1398.7,48.47,89.9,0.0,7.9,3,501.723,0.945,-90.095
1398.7,48.82,89.9,0.0,5.6,3,499.404,0.901,-91.865
1398.7,49.07,89.9,0.0,4.1,3,497.829,0.872,-93.027
1408.3,49.43,89.9,0.0,2.6,3,495.428,0.827,-94.746
1408.3,49.67,89.9,0.0,2.6,3,493.802,0.797,-95.878
1408.3,50.04,89.9,0.0,2.8,3,491.330,0.754,-97.561
1418.2,50.40,89.9,0.0,2.4,3,488.823,0.714,-99.229
1418.2,50.64,89.9,0.0,1.6,3,487.133,0.689,-100.337
1418.2,50.99,90.0,0.0,0.5,3,484.575,0.654,-101.994
1418.2,51.23,90.0,0.0,-0.2,3,482.855,0.631,-103.098
1428.4,51.58,90.1,0.0,-0.7,3,480.256,0.598,-104.757
1428.4,51.81,90.0,0.0,-1.0,3,478.512,0.576,-105.868
1428.4,52.04,0.0,0.0,-1.6,0,475.884,0.544,-107.544
1428.4,52.01,89.8,0.0,-2.7,4,474.132,0.522,-108.665
1438.9,52.35,89.8,0.0,-3.3,4,471.502,0.488,-110.363
1438.9,52.54,89.8,0.0,-3.0,4,469.746,0.468,-111.509
1438.9,52.85,87.8,0.0,-3.1,4,467.111,0.444,-113.255
1438.9,53.05,81.3,0.0,-3.5,4,465.353,0.429,-114.436
1449.9,53.40,71.5,0.0,-4.3,4,462.716,0.405,-116.236
1449.9,53.59,65.2,0.0,-5.3,4,460.959,0.391,-117.456
1449.9,53.85,57.4,0.0,-6.4,4,458.329,0.369,-119.319
1449.9,53.99,51.5,0.0,-6.9,4,456.581,0.350,-120.581
1461.1,54.15,41.4,0.0,-7.5,4,453.971,0.320,-122.509
1461.1,54.33,37.6,0.0,-8.0,4,451.384,0.286,-124.480
1461.1,54.41,26.4,0.0,-8.9,4,449.672,0.265,-125.822
1461.1,54.56,56.0,0.0,-8.9,4,447.135,0.243,-127.880
1472.4,54.76,57.8,0.0,-8.8,4,445.457,0.232,-129.281
1472.4,55.04,57.9,0.0,-8.3,4,442.959,0.213,-131.428
1472.4,55.23,57.9,0.0,-8.5,4,441.309,0.201,-132.890
1472.4,55.50,58.0,0.0,-7.1,4,438.857,0.187,-135.130
1483.7,55.69,58.1,0.0,-6.6,4,437.239,0.180,-136.655
1483.7,55.97,58.1,0.0,-6.2,4,434.833,0.173,-138.986
1483.7,56.16,58.2,0.0,-5.7,4,433.243,0.169,-140.567
1483.7,56.44,58.2,0.0,-5.2,4,430.877,0.162,-142.976
1495.4,56.63,58.3,0.0,-5.0,4,429.311,0.157,-144.607
1495.4,56.91,58.3,0.0,-4.7,4,426.979,0.149,-147.090
1495.4,57.10,58.4,0.0,-4.7,4,425.436,0.145,-148.768
1495.4,57.37,58.5,0.0,-4.7,4,423.137,0.141,-151.319
1507.0,57.55,58.6,0.0,-4.6,4,421.617,0.140,-153.042
1507.0,57.82,58.7,0.0,-4.8,4,419.353,0.144,-155.660
1507.0,58.09,58.8,0.0,-5.1,4,417.110,0.150,-158.316
1507.0,58.28,58.8,0.0,-5.1,4,415.625,0.152,-160.108
1518.5,58.55,58.9,0.0,-5.5,4,413.415,0.150,-162.828
1518.5,58.72,58.9,0.0,-5.6,4,411.955,0.147,-164.663
1518.5,58.98,59.0,0.0,-5.7,4,409.787,0.140,-167.449
1518.5,59.15,59.0,0.0,-5.9,4,408.356,0.133,-169.329
1530.2,59.41,59.1,0.0,-6.9,4,406.233,0.119,-172.182
1530.2,59.57,59.1,0.0,-6.2,4,404.836,0.110,-174.107
1530.2,59.82,59.2,0.0,-4.9,4,402.768,0.095,-177.031
1530.2,59.99,59.2,0.0,-4.9,4,401.406,0.082,-179.002
1542.0,60.24,59.2,0.0,-4.4,4,399.388,0.061,-181.991
1542.0,60.41,59.2,0.0,-4.1,4,398.060,0.047,-184.005
1542.0,60.66,59.2,0.0,-3.4,4,396.091,0.025,-187.057
1542.0,60.82,59.1,0.0,-3.1,4,394.792,0.011,-189.110
1554.1,61.07,58.8,0.0,-2.7,4,392.863,-0.008,-192.215
1554.1,61.30,58.5,0.0,-2.2,0,390.955,-0.023,-195.350
1554.1,61.25,0.0,0.0,-1.8,0,389.694,-0.032,-197.453
1554.1,61.40,81.1,0.0,-1.2,5,387.821,-0.045,-200.618
1566.3,61.55,74.4,0.0,-1.0,5,386.580,-0.051,-202.740
1566.3,61.77,64.3,0.0,-1.1,5,384.727,-0.057,-205.942
1566.3,61.92,57.6,0.0,-1.1,5,383.496,-0.061,-208.087
1566.3,62.15,56.4,0.0,-2.7,5,381.656,-0.065,-211.322
1578.7,62.29,56.4,0.0,-1.8,5,380.435,-0.068,-213.491
1578.7,62.51,56.5,0.0,-0.7,5,378.613,-0.073,-216.761
1578.7,62.66,56.5,0.0,-0.4,5,377.403,-0.076,-218.952
1578.7,62.88,56.6,0.0,-0.5,5,375.592,-0.080,-222.254
1591.2,63.02,56.7,0.0,-0.7,5,374.386,-0.081,-224.464
1591.2,63.24,56.8,0.0,-0.8,5,372.579,-0.082,-227.793
1591.2,63.38,56.9,0.0,-0.8,5,371.375,-0.083,-230.021
1591.2,63.60,57.0,0.0,-0.7,5,369.570,-0.085,-233.375
1603.8,63.74,57.1,0.0,-0.6,5,368.367,-0.087,-235.619
1603.8,63.96,57.2,0.0,-0.7,5,366.563,-0.094,-238.998
1603.8,64.10,57.3,0.0,-0.7,5,365.361,-0.100,-241.260
1603.8,64.31,57.4,0.0,-0.9,5,363.560,-0.110,-244.664
1616.6,64.45,57.4,0.0,-1.0,5,362.360,-0.119,-246.942
1616.6,64.66,57.6,0.0,-1.1,5,360.561,-0.133,-250.372
1616.6,64.87,57.6,0.0,-1.1,5,358.766,-0.147,-253.818
1616.6,65.01,57.7,0.0,-1.0,5,357.571,-0.157,-256.124
1629.6,65.22,57.8,0.0,-0.7,5,355.782,-0.171,-259.596
1629.6,65.35,57.8,0.0,-0.5,5,354.592,-0.181,-261.920
1629.6,65.56,57.9,0.0,-0.4,5,352.809,-0.197,-265.419
1629.6,65.70,58.0,0.0,-0.2,5,351.622,-0.207,-267.760
1642.6,65.90,58.0,0.0,-0.1,5,349.841,-0.223,-271.283
1642.6,66.04,58.0,0.0,-0.0,5,348.653,-0.233,-273.639
1642.6,66.24,58.1,0.0,-0.4,5,346.868,-0.249,-277.183
1642.6,66.37,58.1,0.0,-0.7,5,345.677,-0.260,-279.552
1655.9,66.57,58.2,0.0,-0.7,5,343.888,-0.277,-283.117
1655.9,66.71,58.2,0.0,-0.5,5,342.696,-0.289,-285.500
1655.9,66.90,58.3,0.0,-0.4,5,340.909,-0.309,-289.088
1655.9,67.03,58.3,0.0,-0.3,5,339.718,-0.323,-291.487
1669.2,67.23,58.3,0.0,-0.3,5,337.932,-0.345,-295.096
1669.2,67.35,58.4,0.0,-0.2,5,336.741,-0.359,-297.510
1669.2,67.55,58.4,0.0,-0.1,5,334.954,-0.385,-301.140
1682.7,67.73,58.5,0.0,-0.0,5,333.164,-0.412,-304.783
1682.7,67.86,58.5,0.0,-0.0,5,331.970,-0.425,-307.217
1682.7,68.05,58.6,0.0,-0.1,5,330.177,-0.444,-310.878
1682.7,68.18,58.6,0.0,-0.0,5,328.979,-0.460,-313.324
1696.3,68.36,58.6,0.0,-0.0,5,327.178,-0.485,-317.003
1696.3,68.49,58.6,0.0,-0.0,5,325.976,-0.502,-319.462
1696.3,68.67,58.7,0.0,-0.1,5,324.169,-0.526,-323.158
1696.3,68.79,58.8,0.0,-0.1,5,322.962,-0.541,-325.628
1710.0,68.97,58.8,0.0,-0.1,5,321.149,-0.564,-329.342
1710.0,69.10,58.8,0.0,-0.1,5,319.938,-0.580,-331.823
1710.0,69.27,58.9,0.0,-0.1,5,318.118,-0.603,-335.554
1710.0,69.39,58.9,0.0,-0.1,5,316.903,-0.619,-338.046
1723.9,69.57,59.0,0.0,-0.1,5,315.077,-0.643,-341.794
1723.9,69.69,59.0,0.0,-0.0,5,313.858,-0.659,-344.297
1723.9,69.87,59.0,0.0,-0.1,5,312.026,-0.683,-348.062
1723.9,69.98,59.1,0.0,-0.1,5,310.803,-0.699,-350.577
1737.8,70.16,59.1,0.0,-0.1,5,308.966,-0.724,-354.358
1737.8,70.27,59.2,0.0,-0.1,5,307.739,-0.740,-356.884
1737.8,70.44,59.2,0.0,-0.1,5,305.896,-0.767,-360.681
1737.8,70.56,59.2,0.0,-0.1,5,304.666,-0.786,-363.218
1751.9,70.73,59.2,0.0,-0.1,5,302.818,-0.815,-367.032
1751.9,70.90,59.2,0.0,-0.1,5,300.966,-0.845,-370.856
1751.9,71.01,59.3,0.0,-0.1,5,299.730,-0.866,-373.410
1751.9,71.17,59.3,0.0,-0.1,5,297.874,-0.897,-377.250
1766.1,71.28,59.3,0.0,-0.1,5,296.635,-0.919,-379.815
1766.1,71.45,59.3,0.0,-0.1,5,294.773,-0.952,-383.670
1766.1,71.55,59.4,0.0,-0.0,5,293.530,-0.974,-386.246
1766.1,71.71,59.4,0.0,-0.0,5,291.663,-1.006,-390.117
1780.4,71.82,59.4,0.0,-0.0,5,290.417,-1.027,-392.702
1780.4,71.98,59.4,0.0,0.0,5,288.544,-1.059,-396.588
1780.4,72.09,59.4,0.0,0.1,5,287.293,-1.081,-399.184
1780.4,72.25,59.4,0.0,0.1,5,285.414,-1.116,-403.084
1794.8,72.35,59.4,0.0,0.1,5,284.159,-1.140,-405.689
1794.8,72.49,59.3,0.0,0.1,5,282.273,-1.170,-409.603
1794.8,72.59,59.1,0.0,0.1,5,281.012,-1.188,-412.216
1794.8,72.74,59.1,0.0,0.1,5,279.118,-1.214,-416.142
1809.3,72.84,59.1,0.0,0.1,5,277.852,-1.233,-418.764
1809.3,72.99,59.0,0.0,0.2,5,275.949,-1.261,-422.703
1809.3,73.08,58.9,0.0,0.3,5,274.677,-1.280,-425.333
1809.3,73.22,58.8,0.0,0.2,5,272.765,-1.309,-429.283
1823.9,73.23,0.0,0.0,0.2,0,271.487,-1.329,-431.919
1823.9,73.21,85.0,0.0,0.2,6,269.570,-1.359,-435.870
1823.9,73.30,78.6,0.0,0.2,6,268.289,-1.379,-438.505
1823.9,73.44,69.1,0.0,0.2,6,266.363,-1.408,-442.463
1838.6,73.54,62.7,0.0,0.3,6,265.075,-1.427,-445.105
1838.6,73.67,58.3,0.0,0.3,6,263.137,-1.455,-449.073
1838.6,73.81,58.3,0.0,0.3,6,261.191,-1.483,-453.046
1838.6,73.90,58.3,0.0,0.2,6,259.890,-1.501,-455.698
1853.4,74.04,58.3,0.0,0.3,6,257.932,-1.527,-459.681
1853.4,74.13,58.3,0.0,0.3,6,256.622,-1.544,-462.339
1853.4,74.26,58.4,0.0,0.3,6,254.651,-1.570,-466.330
1853.4,74.35,58.4,0.0,0.4,6,253.332,-1.588,-468.993
1868.2,74.48,58.4,0.0,0.4,6,251.347,-1.614,-472.993
1868.2,74.57,58.4,0.0,0.4,6,250.020,-1.632,-475.662
1868.2,74.70,58.5,0.0,0.4,6,248.022,-1.658,-479.669
1868.2,74.79,58.5,0.0,0.3,6,246.685,-1.674,-482.343
1883.1,74.92,58.5,0.0,0.3,6,244.673,-1.698,-486.358
1883.1,75.00,58.5,0.0,0.3,6,243.328,-1.714,-489.037
1883.1,75.13,58.6,0.0,0.2,6,241.303,-1.737,-493.060
1883.1,75.21,58.6,0.0,0.2,6,239.949,-1.752,-495.744
1959.0,77.09,59.1,0.0,-0.4,6,207.405,-2.189,-559.510
1959.0,77.21,59.1,0.0,-0.4,6,205.310,-2.237,-563.637
1974.5,77.28,59.1,0.0,-0.4,6,203.915,-2.270,-566.394
1974.5,77.39,59.1,0.0,-0.4,6,201.825,-2.320,-570.536
1974.5,77.47,59.1,0.0,-0.4,6,200.433,-2.354,-573.303
1974.5,77.58,59.2,0.0,-0.4,6,198.348,-2.406,-577.461
1989.9,77.70,59.2,0.0,-0.4,6,196.267,-2.459,-581.628
1989.9,77.77,59.2,0.0,-0.3,6,194.881,-2.496,-584.411
1989.9,77.88,59.3,0.0,-0.2,6,192.805,-2.549,-588.593
1989.9,77.95,59.3,0.0,-0.2,6,191.423,-2.583,-591.386
2005.5,78.07,59.3,0.0,-0.1,6,189.350,-2.637,-595.582
2005.5,78.14,59.3,0.0,0.1,6,187.968,-2.675,-598.383
2005.5,78.25,59.3,0.0,0.3,6,185.895,-2.731,-602.591
2005.5,78.32,59.3,0.0,0.4,6,184.511,-2.769,-605.399
2021.1,78.42,59.3,0.0,0.5,6,182.431,-2.825,-609.616
2021.1,78.49,59.4,0.0,0.6,6,181.040,-2.860,-612.429
2021.1,78.60,59.4,0.0,0.7,6,178.947,-2.911,-616.651
2021.1,78.67,59.4,0.0,0.8,6,177.545,-2.946,-619.466
2036.9,78.77,59.4,0.0,0.8,6,175.431,-2.996,-623.690
2036.9,78.84,59.4,0.0,0.9,6,174.015,-3.026,-626.505
2036.9,78.94,59.4,0.0,0.9,6,171.877,-3.066,-630.728
2036.9,79.01,59.4,0.0,0.9,6,170.444,-3.091,-633.542
2052.6,79.11,59.5,0.0,0.8,6,168.281,-3.128,-637.764
2052.6,79.17,59.5,0.0,0.7,6,166.830,-3.151,-640.577
2052.6,79.27,59.5,0.0,0.6,6,164.642,-3.182,-644.796
2052.6,79.33,59.5,0.0,0.7,6,163.174,-3.200,-647.609
2068.5,79.43,59.5,0.0,0.6,6,160.963,-3.224,-651.826
2068.5,79.52,59.5,0.0,0.5,6,158.738,-3.242,-656.044
2068.5,79.58,59.5,0.0,0.4,6,157.248,-3.251,-658.855
2068.5,79.65,59.5,0.0,0.5,6,155.752,-3.258,-661.667
2084.3,79.74,59.5,0.0,0.6,6,153.500,-3.264,-665.884
2084.3,79.83,59.5,0.0,0.6,6,151.237,-3.266,-670.103
2084.3,79.89,59.6,0.0,0.6,6,149.723,-3.265,-672.915
2084.3,79.98,59.6,0.0,0.5,6,147.444,-3.260,-677.135
2100.3,80.03,59.6,0.0,0.4,6,145.918,-3.254,-679.948
2100.3,80.12,59.6,0.0,0.5,6,143.621,-3.243,-684.167
2100.3,80.18,59.6,0.0,0.6,6,142.083,-3.233,-686.980
2100.3,80.26,59.6,0.0,0.7,6,139.768,-3.214,-691.200
2116.3,80.31,59.5,0.0,0.7,6,138.218,-3.198,-694.012
2116.3,80.39,59.5,0.0,0.9,6,135.885,-3.170,-698.231
2116.3,80.45,59.5,0.0,0.9,6,134.322,-3.149,-701.043
2116.3,80.52,59.3,0.0,1.1,6,131.967,-3.114,-705.258
2132.3,80.58,59.3,0.0,1.3,6,130.389,-3.088,-708.067
2132.3,80.65,59.3,0.0,1.6,6,128.007,-3.044,-712.276
2132.3,80.71,59.2,0.0,1.8,6,125.605,-2.995,-716.479
2132.3,80.75,57.7,0.0,1.9,6,123.991,-2.957,-719.276
2148.4,80.48,2.0,49.3,1.9,6,121.553,-2.896,-723.457
2148.4,79.87,0.0,72.8,2.1,6,119.923,-2.853,-726.221
2148.4,78.66,0.0,83.0,0.8,6,117.486,-2.783,-730.308
2148.4,77.79,0.0,84.3,0.9,6,115.869,-2.731,-732.989
2164.2,76.48,0.0,85.1,0.8,6,113.457,-2.648,-736.942
2164.2,75.62,0.0,85.5,0.9,6,111.861,-2.591,-739.533
2164.2,74.31,0.0,85.2,0.9,6,109.483,-2.503,-743.352
2164.2,73.44,0.0,84.8,0.8,6,107.909,-2.443,-745.854
2179.2,72.15,0.0,85.1,0.9,6,105.567,-2.353,-749.543
2179.2,71.30,0.0,85.4,1.3,6,104.019,-2.293,-751.959
2179.2,70.00,0.0,84.8,1.8,6,101.714,-2.205,-755.519
2179.2,69.15,0.0,85.1,2.1,6,100.190,-2.147,-757.848
2193.4,67.90,0.0,87.1,2.1,6,97.919,-2.068,-761.280
2193.4,67.00,0.0,84.2,1.7,6,96.417,-2.022,-763.522
2193.4,65.73,0.0,83.6,0.9,6,94.171,-1.947,-766.812
2206.7,64.49,0.0,85.6,1.2,6,91.935,-1.870,-770.018
2206.7,63.65,26.6,85.5,1.0,0,90.452,-1.822,-772.110
2206.7,62.39,0.0,85.5,1.3,5,88.241,-1.750,-775.179
2206.7,61.55,0.0,85.2,2.0,5,86.776,-1.700,-777.180
2219.1,60.30,0.0,84.5,2.1,5,84.593,-1.629,-780.115
2219.1,59.47,0.0,84.2,1.7,5,83.148,-1.583,-782.028
2219.1,58.25,0.0,84.3,1.8,5,80.997,-1.518,-784.831
2219.1,57.44,0.0,84.7,1.8,5,79.572,-1.476,-786.655
2230.7,56.20,0.0,84.4,2.2,5,77.451,-1.417,-789.326
2230.7,55.39,0.0,84.5,2.5,5,76.046,-1.378,-791.062
2230.7,54.18,0.0,84.9,3.1,5,73.954,-1.323,-793.600
2230.7,53.37,36.9,84.6,3.2,0,72.568,-1.288,-795.247
2241.4,52.17,0.0,79.4,2.6,4,70.502,-1.237,-797.649
2241.4,51.41,0.0,71.8,1.9,4,69.132,-1.203,-799.205
2241.4,50.38,0.0,48.8,1.0,4,67.084,-1.154,-801.470
2241.4,49.85,0.0,31.3,0.7,4,65.717,-1.121,-802.937
2251.5,49.32,0.0,19.0,2.0,4,63.652,-1.072,-805.078
2251.5,48.94,0.0,14.4,5.7,4,61.563,-1.023,-807.157
2251.5,48.71,0.0,12.4,8.3,4,60.156,-0.990,-808.512
2251.5,48.39,0.0,11.0,10.4,4,58.026,-0.941,-810.498
2261.1,48.20,0.0,10.0,10.8,4,56.592,-0.907,-811.794
2261.1,47.91,0.0,8.3,10.8,4,54.422,-0.857,-813.692
2261.1,47.74,0.0,8.3,10.7,4,52.961,-0.824,-814.927
2261.1,47.47,0.0,6.7,10.8,4,50.748,-0.776,-816.732
2270.6,47.29,0.0,5.9,10.8,4,49.257,-0.745,-817.901
2270.6,47.05,0.0,3.0,11.1,4,46.996,-0.698,-819.604
2270.6,46.91,0.0,2.2,11.7,4,45.473,-0.666,-820.704
2270.6,46.70,0.0,1.5,12.8,4,43.164,-0.619,-822.303
2280.1,46.57,0.0,1.2,13.4,4,41.610,-0.589,-823.335
2280.1,46.38,2.2,0.0,13.7,4,39.255,-0.543,-824.828
2280.1,46.27,7.1,0.0,12.9,4,37.669,-0.511,-825.786
2280.1,46.12,3.6,0.0,11.6,4,35.267,-0.464,-827.170
2289.7,46.02,3.3,0.0,11.7,4,33.652,-0.432,-828.057
2289.7,45.86,2.0,0.0,10.6,4,31.209,-0.385,-829.333
2289.7,45.70,2.7,0.0,13.0,4,28.745,-0.338,-830.546
2289.7,45.59,4.4,0.0,14.8,4,27.091,-0.307,-831.319
2299.1,45.45,9.0,0.0,14.7,4,24.594,-0.260,-832.424
2299.1,45.36,10.3,0.0,15.0,4,22.918,-0.228,-833.122
2299.1,45.24,12.0,0.0,15.4,4,20.387,-0.178,-834.113
2299.1,45.15,7.5,0.0,16.3,4,18.690,-0.146,-834.737
2308.6,45.00,4.9,0.0,16.9,4,16.133,-0.099,-835.617
2308.6,44.89,4.4,0.0,17.2,4,14.422,-0.069,-836.167
2308.6,44.73,7.0,0.0,16.5,4,11.844,-0.025,-836.931
2308.6,44.62,5.9,0.0,15.3,4,10.120,0.005,-837.399
2318.1,44.46,4.4,0.0,15.3,4,7.525,0.053,-838.039
2318.1,44.35,2.9,0.0,15.6,4,5.792,0.085,-838.426
2318.1,44.18,2.4,0.0,16.2,4,3.187,0.132,-838.946
2318.1,44.07,1.5,0.0,16.3,4,1.449,0.163,-839.253
2327.5,43.89,0.8,0.0,16.6,4,-1.159,0.208,-839.655
2327.5,43.77,0.2,0.1,17.4,4,-2.897,0.237,-839.884
2327.5,43.59,1.1,0.0,17.5,4,-5.502,0.280,-840.168
2327.5,43.49,34.5,0.3,16.2,0,-7.237,0.307,-840.319
2373.5,45.02,89.7,0.0,18.3,3,-45.800,0.673,-835.972
2373.5,45.35,89.7,0.0,18.7,3,-48.379,0.684,-835.141
2373.5,45.57,89.7,0.0,18.5,3,-50.098,0.690,-834.548
2422.1,48.81,50.3,0.0,29.6,3,-87.703,0.623,-812.392
2422.1,48.87,47.7,0.0,29.8,3,-89.885,0.603,-810.437
2422.1,48.89,45.2,0.0,30.2,3,-91.315,0.588,-809.103
2431.7,48.91,42.3,0.0,30.5,3,-93.420,0.563,-807.060
2431.7,48.92,42.1,0.0,30.3,3,-94.796,0.546,-805.668
2431.7,48.94,49.6,0.0,30.1,3,-96.813,0.521,-803.536
2431.7,48.99,55.8,0.0,30.3,3,-98.130,0.503,-802.086
2441.1,48.98,18.2,0.0,30.1,3,-100.064,0.475,-799.871
2441.1,48.88,12.4,0.0,29.5,3,-101.320,0.456,-798.370
2441.1,48.75,32.8,0.0,27.6,3,-103.150,0.425,-796.084
2441.1,48.77,53.7,0.0,26.4,3,-104.337,0.404,-794.537
2450.4,48.88,60.5,0.0,24.9,3,-106.072,0.370,-792.178
2450.4,48.99,66.0,0.0,23.9,3,-107.200,0.345,-790.578
2450.4,49.20,82.1,0.0,22.6,3,-108.848,0.305,-788.138
2460.0,49.46,85.3,0.0,21.4,3,-110.449,0.260,-785.650
2460.0,49.66,89.0,0.0,19.8,3,-111.494,0.227,-783.965
2460.0,49.96,89.9,0.0,15.0,3,-113.021,0.172,-781.398
2460.0,50.15,89.9,0.0,11.7,3,-114.011,0.133,-779.658
2469.8,50.45,90.0,0.0,5.9,3,-115.448,0.078,-777.007
2469.8,50.58,90.0,0.0,3.3,0,-116.376,0.045,-775.213
2469.8,50.57,89.7,0.0,0.1,4,-117.734,-0.010,-772.499
2469.8,50.68,66.8,0.0,-5.5,4,-118.621,-0.059,-770.681
2480.0,51.00,88.8,0.0,-11.3,4,-119.929,-0.144,-767.927
2480.0,51.21,89.7,0.0,-9.7,4,-120.783,-0.204,-766.072
2480.0,51.53,89.8,0.0,-4.2,4,-122.056,-0.284,-763.267
2480.0,51.76,89.8,0.0,-1.5,4,-122.914,-0.332,-761.388
2490.4,51.90,89.9,0.0,1.8,4,-124.214,-0.421,-758.564
2490.4,52.24,43.4,0.0,3.8,4,-125.091,-0.495,-756.677
2490.4,52.42,85.4,0.0,1.9,4,-126.451,-0.603,-753.850
2490.4,52.74,89.8,0.0,-1.9,4,-127.857,-0.701,-751.029
2501.1,52.96,84.6,0.0,-3.7,4,-128.811,-0.762,-749.144
2501.1,53.29,74.7,0.0,-4.2,4,-130.265,-0.855,-746.310
2501.1,53.49,68.2,0.0,-3.7,4,-131.249,-0.917,-744.416
2501.1,53.83,58.5,0.0,-2.9,4,-132.748,-1.014,-741.569
2512.0,54.06,57.3,0.0,-2.7,4,-133.764,-1.085,-739.668
2512.0,54.37,57.4,0.0,-2.5,4,-135.316,-1.191,-736.813
2512.0,54.58,57.6,0.0,-2.7,4,-136.369,-1.264,-734.907
2512.0,54.90,57.7,0.0,-2.8,4,-137.974,-1.377,-732.044
2523.1,55.12,57.9,0.0,-3.0,4,-139.061,-1.455,-730.133
2523.1,55.43,58.0,0.0,-2.9,4,-140.716,-1.577,-727.262
2523.1,55.65,58.0,0.0,-2.9,4,-141.836,-1.662,-725.346
2523.1,55.97,58.1,0.0,-3.0,4,-143.539,-1.796,-722.467
2534.4,56.18,58.1,0.0,-2.8,4,-144.691,-1.889,-720.545
2534.4,56.49,58.2,0.0,-2.4,4,-146.445,-2.030,-717.660
2534.4,56.70,58.3,0.0,-2.2,4,-147.631,-2.124,-715.734
2534.4,57.01,58.4,0.0,-2.1,4,-149.434,-2.267,-712.843
2545.9,57.21,58.4,0.0,-2.0,4,-150.651,-2.363,-710.913
2545.9,57.52,58.5,0.0,-1.9,4,-152.500,-2.507,-708.014
2545.9,57.71,58.6,0.0,-1.7,4,-153.747,-2.602,-706.079
2545.9,58.02,58.7,0.0,-1.5,4,-155.639,-2.738,-703.172
2557.5,58.32,58.8,0.0,-1.6,4,-157.555,-2.871,-700.259
2557.5,58.51,58.9,0.0,-1.6,4,-158.845,-2.959,-698.313
2557.5,58.81,59.0,0.0,-1.6,4,-160.799,-3.089,-695.389
2557.5,59.00,59.0,0.0,-1.6,4,-162.113,-3.174,-693.436
2569.3,59.29,59.1,0.0,-1.5,4,-164.104,-3.296,-690.501
2569.3,59.48,59.1,0.0,-1.4,4,-165.444,-3.373,-688.541
2569.3,59.76,59.2,0.0,-1.3,4,-167.473,-3.480,-685.598
2569.3,59.94,59.2,0.0,-1.3,4,-168.838,-3.546,-683.633
2581.3,60.22,59.2,0.0,-1.3,4,-170.904,-3.636,-680.681
2581.3,60.40,59.3,0.0,-1.2,4,-172.293,-3.690,-678.710
2581.3,60.66,59.1,0.0,-1.0,4,-174.396,-3.761,-675.750
2581.3,60.84,58.9,0.0,-1.0,4,-175.809,-3.801,-673.774
2593.5,61.09,58.6,0.0,-1.0,4,-177.946,-3.850,-670.807
2593.5,61.16,0.0,0.0,-1.0,0,-179.381,-3.877,-668.826
2593.5,61.21,84.5,0.0,-0.9,5,-181.541,-3.911,-665.862
2593.5,61.36,77.7,0.0,-0.7,5,-182.989,-3.930,-663.884
2605.8,61.60,67.6,0.0,-0.7,5,-185.176,-3.956,-660.914
2605.8,61.83,57.5,0.0,-0.8,5,-187.379,-3.981,-657.938
2605.8,61.98,56.3,0.0,-0.9,5,-188.856,-3.996,-655.952
2605.8,62.20,56.4,0.0,-0.9,5,-191.085,-4.015,-652.967
2618.2,62.36,56.4,0.0,-0.8,5,-192.579,-4.027,-650.974
2618.2,62.58,56.5,0.0,-0.8,5,-194.833,-4.041,-647.981
2618.2,62.72,56.6,0.0,-0.8,5,-196.345,-4.049,-645.982
2618.2,62.94,56.7,0.0,-0.8,5,-198.624,-4.056,-642.980
2630.7,63.09,56.8,0.0,-0.7,5,-200.151,-4.059,-640.975
2630.7,63.30,56.9,0.0,-0.6,5,-202.455,-4.061,-637.964
2630.7,63.45,57.0,0.0,-0.7,5,-203.999,-4.059,-635.954
2630.7,63.66,57.1,0.0,-0.8,5,-206.327,-4.051,-632.934
2643.3,63.80,57.2,0.0,-0.8,5,-207.886,-4.042,-630.918
2643.3,64.01,57.3,0.0,-0.9,5,-210.238,-4.023,-627.890
2643.3,64.15,57.4,0.0,-0.9,5,-211.814,-4.009,-625.869
2643.3,64.36,57.4,0.0,-1.1,5,-214.191,-3.987,-622.834
2656.0,64.50,57.5,0.0,-1.3,5,-215.784,-3.972,-620.810
2656.0,64.70,57.6,0.0,-1.6,5,-218.190,-3.950,-617.771
2656.0,64.84,57.6,0.0,-1.9,5,-219.804,-3.937,-615.745
2656.0,65.04,57.7,0.0,-1.4,5,-222.242,-3.918,-612.706
2668.9,65.25,57.8,0.0,-1.3,5,-224.701,-3.904,-609.668
2668.9,65.39,57.8,0.0,-1.3,5,-226.351,-3.899,-607.643
2668.9,65.59,57.9,0.0,-1.3,5,-228.844,-3.896,-604.606
2668.9,65.72,55.4,0.0,-1.2,5,-230.517,-3.896,-602.581
2682.0,65.50,1.9,39.5,-0.9,5,-233.037,-3.901,-599.552
2682.0,65.02,0.0,63.9,-0.9,5,-234.713,-3.908,-597.549
2682.0,63.99,0.0,78.6,-0.6,5,-237.206,-3.922,-594.584
2682.0,63.22,0.0,82.2,-0.5,5,-238.850,-3.934,-592.640
2695.0,62.03,0.0,84.7,-0.3,5,-241.284,-3.955,-589.774
2695.0,61.21,0.0,84.4,0.0,5,-242.885,-3.972,-587.898
2695.0,60.00,0.0,84.3,-0.0,5,-245.252,-4.002,-585.135
2695.0,59.19,0.0,84.5,-0.1,5,-246.809,-4.025,-583.328
2707.2,57.98,0.0,84.4,-0.2,5,-249.109,-4.061,-580.667
2707.2,57.17,0.0,84.3,-0.2,5,-250.619,-4.086,-578.926
2707.2,55.97,0.0,84.7,-0.1,5,-252.849,-4.124,-576.364
2718.6,54.77,0.0,84.5,0.2,5,-255.036,-4.162,-573.861
2718.6,53.98,0.0,84.7,0.2,5,-256.471,-4.187,-572.224
2718.6,52.80,39.8,85.3,0.1,0,-258.588,-4.224,-569.817
2718.6,52.02,0.0,86.2,-0.2,4,-259.975,-4.249,-568.243
2729.2,50.83,0.0,85.5,-0.5,4,-262.021,-4.287,-565.930
2729.2,50.02,0.0,84.5,-0.6,4,-263.360,-4.313,-564.421
2729.2,48.85,0.0,84.4,-1.0,4,-265.334,-4.352,-562.204
2729.2,48.07,0.0,84.5,-1.4,4,-266.628,-4.379,-560.759
2739.0,46.88,0.0,84.2,-1.9,4,-268.534,-4.419,-558.639
2739.0,46.10,0.0,83.4,-1.9,4,-269.784,-4.444,-557.260
2739.0,44.95,34.5,83.8,-1.9,0,-271.627,-4.480,-555.241
2739.0,44.21,0.0,85.5,-2.0,3,-272.836,-4.502,-553.929
2747.9,43.04,0.0,85.5,-1.7,3,-274.622,-4.535,-552.012
2747.9,42.27,0.0,85.2,-1.7,3,-275.793,-4.556,-550.769
2747.9,41.12,0.0,85.7,-1.9,3,-277.521,-4.587,-548.958
2747.9,40.35,0.0,85.4,-1.7,3,-278.655,-4.607,-547.786
2756.1,39.22,0.0,85.3,-0.8,3,-280.328,-4.637,-546.081
2756.1,38.09,0.0,84.0,0.4,0,-281.971,-4.665,-544.442
2756.1,37.37,43.4,82.2,1.2,0,-283.051,-4.682,-543.385
2756.1,36.32,0.0,74.3,1.2,2,-284.649,-4.707,-541.855
2763.6,35.65,0.0,69.0,1.3,2,-285.701,-4.724,-540.871
2763.6,34.70,0.0,64.7,1.9,2,-287.261,-4.748,-539.447
2763.6,34.10,0.0,62.9,1.9,2,-288.290,-4.763,-538.532
2763.6,33.22,0.0,60.2,1.0,2,-289.820,-4.786,-537.212
2770.4,32.64,0.0,61.4,0.1,2,-290.831,-4.801,-536.365
2770.4,31.77,0.0,62.2,-1.5,2,-292.333,-4.823,-535.147
2770.4,31.18,0.0,62.1,-2.7,2,-293.324,-4.837,-534.369
2770.4,30.31,0.0,57.7,-3.1,2,-294.794,-4.856,-533.253
2776.5,29.78,38.4,51.7,-5.8,0,-295.764,-4.868,-532.541
2776.5,29.07,0.0,45.3,-3.5,1,-297.209,-4.885,-531.524
2776.5,28.62,0.0,42.3,-3.1,1,-298.165,-4.896,-530.877
2776.5,27.99,0.0,39.5,-10.6,1,-299.588,-4.911,-529.949
2782.1,27.59,0.0,37.5,-15.0,1,-300.532,-4.920,-529.360
2782.1,27.02,0.0,34.8,-18.1,1,-301.940,-4.932,-528.521
2782.1,26.47,0.0,35.7,-13.6,1,-303.340,-4.943,-527.736
2782.1,26.11,0.0,34.4,-10.5,1,-304.269,-4.950,-527.240
2787.1,25.59,0.0,30.2,-8.0,1,-305.650,-4.959,-526.533
2787.1,25.28,0.0,28.0,-7.6,1,-306.564,-4.965,-526.085
2787.1,24.83,0.0,26.4,-10.3,1,-307.924,-4.972,-525.442
2787.1,24.55,0.0,20.9,-15.8,1,-308.824,-4.977,-525.034
2792.1,24.20,0.0,18.1,-21.9,1,-310.168,-4.982,-524.458
2792.1,23.97,0.0,16.0,-23.9,1,-311.063,-4.984,-524.099
2792.1,23.68,0.0,13.0,-25.1,1,-312.403,-4.987,-523.601
2792.1,23.49,0.0,13.0,-25.1,1,-313.297,-4.987,-523.297
2797.4,23.21,0.0,13.7,-23.6,1,-314.636,-4.987,-522.883
2797.4,23.03,0.0,10.1,-23.6,1,-315.527,-4.986,-522.635
2797.4,22.79,0.0,9.0,-24.5,1,-316.862,-4.982,-522.307
2797.4,22.55,0.0,8.9,-29.4,1,-318.195,-4.976,-522.030
2803.1,22.39,0.0,2.9,-31.9,1,-319.080,-4.970,-521.876
2803.1,22.31,30.7,0.0,-32.4,1,-320.407,-4.960,-521.690
2803.1,22.42,48.9,0.0,-32.3,1,-321.296,-4.953,-521.595
2803.1,22.68,45.7,0.0,-29.1,1,-322.645,-4.942,-521.490
2809.8,22.88,52.7,0.0,-27.8,1,-323.555,-4.939,-521.441
2809.8,23.05,23.0,0.0,-27.8,1,-324.933,-4.937,-521.405
2809.8,23.00,4.5,8.6,-27.7,1,-325.854,-4.938,-521.409
2809.8,22.79,0.0,9.4,-26.5,1,-327.228,-4.945,-521.455
2815.0,22.57,0.0,3.8,-25.2,1,-328.133,-4.945,-521.520
2815.0,22.39,0.4,0.0,-22.5,1,-329.473,-4.937,-521.673
2815.0,22.32,1.4,0.0,-22.5,1,-330.358,-4.930,-521.805
2815.0,22.22,3.1,0.0,-25.8,1,-331.674,-4.921,-522.039
2819.8,22.19,17.1,0.0,-28.4,1,-332.543,-4.916,-522.220
2819.8,22.29,42.6,0.0,-29.7,1,-333.839,-4.908,-522.529
2819.8,22.55,58.7,0.0,-29.7,1,-335.135,-4.898,-522.887
2819.8,22.79,65.8,0.0,-30.2,1,-336.001,-4.891,-523.153
2824.4,23.23,88.6,0.0,-31.2,1,-337.308,-4.878,-523.594
2824.4,23.57,68.2,0.0,-30.4,1,-338.186,-4.869,-523.916
2824.4,23.93,69.3,0.0,-27.4,1,-339.508,-4.853,-524.444
2824.4,24.18,55.2,0.0,-25.0,1,-340.390,-4.841,-524.828
2829.1,24.54,64.7,0.0,-23.5,1,-341.711,-4.822,-525.451
2829.1,24.77,62.4,0.0,-21.7,1,-342.589,-4.809,-525.898
2829.1,25.11,55.4,0.0,-17.4,1,-343.901,-4.788,-526.616
2829.1,25.35,62.4,0.0,-14.0,1,-344.771,-4.774,-527.125
2834.1,25.75,69.5,0.0,-7.7,1,-346.073,-4.753,-527.933
2834.1,26.06,76.9,0.0,-2.9,1,-346.940,-4.739,-528.499
2834.1,26.59,82.3,0.0,3.5,1,-348.246,-4.718,-529.385
2834.1,26.98,89.0,0.0,5.7,1,-349.124,-4.704,-529.997
2839.3,27.60,79.9,0.0,9.5,1,-350.460,-4.682,-530.941
2839.3,27.99,63.4,0.0,11.8,1,-351.366,-4.667,-531.585
2839.3,28.27,35.9,0.0,13.0,1,-352.749,-4.645,-532.553
2844.8,28.37,23.0,0.0,10.5,1,-354.156,-4.623,-533.506
2844.8,28.43,25.4,0.0,9.7,1,-355.105,-4.609,-534.130
2844.8,28.56,33.1,0.0,10.5,1,-356.546,-4.590,-535.049
2844.8,28.68,38.5,0.0,11.9,1,-357.519,-4.577,-535.651
2850.6,28.87,33.8,0.0,16.8,1,-359.001,-4.560,-536.536
2850.6,28.94,28.7,0.0,20.7,1,-360.005,-4.549,-537.110
2850.6,29.01,20.8,0.0,24.7,1,-361.532,-4.534,-537.942
2850.6,29.00,17.0,0.0,26.1,1,-362.564,-4.525,-538.472
2856.5,28.99,15.3,0.0,26.4,1,-364.131,-4.513,-539.226
2856.5,28.95,8.5,0.0,26.7,1,-365.189,-4.507,-539.700
2856.5,28.83,6.5,0.0,28.0,1,-366.790,-4.498,-540.364
2856.5,28.76,8.5,0.0,29.2,1,-367.867,-4.493,-540.774
2862.6,28.65,5.3,0.0,30.1,1,-369.494,-4.487,-541.339
2862.6,28.55,1.8,0.0,30.7,1,-370.586,-4.484,-541.682
2862.6,28.49,28.8,0.0,33.1,1,-372.231,-4.483,-542.149
2862.6,28.68,54.8,0.0,35.0,1,-373.894,-4.485,-542.562
2869.7,28.88,66.0,0.0,36.2,1,-375.018,-4.487,-542.808
2869.7,29.25,48.4,0.0,34.2,1,-376.731,-4.490,-543.135
2869.7,29.39,34.2,0.0,31.7,1,-377.888,-4.492,-543.323
2869.7,29.61,69.2,0.0,31.0,1,-379.641,-4.490,-543.547
2876.5,29.75,37.5,0.0,29.8,1,-380.822,-4.488,-543.664
2876.5,29.87,38.6,0.0,28.4,1,-382.607,-4.491,-543.795
2876.5,29.99,53.7,0.0,29.0,1,-383.803,-4.493,-543.847
2876.5,30.08,13.7,0.0,29.6,1,-385.605,-4.499,-543.876
2883.4,30.05,29.0,0.0,30.2,1,-386.807,-4.505,-543.859
2883.4,30.08,27.4,0.0,31.4,1,-388.609,-4.509,-543.772
2883.4,30.08,21.5,0.0,32.9,1,-389.808,-4.511,-543.673
2883.4,30.12,34.7,0.0,36.8,1,-391.601,-4.514,-543.470
2890.9,30.22,44.1,0.0,40.1,1,-392.796,-4.515,-543.299
2890.9,30.35,28.6,0.0,43.3,1,-394.588,-4.518,-542.996
2890.9,30.35,23.8,0.0,44.0,1,-396.374,-4.520,-542.639
2890.9,30.36,27.2,0.0,42.8,1,-397.557,-4.521,-542.370
2897.4,30.42,34.8,0.0,39.2,1,-399.323,-4.522,-541.917
2897.4,30.50,42.2,0.0,36.1,1,-400.495,-4.524,-541.583
2897.4,30.74,59.1,0.0,30.7,1,-402.246,-4.528,-541.033
2897.4,30.97,73.3,0.0,26.9,1,-403.413,-4.533,-540.633
2903.5,31.30,50.3,0.0,20.5,1,-405.165,-4.544,-539.984
2903.5,31.47,58.8,0.0,16.3,1,-406.329,-4.552,-539.518
2903.5,31.72,49.7,0.0,10.5,1,-408.069,-4.567,-538.766
2903.5,31.87,48.7,0.0,7.2,1,-409.222,-4.578,-538.230
2909.6,32.12,55.8,0.0,3.7,1,-410.941,-4.597,-537.378
2909.6,32.32,60.3,0.0,2.7,1,-412.081,-4.611,-536.777
2909.6,32.66,68.6,0.0,2.6,1,-413.783,-4.635,-535.829
2909.6,32.94,76.0,0.0,3.4,1,-414.914,-4.652,-535.165
2915.9,33.42,85.1,0.0,5.4,1,-416.608,-4.680,-534.123
2915.9,33.61,0.0,0.0,8.0,0,-418.296,-4.707,-533.025
2915.9,33.78,89.6,0.0,10.3,2,-419.407,-4.726,-532.265
2915.9,34.30,89.6,0.0,13.9,2,-421.070,-4.755,-531.082
2922.3,34.64,89.6,0.0,14.6,2,-422.178,-4.774,-530.262
2922.3,35.16,89.6,0.0,14.5,2,-423.836,-4.803,-528.985
2922.3,35.49,89.6,0.0,13.9,2,-424.938,-4.821,-528.102
2922.3,35.99,89.7,0.0,11.8,2,-426.582,-4.847,-526.727
2929.2,36.33,89.7,0.0,12.2,2,-427.672,-4.863,-525.778
2929.2,36.79,89.7,0.0,12.7,2,-429.296,-4.886,-524.303
2929.2,37.13,89.7,0.0,10.0,2,-430.369,-4.901,-523.288
2929.2,37.60,89.7,0.0,7.4,2,-431.964,-4.922,-521.714
2936.4,37.92,89.8,0.0,5.0,2,-433.016,-4.936,-520.632
2936.4,38.40,89.8,0.0,2.3,2,-434.580,-4.955,-518.961
2936.4,38.71,89.8,0.0,1.8,2,-435.612,-4.967,-517.815
2936.4,39.21,89.8,0.0,2.9,2,-437.148,-4.986,-516.055
2944.0,39.53,89.8,0.0,4.9,2,-438.166,-5.000,-514.853
2944.0,40.01,89.8,0.0,8.2,2,-439.681,-5.019,-513.011
2944.0,40.46,89.9,0.0,10.3,2,-441.182,-5.034,-511.119
2944.0,40.73,89.9,0.0,10.1,0,-442.174,-5.043,-509.833
2951.8,40.78,88.0,0.0,8.4,3,-443.637,-5.061,-507.873
2951.8,40.99,89.4,0.0,7.3,3,-444.592,-5.073,-506.547
2951.8,41.34,89.6,0.0,5.8,3,-445.996,-5.084,-504.516
2951.8,41.59,89.6,0.0,5.0,3,-446.916,-5.089,-503.136
2959.8,41.96,89.7,0.0,3.2,3,-448.269,-5.096,-501.029
2959.8,42.19,88.4,0.0,3.5,3,-449.154,-5.100,-499.598
2959.8,42.44,64.0,0.0,4.3,3,-450.456,-5.110,-497.419
2959.8,42.63,86.8,0.0,5.4,3,-451.302,-5.115,-495.943
2968.0,43.02,89.7,0.0,6.5,3,-452.536,-5.116,-493.689
2968.0,43.28,89.7,0.0,7.2,3,-453.338,-5.116,-492.160
2968.0,43.59,63.1,0.0,7.1,3,-454.511,-5.120,-489.834
2968.0,43.72,59.8,0.0,5.9,3,-455.273,-5.126,-488.263
2976.3,44.03,89.1,0.0,4.7,3,-456.376,-5.136,-485.874
2976.3,44.40,89.7,0.0,5.5,3,-457.434,-5.145,-483.443
2976.3,44.66,89.7,0.0,6.9,3,-458.117,-5.154,-481.798
2984.8,45.05,89.7,0.0,9.5,3,-459.107,-5.170,-479.296
2984.8,45.31,89.7,0.0,10.8,3,-459.743,-5.183,-477.605
2984.8,45.68,89.7,0.0,12.9,3,-460.663,-5.205,-475.036
2984.8,45.93,89.7,0.0,13.8,3,-461.252,-5.222,-473.302
2993.8,46.29,89.8,0.0,13.9,3,-462.099,-5.250,-470.669
2993.8,46.52,89.8,0.0,13.9,3,-462.635,-5.270,-468.893
2993.8,46.87,89.8,0.0,13.6,3,-463.397,-5.303,-466.198
2993.8,47.10,89.8,0.0,13.3,3,-463.875,-5.327,-464.381
3002.9,47.44,89.8,0.0,13.3,3,-464.544,-5.364,-461.626
3002.9,47.66,89.8,0.0,13.5,3,-464.957,-5.390,-459.770
3002.9,47.99,89.8,0.0,13.9,3,-465.527,-5.431,-456.959
3002.9,48.20,89.9,0.0,14.0,3,-465.872,-5.458,-455.067
3012.3,48.53,89.9,0.0,14.0,3,-466.335,-5.500,-452.203
3012.3,48.74,89.9,0.0,14.1,3,-466.606,-5.527,-450.277
3012.3,49.06,89.9,0.0,14.8,3,-466.958,-5.568,-447.365
3012.3,49.39,89.9,0.0,16.1,3,-467.243,-5.607,-444.427
3021.9,49.59,89.9,0.0,17.2,3,-467.396,-5.633,-442.454
3021.9,49.90,89.9,0.0,18.3,3,-467.571,-5.673,-439.475
3021.9,50.11,89.9,0.0,18.8,3,-467.650,-5.698,-437.478
3021.9,50.40,90.0,0.0,19.5,3,-467.713,-5.737,-434.464
3031.8,50.60,90.0,0.0,19.6,3,-467.717,-5.763,-432.444
3031.8,50.88,90.0,0.0,19.4,3,-467.663,-5.801,-429.401
3031.8,51.07,90.1,0.0,19.0,3,-467.586,-5.825,-427.364
3031.8,51.33,90.0,0.0,18.2,0,-467.407,-5.860,-424.298
3042.2,51.26,0.0,0.0,17.3,0,-467.245,-5.883,-422.252
3042.2,51.38,87.8,0.0,15.3,4,-466.934,-5.913,-419.191
3042.2,51.54,89.8,0.0,14.3,4,-466.682,-5.930,-417.148
3042.2,51.80,89.8,0.0,13.1,4,-466.239,-5.954,-414.081
3053.0,51.98,89.8,0.0,12.9,4,-465.901,-5.969,-412.033
3053.0,52.25,89.8,0.0,13.3,4,-465.332,-5.990,-408.959
3053.0,52.53,89.8,0.0,14.9,4,-464.694,-6.013,-405.882
3053.0,52.71,89.8,0.0,15.8,4,-464.234,-6.032,-403.829
3064.4,52.98,82.6,0.0,16.5,4,-463.489,-6.064,-400.748
3064.4,53.15,76.1,0.0,16.3,4,-462.954,-6.087,-398.694
3064.4,53.39,66.3,0.0,15.1,4,-462.091,-6.118,-395.617
3064.4,53.57,59.9,0.0,14.3,4,-461.473,-6.136,-393.570
3075.4,53.83,57.4,0.0,13.0,4,-460.482,-6.159,-390.504
3075.4,54.00,57.5,0.0,12.4,4,-459.781,-6.172,-388.465
3075.4,54.27,57.6,0.0,11.6,4,-458.671,-6.192,-385.413
3075.4,54.46,57.6,0.0,11.3,4,-457.895,-6.206,-383.382
3086.1,54.74,57.7,0.0,10.6,4,-456.674,-6.225,-380.343
3086.1,54.92,57.8,0.0,10.6,4,-455.823,-6.237,-378.322
3086.1,55.19,57.9,0.0,9.2,4,-454.493,-6.250,-375.300
3086.1,55.37,58.0,0.0,9.1,4,-453.570,-6.256,-373.290
3096.9,55.65,58.1,0.0,8.1,4,-452.136,-6.264,-370.285
3096.9,55.83,58.1,0.0,7.5,4,-451.149,-6.272,-368.286
3096.9,56.12,58.1,0.0,7.0,4,-449.621,-6.285,-365.296
3096.9,56.39,58.2,0.0,6.8,4,-448.037,-6.299,-362.316
3108.0,56.57,58.3,0.0,6.7,4,-446.952,-6.307,-360.335
3108.0,56.85,58.4,0.0,6.7,4,-445.280,-6.319,-357.372
3108.0,57.03,58.4,0.0,6.5,4,-444.136,-6.326,-355.403
3108.0,57.29,58.5,0.0,6.1,4,-442.378,-6.336,-352.459
3119.2,57.47,58.5,0.0,6.0,4,-441.177,-6.341,-350.503
3119.2,57.74,58.7,0.0,6.2,4,-439.334,-6.347,-347.580
3119.2,57.92,58.8,0.0,6.1,4,-438.079,-6.352,-345.637
3119.2,58.19,58.8,0.0,5.7,4,-436.156,-6.360,-342.734
3130.7,58.37,58.8,0.0,5.2,4,-434.847,-6.365,-340.805
3130.7,58.62,58.9,0.0,4.1,4,-432.843,-6.367,-337.925
3130.7,58.81,59.0,0.0,3.4,4,-431.480,-6.366,-336.013
3130.7,59.03,59.1,0.0,1.5,4,-429.399,-6.363,-333.155
3142.4,59.21,59.1,0.0,1.2,4,-427.989,-6.358,-331.257
3142.4,59.48,59.1,0.0,0.9,4,-425.846,-6.348,-328.414
3142.4,59.74,59.1,0.0,1.6,4,-423.676,-6.337,-325.572
3142.4,59.90,59.2,0.0,1.7,4,-422.218,-6.329,-323.676
3154.4,60.12,59.2,0.0,1.1,4,-420.014,-6.318,-320.829
3154.4,60.29,58.9,0.0,0.7,4,-418.535,-6.310,-318.928
3154.4,60.55,58.9,0.0,0.7,4,-416.304,-6.302,-316.072
3154.4,60.72,58.8,0.0,0.3,4,-414.809,-6.295,-314.162
3166.5,60.94,58.4,0.0,-0.4,0,-412.557,-6.282,-311.291
3166.5,60.91,0.0,0.0,-1.2,0,-411.054,-6.273,-309.372
3166.5,61.05,81.1,0.0,-1.0,5,-408.802,-6.261,-306.491
3166.5,61.19,74.3,0.0,-0.6,5,-407.300,-6.250,-304.562
3178.7,61.43,64.1,0.0,-0.4,5,-405.047,-6.235,-301.654
3178.7,61.58,57.4,0.0,-0.5,5,-403.545,-6.225,-299.706
3178.7,61.80,56.1,0.0,-0.7,5,-401.292,-6.208,-296.770
3178.7,61.95,56.2,0.0,-0.4,5,-399.790,-6.197,-294.803
3191.0,62.17,56.3,0.0,-0.5,5,-397.535,-6.179,-291.841
3191.0,62.31,56.4,0.0,-0.6,5,-396.030,-6.166,-289.858
3191.0,62.53,56.5,0.0,-0.2,5,-393.770,-6.146,-286.872
3203.5,62.74,56.6,0.0,-0.3,5,-391.508,-6.124,-283.872
3203.5,62.89,56.7,0.0,-0.4,5,-389.998,-6.110,-281.864
3203.5,63.10,56.8,0.0,-0.2,5,-387.729,-6.090,-278.842
3203.5,63.25,56.8,0.0,-0.3,5,-386.213,-6.075,-276.820
3216.1,63.46,57.0,0.0,-0.4,5,-383.936,-6.052,-273.778
3216.1,63.60,57.1,0.0,-0.5,5,-382.415,-6.035,-271.742
3216.1,63.81,57.1,0.0,-0.4,5,-380.130,-6.009,-268.678
3216.1,63.95,57.2,0.0,-0.3,5,-378.605,-5.991,-266.629
3228.9,64.16,57.3,0.0,-0.3,5,-376.315,-5.964,-263.543
3228.9,64.29,57.4,0.0,-0.3,5,-374.786,-5.946,-261.480
3228.9,64.50,57.4,0.0,-0.2,5,-372.488,-5.919,-258.374
3228.9,64.64,57.5,0.0,-0.1,5,-370.954,-5.900,-256.296
3241.8,64.84,57.7,0.0,0.1,5,-368.648,-5.867,-253.171
3241.8,64.97,57.7,0.0,0.2,5,-367.108,-5.844,-251.081
3241.8,65.18,57.8,0.0,0.3,5,-364.792,-5.808,-247.939
3241.8,65.31,57.8,0.0,0.4,5,-363.244,-5.783,-245.839
3254.8,65.51,57.9,0.0,0.3,5,-360.913,-5.744,-242.682
3254.8,65.70,58.0,0.0,0.3,5,-358.572,-5.701,-239.518
3254.8,65.83,58.0,0.0,0.3,5,-357.006,-5.671,-237.405
3254.8,66.03,58.1,0.0,0.3,5,-354.648,-5.624,-234.229
3268.0,66.16,58.1,0.0,0.2,5,-353.070,-5.594,-232.108
3268.0,66.36,58.1,0.0,0.0,5,-350.695,-5.549,-228.921
3268.0,66.49,58.2,0.0,-0.1,5,-349.106,-5.522,-226.792
3268.0,66.68,58.2,0.0,0.0,5,-346.716,-5.487,-223.591
3281.3,66.80,58.2,0.0,-0.2,5,-345.117,-5.462,-221.453
3281.3,66.99,58.3,0.0,-0.3,5,-342.713,-5.421,-218.240
3281.3,67.11,58.3,0.0,-0.3,5,-341.106,-5.393,-216.093
3281.3,67.30,58.4,0.0,-0.1,5,-338.691,-5.348,-212.865
3294.7,67.42,58.4,0.0,-0.1,5,-337.077,-5.318,-210.707
3349.6,69.90,59.1,0.0,-0.2,5,-301.735,-4.556,-163.387
3349.6,70.01,59.1,0.0,0.1,5,-300.067,-4.517,-161.141
3349.6,70.18,59.1,0.0,0.1,5,-297.559,-4.459,-157.765
3363.6,70.28,59.2,0.0,-0.2,5,-295.884,-4.419,-155.511
3363.6,70.45,59.2,0.0,-0.4,5,-293.367,-4.359,-152.122
3363.6,70.55,59.2,0.0,-0.3,5,-291.686,-4.319,-149.858
3363.6,70.71,59.2,0.0,0.1,5,-289.162,-4.259,-146.455
3377.7,70.82,59.2,0.0,0.0,5,-287.478,-4.219,-144.181
3377.7,70.97,59.2,0.0,-0.1,5,-284.948,-4.158,-140.762
3377.7,71.08,59.3,0.0,0.2,5,-283.259,-4.119,-138.478
3377.7,71.23,59.3,0.0,0.0,5,-280.721,-4.060,-135.046
3391.9,71.38,59.3,0.0,-0.2,5,-278.178,-4.001,-131.607
3391.9,71.48,59.3,0.0,-0.2,5,-276.479,-3.960,-129.309
3391.9,71.63,59.4,0.0,0.5,5,-273.928,-3.899,-125.857
3391.9,71.73,59.4,0.0,0.7,5,-272.224,-3.858,-123.552
3406.2,71.88,59.4,0.0,0.6,5,-269.662,-3.796,-120.089
3406.2,71.98,59.4,0.0,0.3,5,-267.948,-3.755,-117.779
3406.2,72.12,59.4,0.0,0.4,5,-265.369,-3.694,-114.310
3406.2,72.21,59.4,0.0,0.3,5,-263.644,-3.652,-111.997
3420.7,72.36,59.4,0.0,-0.8,5,-261.047,-3.589,-108.523
3420.7,72.45,59.3,0.0,-1.3,5,-259.313,-3.546,-106.205
3420.7,72.59,59.2,0.0,-1.0,5,-256.710,-3.480,-102.719
3420.7,72.68,59.2,0.0,-0.8,5,-254.976,-3.435,-100.388
3435.2,72.81,59.1,0.0,-0.6,5,-252.380,-3.367,-96.881
3435.2,72.90,59.0,0.0,-0.8,5,-250.652,-3.321,-94.534
3435.2,73.03,58.8,0.0,-0.8,5,-248.065,-3.255,-91.004
3435.2,73.08,0.0,0.0,-0.6,0,-245.481,-3.191,-87.461
3449.8,73.00,88.2,0.0,-0.3,6,-243.765,-3.149,-85.098
3449.8,73.13,78.6,0.0,0.4,6,-241.196,-3.085,-81.546
3449.8,73.22,72.2,0.0,0.8,6,-239.483,-3.043,-79.173
3449.8,73.35,62.6,0.0,1.2,6,-236.910,-2.980,-75.608
3464.4,73.44,58.2,0.0,0.7,6,-235.189,-2.938,-73.230
3464.4,73.56,58.2,0.0,1.1,6,-232.597,-2.874,-69.663
3464.4,73.65,58.2,0.0,1.8,6,-230.861,-2.831,-67.286
3464.4,73.61,26.3,49.7,2.8,6,-228.242,-2.766,-63.725
3479.1,73.06,0.0,70.1,3.1,6,-226.492,-2.720,-61.368
3479.1,71.92,0.0,82.6,3.0,6,-223.878,-2.652,-57.888
3479.1,71.08,0.0,84.6,2.5,6,-222.144,-2.606,-55.612
3479.1,69.82,0.0,71.7,2.2,6,-219.556,-2.537,-52.268
3493.5,69.09,0.0,57.3,2.6,6,-217.836,-2.491,-50.085
3493.5,68.21,0.0,42.6,3.6,6,-215.255,-2.425,-46.875
3493.5,67.50,0.0,28.6,5.9,6,-212.662,-2.360,-43.736
3493.5,67.12,0.0,20.0,5.9,6,-210.922,-2.317,-41.681
3507.0,66.70,0.0,7.5,3.9,6,-208.288,-2.254,-38.653
3507.0,66.50,0.0,1.9,5.0,6,-206.513,-2.211,-36.666
3507.0,66.28,8.4,0.0,5.7,6,-203.818,-2.147,-33.733
3507.0,66.17,13.2,0.0,6.3,6,-202.000,-2.103,-31.808
3520.2,66.01,11.6,0.0,7.0,6,-199.239,-2.040,-28.961
3520.2,65.90,9.5,20.8,7.7,6,-197.377,-1.998,-27.093
3520.2,65.43,0.0,86.8,7.7,6,-194.554,-1.935,-24.341
3520.2,64.72,0.0,49.0,7.5,6,-192.663,-1.892,-22.550
3533.1,64.14,46.1,0.5,6.5,6,-189.821,-1.826,-19.936
3533.1,64.17,79.1,0.0,6.4,6,-187.903,-1.782,-18.232
3533.1,64.29,68.2,0.0,8.6,6,-184.982,-1.719,-15.719
3533.1,64.37,61.0,0.0,11.4,6,-183.007,-1.683,-14.071
3545.8,64.48,49.3,0.0,15.6,6,-180.003,-1.638,-11.638
3545.8,64.54,51.9,0.0,17.6,6,-177.974,-1.612,-10.045
3545.8,64.64,53.7,0.0,18.5,6,-174.889,-1.580,-7.699
3558.7,64.73,54.0,0.0,18.5,6,-171.753,-1.555,-5.412
3558.7,64.79,54.0,0.0,18.3,6,-169.632,-1.540,-3.926
3558.7,64.83,48.8,0.0,18.5,6,-166.404,-1.515,-1.758
3558.7,64.84,48.2,0.0,19.3,6,-164.222,-1.497,-0.356
3572.1,64.85,33.1,0.0,21.2,6,-160.906,-1.465,1.679
3572.1,64.79,26.1,0.0,22.0,6,-158.668,-1.441,2.988
3572.1,64.71,39.4,0.0,22.9,6,-155.277,-1.403,4.883
3572.1,64.69,41.6,0.0,24.3,6,-152.996,-1.381,6.106
3585.9,64.65,26.5,0.0,26.5,6,-149.544,-1.354,7.877
3585.9,64.54,22.1,0.0,27.4,6,-147.221,-1.334,9.010
3585.9,64.38,22.4,0.0,28.6,6,-143.711,-1.303,10.634
3585.9,64.27,20.8,0.0,29.4,6,-141.354,-1.281,11.667
3599.7,64.09,19.1,0.0,30.4,6,-137.797,-1.246,13.141
3599.7,63.96,19.2,0.0,31.1,6,-135.412,-1.222,14.073
3599.7,63.77,17.8,0.0,32.0,6,-131.815,-1.186,15.396
3599.7,63.57,16.1,0.0,33.0,6,-128.199,-1.150,16.629
3612.8,63.43,14.7,0.0,33.6,6,-125.779,-1.128,17.401
3612.8,63.20,13.4,0.0,34.3,6,-122.138,-1.095,18.485
3612.8,63.04,13.1,0.0,34.5,6,-119.703,-1.074,19.155
3612.8,62.80,8.3,0.0,35.0,6,-116.043,-1.041,20.083
3625.5,62.63,8.3,0.0,35.6,6,-113.600,-1.020,20.651
3625.5,62.35,8.2,0.0,36.0,6,-109.931,-0.988,21.426
3625.5,62.17,8.2,0.0,35.9,6,-107.483,-0.965,21.888
3625.5,61.91,8.2,0.0,36.1,6,-103.812,-0.929,22.504
3637.8,61.73,19.5,0.0,36.2,0,-101.366,-0.906,22.865
3637.8,61.45,4.8,0.0,35.4,5,-97.699,-0.870,23.329
3637.8,61.26,8.8,0.0,34.5,5,-95.258,-0.845,23.585
3637.8,61.00,8.7,0.0,32.7,5,-91.602,-0.804,23.891
3649.7,60.84,8.7,0.0,31.3,5,-89.170,-0.776,24.044
3649.7,60.61,15.7,0.0,28.6,5,-85.531,-0.734,24.198
3649.7,60.49,19.6,0.0,26.6,5,-83.109,-0.706,24.251
3649.7,60.36,25.6,0.0,23.6,5,-79.484,-0.664,24.255
3661.6,60.29,34.3,0.0,20.3,5,-75.866,-0.620,24.167
3661.6,60.29,39.9,0.0,18.0,5,-73.458,-0.589,24.060
3661.6,60.35,50.6,0.0,14.6,5,-69.847,-0.542,23.825
3661.6,60.43,52.4,0.0,12.6,5,-67.440,-0.512,23.624
3673.6,60.59,53.8,0.0,10.7,5,-63.829,-0.469,23.257
3673.6,60.71,55.6,0.0,9.0,5,-61.420,-0.440,22.970
3673.6,60.88,55.9,0.0,6.6,5,-57.807,-0.392,22.476
3673.6,61.01,55.9,0.0,5.1,5,-55.398,-0.356,22.108
3685.7,61.20,56.2,0.0,3.6,5,-51.782,-0.303,21.508
3685.7,61.34,56.3,0.0,2.7,5,-49.369,-0.271,21.080
3685.7,61.56,56.2,0.0,0.5,5,-45.746,-0.230,20.400
3685.7,61.71,56.1,0.0,-0.6,5,-43.327,-0.203,19.926
3697.9,61.92,56.2,0.0,-1.8,5,-39.691,-0.162,19.198
3697.9,62.07,55.5,0.0,-2.4,5,-37.260,-0.136,18.709
3697.9,62.28,56.2,0.0,-2.7,5,-33.602,-0.098,17.983
3697.9,62.42,56.4,0.0,-2.4,5,-31.153,-0.073,17.510
3710.4,62.62,56.6,0.0,-2.8,5,-27.467,-0.039,16.817
3710.4,62.84,56.6,0.0,-3.9,5,-23.763,-0.011,16.149
3710.4,62.98,56.7,0.0,-4.8,5,-21.284,0.004,15.720
3710.4,63.17,56.8,0.0,-5.4,5,-17.551,0.026,15.105
3723.0,63.31,56.9,0.0,-5.6,5,-15.051,0.040,14.718
3723.0,63.50,57.0,0.0,-5.8,5,-11.286,0.063,14.178
3723.0,63.62,57.1,0.0,-6.5,5,-8.766,0.080,13.846
3723.0,63.80,57.2,0.0,-8.4,5,-4.970,0.106,13.395
3735.8,63.91,57.3,0.0,-9.1,5,-2.430,0.124,13.128
3735.8,64.09,57.4,0.0,-9.3,5,1.394,0.152,12.784
3735.8,64.19,57.4,0.0,-9.6,5,3.953,0.174,12.596
3735.8,64.34,57.5,0.0,-9.8,5,7.802,0.210,12.379
3748.8,64.45,57.5,0.0,-10.1,5,10.376,0.237,12.278
3748.8,64.61,57.6,0.0,-10.1,5,14.246,0.280,12.191
3748.8,64.71,57.6,0.0,-10.4,5,16.832,0.311,12.178
3748.8,64.86,57.8,0.0,-10.6,5,20.718,0.361,12.227
3762.1,65.00,57.8,0.0,-10.1,5,24.610,0.415,12.359
3762.1,65.10,57.8,0.0,-9.6,5,27.208,0.455,12.494
3762.1,65.24,58.0,0.0,-8.7,5,31.108,0.519,12.767
3762.1,65.31,57.9,0.0,-9.2,5,33.709,0.559,12.990
3775.7,65.44,51.6,0.0,-11.8,5,37.612,0.609,13.380
3775.7,65.49,31.3,0.0,-13.8,5,40.213,0.640,13.681
3775.7,65.52,56.0,0.0,-14.8,5,44.107,0.691,14.202
3775.7,65.60,58.0,0.0,-14.2,5,46.700,0.727,14.595
3789.1,65.73,58.0,0.0,-12.6,5,50.583,0.782,15.255
3789.1,65.81,58.0,0.0,-12.0,5,53.168,0.818,15.743
3789.1,65.94,58.1,0.0,-12.2,5,57.038,0.873,16.545
3789.1,66.02,58.1,0.0,-12.5,5,59.611,0.910,17.129
3802.7,66.14,58.1,0.0,-13.1,5,63.460,0.967,18.076
3802.7,66.23,58.2,0.0,-13.6,5,66.019,1.005,18.753
3802.7,66.35,58.2,0.0,-13.8,5,69.845,1.061,19.838
3802.7,66.44,58.2,0.0,-13.5,5,72.387,1.099,20.605
3816.5,66.56,58.2,0.0,-12.7,5,76.184,1.155,21.827
3816.5,66.67,58.3,0.0,-12.1,5,79.961,1.213,23.133
3816.5,66.75,58.2,0.0,-11.9,5,82.466,1.251,24.049
3830.2,66.87,58.3,0.0,-12.0,5,86.205,1.308,25.493
3830.2,66.96,58.3,0.0,-12.3,5,88.683,1.346,26.502
3830.2,67.07,58.3,0.0,-12.1,5,92.379,1.405,28.084
3830.2,67.15,58.3,0.0,-11.7,5,94.827,1.444,29.183
3843.6,67.28,58.4,0.0,-10.6,5,98.476,1.505,30.900
3843.6,67.36,58.4,0.0,-9.9,5,100.891,1.546,32.089
3843.6,67.49,58.4,0.0,-9.0,5,104.488,1.610,33.937
3843.6,67.57,58.5,0.0,-8.7,5,106.869,1.652,35.212
3857.1,67.71,58.5,0.0,-8.4,5,110.415,1.715,37.185
3857.1,67.80,58.5,0.0,-8.4,5,112.761,1.757,38.541
3857.1,67.93,58.5,0.0,-8.3,5,116.253,1.820,40.633
3857.1,68.07,58.6,0.0,-8.1,5,119.713,1.883,42.794
3870.6,68.16,58.6,0.0,-8.1,5,122.002,1.924,44.271
3870.6,68.30,58.6,0.0,-8.2,5,125.408,1.982,46.541
3870.6,68.39,58.6,0.0,-8.1,5,127.660,2.020,48.090
3870.6,68.52,58.7,0.0,-8.1,5,131.008,2.075,50.468
3884.3,68.61,58.7,0.0,-8.2,5,133.220,2.111,52.089
3884.3,68.75,58.8,0.0,-8.2,5,136.508,2.161,54.572
3884.3,68.83,58.8,0.0,-8.2,5,138.679,2.192,56.262
3884.3,68.97,58.8,0.0,-8.2,5,141.903,2.236,58.849
3898.0,69.06,58.9,0.0,-8.4,5,144.031,2.262,60.608
3898.0,69.20,58.9,0.0,-7.8,5,147.191,2.293,63.294
3898.0,69.29,58.9,0.0,-6.9,5,149.275,2.309,65.118
3898.0,69.42,58.9,0.0,-5.2,5,152.367,2.330,67.902
3911.8,69.52,59.0,0.0,-4.3,5,154.406,2.343,69.790
3911.8,69.65,50.5,18.5,-3.1,5,157.433,2.359,72.665
3911.8,69.38,11.0,61.2,-2.4,5,159.429,2.369,74.605
3911.8,68.36,0.0,77.1,-1.1,5,162.370,2.383,77.513
3925.6,67.16,0.0,81.9,0.5,5,165.238,2.397,80.398
3925.6,66.35,0.0,83.1,1.0,5,167.111,2.409,82.303
3925.6,65.11,0.0,83.9,1.0,5,169.867,2.428,85.128
3925.6,64.29,0.0,85.1,0.6,5,171.671,2.441,86.986
3938.7,63.04,0.0,84.9,0.3,5,174.331,2.461,89.730
3938.7,62.21,0.0,85.0,0.2,5,176.076,2.475,91.530
3938.7,60.97,0.0,85.5,0.3,5,178.651,2.495,94.184
3938.7,60.15,0.0,85.1,0.4,5,180.340,2.507,95.923
3950.9,58.92,0.0,85.0,0.4,5,182.834,2.526,98.483
3950.9,58.09,0.0,84.5,0.4,5,184.471,2.538,100.158
3950.9,56.88,0.0,85.1,0.5,5,186.887,2.557,102.624
3950.9,56.08,0.0,85.4,0.6,5,188.472,2.568,104.236
3962.3,54.87,0.0,85.5,0.5,5,190.812,2.582,106.607
3962.3,54.05,0.0,84.9,0.5,5,192.346,2.590,108.155
3962.3,52.85,36.0,84.8,0.3,0,194.611,2.604,110.429
3962.3,52.06,0.0,85.8,0.5,4,196.097,2.614,111.912
3972.9,50.85,0.0,85.2,0.6,4,198.290,2.630,114.089
3972.9,49.64,0.0,84.8,0.8,4,200.439,2.648,116.206
3972.9,48.84,0.0,84.4,1.1,4,201.848,2.662,117.585
3972.9,47.66,0.0,85.1,1.5,4,203.928,2.685,119.602
3982.8,46.86,0.0,84.5,1.9,4,205.292,2.702,120.913
3982.8,45.69,0.0,85.1,2.1,0,207.306,2.727,122.828
3982.8,44.91,30.6,85.5,2.4,0,208.627,2.743,124.070
3982.8,43.74,0.0,85.8,2.7,3,210.578,2.767,125.882
3991.8,42.95,0.0,85.5,2.8,3,211.858,2.782,127.053
3991.8,41.79,0.0,84.5,2.6,3,213.747,2.803,128.757
3991.8,41.03,0.0,83.1,2.1,3,214.988,2.816,129.857
3991.8,39.91,0.0,80.7,0.7,3,216.821,2.833,131.452
4000.0,39.20,0.0,72.5,-0.3,3,218.026,2.843,132.479
4000.0,38.23,0.0,57.8,-1.7,3,219.812,2.855,133.966
4000.0,37.66,0.0,51.3,-2.5,3,220.992,2.862,134.922
4000.0,36.90,0.0,44.1,-2.1,3,222.754,2.869,136.301
4007.6,36.45,0.0,40.6,-0.6,3,223.926,2.873,137.185
4007.6,36.02,0.0,38.5,1.5,3,225.096,2.875,138.042
4007.6,35.24,0.0,35.7,7.4,3,227.433,2.878,139.676
4007.6,34.89,41.7,34.8,9.7,0,228.599,2.878,140.457
4014.7,34.36,0.0,36.0,10.5,2,230.345,2.876,141.585
4014.7,33.98,0.0,35.3,10.5,2,231.506,2.874,142.308
4014.7,33.44,0.0,35.0,10.6,2,233.241,2.869,143.348
4014.7,33.07,0.0,33.7,10.7,2,234.395,2.865,144.012
4021.4,32.55,0.0,31.5,10.8,2,236.120,2.858,144.962
4021.4,32.21,0.0,30.2,11.2,2,237.267,2.853,145.564
4021.4,31.73,0.0,24.1,12.2,2,238.984,2.844,146.422
4021.4,31.46,0.0,18.9,12.9,2,240.126,2.839,146.963
4027.7,31.13,0.0,13.2,14.4,2,241.841,2.829,147.730
4027.7,30.94,0.0,11.3,15.6,2,242.986,2.823,148.211
4027.7,30.69,0.0,7.8,17.5,2,244.706,2.813,148.888
4027.7,30.54,0.0,5.7,18.7,2,245.856,2.807,149.310
4033.6,30.35,0.0,4.7,19.7,2,247.587,2.797,149.896
4033.6,30.23,0.0,4.2,20.2,2,248.744,2.790,150.255
4033.6,30.05,0.0,3.6,21.3,2,250.485,2.780,150.746
4039.5,29.87,0.0,6.6,20.1,2,252.229,2.769,151.179
4039.5,29.74,0.0,6.2,18.0,2,253.394,2.760,151.436
4039.5,29.54,0.0,4.2,15.3,2,255.141,2.748,151.771
4039.5,29.43,0.0,1.8,14.4,2,256.304,2.740,151.964
4045.5,29.27,0.0,4.4,15.1,2,258.049,2.729,152.209
4045.5,29.16,0.0,1.4,16.0,2,259.210,2.722,152.343
4045.5,29.03,3.4,0.0,21.7,2,260.948,2.712,152.501
4045.5,28.97,3.9,0.0,24.8,2,262.106,2.706,152.577
4051.8,28.85,4.2,0.0,27.8,2,263.839,2.699,152.642
4051.8,28.79,10.5,0.0,29.2,2,264.992,2.694,152.652
4051.8,28.70,6.2,0.0,30.9,2,266.717,2.689,152.613
4051.8,28.63,8.9,0.0,31.8,2,267.862,2.686,152.550
4058.3,28.56,10.3,0.0,33.5,2,269.571,2.685,152.401
4058.3,28.50,10.1,0.0,35.7,2,270.704,2.684,152.267
4058.3,28.39,7.6,0.0,39.6,2,272.392,2.684,152.012
4058.3,28.26,37.2,0.0,43.3,0,274.062,2.686,151.693
4066.2,28.16,5.7,0.0,45.0,1,275.163,2.689,151.445
4066.2,28.01,6.1,0.0,46.6,1,276.793,2.696,151.019
4066.2,27.90,6.3,0.0,49.9,1,277.865,2.702,150.699
4066.2,27.78,12.1,0.0,55.6,1,279.449,2.713,150.169
4073.0,27.69,11.3,0.0,59.6,1,280.489,2.721,149.783
4073.0,27.52,9.3,0.0,63.3,1,282.022,2.737,149.155
4073.0,27.40,9.2,0.0,62.3,1,283.022,2.750,148.701
4073.0,27.23,9.2,0.0,61.9,1,284.490,2.775,147.971
4080.6,27.13,9.2,0.0,62.5,1,285.445,2.793,147.453
4080.6,26.98,9.1,0.0,60.9,1,286.845,2.823,146.631
4080.6,26.88,9.1,0.0,59.3,1,287.755,2.843,146.055
4080.6,26.73,9.2,0.0,59.8,1,289.086,2.874,145.152
4086.6,26.63,9.4,0.0,59.9,1,289.950,2.894,144.525
4086.6,26.48,9.4,0.0,58.9,1,291.207,2.925,143.546
4086.6,26.39,9.6,0.0,57.9,1,292.019,2.947,142.870
4086.6,26.25,10.4,0.0,55.4,1,293.198,2.981,141.819
4092.0,26.13,12.6,0.0,52.3,1,294.328,3.016,140.728
4092.0,26.07,15.3,0.0,49.9,1,295.056,3.039,139.979
4092.0,26.03,21.7,0.0,45.5,1,296.107,3.073,138.824
4092.0,26.04,28.5,0.0,42.3,1,296.783,3.095,138.032
4097.0,26.14,43.5,0.0,37.4,1,297.761,3.126,136.812
4097.0,26.31,61.2,0.0,33.6,1,298.391,3.145,135.974
4097.0,26.69,52.2,0.0,26.0,1,299.311,3.173,134.678
4097.0,26.88,53.1,0.0,20.2,1,299.905,3.190,133.787
4102.1,27.17,49.2,0.0,11.9,1,300.765,3.215,132.414
4102.1,27.37,59.3,0.0,7.3,1,301.318,3.230,131.475
4102.1,27.74,57.7,0.0,3.1,1,302.121,3.251,130.031
4102.1,28.03,73.8,0.0,2.1,1,302.641,3.264,129.045
4107.5,28.52,74.1,0.0,2.5,1,303.402,3.283,127.530
4107.5,28.88,82.3,0.0,3.6,1,303.898,3.295,126.496
4107.5,29.43,69.8,0.0,5.4,1,304.628,3.311,124.907
4107.5,29.97,88.0,0.0,6.0,1,305.340,3.326,123.275
4113.2,30.36,87.5,0.0,6.4,1,305.804,3.336,122.162
4113.2,30.93,83.3,0.0,7.0,1,306.485,3.351,120.455
4113.2,31.31,89.1,0.0,7.5,1,306.927,3.361,119.292
4113.2,31.85,71.9,0.0,7.7,1,307.570,3.375,117.512
4119.4,32.18,84.8,0.0,8.0,1,307.984,3.383,116.301
4119.4,32.68,74.7,0.0,8.8,1,308.579,3.395,114.449
4119.4,33.00,81.3,0.0,8.8,1,308.956,3.403,113.192
4119.4,33.48,79.3,0.0,8.1,1,309.490,3.415,111.271
4125.9,33.78,79.6,0.0,7.5,1,309.824,3.423,109.969
4125.9,33.95,0.0,0.0,7.7,0,310.286,3.437,107.986
4125.9,34.10,89.6,0.0,8.9,2,310.563,3.446,106.656
4125.9,34.60,86.3,0.0,10.6,2,310.941,3.461,104.631
4132.7,34.90,79.3,0.0,11.3,2,311.169,3.473,103.261
4132.7,35.30,63.0,0.0,14.0,2,311.472,3.492,101.177
4132.7,35.41,17.2,0.0,14.1,2,311.722,3.512,99.069
4132.7,35.34,1.5,4.3,12.7,2,311.859,3.527,97.660
4139.8,35.04,0.0,29.7,9.6,2,312.019,3.550,95.553
4139.8,34.70,0.0,40.1,7.0,2,312.099,3.567,94.160
4139.8,34.06,0.0,52.4,3.5,2,312.185,3.594,92.097
4139.8,33.54,0.0,62.0,2.0,2,312.223,3.614,90.744
4146.5,32.65,0.0,70.3,0.5,2,312.259,3.646,88.757
4146.5,32.00,0.0,73.7,-0.9,2,312.273,3.668,87.463
4146.5,30.99,0.0,75.5,-3.7,2,312.284,3.702,85.572
4146.5,30.31,0.0,76.2,-5.5,0,312.289,3.724,84.345
4152.6,29.31,0.0,76.7,-7.5,1,312.301,3.757,82.555
4152.6,28.31,0.0,65.2,-8.9,1,312.322,3.789,80.825
4152.6,27.68,0.0,51.1,-9.3,1,312.344,3.810,79.705
4158.0,26.95,0.0,35.6,-10.0,1,312.397,3.840,78.067
4158.0,26.59,0.0,29.2,-11.1,1,312.448,3.858,76.997
4158.0,26.14,0.0,21.3,-13.5,1,312.551,3.884,75.418
4158.0,25.88,0.0,18.3,-15.1,1,312.639,3.899,74.381
4163.1,25.55,0.0,15.3,-17.1,1,312.800,3.921,72.846
4163.1,25.34,0.0,14.1,-17.9,1,312.928,3.934,71.836
4163.1,25.06,0.0,11.8,-19.0,1,313.152,3.953,70.341
4163.1,24.88,0.0,10.9,-19.6,1,313.323,3.964,69.356
4168.0,24.63,0.0,10.7,-20.4,1,313.614,3.981,67.900
4168.0,24.46,0.0,11.1,-20.2,1,313.830,3.991,66.942
4168.0,24.21,0.0,10.3,-20.6,1,314.188,4.005,65.526
4168.0,24.05,0.0,9.9,-21.5,1,314.449,4.013,64.596
4172.8,23.81,0.0,10.5,-22.9,1,314.872,4.024,63.224
4172.8,23.56,0.0,10.2,-23.6,1,315.336,4.033,61.880
4172.8,23.40,0.0,8.7,-23.8,1,315.667,4.039,61.002
4172.8,23.18,0.0,7.0,-24.6,1,316.198,4.045,59.708
4177.4,23.04,0.0,6.4,-25.4,1,316.573,4.048,58.864
4177.4,22.84,0.0,6.6,-26.4,1,317.170,4.052,57.623
4177.4,22.71,0.0,5.0,-26.9,1,317.589,4.054,56.814
4177.4,22.53,0.0,4.3,-27.3,1,318.252,4.054,55.629
4181.8,22.42,0.0,3.9,-27.7,1,318.715,4.054,54.858
4181.8,22.25,0.0,4.8,-28.2,1,319.441,4.052,53.731
4181.8,22.13,0.0,5.8,-28.4,1,319.945,4.050,53.001
4181.8,21.96,0.0,4.5,-28.3,1,320.730,4.045,51.936
4186.0,21.84,0.0,4.5,-28.6,1,321.273,4.041,51.248
4186.0,21.67,0.0,5.8,-29.2,1,322.113,4.034,50.249
4186.0,21.54,0.0,7.2,-29.4,1,322.691,4.030,49.606
4186.0,21.34,0.0,9.1,-29.8,1,323.583,4.021,48.678
4189.9,21.20,0.0,6.4,-29.2,1,324.192,4.016,48.084
4189.9,21.02,0.0,5.4,-29.7,1,325.128,4.007,47.230
4189.9,20.84,0.0,5.4,-31.6,1,326.087,3.997,46.420
4189.9,20.73,0.0,6.1,-32.9,1,326.740,3.990,45.905
4193.9,20.53,0.0,4.8,-35.4,1,327.738,3.978,45.172
4193.9,20.43,2.5,0.5,-37.2,1,328.415,3.970,44.711
4193.9,20.42,29.8,0.0,-38.7,1,329.452,3.957,44.059
4193.9,20.52,43.5,0.0,-39.3,1,330.160,3.948,43.650
4197.8,20.76,55.1,0.0,-40.6,1,331.252,3.934,43.068
4197.8,20.95,59.7,0.0,-42.3,1,332.001,3.924,42.702
4197.8,21.35,55.1,0.0,-42.9,1,333.159,3.909,42.184
4197.8,21.48,48.2,0.0,-41.8,1,333.952,3.898,41.861
4202.2,21.71,40.4,0.0,-38.9,1,335.171,3.883,41.422
4202.2,21.87,50.9,0.0,-36.8,1,336.001,3.872,41.157
4202.2,22.16,56.4,0.0,-35.8,1,337.273,3.857,40.805
4202.2,22.36,58.0,0.0,-36.5,1,338.139,3.847,40.601
4207.0,22.64,52.6,0.0,-38.4,1,339.463,3.833,40.338
4207.0,22.90,49.8,0.0,-41.7,1,340.812,3.820,40.132
4207.0,23.05,44.1,0.0,-44.4,1,341.725,3.812,40.025
4207.0,23.18,30.9,0.0,-49.1,1,343.107,3.800,39.913
4212.2,23.21,25.0,0.0,-52.6,1,344.034,3.792,39.870
4212.2,23.21,21.3,0.0,-56.3,1,345.427,3.781,39.852
4212.2,23.20,20.1,0.0,-58.1,1,346.355,3.773,39.872
4212.2,23.16,17.3,0.0,-60.6,1,347.743,3.763,39.951
4217.7,23.12,16.1,0.0,-61.5,1,348.665,3.757,40.036
4217.7,23.05,13.8,0.0,-61.8,1,350.039,3.749,40.212
4217.7,22.99,13.5,0.0,-61.3,1,350.948,3.744,40.363
4217.7,22.91,14.3,0.0,-59.9,1,352.297,3.738,40.638
4223.2,22.86,15.1,0.0,-58.1,1,353.186,3.734,40.855
4223.2,22.81,18.3,0.0,-54.0,1,354.505,3.730,41.227
4223.2,22.80,24.0,0.0,-50.5,1,355.372,3.727,41.508
4223.2,22.89,39.4,0.0,-43.9,1,356.659,3.724,41.977
4229.7,23.03,58.3,0.0,-39.5,1,357.510,3.722,42.321
4229.7,23.45,74.0,0.0,-31.3,1,358.783,3.721,42.886
4229.7,23.84,73.3,0.0,-21.8,1,360.057,3.721,43.508
4229.7,24.14,67.5,0.0,-16.2,1,360.907,3.722,43.954
4235.0,24.63,82.2,0.0,-12.1,1,362.182,3.725,44.669
4235.0,24.99,72.4,0.0,-9.8,1,363.034,3.729,45.174
4235.0,25.54,88.2,0.0,-8.9,1,364.319,3.736,45.976
4235.0,25.95,87.9,0.0,-9.3,1,365.181,3.742,46.537
4240.2,26.56,87.8,0.0,-10.5,1,366.483,3.753,47.422
4240.2,26.95,78.9,0.0,-11.3,1,367.356,3.761,48.039
4240.2,27.51,84.7,0.0,-13.0,1,368.671,3.774,49.008
4240.2,27.87,73.6,0.0,-14.5,1,369.548,3.783,49.683
4245.5,28.36,75.9,0.0,-12.3,1,370.861,3.795,50.741
4245.5,28.69,73.4,0.0,-12.1,1,371.732,3.804,51.476
4245.5,29.17,75.3,0.0,-16.8,1,373.032,3.816,52.625
4245.5,29.47,68.6,0.0,-14.7,1,373.891,3.823,53.422
4251.0,29.91,74.3,0.0,-10.8,1,375.166,3.833,54.665
4251.0,30.21,71.5,0.0,-12.7,1,376.007,3.840,55.524
4251.0,30.68,77.9,0.0,-14.1,1,377.251,3.849,56.860
4256.7,31.14,74.7,0.0,-12.9,1,378.475,3.859,58.252
4256.7,31.43,69.9,0.0,-15.0,1,379.277,3.865,59.212
4256.7,31.85,76.6,0.0,-17.3,1,380.457,3.873,60.697
4256.7,32.13,72.1,0.0,-14.9,1,381.227,3.878,61.719
4262.8,32.52,69.1,0.0,-15.8,1,382.356,3.885,63.296
4262.8,32.77,70.3,0.0,-16.5,1,383.088,3.888,64.376
4262.8,33.13,65.5,0.0,-13.3,1,384.154,3.892,66.040
4262.8,33.37,70.4,0.0,-13.7,1,384.841,3.894,67.178
4269.3,33.76,78.3,0.0,-13.6,0,385.837,3.898,68.928
4269.3,33.75,0.0,0.0,-11.9,0,386.475,3.900,70.119
4269.3,34.03,89.6,0.0,-9.9,2,387.381,3.904,71.934
4269.3,34.36,81.4,0.0,-7.4,2,387.965,3.905,73.170
4275.9,34.78,87.2,0.0,-3.5,2,388.812,3.907,75.063
4275.9,35.09,76.3,0.0,-1.3,2,389.359,3.907,76.348
4275.9,35.54,89.2,0.0,-0.2,2,390.156,3.908,78.311
4275.9,36.07,89.7,0.0,-0.4,2,390.929,3.910,80.314
4282.9,36.32,66.6,0.0,-0.3,2,391.436,3.909,81.669
4282.9,36.64,71.7,0.0,-0.9,2,392.179,3.903,83.727
4282.9,36.90,56.7,0.0,-1.0,2,392.662,3.896,85.116
4282.9,37.27,84.6,0.0,-1.4,2,393.367,3.888,87.226
4290.1,37.60,83.7,0.0,-0.7,2,393.826,3.885,88.650
4290.1,37.91,68.8,0.0,-0.8,2,394.500,3.879,90.811
4290.1,38.18,85.3,0.0,-1.4,2,394.938,3.874,92.266
4290.1,38.65,89.3,0.0,-2.2,2,395.584,3.869,94.478
4297.6,39.03,89.8,0.0,-2.8,2,396.006,3.866,95.973
4297.6,39.54,89.8,0.0,-3.0,2,396.629,3.864,98.246
4297.6,39.86,89.9,0.0,-2.4,2,397.036,3.863,99.781
4297.6,40.39,89.9,0.0,-1.4,2,397.639,3.859,102.111
4305.4,40.72,89.9,0.0,-0.7,2,398.033,3.856,103.684
4305.4,41.18,89.9,0.0,-1.0,2,398.613,3.851,106.071
4305.4,41.49,89.9,0.0,-2.1,2,398.993,3.848,107.679
4305.4,41.81,0.0,0.0,-2.6,0,399.554,3.846,110.117
4313.6,41.81,89.6,0.0,-2.6,3,399.921,3.843,111.748
4313.6,42.23,89.6,0.0,-3.1,3,400.459,3.839,114.210
4313.6,42.64,89.6,0.0,-3.5,3,400.985,3.836,116.700
4313.6,42.91,89.6,0.0,-3.8,3,401.327,3.834,118.376
4321.9,43.32,89.7,0.0,-4.3,3,401.827,3.831,120.914
4321.9,43.59,89.7,0.0,-4.5,3,402.150,3.830,122.621
4321.9,44.00,89.7,0.0,-5.8,3,402.615,3.828,125.207
4321.9,44.26,89.7,0.0,-6.4,3,402.912,3.826,126.946
4330.6,44.66,89.7,0.0,-6.4,3,403.332,3.822,129.580
4330.6,44.93,89.7,0.0,-6.3,3,403.594,3.818,131.352
4330.6,45.31,89.7,0.0,-6.2,3,403.956,3.813,134.034
4330.6,45.58,89.7,0.0,-6.0,3,404.177,3.809,135.838
4339.5,45.96,89.7,0.0,-5.9,3,404.475,3.803,138.567
4339.5,46.22,89.7,0.0,-5.9,3,404.652,3.799,140.402
4339.5,46.61,89.8,0.0,-6.3,3,404.885,3.793,143.176
4339.5,46.86,89.8,0.0,-6.4,3,405.018,3.788,145.040
4348.7,47.24,89.8,0.0,-6.3,3,405.184,3.781,147.858
4348.7,47.61,89.8,0.0,-6.1,3,405.307,3.774,150.700
4348.7,47.86,89.8,0.0,-6.5,3,405.365,3.770,152.608
4348.7,48.22,89.8,0.0,-7.0,3,405.416,3.763,155.489
4358.0,48.46,89.9,0.0,-7.3,3,405.425,3.759,157.422
4358.0,48.82,89.9,0.0,-7.5,3,405.398,3.752,160.340
4358.0,49.06,89.9,0.0,-7.7,3,405.352,3.747,162.296
4358.0,49.40,89.9,0.0,-8.4,3,405.240,3.741,165.247
4367.7,49.63,89.9,0.0,-8.7,3,405.137,3.735,167.224
4367.7,49.97,89.9,0.0,-8.2,3,404.935,3.727,170.205
4367.7,50.19,89.9,0.0,-8.8,3,404.767,3.722,172.201
4367.7,50.52,90.0,0.0,-9.7,3,404.468,3.715,175.207
4377.5,50.74,90.0,0.0,-10.1,3,404.236,3.709,177.218
4377.5,51.06,90.0,0.0,-10.6,3,403.836,3.701,180.245
4377.5,51.27,90.1,0.0,-11.2,3,403.534,3.695,182.269
4377.5,51.56,90.0,0.0,-11.7,3,403.025,3.687,185.311
4387.7,51.61,0.0,0.0,-11.8,0,402.450,3.678,188.355
4387.7,51.69,89.8,0.0,-11.2,4,402.028,3.672,190.376
4387.7,51.96,89.8,0.0,-10.5,4,401.335,3.665,193.407
4387.7,52.14,89.8,0.0,-10.9,4,400.833,3.661,195.427
4398.1,52.42,89.8,0.0,-11.1,4,400.021,3.654,198.456
4398.1,52.60,89.8,0.0,-11.0,4,399.438,3.650,200.474
4398.1,52.87,87.2,0.0,-11.8,4,398.502,3.647,203.495
4398.1,53.04,80.7,0.0,-12.6,4,397.838,3.647,205.506
4409.4,53.30,70.9,0.0,-13.9,4,396.784,3.644,208.517
4409.4,53.49,64.4,0.0,-14.7,4,396.043,3.642,210.519
4409.4,53.75,57.3,0.0,-15.3,4,394.869,3.642,213.514
4409.4,53.91,57.4,0.0,-15.1,4,394.043,3.646,215.502
4420.9,54.15,57.6,0.0,-14.4,4,392.744,3.653,218.472
4420.9,54.29,52.0,0.0,-13.8,4,391.839,3.658,220.442
4420.9,54.41,35.4,0.0,-13.9,4,390.423,3.665,223.380
4420.9,54.52,52.1,0.0,-14.0,4,389.441,3.670,225.325
4432.4,54.75,57.8,0.0,-13.8,4,387.910,3.680,228.222
4432.4,54.98,51.0,0.0,-13.8,4,386.314,3.687,231.101
4432.4,55.13,56.7,0.0,-13.6,4,385.215,3.688,233.009
4443.4,55.38,55.4,0.0,-13.1,4,383.514,3.688,235.854
4443.4,55.55,57.7,0.0,-12.4,4,382.343,3.688,237.738
4443.4,55.80,58.1,0.0,-10.8,4,380.530,3.688,240.543
4443.4,55.97,58.1,0.0,-11.3,4,379.285,3.690,242.399
4454.3,56.22,58.2,0.0,-11.6,4,377.361,3.695,245.160
4454.3,56.38,58.2,0.0,-11.8,4,376.042,3.700,246.985
4454.3,56.63,58.3,0.0,-11.3,4,374.011,3.709,249.699
4454.3,56.80,58.4,0.0,-10.4,4,372.622,3.715,251.492
4465.5,57.05,58.4,0.0,-8.4,4,370.486,3.724,254.157
4465.5,57.22,58.5,0.0,-7.3,4,369.029,3.731,255.917
4465.5,57.48,58.6,0.0,-6.5,4,366.797,3.741,258.535
4465.5,57.66,58.6,0.0,-6.4,4,365.279,3.747,260.266
4476.9,57.92,58.7,0.0,-5.9,4,362.960,3.755,262.844
4476.9,58.10,58.8,0.0,-5.6,4,361.387,3.760,264.550
4476.9,58.36,58.8,0.0,-5.2,4,358.990,3.765,267.090
4476.9,58.63,58.9,0.0,-5.2,4,356.548,3.769,269.611
4488.5,58.80,59.0,0.0,-5.2,4,354.897,3.770,271.280
4488.5,59.06,59.0,0.0,-5.2,4,352.384,3.769,273.768
4488.5,59.23,59.2,0.0,-5.0,4,350.685,3.769,275.414
4488.5,59.47,59.3,0.0,-5.2,4,348.102,3.772,277.865
4500.3,59.63,59.2,0.0,-4.8,4,346.357,3.772,279.487
4500.3,59.87,59.2,0.0,-3.7,4,343.706,3.778,281.898
4500.3,60.03,59.2,0.0,-2.7,4,341.914,3.784,283.492
4500.3,60.27,59.2,0.0,-2.0,4,339.197,3.795,285.866
4512.3,60.43,59.1,0.0,-0.8,4,337.368,3.796,287.441
4512.3,60.70,59.2,0.0,0.0,4,334.599,3.791,289.794
4512.3,60.86,58.9,0.0,-0.3,4,332.738,3.790,291.357
4512.3,61.10,59.0,0.0,-0.4,4,329.929,3.789,293.701
4524.5,61.26,58.7,0.0,-0.1,0,328.048,3.788,295.266
4524.5,61.22,87.8,0.0,0.5,5,325.221,3.783,297.614
4524.5,61.36,81.1,0.0,0.6,5,323.336,3.782,299.181
4524.5,61.58,71.0,0.0,0.4,5,320.501,3.781,301.539
4536.7,61.81,60.9,0.0,-0.1,5,317.658,3.780,303.910
4536.7,61.96,56.2,0.0,-0.2,5,315.759,3.781,305.497
4536.7,62.18,56.3,0.0,0.1,5,312.902,3.786,307.885
4536.7,62.32,56.4,0.0,0.3,5,310.992,3.791,309.482
4549.1,62.55,56.5,0.0,0.4,5,308.119,3.796,311.885
4549.1,62.69,56.6,0.0,0.4,5,306.198,3.799,313.493
4549.1,62.91,56.7,0.0,0.4,5,303.311,3.806,315.913
4549.1,63.05,56.7,0.0,0.5,5,301.382,3.811,317.533
4561.6,63.27,56.9,0.0,0.5,5,298.483,3.818,319.973
4561.6,63.41,56.9,0.0,0.6,5,296.547,3.821,321.607
4561.6,63.63,57.1,0.0,0.5,5,293.638,3.825,324.069
4561.6,63.77,57.1,0.0,0.6,5,291.695,3.825,325.717
4574.3,63.99,57.2,0.0,0.7,5,288.777,3.820,328.201
4574.3,64.20,57.3,0.0,0.6,5,285.853,3.813,330.698
4574.3,64.34,57.4,0.0,0.5,5,283.901,3.809,332.371
4574.3,64.55,57.5,0.0,0.5,5,280.970,3.800,334.892
4587.2,64.69,57.5,0.0,0.3,5,279.013,3.793,336.579
4587.2,64.89,57.7,0.0,0.4,5,276.073,3.791,339.122
4587.2,65.02,57.7,0.0,0.3,5,274.110,3.791,340.824
4587.2,65.23,57.8,0.0,0.3,5,271.161,3.793,343.388
4600.2,65.37,57.8,0.0,0.2,5,269.192,3.794,345.103
4600.2,65.58,57.9,0.0,0.2,5,266.231,3.797,347.685
4600.2,65.71,58.0,0.0,0.1,5,264.254,3.802,349.412
4600.2,65.91,58.0,0.0,0.1,5,261.282,3.812,352.011
4613.3,66.04,58.1,0.0,0.1,5,259.296,3.821,353.749
4613.3,66.24,58.1,0.0,0.1,5,256.311,3.835,356.364
4613.3,66.37,58.2,0.0,0.1,5,254.317,3.845,358.111
4613.3,66.57,58.2,0.0,0.1,5,251.318,3.856,360.740
4626.6,66.70,58.2,0.0,0.1,5,249.314,3.866,362.497
4626.6,66.89,58.3,0.0,0.2,5,246.301,3.883,365.139
4626.6,67.09,58.3,0.0,0.2,5,243.280,3.895,367.789
4626.6,67.22,58.3,0.0,0.1,5,241.261,3.901,369.561
4640.0,67.40,58.4,0.0,0.0,5,238.226,3.911,372.225
4640.0,67.53,58.4,0.0,0.0,5,236.198,3.915,374.005
4640.0,67.72,58.4,0.0,0.1,5,233.150,3.919,376.682
4640.0,67.84,58.4,0.0,0.1,5,231.113,3.918,378.472
4653.5,68.03,58.5,0.0,0.0,5,228.052,3.917,381.162
4653.5,68.15,58.5,0.0,0.0,5,226.006,3.914,382.960
4653.5,68.33,58.6,0.0,0.0,5,222.932,3.909,385.663
4653.5,68.45,58.6,0.0,0.0,5,220.878,3.906,387.470
4667.1,68.64,58.7,0.0,0.1,5,217.790,3.901,390.186
4667.1,68.76,58.7,0.0,0.1,5,215.727,3.898,392.001
4667.1,68.94,58.8,0.0,0.0,5,212.626,3.891,394.729
4667.1,69.06,58.8,0.0,0.0,5,210.554,3.885,396.552
4680.9,69.23,58.9,0.0,0.1,5,207.440,3.877,399.293
4680.9,69.40,58.9,0.0,0.0,5,204.319,3.871,402.042
4680.9,69.52,59.0,0.0,0.1,5,202.234,3.868,403.878
4694.8,69.70,59.0,0.0,0.1,5,199.100,3.863,406.639
4694.8,69.81,59.0,0.0,0.1,5,197.007,3.859,408.483
4694.8,69.98,59.1,0.0,0.1,5,193.861,3.855,411.256
4694.8,70.10,59.1,0.0,0.1,5,191.760,3.851,413.108
4708.8,70.27,59.1,0.0,0.1,5,188.601,3.845,415.894
4708.8,70.38,59.2,0.0,0.1,5,186.492,3.841,417.754
4708.8,70.55,59.2,0.0,0.1,5,183.322,3.837,420.552
4708.8,70.66,59.2,0.0,0.1,5,181.205,3.835,422.421
4722.9,70.83,59.2,0.0,0.1,5,178.024,3.832,425.231
4722.9,70.94,59.3,0.0,0.1,5,175.900,3.829,427.109
4722.9,71.10,59.3,0.0,0.1,5,172.708,3.823,429.932
4722.9,71.21,59.3,0.0,0.2,5,170.577,3.818,431.818
4737.1,71.37,59.3,0.0,0.2,5,167.376,3.812,434.654
4737.1,71.53,59.3,0.0,0.1,5,164.169,3.809,437.498
4737.1,71.63,59.4,0.0,0.1,5,162.027,3.808,439.399
4737.1,71.79,59.4,0.0,0.1,5,158.811,3.807,442.256
4751.4,71.89,59.4,0.0,0.1,5,156.663,3.807,444.165
4751.4,72.04,59.4,0.0,0.1,5,153.437,3.808,447.035
4751.4,72.15,59.4,0.0,0.1,5,151.284,3.811,448.953
4751.4,72.30,59.4,0.0,0.1,5,148.049,3.816,451.835
4765.9,72.40,59.4,0.0,0.1,5,145.889,3.818,453.761
4765.9,72.55,59.3,0.0,0.1,5,142.645,3.820,456.657
4765.9,72.65,59.2,0.0,0.1,5,140.479,3.822,458.591
4765.9,72.79,59.1,0.0,-0.0,5,137.226,3.825,461.498
4780.4,72.88,59.0,0.0,0.0,5,135.054,3.827,463.440
4780.4,73.02,58.9,0.0,0.0,5,131.792,3.828,466.359
4780.4,73.11,58.8,0.0,0.1,5,129.614,3.829,468.307
4780.4,73.17,0.0,0.0,0.1,0,126.343,3.832,471.235
4795.0,73.10,88.2,0.0,0.1,6,124.164,3.834,473.186
4795.0,73.23,78.6,0.0,0.0,6,120.894,3.836,476.115
4795.0,73.37,69.1,0.0,0.0,6,117.618,3.837,479.049
4795.0,73.46,62.7,0.0,-0.0,6,115.430,3.837,481.008
4809.7,73.60,58.2,0.0,-0.0,6,112.145,3.835,483.952
4809.7,73.69,58.3,0.0,-0.0,6,109.951,3.834,485.918
4809.7,73.83,58.3,0.0,-0.1,6,106.655,3.829,488.871
4809.7,73.92,58.3,0.0,-0.0,6,104.454,3.824,490.842
4824.4,74.05,58.3,0.0,0.0,6,101.148,3.816,493.804
4824.4,74.14,58.3,0.0,0.0,6,98.940,3.810,495.781
4824.4,74.27,58.4,0.0,0.0,6,95.623,3.801,498.750
4824.4,74.36,58.4,0.0,-0.0,6,93.409,3.794,500.733
4839.3,74.49,58.4,0.0,0.0,6,90.082,3.779,503.711
4839.3,74.58,58.4,0.0,0.0,6,87.861,3.768,505.700
4839.3,74.70,58.5,0.0,-0.0,6,84.525,3.749,508.687
4839.3,74.79,58.5,0.0,-0.0,6,82.298,3.736,510.681
4854.2,74.91,58.5,0.0,-0.0,6,78.952,3.716,513.676
4854.2,75.04,58.5,0.0,-0.0,6,75.600,3.695,516.676
4854.2,75.12,58.6,0.0,-0.0,6,73.362,3.681,518.679
4854.2,75.25,58.6,0.0,-0.1,6,70.001,3.659,521.687
4869.2,75.34,58.6,0.0,-0.1,6,67.756,3.643,523.695
4869.2,75.46,58.6,0.0,-0.7,6,64.384,3.619,526.711
4869.2,75.54,58.6,0.0,-0.6,6,62.132,3.602,528.723
4869.2,75.67,58.7,0.0,-0.3,6,58.747,3.575,531.742
4884.3,75.75,58.7,0.0,0.4,6,56.485,3.555,533.755
4884.3,75.87,58.7,0.0,-0.2,6,53.085,3.522,536.777
4884.3,75.95,58.7,0.0,-0.5,6,50.815,3.499,538.793
4884.3,76.08,58.8,0.0,0.0,6,47.404,3.464,541.820
4899.5,76.16,58.8,0.0,0.4,6,45.126,3.439,543.840
4899.5,76.28,58.8,0.0,0.5,6,41.704,3.398,546.873
4899.5,76.36,58.8,0.0,0.4,6,39.420,3.369,548.899
4899.5,76.48,58.9,0.0,0.1,6,35.993,3.321,551.944
4914.7,76.56,58.9,0.0,0.1,6,33.707,3.285,553.978
4914.7,76.68,58.9,0.0,0.1,6,30.276,3.228,557.038
4914.7,76.76,58.9,0.0,0.2,6,27.988,3.190,559.082
4914.7,76.87,59.0,0.0,0.1,6,24.554,3.132,562.154
4930.1,76.99,59.0,0.0,0.1,6,21.117,3.075,565.234
4930.1,77.07,59.0,0.0,0.1,6,18.823,3.035,567.291
4930.1,77.19,59.1,0.0,0.1,6,15.380,2.975,570.382
4930.1,77.26,59.1,0.0,-0.1,6,13.083,2.935,572.446
4945.5,77.38,59.1,0.0,-0.4,6,9.632,2.877,575.547
4945.5,77.46,59.2,0.0,-0.2,6,7.328,2.839,577.616
4945.5,77.53,38.1,29.5,-0.0,6,3.868,2.784,580.721
4945.5,77.13,4.0,67.7,-0.2,6,1.563,2.749,582.788
4961.0,76.02,0.0,82.6,-0.7,6,-1.861,2.689,585.856
4961.0,75.16,0.0,82.7,-0.7,6,-4.115,2.648,587.873
4961.0,73.90,0.0,84.8,-0.1,6,-7.453,2.594,590.853
4961.0,73.06,0.0,85.3,-0.2,6,-9.649,2.559,592.808
4975.9,71.77,0.0,84.7,-0.4,6,-12.900,2.506,595.695
4975.9,70.93,0.0,84.5,-0.6,6,-15.038,2.472,597.588
4975.9,69.67,0.0,84.7,-0.7,6,-18.203,2.424,600.380
4990.0,68.43,0.0,85.9,-0.6,6,-21.317,2.378,603.115
4990.0,67.59,0.0,85.6,-0.7,6,-23.365,2.346,604.908
4990.0,66.33,0.0,84.9,-0.8,6,-26.396,2.296,607.548
4990.0,65.51,0.0,84.8,-0.7,6,-28.389,2.263,609.277
5003.3,64.26,0.0,84.7,-0.7,6,-31.339,2.215,611.821
5003.3,63.45,25.8,85.3,-0.7,0,-33.279,2.185,613.484
5003.3,62.22,0.0,85.7,-0.8,5,-36.150,2.141,615.931
5003.3,61.40,0.0,85.5,-0.9,5,-38.038,2.114,617.530
5015.8,60.18,0.0,85.5,-1.0,5,-40.831,2.072,619.879
5015.8,59.35,0.0,85.1,-1.2,5,-42.666,2.044,621.413
5015.8,58.13,0.0,84.8,-1.3,5,-45.381,2.003,623.664
5015.8,57.33,0.0,84.9,-1.5,5,-47.166,1.975,625.132
5027.4,56.12,0.0,84.7,-1.9,5,-49.805,1.934,627.284
5027.4,55.32,0.0,84.7,-2.2,5,-51.541,1.908,628.684
5027.4,54.11,0.0,84.7,-2.7,5,-54.109,1.868,630.732
5027.4,53.31,0.0,84.7,-2.9,0,-55.799,1.843,632.062
5038.2,52.14,0.0,85.8,-3.1,4,-58.302,1.806,634.000
5038.2,50.94,0.0,83.6,-3.0,4,-60.768,1.770,635.871
5038.2,50.16,0.0,80.6,-2.9,4,-62.391,1.745,637.079
5038.2,49.02,0.0,68.4,-2.3,4,-64.796,1.709,638.833
5048.2,48.36,0.0,56.8,-2.2,4,-66.384,1.685,639.962
5048.2,47.53,0.0,47.9,-2.4,4,-68.752,1.651,641.598
5048.2,47.05,0.0,44.4,-3.3,4,-70.324,1.628,642.651
5048.2,46.37,0.0,45.3,-5.2,4,-72.676,1.595,644.177
5057.5,45.90,0.0,46.8,-6.3,4,-74.239,1.573,645.160
5057.5,45.18,0.0,47.7,-7.3,4,-76.574,1.541,646.582
5057.5,44.72,0.0,44.0,-7.6,4,-78.123,1.521,647.495
5057.5,44.07,34.1,38.8,-7.3,0,-80.438,1.489,648.814
5066.3,43.69,0.0,33.8,-6.6,3,-81.977,1.469,649.659
5066.3,43.17,0.0,23.5,-6.4,3,-84.282,1.438,650.875
5066.3,42.88,0.0,20.8,-7.3,3,-85.817,1.417,651.653
5066.3,42.50,0.0,15.0,-8.6,3,-88.121,1.385,652.773
5074.7,42.29,0.0,20.0,-9.4,3,-89.659,1.364,653.488
5074.7,41.86,0.0,33.8,-10.4,3,-91.967,1.332,654.513
5074.7,41.29,0.0,35.6,-10.5,3,-94.269,1.300,655.479
5074.7,40.92,0.0,28.1,-10.1,3,-95.797,1.280,656.089
5083.0,40.48,0.0,15.3,-9.7,3,-98.081,1.251,656.950
5083.0,40.27,0.0,11.6,-9.9,3,-99.604,1.231,657.490
5083.0,40.00,0.0,7.3,-11.1,3,-101.889,1.202,658.251
5083.0,39.85,0.0,5.8,-12.0,3,-103.414,1.182,658.725
5091.2,39.65,0.0,3.2,-13.0,3,-105.705,1.152,659.386
5091.2,39.53,0.0,2.2,-13.4,3,-107.235,1.133,659.794
5091.2,39.36,0.0,2.6,-14.2,3,-109.535,1.104,660.356
5091.2,39.25,0.0,2.6,-14.4,3,-111.069,1.085,660.697
5099.4,39.07,0.0,3.3,-14.4,3,-113.373,1.056,661.158
5099.4,38.95,0.0,3.4,-14.3,3,-114.910,1.038,661.431
5099.4,38.77,0.0,3.5,-14.6,3,-117.214,1.011,661.787
5099.4,38.65,0.0,3.6,-14.6,3,-118.749,0.993,661.990
5107.4,38.46,0.0,3.2,-14.3,3,-121.049,0.967,662.241
5107.4,38.27,0.0,3.7,-13.9,3,-123.344,0.943,662.426
5107.4,38.15,0.0,3.7,-13.9,3,-124.870,0.928,662.513
5107.4,37.97,0.0,3.7,-14.5,3,-127.152,0.907,662.592
5115.4,37.84,0.0,3.5,-14.9,3,-128.668,0.894,662.611
5115.4,37.66,0.0,3.1,-15.4,3,-130.934,0.873,662.588
5115.4,37.54,0.0,4.6,-14.0,3,-132.437,0.860,662.539
5115.4,37.35,0.0,4.6,-14.3,3,-134.681,0.840,662.415
5123.2,37.22,0.0,5.3,-13.8,3,-136.168,0.827,662.300
5123.2,37.03,0.0,2.3,-14.9,3,-138.385,0.808,662.077
5123.2,36.92,0.0,0.6,-15.6,3,-139.853,0.796,661.896
5123.2,36.78,0.0,1.4,-14.2,3,-142.040,0.778,661.575
5131.2,36.68,0.0,1.6,-12.8,3,-143.489,0.766,661.328
5131.2,36.53,0.0,2.7,-13.0,3,-145.646,0.749,660.912
5131.2,36.42,0.0,2.4,-14.6,3,-147.072,0.738,660.605
5131.2,36.26,0.0,1.3,-17.0,3,-149.193,0.722,660.099
5138.7,36.16,0.0,1.4,-18.2,3,-150.594,0.712,659.731
5138.7,36.01,0.0,0.9,-19.4,3,-152.675,0.696,659.132
5138.7,35.86,0.0,1.4,-20.0,3,-154.729,0.681,658.476
5138.7,35.75,0.0,1.9,-20.4,3,-156.082,0.671,658.006
5146.6,35.56,0.0,4.7,-20.8,3,-158.085,0.656,657.253
5146.6,35.41,0.0,7.7,-20.8,3,-159.401,0.647,656.719
5146.6,35.18,0.0,1.6,-20.5,3,-161.341,0.635,655.870
5146.6,35.06,2.4,0.0,-20.0,3,-162.612,0.628,655.271
5154.6,34.93,7.2,0.0,-19.3,3,-164.484,0.621,654.321
5154.6,34.86,13.0,0.0,-18.9,3,-165.711,0.618,653.654
5154.6,34.77,8.8,0.0,-18.4,3,-167.518,0.616,652.606
5154.6,34.70,6.9,0.0,-18.9,3,-168.701,0.615,651.877
5162.1,34.59,5.6,0.0,-21.1,3,-170.442,0.612,650.740
5162.1,34.51,3.4,0.0,-24.4,0,-171.580,0.609,649.956
5162.1,34.40,16.3,0.0,-28.8,2,-173.253,0.603,648.742
5162.1,34.37,27.5,0.0,-30.1,2,-174.343,0.600,647.904
5170.0,34.40,38.2,0.0,-31.3,2,-175.941,0.601,646.600
5170.0,34.50,47.9,0.0,-33.0,2,-176.984,0.605,645.699
5170.0,34.71,58.2,0.0,-36.5,2,-178.521,0.608,644.305
5170.0,34.83,46.9,0.0,-39.1,2,-179.529,0.611,643.346
5177.4,34.88,24.6,0.0,-42.9,2,-181.007,0.614,641.865
5177.4,34.81,18.0,0.0,-45.3,2,-182.436,0.620,640.339
5177.4,34.74,15.6,0.0,-45.9,2,-183.359,0.624,639.298
5185.0,34.63,14.6,0.0,-45.8,2,-184.698,0.632,637.705
5185.0,34.55,14.6,0.0,-45.1,2,-185.559,0.638,636.622
5185.0,34.45,15.2,0.0,-44.2,2,-186.804,0.648,634.968
5185.0,34.39,15.6,0.0,-43.5,2,-187.603,0.655,633.847
5191.9,34.29,15.3,0.0,-43.0,2,-188.756,0.665,632.139
5191.9,34.22,15.9,0.0,-42.2,2,-189.493,0.671,630.984
5191.9,34.14,18.5,0.0,-40.6,2,-190.550,0.682,629.226
5191.9,34.09,20.6,0.0,-39.4,2,-191.221,0.690,628.038
5198.6,34.07,27.1,0.0,-36.9,2,-192.180,0.702,626.233
5198.6,34.08,31.1,0.0,-35.2,2,-192.788,0.709,625.013
5198.6,34.14,38.0,0.0,-32.8,2,-193.656,0.719,623.160
5198.6,34.21,44.6,0.0,-30.9,2,-194.204,0.723,621.909
5205.1,34.39,58.9,0.0,-27.6,2,-194.982,0.729,620.004
5205.1,34.58,72.2,0.0,-24.8,2,-195.472,0.732,618.715
5205.1,34.94,66.6,0.0,-19.7,2,-196.168,0.734,616.750
5205.1,35.23,67.0,0.0,-14.4,2,-196.815,0.735,614.748
5211.8,35.43,66.5,0.0,-11.5,2,-197.217,0.735,613.393
5211.8,35.72,64.2,0.0,-8.0,2,-197.772,0.736,611.333
5211.8,35.92,66.6,0.0,-6.7,2,-198.111,0.737,609.941
5211.8,36.28,76.6,0.0,-5.6,2,-198.574,0.739,607.827
5218.8,36.53,83.8,0.0,-5.5,2,-198.853,0.740,606.398
5218.8,36.94,78.5,0.0,-5.2,2,-199.227,0.743,604.227
5218.8,37.23,83.5,0.0,-4.6,2,-199.448,0.745,602.760
5218.8,37.68,89.7,0.0,-5.5,2,-199.736,0.750,600.533
5226.3,38.00,89.8,0.0,-5.1,2,-199.900,0.754,599.029
5226.3,38.48,89.8,0.0,-3.8,2,-200.106,0.762,596.745
5226.3,38.81,89.8,0.0,-3.0,2,-200.217,0.768,595.203
5226.3,39.31,89.8,0.0,-2.2,2,-200.350,0.778,592.865
5234.0,39.63,89.8,0.0,-1.8,2,-200.417,0.786,591.288
5234.0,40.05,54.2,1.7,-0.2,2,-200.495,0.800,588.898
5234.0,40.01,5.2,24.4,0.9,2,-200.535,0.811,587.297
5234.0,39.55,0.0,42.6,2.8,2,-200.588,0.828,584.909
5242.0,39.12,0.0,56.7,4.0,2,-200.625,0.838,583.335
5242.0,38.25,0.0,64.5,4.9,2,-200.689,0.854,581.012
5242.0,37.35,0.0,53.3,5.9,2,-200.768,0.870,578.744
5242.0,36.84,0.0,46.7,6.6,2,-200.833,0.881,577.261
5249.6,36.16,0.0,35.9,7.7,2,-200.953,0.898,575.073
5249.6,35.79,0.0,28.0,8.6,2,-201.051,0.909,573.637
5249.6,35.34,0.0,21.5,9.8,2,-201.228,0.925,571.511
5249.6,35.08,0.0,16.9,10.8,2,-201.368,0.935,570.109
5256.8,34.76,0.0,10.3,12.3,2,-201.611,0.949,568.027
5256.8,34.59,0.0,7.3,13.2,2,-201.798,0.957,566.653
5256.8,34.36,0.0,7.0,14.4,2,-202.117,0.970,564.609
5256.8,34.21,0.0,7.1,14.2,2,-202.359,0.979,563.259
5263.9,33.98,0.0,7.9,13.0,2,-202.762,0.993,561.253
5263.9,33.83,0.0,7.2,12.5,2,-203.058,1.002,559.929
5263.9,33.60,0.0,5.2,12.7,2,-203.541,1.015,557.965
5263.9,33.47,0.0,17.5,13.0,2,-203.890,1.025,556.669
5271.1,33.05,0.0,30.4,13.3,2,-204.452,1.042,554.752
5271.1,32.57,0.0,62.7,13.5,2,-205.052,1.059,552.876
5271.1,32.04,0.0,54.5,13.3,2,-205.471,1.070,551.652
5271.1,31.30,0.0,35.3,12.5,2,-206.122,1.087,549.867
5278.0,30.93,0.0,27.6,11.8,2,-206.575,1.099,548.707
5278.0,30.48,0.0,18.9,11.5,2,-207.287,1.117,547.008
5278.0,30.25,0.0,13.5,12.0,2,-207.783,1.130,545.899
5278.0,29.97,0.0,12.4,13.9,2,-208.561,1.150,544.268
5285.3,29.79,0.0,14.7,15.3,2,-209.101,1.163,543.201
5285.3,29.48,0.0,16.8,17.0,2,-209.938,1.183,541.632
5285.3,29.25,0.0,17.6,17.7,2,-210.515,1.196,540.608
5285.3,28.93,0.0,12.9,18.2,2,-211.408,1.214,539.108
5291.8,28.74,0.0,10.2,18.5,2,-212.022,1.226,538.132
5291.8,28.49,0.0,8.2,19.2,0,-212.974,1.244,536.703
5291.8,28.37,38.9,6.4,19.8,0,-213.630,1.255,535.773
5291.8,28.17,0.0,3.9,20.6,1,-214.644,1.272,534.413
5298.1,28.04,0.0,3.1,21.4,1,-215.341,1.283,533.531
5298.1,27.86,0.0,0.3,22.9,1,-216.417,1.299,532.245
5298.1,27.76,1.0,0.0,23.9,1,-217.155,1.309,531.412
5298.1,27.62,2.4,0.0,25.8,1,-218.292,1.323,530.201
5304.5,27.48,4.7,0.0,27.5,1,-219.465,1.336,529.037
5304.5,27.41,8.2,0.0,28.5,1,-220.267,1.345,528.287
5304.5,27.33,10.8,0.0,29.8,1,-221.501,1.357,527.203
5304.5,27.28,11.6,0.0,30.6,1,-222.343,1.364,526.507
5310.3,27.25,19.4,0.0,31.9,1,-223.636,1.375,525.505
5310.3,27.26,22.8,0.0,32.9,1,-224.518,1.382,524.865
5310.3,27.29,23.3,0.0,34.7,1,-225.872,1.391,523.945
5310.3,27.32,27.3,0.0,36.0,1,-226.793,1.396,523.360
5316.0,27.38,26.4,0.0,38.6,1,-228.205,1.404,522.523
5316.0,27.40,21.6,0.0,40.7,1,-229.164,1.408,521.994
5316.0,27.37,18.4,0.0,43.5,1,-230.625,1.415,521.243
5316.0,27.35,19.5,0.0,45.2,1,-231.614,1.418,520.774
5321.7,27.33,18.7,0.0,47.7,1,-233.117,1.422,520.116
5321.7,27.30,17.4,0.0,49.2,1,-234.131,1.425,519.709
5321.7,27.24,16.4,0.0,51.6,1,-235.668,1.428,519.148
5321.7,27.20,15.3,0.0,53.1,1,-236.702,1.429,518.806
5327.3,27.12,13.9,0.0,54.8,1,-238.265,1.431,518.345
5327.3,27.05,12.8,0.0,55.8,1,-239.313,1.432,518.070
5327.3,26.95,11.2,0.0,57.3,1,-240.893,1.433,517.711
5332.9,26.83,10.2,0.0,58.7,1,-242.478,1.432,517.412
5354.7,26.76,50.1,0.0,28.9,1,-265.043,1.328,520.066
5354.7,26.97,64.7,0.0,25.0,1,-266.030,1.318,520.491
5354.7,27.33,56.9,0.0,19.9,1,-267.506,1.302,521.179
5360.3,27.58,66.0,0.0,17.8,1,-268.486,1.291,521.672
5360.3,27.95,62.0,0.0,16.0,1,-269.951,1.274,522.463
5360.3,28.21,61.3,0.0,15.3,1,-270.923,1.262,523.025
5360.3,28.63,72.7,0.0,15.4,1,-272.375,1.244,523.917
5366.1,28.95,73.3,0.0,16.4,1,-273.338,1.231,524.546
5366.1,29.40,69.9,0.0,18.2,1,-274.779,1.211,525.539
5366.1,29.70,73.3,0.0,18.7,1,-275.734,1.197,526.234
5366.1,30.13,63.7,0.0,19.0,1,-277.156,1.175,527.328
5372.3,30.41,76.2,0.0,19.2,1,-278.095,1.161,528.092
5372.3,30.85,65.9,0.0,19.4,1,-279.489,1.139,529.288
5372.3,31.12,66.0,0.0,19.6,1,-280.407,1.123,530.120
5372.3,31.52,68.2,0.0,20.0,1,-281.764,1.100,531.417
5378.8,31.78,69.2,0.0,20.7,1,-282.656,1.083,532.315
5378.8,32.15,64.9,0.0,21.5,1,-283.968,1.058,533.713
5378.8,32.37,63.7,0.0,21.4,1,-284.825,1.041,534.677
5378.8,32.73,69.8,0.0,22.0,1,-286.079,1.017,536.173
5386.2,33.10,67.7,0.0,23.2,1,-287.295,0.993,537.728
5386.2,33.34,73.2,0.0,24.3,1,-288.085,0.978,538.796
5386.2,33.68,60.2,0.0,26.1,1,-289.235,0.955,540.445
5386.2,33.90,68.1,0.0,28.0,1,-289.978,0.939,541.573
5393.3,34.25,68.5,0.0,31.6,1,-291.056,0.915,543.309
5461.4,41.24,0.0,0.0,12.3,0,-296.935,0.525,605.692
5461.4,41.50,89.6,0.0,11.5,3,-296.341,0.505,608.099
5461.4,41.76,89.6,0.0,10.4,3,-295.911,0.492,609.707
5461.4,42.15,89.6,0.0,8.4,3,-295.218,0.472,612.126
5469.6,42.42,88.7,0.0,8.9,3,-294.725,0.456,613.743
5469.6,42.78,80.5,0.0,7.2,3,-293.939,0.429,616.175
5469.6,43.01,79.1,0.0,5.7,3,-293.383,0.409,617.798
5469.6,43.34,76.7,0.0,4.4,3,-292.505,0.380,620.234
5478.1,43.56,75.2,0.0,4.2,3,-291.895,0.357,621.861
5478.1,43.89,73.4,0.0,4.2,3,-290.948,0.319,624.307
5478.1,44.07,73.3,0.0,3.9,3,-290.296,0.293,625.940
5478.1,44.38,73.2,0.0,3.3,3,-289.289,0.259,628.394
5486.8,44.58,72.5,0.0,2.9,3,-288.600,0.238,630.035
5486.8,44.87,71.7,0.0,2.5,3,-287.542,0.201,632.501
5486.8,45.03,72.2,0.0,2.4,3,-286.822,0.174,634.147
5486.8,45.31,62.0,0.0,1.0,3,-285.721,0.125,636.622
5495.7,45.48,67.0,0.0,0.4,3,-284.972,0.089,638.275
5495.7,45.80,77.1,0.0,1.0,3,-283.825,0.034,640.760
5495.7,46.04,74.5,0.0,1.7,3,-283.042,0.002,642.420
5495.7,46.38,73.0,0.0,2.9,3,-281.843,-0.039,644.920
5504.8,46.60,72.6,0.0,3.3,3,-281.029,-0.066,646.591
5504.8,46.90,72.8,0.0,3.3,3,-279.785,-0.104,649.103
5504.8,47.17,75.5,0.0,2.3,3,-278.516,-0.143,651.623
5504.8,47.38,76.3,0.0,2.0,3,-277.657,-0.172,653.306
5514.2,47.68,76.8,0.0,1.3,3,-276.345,-0.212,655.838
5514.2,47.92,77.3,0.0,1.5,3,-275.454,-0.234,657.529
5514.2,48.23,79.1,0.0,2.5,3,-274.093,-0.261,660.072
5514.2,48.41,79.8,0.0,3.5,3,-273.170,-0.273,661.770
5523.7,48.76,78.5,0.0,4.2,3,-271.761,-0.287,664.322
5523.7,48.91,77.2,0.0,4.9,3,-270.806,-0.294,666.026
5523.7,49.24,77.5,0.0,4.4,3,-269.349,-0.309,668.583
5523.7,49.43,77.9,0.0,3.8,3,-268.358,-0.322,670.289
5533.5,49.73,78.1,0.0,3.7,3,-266.839,-0.340,672.846
5533.5,49.92,78.2,0.0,3.8,3,-265.805,-0.351,674.549
5533.5,50.22,78.8,0.0,4.0,3,-264.224,-0.367,677.103
5533.5,50.42,79.0,0.0,3.9,3,-263.150,-0.376,678.805
5543.5,50.71,79.5,0.0,3.6,3,-261.511,-0.389,681.357
5543.5,50.90,79.8,0.0,3.3,3,-260.398,-0.395,683.057
5543.5,51.19,80.5,0.0,2.8,3,-258.700,-0.403,685.605
5543.5,51.39,81.0,0.0,2.0,3,-257.550,-0.406,687.304
5553.6,51.69,83.3,0.0,1.5,3,-255.800,-0.410,689.853
5553.6,51.99,85.4,0.0,1.2,0,-254.024,-0.414,692.405
5553.6,51.97,0.0,0.0,1.0,0,-252.829,-0.417,694.107
5563.9,52.14,76.7,0.0,0.7,4,-251.026,-0.422,696.655
5563.9,52.31,75.8,0.0,0.7,4,-249.814,-0.425,698.356
5563.9,52.55,75.0,0.0,1.1,4,-247.983,-0.431,700.914
5563.9,52.71,75.1,0.0,1.4,4,-246.753,-0.437,702.623
5665.1,59.49,55.7,0.0,3.9,4,-179.305,-0.203,775.997
5727.0,62.21,49.8,0.0,4.2,5,-132.104,-0.161,808.349
5727.0,62.32,49.6,0.0,4.4,5,-129.916,-0.158,809.540
5727.0,62.49,49.9,0.0,5.1,5,-126.610,-0.158,811.297
5739.8,62.59,50.1,0.0,5.5,5,-124.388,-0.157,812.445
5739.8,62.74,50.2,0.0,5.8,5,-121.029,-0.154,814.135
5739.8,62.85,50.4,0.0,5.6,5,-118.774,-0.153,815.239
5739.8,62.99,50.6,0.0,5.4,5,-115.364,-0.149,816.858
5752.5,63.10,50.5,0.0,5.4,5,-113.074,-0.147,817.915
5752.5,63.25,50.6,0.0,5.8,5,-109.615,-0.145,819.463
5752.5,63.35,50.7,0.0,5.9,5,-107.292,-0.144,820.471
5752.5,63.50,50.9,0.0,5.8,5,-103.783,-0.139,821.942
5765.4,63.60,51.0,0.0,5.7,5,-101.428,-0.134,822.897
5765.4,63.74,51.1,0.0,5.6,5,-97.871,-0.128,824.290
5765.4,63.85,51.2,0.0,5.7,5,-95.484,-0.125,825.192
5765.4,63.99,51.3,0.0,6.0,5,-91.881,-0.118,826.505
5778.2,64.09,51.3,0.0,6.1,5,-89.464,-0.115,827.354
5778.2,64.24,51.6,0.0,5.8,5,-85.817,-0.112,828.586
5778.2,64.33,51.7,0.0,5.5,5,-83.371,-0.108,829.378
5778.2,64.48,52.4,0.0,5.5,5,-79.681,-0.100,830.522
5791.0,64.63,53.4,0.0,5.5,5,-75.965,-0.093,831.616
5791.0,64.74,54.1,0.0,5.6,5,-73.475,-0.088,832.318
5791.0,64.90,55.1,0.0,5.9,5,-69.720,-0.081,833.328
5791.0,65.01,55.7,0.0,5.4,5,-67.203,-0.075,833.973
5803.9,65.19,56.4,0.0,4.1,5,-63.408,-0.066,834.898
5803.9,65.31,57.0,0.0,3.9,5,-60.866,-0.059,835.488
5803.9,65.50,57.7,0.0,3.4,5,-57.035,-0.048,836.335
5803.9,65.62,58.0,0.0,3.1,5,-54.469,-0.038,836.876
5816.9,65.81,58.0,0.0,3.1,5,-50.605,-0.023,837.656
5816.9,65.94,58.0,0.0,3.0,5,-48.018,-0.011,838.156
5816.9,66.13,58.1,0.0,2.9,5,-44.122,0.010,838.879
5816.9,66.26,58.1,0.0,3.2,5,-41.516,0.024,839.344
5830.1,66.45,58.2,0.0,3.3,5,-37.592,0.047,840.013
5830.1,66.57,58.2,0.0,3.3,5,-34.967,0.061,840.442
5830.1,66.76,58.2,0.0,3.1,5,-31.015,0.083,841.057
5830.1,66.88,58.3,0.0,2.7,5,-28.372,0.098,841.448
5843.4,67.06,58.3,0.0,2.0,5,-24.393,0.122,842.008
5843.4,67.18,58.3,0.0,1.7,5,-21.732,0.141,842.364
5843.4,67.37,58.4,0.0,1.5,5,-17.729,0.170,842.875
5843.4,67.55,58.4,0.0,1.2,5,-13.711,0.195,843.365
5856.9,67.68,58.4,0.0,0.9,5,-11.026,0.211,843.682
5856.9,67.86,58.5,0.0,0.7,5,-6.987,0.238,844.145
5856.9,67.98,58.5,0.0,0.6,5,-4.287,0.256,844.447
5856.9,68.15,58.6,0.0,0.5,5,-0.228,0.285,844.892
1.2,68.28,58.6,0.0,0.5,5,2.485,0.303,845.184
