opponent,v3,Mike Conway,0,1771614675744
Game,version,date,track,car,event,laptime [s],S1 [s],S2 [s],S3 [s],S4+ [s]
LMU,1.2,2026-02-20 19:11:15,Silverstone Grand Prix Circuit - ELMS,Toyota Gazoo Racing 2025 #7:LM (Hyper),Live,106.221,0,0,0
Tracklen [m],TotalLaps
5868.9,3
,
,
lapdistance [m],speed [m/s],throttle [%],brake [%],steer [%],gear [int],world_x [m],world_y [m],world_z [m]
147.2,74.46,60.7,0.0,0.3,6,150.625,1.439,861.792
222.5,76.51,61.2,0.0,0.4,6,224.262,1.894,869.023
222.5,76.63,61.2,0.0,0.4,6,228.832,1.926,869.498
222.5,76.75,61.3,0.0,0.4,6,233.408,1.959,869.968
237.8,76.83,61.3,0.0,0.4,6,236.464,1.982,870.278
237.8,76.91,38.2,12.0,0.6,6,241.054,2.017,870.737
237.8,76.69,2.7,44.1,0.7,6,244.112,2.036,871.037
237.8,75.77,0.0,76.1,1.1,6,248.670,2.058,871.477
253.1,74.96,0.0,82.5,1.4,6,251.673,2.073,871.760
253.1,73.68,0.0,86.1,1.4,6,256.116,2.097,872.167
253.1,72.80,0.0,85.9,1.2,6,259.036,2.113,872.425
253.1,71.49,0.0,86.4,1.5,6,263.352,2.138,872.790
267.7,70.62,0.0,86.8,1.8,6,266.187,2.154,873.016
267.7,69.31,0.0,86.8,1.5,6,270.376,2.176,873.326
267.7,68.44,0.0,87.0,1.6,6,273.127,2.189,873.513
267.7,67.13,0.0,86.2,2.5,6,277.189,2.206,873.761
281.3,66.27,0.0,86.3,3.0,6,279.855,2.216,873.902
281.3,64.98,0.0,83.0,3.2,6,283.791,2.231,874.075
281.3,63.77,0.0,71.5,3.4,6,287.653,2.244,874.197
281.3,63.03,0.0,63.3,2.8,6,290.190,2.251,874.247
294.2,62.06,0.0,49.3,2.4,6,293.944,2.266,874.268
294.2,61.53,0.0,30.9,3.2,6,296.416,2.278,874.246
294.2,60.99,0.0,19.5,4.6,6,300.091,2.293,874.157
294.2,60.70,0.0,19.8,5.7,6,302.523,2.304,874.058
306.3,60.27,0.0,12.6,7.3,6,306.147,2.323,873.854
306.3,60.04,30.5,8.8,7.9,0,308.547,2.336,873.679
306.3,59.75,0.0,8.5,8.1,5,312.127,2.359,873.358
306.3,59.54,0.0,6.2,8.6,5,314.500,2.375,873.105
318.1,59.28,0.7,0.3,9.1,5,318.037,2.398,872.667
318.1,59.14,1.5,0.9,9.6,5,320.383,2.412,872.336
318.1,58.90,0.0,8.5,9.7,5,323.880,2.433,871.776
318.1,58.69,0.0,8.9,10.2,5,326.195,2.447,871.362
329.8,58.35,0.0,14.0,10.2,5,329.641,2.466,870.683
329.8,58.09,0.0,11.8,10.4,5,331.918,2.477,870.190
329.8,57.72,0.0,3.6,10.2,5,335.299,2.494,869.388
329.8,57.54,29.5,0.0,10.1,5,338.643,2.511,868.510
341.5,57.52,41.7,0.0,10.7,5,340.856,2.522,867.881
341.5,57.57,51.6,0.0,12.7,5,344.157,2.538,866.872
341.5,57.62,39.9,0.0,14.8,5,346.346,2.549,866.155
341.5,57.64,30.4,0.0,18.2,5,349.611,2.565,865.015
353.4,57.61,22.3,0.0,19.1,5,351.772,2.575,864.213
353.4,57.45,5.1,0.0,19.8,5,354.985,2.592,862.948
353.4,57.32,4.4,0.0,19.4,5,357.104,2.604,862.065
353.4,57.16,20.6,0.0,18.0,5,360.246,2.623,860.680
365.8,57.11,34.1,0.0,17.1,5,362.317,2.636,859.715
365.8,57.17,49.2,0.0,16.2,5,365.393,2.654,858.202
365.8,57.18,29.8,0.0,16.6,5,367.424,2.666,857.151
365.8,57.10,20.7,0.0,18.9,5,370.436,2.683,855.514
377.7,57.04,30.2,0.0,21.8,5,373.404,2.701,853.805
377.7,57.04,34.1,0.0,22.8,5,375.358,2.713,852.628
377.7,57.05,36.3,0.0,23.2,5,378.254,2.731,850.804
377.7,57.05,33.6,0.0,23.0,5,380.162,2.743,849.552
389.9,57.02,29.4,0.0,22.8,5,382.986,2.759,847.619
389.9,56.99,26.6,0.0,22.6,5,384.842,2.769,846.295
389.9,56.94,29.5,0.0,22.1,5,387.583,2.785,844.254
389.9,56.92,33.2,0.0,21.6,5,389.381,2.795,842.856
401.8,56.90,33.0,0.0,20.5,5,392.033,2.812,840.705
401.8,56.88,29.9,0.0,20.2,5,393.771,2.823,839.237
401.8,56.85,28.1,0.0,19.6,5,396.333,2.839,836.982
401.8,56.84,32.8,0.0,19.1,5,398.008,2.850,835.446
413.5,56.86,39.1,0.0,18.3,5,400.474,2.868,833.090
413.5,56.88,34.0,0.0,17.8,5,402.088,2.880,831.487
413.5,56.89,35.7,0.0,16.7,5,404.461,2.897,829.034
413.5,56.94,47.8,0.0,15.9,5,406.011,2.908,827.368
425.2,57.06,49.3,0.0,14.6,5,408.293,2.923,824.820
425.2,57.10,24.2,0.0,14.3,5,410.520,2.936,822.218
425.2,57.12,36.0,0.0,14.0,5,411.974,2.942,820.455
436.5,57.25,57.1,0.0,12.9,5,414.105,2.953,817.768
436.5,57.36,52.6,0.0,12.4,5,415.494,2.962,815.945
436.5,57.47,42.1,0.0,12.4,5,417.533,2.977,813.168
436.5,57.54,46.2,0.0,12.5,5,418.863,2.984,811.292
447.7,57.67,45.5,0.0,12.3,5,420.812,2.994,808.438
447.7,57.78,56.1,0.0,12.1,5,422.078,3.003,806.508
447.7,57.97,57.6,0.0,11.4,5,423.931,3.018,803.571
447.7,58.12,56.9,0.0,11.0,5,425.136,3.030,801.587
459.0,58.31,57.6,0.0,10.4,5,426.893,3.051,798.568
459.0,58.53,58.0,0.0,10.6,5,428.593,3.074,795.504
459.0,58.67,58.0,0.0,10.1,5,429.695,3.090,793.435
459.0,58.87,58.3,0.0,10.5,5,431.298,3.117,790.295
470.6,59.01,57.8,0.0,10.1,5,432.335,3.133,788.179
470.6,59.23,58.3,0.0,9.3,5,433.845,3.156,784.969
470.6,59.37,58.4,0.0,8.9,5,434.819,3.173,782.807
470.6,59.59,58.4,0.0,8.1,5,436.231,3.200,779.530
482.3,59.73,57.8,0.0,7.0,5,437.142,3.220,777.324
482.3,59.88,59.3,0.0,4.8,5,438.460,3.248,773.989
482.3,60.06,59.0,0.0,2.4,5,439.315,3.259,771.748
482.3,60.24,58.8,0.0,1.4,5,440.551,3.272,768.358
494.2,60.39,58.9,0.0,3.1,5,441.338,3.287,766.077
494.2,60.60,59.1,0.0,5.3,5,442.476,3.317,762.631
494.2,60.74,59.2,0.0,5.9,5,443.212,3.337,760.319
494.2,60.92,48.8,0.0,5.2,5,444.286,3.364,756.830
506.1,61.04,54.5,0.0,4.3,5,444.981,3.380,754.493
506.1,61.25,59.4,0.0,2.6,5,445.988,3.406,750.966
506.1,61.47,59.3,0.0,2.1,5,446.956,3.434,747.414
506.1,61.64,58.8,0.0,2.6,5,447.583,3.453,745.033
518.3,61.90,58.7,0.0,3.4,5,448.499,3.486,741.443
518.3,62.00,59.8,0.0,3.8,5,449.091,3.513,739.037
518.3,62.19,60.2,0.0,3.8,5,449.955,3.548,735.414
518.3,62.40,60.1,0.0,2.7,5,450.518,3.559,732.988
530.6,62.59,60.1,0.0,2.3,5,451.326,3.577,729.327
530.6,62.73,60.1,0.0,2.8,5,451.839,3.594,726.874
530.6,62.95,60.1,0.0,3.4,5,452.576,3.624,723.177
530.6,63.10,60.1,0.0,3.4,5,453.048,3.646,720.701
543.1,63.32,60.2,0.0,3.2,5,453.728,3.677,716.970
543.1,63.48,60.2,0.0,2.7,5,454.164,3.695,714.472
543.1,63.70,60.2,0.0,2.2,5,454.795,3.718,710.710
543.1,63.84,60.3,0.0,1.8,5,455.198,3.735,708.192
555.8,64.05,60.3,0.0,1.4,5,455.782,3.765,704.400
555.8,64.27,60.4,0.0,1.0,5,456.343,3.796,700.592
555.8,64.42,60.4,0.0,0.9,5,456.709,3.816,698.045
555.8,64.64,60.5,0.0,0.7,5,457.244,3.849,694.211
568.6,64.78,60.5,0.0,0.7,5,457.593,3.871,691.647
568.6,65.00,60.5,0.0,0.6,5,458.110,3.904,687.788
568.6,65.14,60.6,0.0,0.7,5,458.449,3.926,685.208
568.6,65.35,60.6,0.0,0.8,5,458.951,3.960,681.326
581.4,65.49,60.7,0.0,0.8,5,459.281,3.982,678.731
581.4,65.70,60.7,0.0,0.8,5,459.769,4.015,674.826
581.4,65.83,60.8,0.0,0.7,5,460.090,4.037,672.215
581.4,66.04,60.8,0.0,0.8,5,460.563,4.070,668.288
594.5,66.18,60.9,0.0,0.9,5,460.874,4.093,665.662
594.5,66.38,60.9,0.0,0.8,5,461.333,4.125,661.713
594.5,66.52,61.0,0.0,0.8,5,461.633,4.146,659.072
594.5,66.72,61.0,0.0,0.8,5,462.073,4.179,655.099
607.7,66.85,61.0,0.0,0.9,5,462.361,4.203,652.444
607.7,67.05,61.1,0.0,1.0,5,462.783,4.237,648.450
607.7,67.25,61.1,0.0,1.1,5,463.193,4.270,644.442
607.7,67.38,61.2,0.0,1.0,5,463.460,4.292,641.763
621.1,67.57,61.2,0.0,1.1,5,463.850,4.325,637.734
621.1,67.70,61.2,0.0,1.0,5,464.103,4.347,635.040
621.1,67.89,61.2,0.0,1.0,5,464.471,4.380,630.990
621.1,68.02,61.2,0.0,1.0,5,464.709,4.402,628.282
634.6,68.21,61.3,0.0,0.9,5,465.055,4.434,624.211
634.6,68.33,61.3,0.0,0.8,5,465.278,4.455,621.489
634.6,68.52,61.3,0.0,0.8,5,465.602,4.487,617.397
634.6,68.64,61.3,0.0,0.7,5,465.812,4.509,614.662
648.3,68.82,61.3,0.0,0.7,5,466.117,4.542,610.550
648.3,68.95,61.3,0.0,0.6,5,466.314,4.563,607.802
648.3,69.12,61.3,0.0,0.6,5,466.602,4.596,603.670
648.3,69.24,61.3,0.0,0.5,5,466.788,4.618,600.909
662.1,69.42,61.2,0.0,0.5,5,467.060,4.649,596.759
662.1,69.53,61.2,0.0,0.6,5,467.237,4.671,593.986
662.1,69.71,61.2,0.0,-0.9,5,467.496,4.702,589.817
676.1,69.88,61.1,0.0,-0.6,5,467.755,4.732,585.638
676.1,70.00,61.1,0.0,-0.0,5,467.928,4.751,582.846
676.1,70.16,60.9,0.0,0.4,5,468.193,4.778,578.650
676.1,70.27,60.9,0.0,0.5,5,468.371,4.795,575.847
690.1,70.44,60.8,0.0,0.5,5,468.640,4.818,571.634
690.1,70.54,60.7,0.0,0.5,5,468.818,4.832,568.821
690.1,70.70,60.6,0.0,0.1,5,469.081,4.849,564.592
690.1,70.80,60.5,0.0,0.1,5,469.254,4.860,561.767
704.3,70.95,60.3,0.0,-0.0,0,469.509,4.877,557.523
704.3,70.88,0.0,0.0,0.4,0,469.678,4.887,554.691
704.3,70.96,83.8,0.0,-0.2,6,469.927,4.901,550.444
704.3,71.07,77.4,0.0,-0.3,6,470.091,4.909,547.609
718.5,71.23,67.6,0.0,0.2,6,470.338,4.919,543.347
718.5,71.33,61.2,0.0,-0.1,6,470.502,4.924,540.501
718.5,71.49,59.9,0.0,0.1,6,470.750,4.930,536.224
718.5,71.59,60.0,0.0,0.4,6,470.916,4.932,533.367
732.9,71.75,60.0,0.0,0.6,6,471.164,4.936,529.074
732.9,71.90,60.1,0.0,0.5,6,471.409,4.936,524.772
732.9,72.01,60.1,0.0,0.3,6,471.569,4.934,521.899
732.9,72.16,60.1,0.0,0.1,6,471.804,4.930,517.581
747.4,72.26,60.2,0.0,0.1,6,471.957,4.926,514.696
747.4,72.41,60.2,0.0,0.1,6,472.184,4.918,510.363
747.4,72.51,60.3,0.0,0.2,6,472.334,4.913,507.468
747.4,72.66,60.3,0.0,0.1,6,472.556,4.901,503.119
761.9,72.81,60.3,0.0,0.1,6,472.775,4.885,498.760
761.9,72.92,60.3,0.0,0.1,6,472.920,4.872,495.850
761.9,73.07,60.4,0.0,0.1,6,473.136,4.850,491.476
761.9,73.16,60.4,0.0,0.1,6,473.278,4.834,488.555
776.5,73.31,60.4,0.0,0.0,6,473.490,4.808,484.166
776.5,73.40,60.5,0.0,0.2,6,473.629,4.793,481.235
776.5,73.55,60.5,0.0,-0.2,6,473.837,4.768,476.832
776.5,73.65,60.5,0.0,-0.8,6,473.975,4.754,473.891
791.2,73.79,60.6,0.0,-1.1,6,474.183,4.737,469.473
791.2,73.89,60.6,0.0,-1.3,6,474.325,4.725,466.523
791.2,74.03,60.6,0.0,-1.7,6,474.550,4.705,462.091
791.2,74.12,60.6,0.0,-2.1,6,474.710,4.693,459.133
806.0,74.26,60.6,0.0,-2.8,6,474.972,4.676,454.689
806.0,74.39,60.7,0.0,-3.0,6,475.266,4.655,450.240
806.0,74.48,60.7,0.0,-3.2,6,475.482,4.638,447.270
806.0,74.60,60.7,0.0,-3.3,6,475.844,4.615,442.813
820.8,74.68,60.8,0.0,-3.8,6,476.111,4.601,439.839
820.8,74.82,60.7,0.0,-4.4,6,476.550,4.573,435.376
820.8,74.89,60.8,0.0,-4.4,6,476.873,4.552,432.400
820.8,74.99,60.8,0.0,-4.3,6,477.411,4.528,427.936
835.8,75.07,60.9,0.0,-4.4,6,477.806,4.517,424.961
835.8,75.18,60.9,0.0,-4.8,6,478.451,4.497,420.500
835.8,75.25,60.9,0.0,-4.7,6,478.918,4.483,417.528
835.8,75.35,60.9,0.0,-5.1,6,479.678,4.466,413.074
850.7,75.42,60.9,0.0,-5.3,6,480.222,4.456,410.109
850.7,75.52,61.0,0.0,-5.4,6,481.098,4.439,405.666
850.7,75.59,61.0,0.0,-4.9,6,481.722,4.427,402.709
850.7,75.69,61.0,0.0,-5.4,6,482.716,4.405,398.281
865.7,75.76,61.0,0.0,-5.8,6,483.418,4.388,395.335
865.7,75.85,61.0,0.0,-6.4,6,484.531,4.358,390.925
865.7,75.95,61.0,0.0,-7.2,6,485.714,4.318,386.528
865.7,76.00,61.1,0.0,-7.1,6,486.545,4.287,383.605
880.6,76.08,61.1,0.0,-6.2,6,487.857,4.238,379.235
880.6,76.14,61.1,0.0,-5.8,6,488.778,4.204,376.334
880.6,76.22,61.1,0.0,-5.1,6,490.226,4.150,371.999
880.6,76.27,61.2,0.0,-5.2,6,491.237,4.113,369.122
895.9,76.37,61.2,0.0,-5.8,6,492.818,4.055,364.825
895.9,76.43,61.2,0.0,-5.7,6,493.915,4.016,361.973
895.9,76.51,61.2,0.0,-3.7,6,495.625,3.960,357.716
895.9,76.58,61.3,0.0,-1.8,6,496.804,3.922,354.891
911.6,76.69,61.3,0.0,0.6,6,498.626,3.865,350.669
911.6,76.77,61.3,0.0,1.7,6,499.868,3.827,347.863
911.6,76.87,49.8,0.0,2.1,6,501.755,3.775,343.658
911.6,76.82,15.1,26.2,2.3,6,503.014,3.738,340.854
927.4,76.16,0.0,53.3,2.9,6,504.884,3.675,336.658
927.4,75.24,0.0,54.5,2.8,6,506.706,3.612,332.495
927.4,74.64,0.0,52.2,2.8,6,507.886,3.577,329.739
942.8,73.78,0.0,45.9,2.2,6,509.601,3.533,325.629
942.8,73.24,0.0,43.6,3.6,6,510.709,3.505,322.904
942.8,72.47,0.0,42.5,4.6,6,512.313,3.465,318.836
942.8,71.96,0.0,39.5,3.7,6,513.342,3.440,316.136
957.3,71.25,0.0,43.9,2.6,6,514.821,3.409,312.101
957.3,70.68,0.0,60.3,2.9,6,515.765,3.389,309.422
957.3,69.68,0.0,60.6,4.4,6,517.114,3.365,305.431
957.3,69.02,0.0,57.3,4.8,6,517.968,3.352,302.790
971.0,68.09,0.0,48.1,5.8,6,519.180,3.337,298.858
971.0,67.54,0.0,44.7,6.1,6,519.942,3.327,296.254
971.0,66.76,0.0,44.1,5.5,6,521.014,3.312,292.368
971.0,66.24,0.0,40.6,5.4,6,521.682,3.301,289.792
984.0,65.75,54.2,0.0,5.4,6,522.609,3.284,285.946
984.0,65.78,63.4,8.0,6.1,6,523.181,3.272,283.379
984.0,65.41,0.0,35.3,8.2,6,523.968,3.253,279.518
984.0,64.64,0.0,40.4,8.2,6,524.664,3.236,275.677
997.6,64.24,0.0,7.2,7.0,6,525.078,3.228,273.133
997.6,64.03,44.7,14.7,4.8,6,525.627,3.220,269.327
997.6,63.86,3.7,26.1,4.9,6,525.945,3.219,266.787
997.6,63.46,0.0,5.2,7.9,6,526.362,3.213,262.991
1012.0,63.27,34.4,0.1,7.9,6,526.610,3.197,260.468
1012.0,63.23,74.2,0.0,6.9,6,526.917,3.170,256.686
1012.0,63.22,68.5,0.0,7.1,6,527.046,3.182,254.161
1012.0,63.23,60.8,0.0,7.0,6,527.170,3.209,250.371
1025.9,63.26,58.3,0.0,5.7,6,527.229,3.208,247.842
1025.9,63.47,53.8,0.0,6.7,6,527.280,3.177,244.040
1025.9,63.51,23.3,0.0,10.2,6,527.262,3.159,241.501
1025.9,63.29,1.6,0.2,15.1,6,527.136,3.154,237.698
1038.9,63.13,0.0,0.6,16.9,6,526.995,3.159,235.173
1038.9,62.87,0.5,0.2,19.5,6,526.714,3.167,231.403
1038.9,62.70,6.8,0.0,20.1,6,526.477,3.175,228.902
1038.9,62.47,7.4,0.0,19.1,6,526.044,3.191,225.172
1051.5,62.24,6.4,0.0,16.4,6,525.521,3.208,221.467
1051.5,62.07,4.1,2.4,13.9,6,525.121,3.219,219.013
1051.5,61.78,0.0,0.7,10.4,6,524.444,3.239,215.359
1051.5,61.59,7.9,0.0,7.8,6,523.940,3.255,212.943
1063.7,61.51,64.9,0.0,4.8,6,523.107,3.282,209.347
1063.7,61.57,65.7,0.0,3.5,6,522.502,3.302,206.961
1063.7,61.70,54.2,0.0,3.2,6,521.525,3.333,203.395
1063.7,61.82,54.2,0.0,3.1,6,520.832,3.354,201.024
1076.0,62.01,54.4,0.0,2.2,6,519.745,3.385,197.473
1076.0,62.13,54.4,0.0,1.4,6,518.998,3.407,195.105
1076.0,62.31,54.6,0.0,-1.6,6,517.856,3.438,191.552
1076.0,62.44,54.7,0.0,-2.9,6,517.086,3.459,189.178
1088.5,62.63,54.8,0.0,-3.5,6,515.931,3.487,185.609
1088.5,62.75,54.9,0.0,-3.7,6,515.169,3.506,183.220
1088.5,62.93,51.0,0.0,-4.0,6,514.044,3.531,179.622
1088.5,62.95,23.6,0.2,-4.3,6,513.311,3.546,177.213
1101.2,62.61,0.0,52.3,-4.7,6,512.245,3.566,173.596
1101.2,62.04,0.0,65.3,-4.4,6,511.564,3.579,171.196
1101.2,60.99,30.1,79.6,-3.5,0,510.591,3.597,167.633
1101.2,59.83,0.0,80.3,-2.4,5,509.682,3.616,164.121
1113.5,59.02,0.0,78.5,-1.7,5,509.111,3.626,161.812
1113.5,57.86,0.0,73.0,-1.3,5,508.311,3.640,158.396
1113.5,57.13,0.0,67.4,-1.3,5,507.816,3.650,156.149
1113.5,56.12,0.0,60.2,-2.0,5,507.133,3.666,152.819
1125.3,55.50,0.0,50.6,-2.8,5,506.716,3.675,150.625
1125.3,54.72,0.0,36.2,-4.4,5,506.148,3.689,147.367
1125.3,54.31,0.0,22.4,-5.6,5,505.808,3.698,145.213
1125.3,53.90,0.0,8.6,-7.8,5,505.353,3.708,141.999
1136.5,53.72,0.0,3.8,-9.1,5,505.086,3.713,139.863
1136.5,53.50,0.0,1.0,-10.5,5,504.740,3.719,136.665
1136.5,53.37,0.0,2.4,-11.1,5,504.547,3.720,134.536
1136.5,53.17,1.8,0.1,-11.7,5,504.314,3.721,131.348
1147.7,53.07,6.6,0.0,-12.7,5,504.197,3.718,129.227
1147.7,52.93,11.7,0.0,-14.6,5,504.074,3.706,126.049
1147.7,52.84,8.6,0.0,-14.9,5,504.032,3.695,123.934
1147.7,52.64,1.6,9.6,-14.3,5,504.040,3.679,120.769
1158.7,52.30,0.0,5.4,-12.7,5,504.134,3.669,117.621
1158.7,52.12,0.0,1.5,-11.1,5,504.244,3.664,115.536
1158.7,51.91,9.2,0.0,-9.4,5,504.481,3.662,112.424
1158.7,51.81,8.8,0.0,-8.6,5,504.683,3.661,110.359
1169.9,51.63,12.3,0.0,-8.2,5,505.049,3.659,107.277
1169.9,51.56,17.5,0.0,-8.0,5,505.331,3.653,105.233
1169.9,51.41,13.6,0.0,-9.4,5,505.819,3.645,102.182
1169.9,51.33,2.8,0.7,-10.1,0,506.179,3.634,100.158
1180.7,51.13,5.1,0.0,-10.8,4,506.784,3.616,97.145
1180.7,51.00,10.3,0.0,-11.1,4,507.229,3.604,95.151
1180.7,50.87,10.7,0.0,-13.3,4,507.955,3.583,92.182
1180.7,50.74,7.7,0.0,-14.9,4,508.478,3.565,90.218
1191.5,50.58,9.6,0.0,-16.8,4,509.329,3.542,87.300
1191.5,50.47,6.0,0.0,-18.9,4,509.935,3.525,85.372
1191.5,50.31,5.6,0.0,-21.0,4,510.895,3.493,82.505
1191.5,50.19,7.4,0.0,-21.8,4,511.571,3.469,80.612
1202.0,50.03,7.5,0.0,-22.6,4,512.638,3.430,77.801
1202.0,49.88,13.1,0.0,-22.3,4,513.770,3.388,75.026
1202.0,49.77,10.1,0.0,-22.4,4,514.562,3.359,73.197
1212.2,49.69,46.0,0.0,-21.2,4,515.807,3.314,70.487
1212.2,49.75,70.9,0.0,-20.2,4,516.678,3.284,68.699
1212.2,49.98,92.0,0.0,-17.4,4,518.047,3.243,66.040
1212.2,50.16,92.0,0.0,-15.7,4,519.003,3.218,64.281
1222.3,50.44,92.0,0.0,-12.2,4,520.502,3.184,61.663
1222.3,50.63,92.0,0.0,-8.7,4,521.542,3.164,59.930
1222.3,50.71,19.4,31.8,-3.2,4,523.157,3.134,57.351
1222.3,50.36,0.0,59.2,-0.8,4,524.258,3.115,55.654
1232.4,49.43,0.0,74.3,4.0,4,525.919,3.086,53.159
1232.4,48.72,0.0,78.6,6.5,4,527.018,3.069,51.531
1232.4,47.60,0.0,83.1,7.8,4,528.638,3.043,49.135
1232.4,46.83,0.0,84.8,7.3,4,529.692,3.024,47.565
1241.9,45.63,0.0,85.7,5.9,0,531.221,2.995,45.249
1241.9,44.86,24.9,86.7,4.8,0,532.204,2.977,43.727
1241.9,43.73,0.0,52.8,2.9,3,533.619,2.950,41.476
1241.9,42.99,0.0,14.8,1.4,3,534.963,2.922,39.250
1250.6,42.76,0.0,5.6,1.9,3,535.820,2.903,37.765
1250.6,42.54,0.0,1.2,5.8,3,537.052,2.873,35.522
1250.6,42.43,0.0,0.5,9.8,3,537.838,2.851,34.015
1250.6,42.27,1.8,0.0,15.7,3,538.968,2.817,31.739
1259.1,42.18,4.4,0.0,17.9,3,539.689,2.794,30.212
1259.1,42.05,3.2,0.0,18.7,3,540.721,2.758,27.905
1259.1,41.95,1.6,0.0,18.2,3,541.373,2.734,26.357
1259.1,41.82,20.3,0.0,17.3,3,542.296,2.696,24.020
1267.7,41.85,51.9,0.0,16.6,3,542.872,2.672,22.450
1267.7,42.12,85.6,0.0,16.5,3,543.682,2.635,20.066
1267.7,42.32,69.1,0.0,17.6,3,544.188,2.611,18.455
1267.7,42.34,6.9,11.9,20.1,3,544.894,2.573,16.013
1276.8,42.14,0.0,14.5,22.3,3,545.326,2.546,14.379
1276.8,41.77,0.0,7.0,23.2,3,545.912,2.505,11.931
1276.8,41.61,18.3,0.0,21.3,3,546.259,2.479,10.300
1276.8,41.72,72.6,0.0,18.7,3,546.714,2.442,7.845
1286.0,41.98,63.6,0.0,17.8,3,547.099,2.407,5.364
1286.0,42.10,52.7,0.0,18.9,3,547.320,2.381,3.697
1286.0,42.20,37.8,0.0,21.6,3,547.594,2.338,1.183
1286.0,42.23,38.6,0.0,23.3,3,547.737,2.309,-0.499
1295.2,42.33,59.5,0.0,25.1,3,547.892,2.264,-3.030
1295.2,42.50,83.3,0.0,26.3,3,547.956,2.234,-4.724
1295.2,42.85,90.9,0.0,27.0,3,547.997,2.189,-7.283
1295.2,43.10,91.9,0.0,27.3,3,547.988,2.157,-9.001
1304.6,43.44,81.3,0.0,27.6,3,547.922,2.106,-11.595
1304.6,43.59,59.4,0.0,28.1,3,547.839,2.071,-13.334
1304.6,43.73,62.1,0.0,29.4,3,547.652,2.018,-15.945
1304.6,43.81,53.9,0.0,30.2,3,547.482,1.985,-17.687
1313.8,43.88,43.1,0.0,32.1,3,547.159,1.939,-20.298
1313.8,43.90,46.5,0.0,32.9,3,546.900,1.910,-22.034
1313.8,43.95,42.2,0.0,33.7,3,546.447,1.868,-24.630
1313.8,43.95,33.5,0.0,33.1,3,546.101,1.841,-26.354
1323.6,43.91,32.3,0.0,32.9,3,545.511,1.808,-28.922
1323.6,43.89,39.0,0.0,32.8,3,544.841,1.778,-31.469
1323.6,43.93,47.7,0.0,34.1,3,544.353,1.758,-33.156
1323.6,43.98,38.3,0.0,37.7,3,543.564,1.727,-35.672
1333.3,43.98,35.6,0.0,40.2,3,543.001,1.704,-37.339
1333.3,43.91,20.2,0.0,42.6,3,542.100,1.670,-39.817
1333.3,43.82,17.5,0.0,43.2,3,541.460,1.649,-41.451
1333.3,43.68,17.1,0.0,42.3,3,540.442,1.622,-43.871
1342.7,43.59,16.9,0.0,41.4,3,539.725,1.605,-45.462
1342.7,43.48,26.9,0.0,40.9,3,538.595,1.580,-47.817
1342.7,43.46,33.5,0.0,40.9,3,537.807,1.563,-49.367
1342.7,43.36,16.5,0.0,41.0,3,536.569,1.538,-51.659
1351.7,43.27,15.3,0.0,40.2,3,535.708,1.522,-53.163
1351.7,43.13,17.0,0.0,38.0,3,534.365,1.500,-55.380
1351.7,43.05,19.8,0.0,35.7,3,533.437,1.486,-56.832
1351.7,42.97,26.7,0.0,31.9,3,531.994,1.465,-58.971
1360.5,42.96,32.9,0.0,29.3,3,530.999,1.451,-60.373
1360.5,43.00,47.1,0.0,25.5,3,529.459,1.429,-62.439
1360.5,43.15,69.6,0.0,21.4,3,527.859,1.405,-64.468
1360.5,43.35,86.9,0.0,18.4,3,526.758,1.387,-65.802
1369.1,43.70,91.9,0.0,13.5,3,525.055,1.360,-67.779
1369.1,43.96,91.9,0.0,9.7,3,523.883,1.340,-69.083
1369.1,44.35,91.9,0.0,4.8,3,522.074,1.310,-71.017
1369.1,44.61,92.0,0.0,2.4,3,520.834,1.289,-72.292
1377.8,45.02,92.0,0.0,0.7,3,518.925,1.257,-74.184
1377.8,45.29,92.0,0.0,1.1,3,517.623,1.235,-75.435
1377.8,45.71,92.0,0.0,2.9,3,515.631,1.200,-77.301
1377.8,45.99,92.0,0.0,3.9,3,514.282,1.175,-78.541
1386.8,46.40,92.0,0.0,4.6,3,512.227,1.134,-80.400
1386.8,46.67,92.0,0.0,4.6,3,510.836,1.108,-81.636
1386.8,47.07,92.0,0.0,4.4,3,508.719,1.069,-83.486
1386.8,47.34,92.0,0.0,4.2,3,507.286,1.044,-84.714
1395.9,47.72,92.0,0.0,4.5,3,505.103,1.009,-86.549
1395.9,48.00,92.0,0.0,4.9,3,503.627,0.985,-87.766
1395.9,48.38,92.1,0.0,5.4,3,501.379,0.947,-89.582
1405.4,48.76,92.1,0.0,6.3,3,499.090,0.905,-91.385
1405.4,49.01,92.1,0.0,5.8,3,497.541,0.876,-92.577
1405.4,49.39,92.1,0.0,3.8,3,495.180,0.830,-94.347
1405.4,49.64,92.1,0.0,3.7,3,493.583,0.800,-95.517
1415.2,50.01,92.1,0.0,3.8,3,491.152,0.757,-97.255
1415.2,50.25,92.1,0.0,3.4,3,489.509,0.730,-98.403
1415.2,50.62,92.2,0.0,2.2,3,487.013,0.691,-100.112
1415.2,50.85,92.2,0.0,1.5,3,485.329,0.667,-101.244
1425.3,51.21,92.3,0.0,0.4,3,482.778,0.632,-102.936
1425.3,51.45,92.2,0.0,-0.1,3,481.061,0.610,-104.061
1425.3,51.79,92.2,0.0,-0.7,0,478.467,0.577,-105.751
1425.3,51.77,0.0,0.0,-1.1,0,476.729,0.555,-106.878
1435.7,52.01,92.0,0.0,-1.8,4,474.120,0.522,-108.572
1435.7,52.24,92.0,0.0,-2.1,4,472.374,0.500,-109.709
1435.7,52.56,92.0,0.0,-2.5,4,469.746,0.468,-111.434
1435.7,52.76,92.0,0.0,-2.7,4,467.991,0.451,-112.598
1446.5,53.09,83.6,0.0,-3.3,4,465.355,0.426,-114.368
1446.5,53.46,73.8,0.0,-3.9,4,462.715,0.401,-116.170
1446.5,53.67,67.4,0.0,-4.1,4,460.956,0.387,-117.392
1446.5,53.94,59.7,0.0,-4.7,4,458.321,0.366,-119.256
1457.6,54.10,59.8,0.0,-5.0,4,456.568,0.349,-120.519
1457.6,54.35,50.6,0.0,-5.7,4,453.946,0.319,-122.446
1457.6,54.45,30.9,0.0,-6.2,4,452.207,0.297,-123.754
1457.6,54.65,44.2,0.0,-7.6,4,449.616,0.264,-125.754
1468.9,54.80,58.2,0.0,-7.4,4,447.903,0.248,-127.116
1468.9,55.10,60.1,0.0,-6.8,4,445.353,0.231,-129.204
1468.9,55.29,60.2,0.0,-6.4,4,443.663,0.220,-130.625
1468.9,55.59,60.2,0.0,-7.1,4,441.147,0.203,-132.799
1480.5,55.78,60.3,0.0,-6.1,4,439.484,0.194,-134.280
1480.5,56.07,60.4,0.0,-5.3,4,437.009,0.184,-136.545
1480.5,56.26,60.4,0.0,-5.6,4,435.373,0.179,-138.084
1480.5,56.55,60.5,0.0,-5.8,4,432.936,0.174,-140.431
1492.0,56.74,60.5,0.0,-5.8,4,431.323,0.170,-142.022
1492.0,57.03,60.6,0.0,-5.4,4,428.921,0.164,-144.446
1492.0,57.31,60.7,0.0,-5.1,4,426.543,0.157,-146.917
1492.0,57.49,60.8,0.0,-5.1,4,424.971,0.154,-148.589
1503.6,57.77,60.9,0.0,-5.1,4,422.632,0.151,-151.136
1503.6,57.96,60.9,0.0,-4.9,4,421.088,0.152,-152.859
1503.6,58.23,61.0,0.0,-4.9,4,418.793,0.157,-155.482
1503.6,58.41,61.0,0.0,-5.0,4,417.276,0.162,-157.254
1515.2,58.69,61.1,0.0,-5.2,4,415.020,0.164,-159.946
1515.2,58.87,61.1,0.0,-5.4,4,413.530,0.162,-161.764
1515.2,59.13,61.1,0.0,-5.5,4,411.316,0.157,-164.526
1515.2,59.30,61.1,0.0,-5.5,4,409.855,0.153,-166.390
1526.9,59.57,61.1,0.0,-5.7,4,407.689,0.141,-169.222
1588.1,63.39,60.1,0.0,-1.6,5,374.833,-0.072,-222.591
1588.1,63.54,60.2,0.0,-1.2,5,373.645,-0.074,-224.834
1588.1,63.77,60.2,0.0,0.2,5,371.874,-0.076,-228.217
1588.1,63.92,60.3,0.0,0.5,5,370.698,-0.078,-230.484
1600.8,64.15,60.3,0.0,0.4,5,368.934,-0.080,-233.896
1600.8,64.30,60.4,0.0,0.1,5,367.755,-0.083,-236.179
1600.8,64.52,60.4,0.0,-0.1,5,365.983,-0.092,-239.612
1600.8,64.67,60.5,0.0,-0.3,5,364.798,-0.099,-241.908
1613.6,64.89,60.5,0.0,-0.4,5,363.015,-0.111,-245.361
1613.6,65.04,60.5,0.0,-0.4,5,361.824,-0.120,-247.671
1613.6,65.26,60.6,0.0,-0.6,5,360.034,-0.135,-251.146
1626.6,65.48,60.7,0.0,-0.6,5,358.243,-0.149,-254.634
1626.6,65.62,60.7,0.0,-0.5,5,357.049,-0.159,-256.968
1626.6,65.84,60.8,0.0,-0.5,5,355.258,-0.174,-260.482
1626.6,66.05,60.8,0.0,-0.2,5,353.468,-0.190,-264.010
1639.8,66.19,60.9,0.0,-0.2,5,352.275,-0.200,-266.370
1639.8,66.41,60.9,0.0,0.0,5,350.484,-0.216,-269.921
1639.8,66.62,61.0,0.0,0.2,5,348.691,-0.232,-273.486
1639.8,66.75,61.0,0.0,0.1,5,347.494,-0.243,-275.869
1653.1,66.96,61.1,0.0,-0.0,5,345.693,-0.259,-279.453
1653.1,67.10,61.1,0.0,-0.1,5,344.490,-0.271,-281.849
1653.1,67.30,61.2,0.0,-0.1,5,342.680,-0.289,-285.451
1653.1,67.44,61.2,0.0,-0.1,5,341.471,-0.302,-287.859
1666.5,67.65,61.2,0.0,0.0,5,339.652,-0.323,-291.481
1666.5,67.78,61.2,0.0,0.0,5,338.437,-0.337,-293.901
1666.5,67.97,61.2,0.0,-0.1,5,336.610,-0.358,-297.540
1666.5,68.10,61.3,0.0,-0.4,5,335.389,-0.374,-299.972
1680.1,68.31,61.3,0.0,-0.4,5,333.554,-0.402,-303.630
1680.1,68.43,61.3,0.0,-0.4,5,332.330,-0.417,-306.075
1680.1,68.62,61.3,0.0,-0.4,5,330.493,-0.435,-309.753
1680.1,68.76,61.3,0.0,-0.2,5,329.268,-0.450,-312.212
1693.8,68.95,61.3,0.0,-0.1,5,327.430,-0.475,-315.912
1693.8,69.07,61.3,0.0,-0.1,5,325.590,-0.501,-319.623
1693.8,69.25,61.3,0.0,-0.2,5,324.363,-0.516,-322.103
1693.8,69.44,61.2,0.0,-0.2,5,322.521,-0.539,-325.834
1707.6,69.56,61.2,0.0,-0.3,5,321.292,-0.554,-328.327
1707.6,69.74,61.2,0.0,-0.3,5,319.446,-0.577,-332.076
1707.6,69.86,61.1,0.0,-0.2,5,318.216,-0.593,-334.582
1707.6,70.04,61.0,0.0,-0.2,5,316.369,-0.617,-338.351
1721.6,70.16,60.9,0.0,-0.1,5,315.137,-0.633,-340.870
1721.6,70.33,60.8,0.0,-0.1,5,313.289,-0.657,-344.657
1721.6,70.44,60.7,0.0,-0.1,5,312.056,-0.673,-347.187
1721.6,70.61,60.6,0.0,-0.1,5,310.205,-0.697,-350.992
1735.7,70.71,60.5,0.0,-0.1,5,308.970,-0.713,-353.534
1735.7,70.87,60.4,0.0,-0.1,5,307.116,-0.739,-357.355
1735.7,70.98,60.3,0.0,-0.1,0,305.879,-0.757,-359.908
1735.7,70.89,90.3,0.0,-0.1,6,304.025,-0.785,-363.739
1749.8,71.00,83.8,0.0,-0.1,6,302.789,-0.805,-366.293
1749.8,71.16,74.1,0.0,-0.1,6,300.934,-0.835,-370.133
1749.8,71.27,67.7,0.0,-0.1,6,299.696,-0.856,-372.698
1749.8,71.43,59.9,0.0,-0.1,6,297.837,-0.887,-376.553
1764.1,71.59,59.9,0.0,-0.1,6,295.975,-0.920,-380.418
1764.1,71.70,60.0,0.0,-0.1,6,294.732,-0.943,-383.000
1764.1,71.85,60.1,0.0,-0.0,6,292.865,-0.976,-386.880
1764.1,71.96,60.1,0.0,-0.0,6,291.619,-0.998,-389.472
1778.4,72.12,60.2,0.0,-0.0,6,289.747,-1.029,-393.368
1778.4,72.22,60.2,0.0,0.0,6,288.497,-1.051,-395.970
1778.4,72.38,60.2,0.0,0.0,6,286.619,-1.085,-399.880
1778.4,72.49,60.3,0.0,0.1,6,285.365,-1.108,-402.492
1792.9,72.64,60.3,0.0,0.1,6,283.480,-1.143,-406.416
1792.9,72.74,60.3,0.0,0.1,6,282.220,-1.163,-409.036
1792.9,72.89,60.4,0.0,0.1,6,280.328,-1.189,-412.974
1792.9,73.00,60.4,0.0,0.1,6,279.063,-1.207,-415.603
1807.4,73.15,60.4,0.0,0.1,6,277.162,-1.236,-419.553
1807.4,73.25,60.4,0.0,0.1,6,275.891,-1.254,-422.191
1807.4,73.40,60.5,0.0,0.1,6,273.981,-1.283,-426.153
1807.4,73.49,60.5,0.0,0.1,6,272.704,-1.303,-428.799
1822.1,73.64,60.5,0.0,0.2,6,270.783,-1.332,-432.772
1822.1,73.79,60.5,0.0,0.2,6,268.857,-1.363,-436.753
1822.1,73.88,60.6,0.0,0.2,6,267.569,-1.383,-439.411
1836.8,74.03,60.6,0.0,0.2,6,265.632,-1.412,-443.402
1836.8,74.12,60.6,0.0,0.2,6,264.336,-1.431,-446.067
1836.8,74.27,60.6,0.0,0.3,6,262.387,-1.460,-450.068
1836.8,74.36,60.7,0.0,0.3,6,261.083,-1.479,-452.739
1851.7,74.50,60.7,0.0,0.2,6,259.120,-1.505,-456.750
1851.7,74.59,60.7,0.0,0.2,6,257.808,-1.522,-459.427
1851.7,74.73,60.7,0.0,0.3,6,255.832,-1.548,-463.447
1851.7,74.82,60.8,0.0,0.3,6,254.511,-1.565,-466.130
1866.6,74.96,60.8,0.0,0.3,6,252.522,-1.593,-470.159
1866.6,75.05,60.8,0.0,0.3,6,251.191,-1.609,-472.848
1866.6,75.18,60.8,0.0,0.3,6,249.188,-1.637,-476.885
1866.6,75.27,60.9,0.0,0.3,6,247.848,-1.654,-479.579
1881.7,75.40,60.9,0.0,0.2,6,245.832,-1.679,-483.624
2020.7,79.21,61.5,0.0,0.7,6,179.102,-2.905,-616.342
2020.7,79.28,61.5,0.0,0.8,6,177.692,-2.940,-619.181
2036.6,79.38,61.5,0.0,0.8,6,175.568,-2.992,-623.440
2036.6,79.44,61.4,0.0,0.9,6,174.143,-3.022,-626.279
2036.6,79.55,61.4,0.0,0.8,6,171.994,-3.062,-630.537
2036.6,79.61,61.4,0.0,0.8,6,170.553,-3.088,-633.375
2052.5,79.71,61.4,0.0,0.6,6,168.378,-3.125,-637.630
2052.5,79.77,61.4,0.0,0.5,6,166.919,-3.149,-640.466
2052.5,79.86,61.4,0.0,0.6,6,164.718,-3.180,-644.719
2052.5,79.93,61.4,0.0,0.6,6,163.243,-3.198,-647.554
2068.4,80.02,61.3,0.0,0.4,6,161.019,-3.222,-651.806
2068.4,80.08,61.2,0.0,0.4,6,159.529,-3.235,-654.640
2068.4,80.17,61.2,0.0,0.4,6,157.284,-3.250,-658.891
2068.4,80.23,61.1,0.0,0.4,6,155.781,-3.257,-661.725
2084.4,80.31,61.0,0.0,0.5,6,153.517,-3.262,-665.976
2084.4,80.40,61.1,0.0,0.5,6,151.243,-3.264,-670.227
2084.4,80.46,61.0,0.0,0.4,6,149.721,-3.264,-673.061
2084.4,80.54,61.0,0.0,0.4,6,147.430,-3.259,-677.313
2100.4,80.62,60.9,0.0,0.4,6,145.128,-3.249,-681.565
2100.4,80.70,60.8,0.0,0.5,6,142.816,-3.237,-685.816
2100.4,80.75,60.8,0.0,0.5,6,141.268,-3.226,-688.650
2116.5,80.82,60.7,0.0,0.6,6,138.938,-3.204,-692.900
2116.5,80.87,60.7,0.0,1.2,6,137.378,-3.187,-695.732
2116.5,80.94,60.7,0.0,1.3,6,135.027,-3.157,-699.979
2116.5,80.99,60.6,0.0,1.0,6,133.450,-3.134,-702.808
2132.7,81.06,60.6,0.0,0.9,6,131.069,-3.096,-707.046
2132.7,81.12,60.6,0.0,1.1,6,128.668,-3.054,-711.277
2132.7,81.09,0.0,0.0,1.4,0,127.057,-3.023,-714.094
2132.7,81.01,87.3,0.0,1.5,7,124.627,-2.969,-718.303
2148.9,81.05,80.9,0.0,1.4,7,122.994,-2.930,-721.103
2148.9,81.08,48.1,0.0,1.9,7,120.524,-2.866,-725.293
2148.9,80.91,16.3,50.1,1.2,7,118.864,-2.821,-728.077
2148.9,79.90,0.0,79.1,1.1,7,116.371,-2.746,-732.212
2164.9,79.06,0.0,84.6,0.9,7,114.716,-2.691,-734.928
2164.9,77.73,0.0,86.5,0.8,7,112.249,-2.604,-738.935
2164.9,76.83,0.0,86.2,0.5,7,110.617,-2.544,-741.561
2164.9,75.49,0.0,86.5,0.5,7,108.186,-2.452,-745.433
2180.3,74.60,0.0,86.3,0.5,7,106.579,-2.390,-747.969
2180.3,73.27,0.0,86.0,1.1,7,104.186,-2.298,-751.708
2180.3,72.40,0.0,86.9,1.5,7,102.605,-2.237,-754.155
2180.3,71.09,0.0,87.2,1.7,0,100.249,-2.148,-757.760
2194.7,70.26,13.5,90.5,1.8,0,98.690,-2.092,-760.119
2194.7,68.84,0.0,84.7,0.3,6,96.370,-2.020,-763.591
2194.7,67.55,0.0,84.3,-0.3,6,94.061,-1.942,-766.970
2194.7,66.71,0.0,86.7,0.4,6,92.528,-1.889,-769.176
2208.3,65.40,0.0,85.6,1.0,6,90.244,-1.815,-772.417
2208.3,64.53,0.0,85.0,1.3,6,88.732,-1.765,-774.532
2208.3,63.27,0.0,86.1,2.0,6,86.480,-1.689,-777.637
2208.3,62.41,0.0,85.8,2.0,6,84.990,-1.640,-779.663
2221.0,61.16,25.9,86.5,1.8,0,82.770,-1.569,-782.634
2221.0,60.30,0.0,86.0,1.7,5,81.301,-1.524,-784.570
2221.0,59.04,0.0,85.4,1.7,5,79.111,-1.459,-787.405
2221.0,58.19,0.0,85.0,2.0,5,77.661,-1.418,-789.248
2232.8,56.93,0.0,85.0,2.5,5,75.497,-1.358,-791.943
2232.8,56.10,0.0,85.3,2.9,5,74.064,-1.321,-793.693
2232.8,54.85,0.0,84.1,2.9,5,71.924,-1.267,-796.246
2232.8,54.03,0.0,78.5,2.5,0,70.505,-1.232,-797.899
2243.8,52.91,0.0,68.0,1.8,4,68.382,-1.180,-800.305
2243.8,52.22,0.0,47.9,1.3,4,66.968,-1.146,-801.862
2243.8,51.49,0.0,26.0,1.1,4,64.840,-1.095,-804.131
2243.8,51.01,0.0,17.8,3.4,4,62.689,-1.045,-806.328
2254.0,50.74,0.0,15.4,5.8,4,61.239,-1.011,-807.756
2254.0,50.38,0.0,12.3,8.9,4,59.042,-0.961,-809.848
2254.0,50.16,0.0,11.7,9.9,4,57.563,-0.926,-811.210
2254.0,49.84,0.0,9.9,10.7,4,55.322,-0.874,-813.206
2264.0,49.65,0.0,9.8,10.6,4,53.814,-0.839,-814.503
2264.0,49.35,0.0,8.4,10.8,4,51.528,-0.789,-816.400
2264.0,49.15,0.0,7.3,10.7,4,49.989,-0.756,-817.629
2264.0,48.88,0.0,4.4,10.5,4,47.654,-0.707,-819.417
2273.8,48.72,0.0,2.9,10.9,4,46.080,-0.674,-820.572
2273.8,48.50,0.0,1.2,11.8,4,43.693,-0.624,-822.249
2273.8,48.36,0.2,0.2,12.6,4,42.085,-0.592,-823.329
2273.8,48.18,3.1,0.0,13.3,4,39.648,-0.545,-824.893
2283.6,48.06,8.0,0.0,13.8,4,38.005,-0.512,-825.897
2283.6,47.91,6.2,0.0,14.3,4,35.516,-0.464,-827.344
2283.6,47.80,7.3,0.0,14.8,4,33.841,-0.431,-828.269
2283.6,47.63,5.6,0.0,15.2,4,31.305,-0.382,-829.597
2293.5,47.46,6.1,0.0,15.4,4,28.744,-0.333,-830.853
2293.5,47.35,7.4,0.0,15.5,4,27.023,-0.301,-831.649
2293.5,47.20,11.2,0.0,15.6,4,24.423,-0.252,-832.780
2293.5,47.09,10.9,0.0,15.7,4,22.676,-0.219,-833.492
2303.4,46.96,10.1,0.0,15.0,4,20.040,-0.168,-834.495
2303.4,46.85,5.7,0.0,16.0,4,18.272,-0.135,-835.123
2303.4,46.68,4.1,0.0,17.6,4,15.608,-0.087,-836.005
2303.4,46.56,5.7,0.0,18.3,4,13.826,-0.057,-836.552
2313.2,46.39,7.8,0.0,18.0,4,11.142,-0.011,-837.308
2313.2,46.27,6.7,0.0,17.5,4,9.347,0.021,-837.767
2313.2,46.10,4.8,0.0,16.7,4,6.646,0.070,-838.389
2313.2,45.98,3.2,0.0,16.4,4,4.842,0.103,-838.760
2322.9,45.80,2.1,0.0,16.0,4,2.133,0.152,-839.253
2322.9,45.67,1.1,0.0,15.8,4,0.327,0.183,-839.539
2322.9,45.47,0.2,0.4,16.4,4,-2.383,0.229,-839.904
2322.9,45.34,1.1,0.0,16.5,4,-4.189,0.258,-840.105
2332.6,45.15,0.8,0.3,15.0,4,-6.893,0.301,-840.342
2332.6,44.97,1.6,0.6,14.0,4,-9.592,0.342,-840.506
2332.6,44.85,0.1,0.6,13.9,4,-11.387,0.369,-840.574
2342.2,44.76,42.6,0.0,13.6,4,-14.073,0.407,-840.615
2342.2,44.84,70.2,0.0,13.4,4,-15.864,0.431,-840.604
2342.2,44.93,26.3,26.9,13.4,4,-18.558,0.465,-840.531
2342.2,44.66,0.0,44.9,14.1,4,-20.349,0.486,-840.446
2351.8,44.07,0.0,8.1,13.8,4,-23.005,0.515,-840.269
2351.8,43.92,24.9,0.0,12.6,4,-24.758,0.532,-840.116
2351.8,44.06,89.1,0.0,11.4,4,-27.379,0.555,-839.831
2351.8,44.25,91.9,0.0,11.5,4,-29.130,0.569,-839.604
2361.2,44.55,91.9,0.0,12.2,4,-31.764,0.586,-839.210
2361.2,44.74,91.9,0.0,13.1,4,-33.524,0.597,-838.910
2361.2,45.03,91.9,0.0,14.6,4,-36.168,0.613,-838.402
2361.2,45.23,91.9,0.0,15.1,4,-37.933,0.624,-838.025
2370.8,45.52,91.9,0.0,15.3,4,-40.582,0.641,-837.401
2370.8,45.71,91.9,0.0,15.4,4,-42.348,0.652,-836.946
2370.8,46.00,91.9,0.0,15.3,4,-44.997,0.667,-836.206
2370.8,46.29,91.9,0.0,15.8,4,-47.644,0.680,-835.398
2380.5,46.48,91.9,0.0,16.1,4,-49.407,0.687,-834.820
2380.5,46.76,91.9,0.0,15.9,4,-52.045,0.697,-833.891
2380.5,46.95,91.9,0.0,16.0,4,-53.798,0.704,-833.231
2380.5,47.14,91.9,0.0,16.3,4,-55.547,0.710,-832.538
2390.4,47.42,91.9,0.0,16.9,4,-58.162,0.718,-831.439
2390.4,47.70,91.9,0.0,17.7,4,-60.764,0.721,-830.269
2390.4,47.89,91.9,0.0,18.2,4,-62.491,0.722,-829.450
2390.4,48.17,91.9,0.0,19.0,4,-65.068,0.722,-828.161
2400.2,48.35,91.9,0.0,19.8,4,-66.775,0.721,-827.261
2400.2,48.62,91.9,0.0,21.0,4,-69.320,0.717,-825.852
2400.2,48.81,91.9,0.0,21.5,4,-71.004,0.714,-824.873
2400.2,49.07,92.0,0.0,22.2,4,-73.511,0.707,-823.346
2410.1,49.24,92.0,0.0,22.7,4,-75.168,0.701,-822.288
2410.1,49.50,92.0,0.0,22.8,4,-77.629,0.692,-820.640
2410.1,49.72,76.5,0.0,23.3,4,-80.060,0.680,-818.922
2410.1,49.82,70.3,0.0,23.8,4,-81.660,0.671,-817.739
2419.9,49.96,68.8,0.0,25.1,4,-84.028,0.657,-815.907
2419.9,50.08,84.3,0.0,26.4,4,-85.584,0.646,-814.651
2419.9,50.26,63.4,0.0,27.9,4,-87.886,0.628,-812.711
2419.9,50.23,19.1,0.0,28.6,4,-89.397,0.614,-811.385
2429.7,50.06,10.2,0.0,29.4,4,-91.615,0.592,-809.352
2429.7,49.94,10.1,0.0,29.3,4,-93.061,0.575,-807.970
2429.7,49.76,10.1,0.0,27.9,4,-95.178,0.550,-805.856
2429.7,49.64,10.1,0.0,26.7,4,-96.552,0.533,-804.419
2439.2,49.47,10.0,0.0,25.2,4,-98.558,0.508,-802.225
2439.2,49.36,10.0,0.0,24.1,4,-99.859,0.489,-800.736
2439.2,49.22,42.2,0.0,22.4,4,-101.754,0.460,-798.467
2439.2,49.30,76.2,0.0,21.0,4,-102.982,0.440,-796.927
2448.8,49.54,91.1,0.0,21.2,4,-104.779,0.409,-794.570
2448.8,49.73,92.0,0.0,20.2,4,-105.951,0.386,-792.968
2448.8,50.01,92.0,0.0,20.5,4,-107.667,0.349,-790.518
2448.8,50.25,92.0,0.0,19.3,4,-109.334,0.308,-788.014
2458.4,50.45,92.0,0.0,18.1,4,-110.419,0.279,-786.318
2458.4,50.70,92.0,0.0,11.7,4,-112.007,0.226,-783.735
2458.4,50.89,92.0,0.0,6.2,4,-113.036,0.188,-781.984
2458.4,51.15,92.0,0.0,-0.8,4,-114.533,0.128,-779.315
2468.4,51.29,92.0,0.0,-3.6,4,-115.500,0.088,-777.509
2468.4,51.60,86.2,0.0,-7.8,4,-116.911,0.025,-774.764
2468.4,51.75,92.0,0.0,-7.2,4,-117.823,-0.018,-772.909
2468.4,52.13,91.4,0.0,-6.8,4,-119.167,-0.095,-770.099
2478.7,52.37,92.0,0.0,-5.1,4,-120.051,-0.150,-768.206
2478.7,52.70,92.0,0.0,-1.9,4,-121.379,-0.236,-765.350
2478.7,52.92,88.1,0.0,-0.8,4,-122.273,-0.293,-763.437
2478.7,53.25,78.3,0.0,-0.9,4,-123.636,-0.376,-760.560
2489.4,53.47,72.0,0.0,-1.8,4,-124.556,-0.436,-758.636
2489.4,53.83,62.1,0.0,-2.6,4,-125.956,-0.535,-755.739
2489.4,54.05,59.6,0.0,-3.1,4,-126.904,-0.603,-753.803
2489.4,54.38,59.8,0.0,-2.7,4,-128.352,-0.705,-750.892
2500.4,54.60,59.9,0.0,-2.6,4,-129.335,-0.771,-748.948
2500.4,54.93,60.0,0.0,-3.1,4,-130.833,-0.871,-746.026
2500.4,55.26,60.1,0.0,-3.0,4,-132.363,-0.973,-743.098
2500.4,55.47,60.2,0.0,-3.2,4,-133.401,-1.041,-741.143
2511.7,55.79,60.3,0.0,-2.4,4,-134.985,-1.142,-738.207
2511.7,56.01,60.3,0.0,-2.8,4,-136.059,-1.211,-736.247
2511.7,56.34,60.3,0.0,-2.4,4,-137.694,-1.322,-733.303
2511.7,56.57,60.4,0.0,-2.1,4,-138.802,-1.402,-731.337
2523.1,56.87,60.5,0.0,-2.3,4,-140.488,-1.527,-728.385
2523.1,57.08,60.6,0.0,-1.9,4,-141.629,-1.614,-726.414
2523.1,57.39,60.7,0.0,-2.8,4,-143.364,-1.750,-723.455
2523.1,57.60,60.8,0.0,-2.8,4,-144.537,-1.846,-721.479
2534.7,57.91,60.9,0.0,-2.2,4,-146.323,-1.992,-718.514
2534.7,58.11,61.0,0.0,-1.5,4,-147.531,-2.089,-716.536
2534.7,58.42,61.0,0.0,-1.5,4,-149.370,-2.235,-713.567
2534.7,58.62,61.1,0.0,-2.3,4,-150.611,-2.333,-711.586
2546.5,58.92,61.1,0.0,-2.7,4,-152.497,-2.482,-708.610
2546.5,59.22,61.1,0.0,-2.4,4,-154.412,-2.627,-705.633
2546.5,59.41,61.1,0.0,-2.1,4,-155.707,-2.721,-703.647
2558.4,59.70,61.1,0.0,-2.0,4,-157.675,-2.857,-700.669
2558.4,59.90,61.2,0.0,-1.9,4,-159.004,-2.946,-698.682
2558.4,60.18,61.1,0.0,-1.9,4,-161.020,-3.077,-695.700
2558.4,60.37,61.1,0.0,-1.9,4,-162.380,-3.163,-693.711
2570.5,60.65,61.0,0.0,-1.4,4,-164.441,-3.287,-690.726
2570.5,60.83,60.9,0.0,-0.9,4,-165.829,-3.366,-688.734
2570.5,61.09,60.5,0.0,-0.7,4,-167.931,-3.475,-685.743
2570.5,61.27,60.4,0.0,-0.7,4,-169.344,-3.542,-683.746
2582.8,61.43,0.0,0.0,-0.7,0,-171.479,-3.634,-680.747
2582.8,61.40,90.2,0.0,-0.7,5,-172.908,-3.690,-678.751
2582.8,61.65,80.4,0.0,-0.6,5,-175.063,-3.762,-675.756
2582.8,61.82,74.0,0.0,-0.6,5,-176.510,-3.802,-673.755
2595.3,62.07,64.3,0.0,-0.6,5,-178.695,-3.851,-670.750
2595.3,62.23,59.8,0.0,-0.7,5,-180.160,-3.878,-668.743
2595.3,62.48,59.9,0.0,-0.7,5,-182.373,-3.911,-665.726
2595.3,62.73,60.0,0.0,-0.6,5,-184.602,-3.939,-662.703
2607.8,62.89,60.0,0.0,-0.7,5,-186.096,-3.956,-660.684
2607.8,63.13,60.1,0.0,-0.7,5,-188.352,-3.979,-657.651
2607.8,63.29,60.1,0.0,-0.6,5,-189.864,-3.994,-655.625
2607.8,63.52,60.2,0.0,-0.6,5,-192.145,-4.012,-652.581
2620.5,63.68,60.2,0.0,-0.6,5,-193.674,-4.023,-650.549
2620.5,63.91,60.3,0.0,-0.6,5,-195.981,-4.036,-647.495
2620.5,64.06,60.3,0.0,-0.6,5,-197.528,-4.042,-645.456
2620.5,64.29,60.4,0.0,-0.6,5,-199.859,-4.048,-642.393
2633.2,64.44,60.4,0.0,-0.6,5,-201.422,-4.050,-640.347
2633.2,64.66,60.5,0.0,-0.6,5,-203.779,-4.050,-637.274
2633.2,64.80,60.5,0.0,-0.6,5,-205.358,-4.046,-635.223
2633.2,65.02,60.6,0.0,-0.7,5,-207.738,-4.036,-632.141
2646.1,65.17,60.6,0.0,-0.7,5,-209.334,-4.024,-630.083
2646.1,65.38,60.7,0.0,-0.8,5,-211.739,-4.003,-626.993
2646.1,65.52,60.7,0.0,-0.9,5,-213.352,-3.988,-624.931
2646.1,65.74,60.7,0.0,-1.1,5,-215.785,-3.965,-621.835
2659.2,65.95,60.8,0.0,-1.4,5,-218.236,-3.942,-618.738
2659.2,66.09,60.8,0.0,-1.6,5,-219.881,-3.928,-616.672
2659.2,66.29,60.9,0.0,-1.3,5,-222.365,-3.908,-613.575
2659.2,66.43,60.9,0.0,-1.1,5,-224.033,-3.897,-611.510
2672.4,66.64,61.0,0.0,-1.3,5,-226.552,-3.886,-608.414
2672.4,66.78,61.0,0.0,-1.2,5,-228.243,-3.883,-606.350
2672.4,66.98,61.0,0.0,-1.0,5,-230.796,-3.883,-603.255
2672.4,66.98,23.8,24.0,-0.8,5,-232.509,-3.885,-601.193
2685.8,66.41,0.0,61.1,-0.7,5,-235.077,-3.895,-598.120
2685.8,65.75,0.0,74.5,-0.5,5,-236.779,-3.904,-596.095
2685.8,64.60,0.0,82.9,-0.3,5,-239.304,-3.921,-593.105
2685.8,63.78,0.0,84.8,-0.1,5,-240.966,-3.936,-591.146
2698.8,62.53,0.0,85.5,0.3,5,-243.427,-3.962,-588.260
2698.8,61.69,0.0,85.5,0.2,5,-245.044,-3.982,-586.373
2698.8,60.45,0.0,86.2,0.0,5,-247.436,-4.015,-583.594
2698.8,59.61,0.0,85.7,-0.1,5,-249.007,-4.040,-581.775
2711.1,58.36,0.0,85.4,-0.0,5,-251.327,-4.078,-579.100
2751.6,39.80,0.0,86.3,-0.9,3,-281.651,-4.645,-545.691
2759.7,38.63,0.0,84.5,0.5,3,-283.330,-4.673,-544.040
2759.7,37.88,37.9,79.1,1.1,0,-284.433,-4.690,-542.977
2759.7,36.84,0.0,72.5,1.6,2,-286.067,-4.716,-541.440
2759.7,36.16,0.0,69.5,2.3,2,-287.143,-4.732,-540.452
2767.0,35.18,0.0,66.3,2.2,2,-288.741,-4.757,-539.025
2767.0,34.56,0.0,64.6,1.5,2,-289.795,-4.772,-538.110
2767.0,33.62,0.0,65.4,0.2,2,-291.361,-4.795,-536.792
2767.0,33.00,0.0,66.2,-0.8,2,-292.395,-4.810,-535.949
2773.7,32.07,0.0,66.7,-2.3,2,-293.929,-4.830,-534.739
2773.7,31.45,0.0,63.3,-2.1,0,-294.940,-4.844,-533.968
2773.7,30.62,0.0,54.3,-5.0,1,-296.440,-4.862,-532.864
2773.7,30.07,0.0,49.0,-2.5,1,-297.432,-4.874,-532.162
2779.6,29.34,0.0,44.2,-3.6,1,-298.907,-4.891,-531.159
2779.6,28.89,0.0,43.2,-8.7,1,-299.882,-4.901,-530.522
2779.6,28.24,0.0,43.6,-14.6,1,-301.337,-4.915,-529.614
2779.6,27.57,0.0,47.5,-13.5,1,-302.780,-4.928,-528.762
2785.1,27.11,0.0,45.3,-11.2,1,-303.734,-4.936,-528.225
2785.1,26.46,0.0,39.6,-8.3,1,-305.149,-4.947,-527.461
2785.1,26.06,0.0,35.4,-7.0,1,-306.082,-4.953,-526.977
2785.1,25.54,0.0,32.5,-8.5,1,-307.468,-4.962,-526.286
2790.3,25.21,0.0,28.1,-10.8,1,-308.384,-4.967,-525.847
2790.3,24.79,0.0,18.7,-14.3,1,-309.747,-4.973,-525.221
2790.3,24.58,0.0,13.8,-16.8,1,-310.652,-4.975,-524.825
2790.3,24.30,0.0,15.3,-19.1,1,-312.007,-4.978,-524.263
2795.9,24.11,0.0,14.0,-20.2,1,-312.910,-4.980,-523.912
2795.9,23.84,0.0,7.2,-19.9,1,-314.262,-4.981,-523.422
2795.9,23.71,0.0,10.7,-21.4,1,-315.164,-4.980,-523.120
2795.9,23.49,0.0,3.6,-28.8,1,-316.518,-4.978,-522.704
2801.8,23.37,0.0,1.1,-33.3,1,-317.422,-4.976,-522.457
2801.8,23.17,0.0,0.9,-40.8,1,-318.781,-4.968,-522.135
2801.8,23.11,16.1,0.0,-42.2,1,-319.688,-4.962,-521.952
2801.8,23.18,47.9,0.0,-43.6,1,-321.058,-4.951,-521.727
2807.6,23.44,63.0,0.0,-44.4,1,-322.446,-4.942,-521.551
2807.6,23.61,42.8,0.0,-35.5,1,-323.382,-4.939,-521.457
2807.6,23.75,21.7,0.0,-36.4,1,-324.799,-4.942,-521.351
2807.6,23.68,6.3,4.8,-37.7,1,-325.747,-4.945,-521.312
2813.3,23.46,0.0,5.7,-37.1,1,-327.162,-4.952,-521.299
2813.3,23.23,0.4,0.6,-38.0,1,-328.096,-4.951,-521.331
2813.3,23.03,7.2,0.0,-38.4,1,-329.479,-4.943,-521.439
2813.3,22.94,10.6,0.0,-40.0,1,-330.392,-4.937,-521.547
2818.5,22.83,12.3,0.0,-45.3,1,-331.749,-4.928,-521.759
2818.5,22.77,16.5,0.0,-51.1,1,-332.644,-4.923,-521.934
2818.5,22.70,20.1,0.0,-60.2,1,-333.972,-4.915,-522.246
2818.5,22.68,22.2,0.0,-66.8,1,-334.847,-4.909,-522.486
2823.3,22.61,15.7,0.0,-76.4,1,-336.146,-4.897,-522.888
2823.3,22.52,10.7,0.0,-78.4,1,-337.000,-4.889,-523.181
2823.3,22.37,10.0,0.0,-76.8,1,-338.260,-4.875,-523.657
2823.3,22.27,10.0,0.0,-73.5,1,-339.084,-4.864,-524.001
2827.9,22.13,10.1,0.0,-65.7,1,-340.294,-4.847,-524.558
2827.9,22.02,12.5,0.0,-56.3,1,-341.472,-4.830,-525.164
2827.9,21.98,20.4,0.0,-49.7,1,-342.239,-4.817,-525.596
2827.9,22.08,56.0,0.0,-38.5,1,-343.365,-4.798,-526.285
2832.4,22.34,89.7,0.0,-28.8,1,-344.105,-4.784,-526.773
2832.4,22.75,69.6,0.0,-12.5,1,-345.213,-4.764,-527.549
2832.4,23.09,91.7,0.0,-3.7,1,-345.950,-4.751,-528.092
2832.4,23.70,91.7,0.0,5.3,1,-347.068,-4.730,-528.939
2837.0,24.11,91.7,0.0,8.2,1,-347.825,-4.717,-529.521
2837.0,24.71,91.5,0.0,8.5,1,-348.984,-4.697,-530.414
2837.0,25.11,91.4,0.0,8.2,1,-349.776,-4.683,-531.018
2837.0,25.72,91.0,0.0,9.8,1,-350.995,-4.662,-531.932
2841.9,26.13,90.5,0.0,10.9,1,-351.831,-4.648,-532.544
2841.9,26.73,89.7,0.0,12.8,1,-353.122,-4.626,-533.463
2841.9,27.12,88.3,0.0,14.1,1,-354.007,-4.612,-534.074
2841.9,27.69,81.0,0.0,15.6,1,-355.376,-4.592,-534.984
2847.2,28.03,78.1,0.0,16.4,1,-356.315,-4.579,-535.583
2847.2,28.53,78.3,0.0,17.5,1,-357.764,-4.561,-536.464
2847.2,28.98,62.9,0.0,18.7,1,-359.262,-4.545,-537.319
2847.2,29.20,49.4,0.0,19.3,1,-360.286,-4.535,-537.871
2853.0,29.39,34.5,0.0,21.1,1,-361.856,-4.522,-538.661
2853.0,29.48,35.2,0.0,22.4,1,-362.922,-4.514,-539.161
2853.0,29.59,26.2,0.0,23.4,1,-364.546,-4.504,-539.869
2853.0,29.60,18.5,0.0,24.9,1,-365.644,-4.499,-540.312
2858.9,29.58,18.6,0.0,27.3,1,-367.308,-4.492,-540.931
2858.9,29.56,16.2,0.0,28.5,1,-368.428,-4.488,-541.312
2858.9,29.50,7.3,0.0,29.0,1,-370.121,-4.483,-541.834
2858.9,29.43,13.6,0.0,29.3,1,-371.257,-4.481,-542.150
2865.8,29.53,47.1,0.0,30.6,1,-372.972,-4.481,-542.575
2865.8,29.70,61.9,0.0,30.9,1,-374.129,-4.483,-542.829
2865.8,30.11,89.0,0.0,29.3,1,-375.889,-4.489,-543.168
2865.8,30.38,61.0,0.0,26.6,1,-377.083,-4.492,-543.365
2872.5,30.64,36.2,0.0,21.3,1,-378.897,-4.493,-543.604
2872.5,30.73,51.2,0.0,17.7,1,-380.118,-4.491,-543.726
2872.5,30.85,41.6,0.0,11.9,1,-381.961,-4.493,-543.859
2880.4,30.95,42.2,0.0,8.2,1,-383.813,-4.497,-543.928
2880.4,31.00,28.8,0.0,6.9,1,-385.052,-4.501,-543.937
2880.4,31.04,35.7,0.0,6.3,1,-386.913,-4.506,-543.892
2880.4,31.17,61.2,0.0,7.7,1,-388.154,-4.509,-543.821
2887.4,31.49,58.5,0.0,10.6,1,-390.026,-4.512,-543.657
2887.4,31.74,72.6,0.0,12.7,1,-391.282,-4.514,-543.511
2887.4,32.19,79.2,0.0,16.6,1,-393.179,-4.517,-543.237
2887.4,32.51,77.1,0.0,18.5,1,-394.454,-4.519,-543.018
2895.0,32.98,80.0,0.0,20.9,1,-396.380,-4.522,-542.637
2895.0,33.27,74.8,0.0,22.6,1,-397.672,-4.522,-542.345
2895.0,33.65,79.4,0.0,23.3,1,-399.618,-4.524,-541.854
2895.0,33.94,85.5,0.0,22.4,1,-400.919,-4.526,-541.491
2901.7,34.32,67.6,0.0,20.2,1,-402.878,-4.532,-540.894
2901.7,34.54,71.8,0.0,18.5,1,-404.185,-4.538,-540.461
2901.7,34.82,57.7,0.0,15.7,1,-406.143,-4.551,-539.757
2901.7,34.97,56.9,0.0,14.1,1,-407.443,-4.561,-539.250
2908.4,35.15,45.4,0.0,11.8,1,-409.382,-4.579,-538.435
2908.4,35.29,48.8,0.0,10.3,1,-411.303,-4.601,-537.555
2908.4,35.40,49.6,0.0,9.7,1,-412.572,-4.618,-536.932
2908.4,35.58,59.0,0.0,9.6,1,-414.458,-4.646,-535.946
2915.1,35.66,0.0,0.0,12.8,0,-415.703,-4.665,-535.252
2915.1,35.51,4.7,0.0,17.5,2,-417.539,-4.696,-534.162
2915.1,35.42,10.1,0.0,20.0,2,-418.738,-4.716,-533.404
2915.1,35.37,52.5,0.0,23.8,2,-420.500,-4.746,-532.221
2921.8,35.44,26.1,0.0,25.8,2,-421.655,-4.766,-531.401
2921.8,35.56,78.9,0.0,27.2,2,-423.359,-4.795,-530.129
2921.8,35.88,91.9,0.0,29.0,2,-424.484,-4.813,-529.250
2921.8,36.36,91.9,0.0,28.6,2,-426.161,-4.839,-527.878
2928.8,36.68,91.9,0.0,25.6,2,-427.269,-4.854,-526.928
2928.8,37.15,91.9,0.0,23.5,2,-428.917,-4.877,-525.449
2928.8,37.40,90.5,0.0,20.8,2,-430.003,-4.891,-524.428
2928.8,37.77,76.2,0.0,12.9,2,-431.609,-4.914,-522.845
2936.1,37.97,67.7,0.0,7.2,2,-432.660,-4.927,-521.755
2936.1,38.27,71.3,0.0,-1.5,2,-434.209,-4.945,-520.072
2936.1,38.57,68.7,0.0,-8.3,2,-435.725,-4.962,-518.336
2936.1,38.76,79.4,0.0,-10.4,2,-436.720,-4.973,-517.151
2943.7,39.11,71.3,0.0,-9.8,2,-438.192,-4.991,-515.337
2943.7,39.35,90.8,0.0,-6.9,2,-439.160,-5.002,-514.102
2943.7,39.85,92.0,0.0,-0.6,2,-440.598,-5.019,-512.212
2943.7,40.17,92.0,0.0,3.8,2,-441.551,-5.031,-510.927
2951.4,40.64,92.0,0.0,8.2,2,-442.973,-5.050,-508.966
2951.4,40.95,92.1,0.0,9.6,2,-443.915,-5.062,-507.636
2951.4,41.37,92.2,0.0,9.5,2,-445.315,-5.075,-505.604
2951.4,41.61,92.1,0.0,8.5,0,-446.237,-5.082,-504.225
2959.3,41.63,91.9,0.0,5.8,3,-447.593,-5.092,-502.126
2959.3,41.88,91.9,0.0,4.2,3,-448.477,-5.099,-500.708
2959.3,42.28,91.9,0.0,4.1,3,-449.778,-5.106,-498.544
2959.3,42.57,91.9,0.0,4.9,3,-450.629,-5.110,-497.075
2967.6,42.96,91.9,0.0,6.0,3,-451.877,-5.115,-494.835
2967.6,43.19,91.9,0.0,7.2,3,-452.687,-5.115,-493.315
2967.6,43.56,91.9,0.0,7.2,3,-453.874,-5.118,-491.001
2967.6,43.93,88.6,0.0,5.1,3,-455.030,-5.126,-488.645
2975.9,44.23,91.6,0.0,3.7,3,-455.780,-5.134,-487.050
2975.9,44.59,92.0,0.0,5.4,3,-456.870,-5.143,-484.618
2975.9,44.87,92.0,0.0,7.1,3,-457.572,-5.150,-482.973
2975.9,45.26,92.0,0.0,10.1,3,-458.592,-5.164,-480.470
2984.5,45.53,92.0,0.0,11.0,3,-459.249,-5.176,-478.778
2984.5,45.91,92.0,0.0,11.6,3,-460.201,-5.196,-476.206
2984.5,46.16,92.0,0.0,11.5,3,-460.811,-5.211,-474.469
2984.5,46.53,92.0,0.0,10.5,3,-461.689,-5.238,-471.831
2993.5,46.79,92.0,0.0,9.9,3,-462.248,-5.258,-470.051
2993.5,47.15,92.0,0.0,9.6,3,-463.042,-5.289,-467.348
2993.5,47.39,92.0,0.0,9.5,3,-463.542,-5.312,-465.525
2993.5,47.76,92.0,0.0,9.9,3,-464.248,-5.349,-462.760
3002.7,48.00,92.1,0.0,10.6,3,-464.688,-5.375,-460.897
3002.7,48.35,92.1,0.0,11.2,3,-465.300,-5.415,-458.073
3002.7,48.58,92.1,0.0,11.7,3,-465.676,-5.443,-456.172
3002.7,48.92,92.1,0.0,12.3,3,-466.189,-5.486,-453.293
3012.2,49.26,92.1,0.0,12.6,3,-466.638,-5.528,-450.383
3012.2,49.48,92.1,0.0,12.9,3,-466.900,-5.555,-448.427
3012.2,49.81,92.1,0.0,13.7,3,-467.238,-5.595,-445.468
3012.2,50.02,92.1,0.0,14.6,3,-467.425,-5.622,-443.481
3021.9,50.33,92.2,0.0,15.9,3,-467.650,-5.662,-440.480
3021.9,50.54,92.2,0.0,16.4,3,-467.761,-5.688,-438.466
3021.9,50.83,92.2,0.0,17.3,3,-467.869,-5.727,-435.428
3021.9,51.03,92.2,0.0,17.7,3,-467.901,-5.753,-433.391
3031.9,51.30,92.1,0.0,18.1,0,-467.887,-5.792,-430.322
3031.9,51.24,0.0,0.0,17.9,0,-467.836,-5.817,-428.272
3031.9,51.38,91.2,0.0,16.8,4,-467.691,-5.852,-425.199
3031.9,51.55,92.0,0.0,15.5,4,-467.550,-5.875,-423.146
3042.3,51.81,92.0,0.0,13.2,4,-467.271,-5.907,-420.059
3042.3,51.98,92.0,0.0,12.2,4,-467.039,-5.926,-417.996
3042.3,52.24,92.0,0.0,10.9,4,-466.621,-5.951,-414.899
3042.3,52.42,92.0,0.0,10.6,4,-466.297,-5.967,-412.831
3053.2,52.70,92.0,0.0,10.8,4,-465.746,-5.989,-409.727
3053.2,52.98,85.5,0.0,12.3,4,-465.121,-6.012,-406.619
3053.2,53.16,79.1,0.0,13.5,4,-464.666,-6.030,-404.547
3064.7,53.42,69.3,0.0,14.6,4,-463.927,-6.061,-401.436
3064.7,53.59,57.4,0.0,14.8,4,-463.396,-6.083,-399.364
3064.7,53.72,37.8,0.0,14.5,4,-462.540,-6.115,-396.260
3064.7,53.82,47.2,0.0,13.9,4,-461.928,-6.133,-394.199
3075.7,54.07,59.8,0.0,11.9,4,-460.947,-6.156,-391.115
3075.7,54.25,59.9,0.0,10.8,4,-460.252,-6.170,-389.064
3075.7,54.53,60.0,0.0,9.4,4,-459.149,-6.190,-385.993
3075.7,54.72,60.0,0.0,8.9,4,-458.376,-6.204,-383.950
3086.5,54.99,60.1,0.0,10.8,4,-457.160,-6.224,-380.893
3086.5,55.18,60.1,0.0,11.0,4,-456.311,-6.236,-378.860
3086.5,55.45,60.2,0.0,11.0,4,-454.980,-6.250,-375.820
3086.5,55.63,60.3,0.0,10.7,4,-454.055,-6.256,-373.800
3097.4,55.91,60.4,0.0,8.7,4,-452.613,-6.265,-370.781
3097.4,56.10,60.4,0.0,7.3,4,-451.616,-6.272,-368.776
3097.4,56.38,60.4,0.0,5.9,4,-450.070,-6.285,-365.777
3097.4,56.66,60.5,0.0,5.6,4,-448.464,-6.298,-362.791
3108.5,56.85,60.6,0.0,5.6,4,-447.362,-6.306,-360.807
3108.5,57.13,60.7,0.0,5.7,4,-445.666,-6.318,-357.839
3108.5,57.32,60.7,0.0,5.4,4,-444.507,-6.325,-355.865
3108.5,57.60,60.8,0.0,5.0,4,-442.727,-6.335,-352.914
3119.8,57.78,60.9,0.0,4.9,4,-441.513,-6.340,-350.952
3119.8,58.06,61.0,0.0,5.3,4,-439.652,-6.346,-348.018
3119.8,58.25,61.0,0.0,5.2,4,-438.385,-6.350,-346.067
3119.8,58.53,61.0,0.0,4.7,4,-436.447,-6.360,-343.149
3131.3,58.70,61.1,0.0,4.5,4,-435.128,-6.363,-341.211
3131.3,58.95,61.1,0.0,3.4,4,-433.111,-6.367,-338.314
3131.3,59.12,61.1,0.0,3.1,4,-431.740,-6.365,-336.391
3131.3,59.41,61.1,0.0,1.8,4,-429.649,-6.361,-333.516
3143.2,59.60,61.1,0.0,1.4,4,-428.234,-6.360,-331.602
3143.2,59.83,61.1,0.0,1.6,4,-426.083,-6.351,-328.738
3143.2,60.01,61.1,0.0,2.0,4,-424.633,-6.343,-326.830
3143.2,60.27,61.1,0.0,1.5,4,-422.438,-6.334,-323.966
3155.2,60.55,61.1,0.0,0.8,4,-420.219,-6.321,-321.101
3155.2,60.69,60.8,0.0,0.5,4,-418.730,-6.312,-319.189
3155.2,60.92,60.4,0.0,0.8,4,-416.482,-6.298,-316.316
3155.2,61.07,60.1,0.0,0.6,0,-414.977,-6.291,-314.396
3167.4,61.03,90.2,0.0,-0.4,5,-412.714,-6.281,-311.515
3167.4,61.19,83.6,0.0,-1.4,5,-411.205,-6.275,-309.592
3167.4,61.45,73.8,0.0,-1.8,5,-408.937,-6.261,-306.695
3167.4,61.61,67.4,0.0,-1.8,5,-407.425,-6.250,-304.754
3179.7,61.85,59.5,0.0,-0.9,5,-405.157,-6.236,-301.826
3179.7,62.01,59.7,0.0,-0.3,5,-403.648,-6.226,-299.862
3179.7,62.24,59.7,0.0,0.0,5,-401.388,-6.209,-296.899
3179.7,62.40,59.8,0.0,0.4,5,-399.880,-6.197,-294.914
3192.1,62.63,59.9,0.0,0.1,5,-397.616,-6.179,-291.924
3192.1,62.79,60.0,0.0,-0.5,5,-396.103,-6.166,-289.924
3192.1,63.02,60.1,0.0,-0.4,5,-393.829,-6.146,-286.912
3192.1,63.18,60.1,0.0,-0.3,5,-392.310,-6.132,-284.897
3204.7,63.41,60.2,0.0,-0.3,5,-390.028,-6.110,-281.862
3204.7,63.64,60.2,0.0,0.1,5,-387.740,-6.089,-278.814
3204.7,63.79,60.3,0.0,-0.3,5,-386.213,-6.074,-276.775
3204.7,64.01,60.3,0.0,-0.4,5,-383.916,-6.051,-273.706
3217.4,64.16,60.4,0.0,-0.5,5,-382.382,-6.034,-271.652
3217.4,64.38,60.4,0.0,-0.3,5,-380.078,-6.008,-268.561
3217.4,64.53,60.4,0.0,-0.2,5,-378.540,-5.989,-266.493
3217.4,64.74,60.5,0.0,-0.2,5,-376.229,-5.962,-263.379
3230.3,64.89,60.5,0.0,-0.2,5,-374.686,-5.944,-261.296
3230.3,65.11,60.6,0.0,-0.1,5,-372.367,-5.918,-258.161
3230.3,65.25,60.6,0.0,-0.0,5,-370.819,-5.898,-256.064
3230.3,65.46,60.7,0.0,0.1,5,-368.492,-5.865,-252.909
3243.4,65.60,60.7,0.0,0.2,5,-366.937,-5.841,-250.799
3243.4,65.81,60.8,0.0,0.4,5,-364.598,-5.804,-247.626
3243.4,65.95,60.8,0.0,0.3,5,-363.034,-5.779,-245.506
3243.4,66.15,60.9,0.0,0.3,5,-360.679,-5.739,-242.319
3256.6,66.29,60.9,0.0,0.3,5,-359.104,-5.711,-240.190
3256.6,66.49,61.0,0.0,0.3,5,-356.732,-5.665,-236.991
3256.6,66.69,61.0,0.0,0.2,5,-354.350,-5.618,-233.784
3256.6,66.83,61.1,0.0,0.1,5,-352.755,-5.587,-231.643
3269.9,67.03,61.1,0.0,0.1,5,-350.353,-5.543,-228.425
3269.9,67.17,61.1,0.0,-0.0,5,-348.747,-5.516,-226.275
3269.9,67.36,61.2,0.0,-0.0,5,-346.329,-5.480,-223.045
3269.9,67.49,61.2,0.0,0.0,5,-344.712,-5.454,-220.886
3283.3,67.68,61.2,0.0,-0.1,5,-342.280,-5.412,-217.642
3283.3,67.81,61.2,0.0,-0.1,5,-340.655,-5.384,-215.475
3283.3,68.00,61.2,0.0,-0.1,5,-338.210,-5.339,-212.216
3283.3,68.12,61.3,0.0,-0.1,5,-336.577,-5.308,-210.039
3296.9,68.31,61.3,0.0,-0.0,5,-334.121,-5.261,-206.765
3296.9,68.44,61.3,0.0,0.1,5,-332.480,-5.229,-204.577
3296.9,68.62,61.3,0.0,0.0,5,-330.014,-5.182,-201.288
3296.9,68.74,61.3,0.0,-0.1,5,-328.367,-5.149,-199.090
3310.6,68.92,61.3,0.0,-0.1,5,-325.890,-5.097,-195.786
3310.6,69.04,61.3,0.0,-0.1,5,-324.236,-5.061,-193.578
3310.6,69.22,61.2,0.0,-0.1,5,-321.750,-5.005,-190.258
3310.6,69.33,61.2,0.0,-0.1,5,-320.091,-4.967,-188.040
3324.4,69.51,61.2,0.0,-0.1,5,-317.596,-4.912,-184.705
3324.4,69.68,61.2,0.0,-0.1,5,-315.098,-4.856,-181.360
3324.4,69.79,61.1,0.0,-0.1,5,-313.430,-4.819,-179.125
3338.3,69.96,61.1,0.0,-0.2,5,-310.923,-4.763,-175.765
3338.3,70.07,61.0,0.0,-0.2,5,-309.250,-4.726,-173.519
3338.3,70.23,60.9,0.0,-0.2,5,-306.737,-4.671,-170.143
3338.3,70.34,60.7,0.0,-0.2,5,-305.060,-4.633,-167.887
3352.4,70.50,60.6,0.0,-0.2,5,-302.541,-4.575,-164.496
3352.4,70.59,60.5,0.0,0.1,5,-300.859,-4.536,-162.231
3352.4,70.75,60.5,0.0,0.2,5,-298.334,-4.477,-158.825
3352.4,70.85,60.4,0.0,0.0,5,-296.648,-4.437,-156.550
3366.5,70.82,0.0,0.0,-0.2,0,-294.117,-4.377,-153.134
3366.5,70.86,87.1,0.0,-0.2,6,-292.432,-4.337,-150.858
3366.5,71.00,77.4,0.0,-0.2,6,-289.900,-4.276,-147.438
3366.5,71.11,70.9,0.0,0.2,6,-288.211,-4.236,-145.152
3380.7,71.26,61.2,0.0,0.1,6,-285.674,-4.176,-141.718
3380.7,71.36,59.9,0.0,-0.2,6,-283.979,-4.134,-139.424
3380.7,71.51,59.9,0.0,0.2,6,-281.434,-4.074,-135.976
3380.7,71.66,60.0,0.0,-0.1,6,-278.882,-4.015,-132.522
3395.1,71.76,60.1,0.0,-0.2,6,-277.178,-3.975,-130.216
3395.1,71.90,60.1,0.0,0.4,6,-274.617,-3.913,-126.750
3395.1,72.00,60.1,0.0,0.7,6,-272.907,-3.872,-124.436
3395.1,72.15,60.2,0.0,0.7,6,-270.336,-3.811,-120.960
3409.5,72.24,60.2,0.0,0.5,6,-268.616,-3.770,-118.641
3409.5,72.39,60.3,0.0,-0.0,6,-266.028,-3.708,-115.159
3409.5,72.48,60.3,0.0,0.2,6,-264.297,-3.666,-112.837
3409.5,72.63,60.3,0.0,-0.5,6,-261.691,-3.604,-109.350
3424.0,72.72,60.3,0.0,-1.0,6,-259.951,-3.561,-107.023
3424.0,72.86,60.3,0.0,-1.1,6,-257.338,-3.495,-103.524
3424.0,72.95,60.4,0.0,-0.8,6,-255.597,-3.450,-101.185
3424.0,73.09,60.4,0.0,-0.4,6,-252.991,-3.382,-97.665
3438.6,73.18,60.4,0.0,-0.5,6,-251.256,-3.336,-95.310
3438.6,73.32,60.5,0.0,-0.6,6,-248.658,-3.270,-91.766
3438.6,73.41,60.5,0.0,-0.5,6,-246.928,-3.226,-89.396
3438.6,73.55,60.5,0.0,-0.3,6,-244.336,-3.161,-85.831
3453.3,73.68,60.5,0.0,0.3,6,-241.746,-3.097,-82.253
3453.3,73.77,60.5,0.0,0.8,6,-240.020,-3.055,-79.863
3453.3,73.90,60.6,0.0,1.2,6,-237.428,-2.992,-76.271
3453.3,73.99,60.6,0.0,0.7,6,-235.694,-2.949,-73.875
3468.0,74.12,60.6,0.0,0.9,6,-233.084,-2.885,-70.281
3468.0,74.20,60.6,0.0,1.6,6,-231.335,-2.842,-67.885
3468.0,74.33,60.7,0.0,2.7,6,-228.696,-2.776,-64.296
3468.0,74.41,60.7,0.0,3.2,6,-226.924,-2.730,-61.907
3482.9,74.17,6.8,42.8,3.5,6,-224.244,-2.660,-58.340
3482.9,73.62,0.0,68.8,3.2,6,-222.450,-2.613,-55.988
3482.9,72.49,0.0,67.7,2.8,6,-219.762,-2.542,-52.524
3482.9,71.78,0.0,56.2,2.7,6,-217.972,-2.495,-50.260
3497.5,70.88,0.0,42.1,3.0,6,-215.282,-2.427,-46.930
3497.5,70.38,0.0,33.5,4.5,6,-213.482,-2.382,-44.752
3497.5,69.76,0.0,20.2,3.6,6,-210.760,-2.314,-41.548
3497.5,69.45,0.0,10.9,3.0,6,-208.929,-2.271,-39.450
3511.4,69.11,0.0,1.5,4.8,6,-206.155,-2.205,-36.355
3511.4,68.89,9.8,0.0,5.5,6,-203.340,-2.138,-33.321
3511.4,68.77,14.2,0.0,5.3,6,-201.440,-2.093,-31.328
3511.4,68.60,10.8,0.0,6.1,6,-198.555,-2.027,-28.386
3525.0,68.43,7.0,24.5,6.2,6,-196.608,-1.984,-26.455
3525.0,67.70,0.0,67.5,6.4,6,-193.662,-1.918,-23.620
3525.0,66.97,0.0,23.5,6.2,6,-191.695,-1.873,-21.779
3525.0,66.66,72.1,0.0,5.5,6,-188.728,-1.804,-19.091
3538.3,66.74,78.5,0.0,6.3,6,-186.722,-1.759,-17.333
3538.3,66.85,68.3,0.0,9.6,6,-183.666,-1.699,-14.741
3538.3,66.93,55.0,0.0,12.3,6,-181.599,-1.665,-13.042
3538.3,66.96,48.5,0.0,15.6,6,-178.457,-1.621,-10.541
3551.6,67.00,53.8,0.0,16.5,6,-176.335,-1.598,-8.906
3551.6,67.09,58.0,0.0,16.9,6,-173.107,-1.569,-6.506
3551.6,67.14,58.1,0.0,16.6,6,-170.923,-1.552,-4.944
3551.6,67.19,58.2,0.0,16.1,6,-167.598,-1.527,-2.667
3565.3,67.19,51.8,0.0,16.5,6,-165.350,-1.510,-1.195
3565.3,67.13,23.6,0.0,17.8,6,-161.932,-1.480,0.940
3565.3,67.04,47.6,0.0,18.9,6,-158.463,-1.442,2.980
3565.3,67.06,57.8,0.0,19.8,6,-156.124,-1.415,4.291
3579.5,67.10,55.5,0.0,21.8,6,-152.576,-1.377,6.193
3579.5,67.11,49.4,0.0,22.6,6,-150.189,-1.358,7.421
3579.5,67.05,24.3,0.0,24.9,6,-146.573,-1.331,9.190
3579.5,66.93,25.9,0.0,26.3,6,-144.141,-1.310,10.316
3593.5,66.78,28.1,0.0,27.4,6,-140.466,-1.276,11.923
3593.5,66.67,25.3,0.0,28.1,6,-137.998,-1.251,12.941
3593.5,66.50,22.8,0.0,28.9,6,-134.274,-1.214,14.388
3593.5,66.37,21.6,0.0,29.3,6,-131.778,-1.189,15.299
3607.6,66.17,20.1,0.0,30.1,6,-128.015,-1.152,16.585
3607.6,66.04,18.5,0.0,30.7,6,-125.496,-1.128,17.389
3607.6,65.81,17.0,0.0,31.2,6,-121.703,-1.095,18.513
3607.6,65.65,16.5,0.0,31.3,6,-119.167,-1.072,19.205
3621.1,65.41,15.0,0.0,32.1,6,-115.353,-1.037,20.161
3621.1,65.24,8.5,0.0,32.5,6,-112.805,-1.016,20.744
3621.1,64.94,8.5,0.0,32.9,6,-108.980,-0.982,21.533
3634.0,64.65,8.5,0.0,33.0,6,-105.153,-0.945,22.217
3634.0,64.47,8.5,0.0,33.2,6,-102.601,-0.920,22.619
3634.0,64.18,8.5,0.0,32.9,6,-98.776,-0.884,23.139
3634.0,63.99,8.4,0.0,32.2,6,-96.229,-0.857,23.429
3646.6,63.71,8.4,0.0,30.6,6,-92.414,-0.815,23.779
3646.6,63.53,8.4,0.0,29.3,6,-89.875,-0.786,23.957
3646.6,63.27,8.4,0.0,26.5,6,-86.075,-0.743,24.142
3646.6,63.13,20.5,0.0,24.6,6,-83.548,-0.714,24.212
3659.0,62.98,29.1,0.0,21.2,6,-79.765,-0.669,24.234
3659.0,62.91,34.2,0.0,18.9,6,-77.248,-0.639,24.194
3659.0,62.87,40.4,0.0,16.1,6,-73.478,-0.591,24.053
3659.0,62.88,48.2,0.0,13.8,6,-70.968,-0.558,23.905
3671.5,62.94,50.4,0.0,12.0,6,-67.205,-0.511,23.608
3671.5,63.03,51.2,0.0,10.0,6,-63.446,-0.466,23.225
3671.5,63.11,55.2,0.0,8.3,6,-60.942,-0.436,22.923
3671.5,63.25,55.3,0.0,6.1,6,-57.188,-0.384,22.400
3684.0,63.35,55.5,0.0,4.6,6,-54.687,-0.346,22.008
3684.0,63.49,56.0,0.0,2.4,6,-50.937,-0.292,21.370
3684.0,63.62,55.6,0.0,0.6,6,-48.436,-0.260,20.913
3684.0,63.80,55.7,0.0,-1.6,6,-44.683,-0.218,20.191
3696.6,63.91,55.8,0.0,-2.1,6,-42.179,-0.191,19.690
3696.6,64.10,56.0,0.0,-1.3,6,-38.415,-0.149,18.929
3696.6,64.21,55.3,0.0,-1.5,6,-35.900,-0.122,18.424
3696.6,64.39,56.3,0.0,-2.1,6,-32.115,-0.083,17.677
3709.5,64.52,56.3,0.0,-2.7,6,-29.584,-0.059,17.190
3709.5,64.70,56.4,0.0,-3.8,6,-25.774,-0.027,16.476
3709.5,64.81,56.5,0.0,-4.3,6,-23.226,-0.008,16.016
3709.5,64.98,56.7,0.0,-5.1,6,-19.389,0.015,15.355
3722.5,65.09,56.8,0.0,-5.1,6,-16.821,0.029,14.938
3722.5,65.25,56.9,0.0,-6.0,6,-12.956,0.053,14.356
3722.5,65.40,57.0,0.0,-7.6,6,-9.072,0.079,13.830
3722.5,65.50,57.2,0.0,-8.3,6,-6.474,0.096,13.514
3735.7,65.63,57.3,0.0,-8.3,6,-2.562,0.122,13.098
3735.7,65.73,57.3,0.0,-8.0,6,0.055,0.141,12.863
3735.7,65.85,57.4,0.0,-8.1,6,3.992,0.174,12.579
3735.7,65.94,57.4,0.0,-8.2,6,6.623,0.198,12.436
3749.0,66.06,57.5,0.0,-8.7,6,10.580,0.239,12.291
3749.0,66.15,57.6,0.0,-8.7,6,13.223,0.268,12.240
3749.0,66.27,57.5,0.0,-9.0,6,17.195,0.314,12.233
3749.0,66.35,57.7,0.0,-8.9,6,19.847,0.348,12.275
3762.6,66.48,57.8,0.0,-8.3,6,23.829,0.402,12.410
3762.6,66.56,57.9,0.0,-7.7,6,26.486,0.443,12.548
3762.6,66.68,57.9,0.0,-6.8,6,30.472,0.508,12.829
3762.6,66.75,57.9,0.0,-7.1,6,33.130,0.550,13.060
3776.5,66.84,57.8,0.0,-9.6,6,37.117,0.603,13.462
3832.1,68.38,58.7,0.0,-8.3,6,96.672,1.472,30.275
3845.9,68.49,58.8,0.0,-7.8,6,100.368,1.535,32.062
3845.9,68.57,58.8,0.0,-7.5,6,102.814,1.578,33.297
3845.9,68.69,58.9,0.0,-7.4,6,106.458,1.642,35.214
3845.9,68.77,58.8,0.0,-7.2,6,108.869,1.685,36.533
3859.6,68.89,58.9,0.0,-7.2,6,112.460,1.749,38.572
3859.6,68.97,59.0,0.0,-7.0,6,114.835,1.792,39.972
3859.6,69.09,59.0,0.0,-6.8,6,118.369,1.857,42.130
3859.6,69.21,59.1,0.0,-7.0,6,121.869,1.919,44.356
3873.4,69.29,59.1,0.0,-7.2,6,124.183,1.960,45.878
3873.4,69.42,59.1,0.0,-7.2,6,127.625,2.018,48.216
3873.4,69.50,59.1,0.0,-7.2,6,129.899,2.055,49.811
3873.4,69.62,59.2,0.0,-7.3,6,133.278,2.110,52.259
3887.2,69.70,59.2,0.0,-7.2,6,135.509,2.144,53.928
3887.2,69.81,59.3,0.0,-7.2,6,138.821,2.193,56.484
3887.2,69.89,59.4,0.0,-7.1,6,141.007,2.223,58.225
3887.2,70.00,59.4,0.0,-7.2,6,144.250,2.262,60.888
3901.1,70.09,59.4,0.0,-6.8,6,146.390,2.284,62.697
3901.1,70.21,59.5,0.0,-5.5,6,149.564,2.310,65.460
3901.1,70.30,59.5,0.0,-4.5,6,151.656,2.324,67.337
3901.1,70.43,59.5,0.0,-3.1,6,154.759,2.344,70.199
3915.2,70.52,59.6,0.0,-2.5,6,156.806,2.355,72.137
3915.2,70.32,5.5,35.3,-1.6,6,159.845,2.370,75.079
3915.2,69.52,0.0,72.0,-0.6,6,162.830,2.385,78.032
3915.2,68.77,0.0,78.8,0.2,6,164.784,2.395,79.992
3929.1,67.56,0.0,83.8,0.8,6,167.660,2.413,82.904
3929.1,66.72,0.0,84.8,0.8,6,169.541,2.426,84.823
3929.1,65.45,0.0,86.4,0.4,6,172.313,2.446,87.661
3929.1,64.59,0.0,86.1,0.3,6,174.129,2.460,89.525
3942.2,63.32,0.0,86.7,0.2,6,176.809,2.481,92.275
3942.2,62.47,0.0,86.9,0.1,6,178.567,2.494,94.077
3942.2,61.21,27.1,87.3,0.2,0,181.162,2.513,96.732
3942.2,60.36,0.0,87.3,0.3,5,182.864,2.526,98.471
3954.5,59.09,0.0,86.5,0.4,5,185.377,2.545,101.030
3954.5,58.25,0.0,86.3,0.5,5,187.024,2.557,102.704
3954.5,57.00,0.0,86.4,0.6,5,189.456,2.573,105.166
3954.5,56.16,0.0,85.9,0.5,5,191.050,2.582,106.774
3965.9,54.92,0.0,85.8,0.4,5,193.403,2.595,109.138
3965.9,54.10,0.0,86.0,0.3,5,194.946,2.605,110.680
3965.9,52.86,30.9,87.3,0.5,0,197.224,2.620,112.944
3965.9,51.62,0.0,86.5,0.7,4,199.457,2.637,115.147
3976.6,50.79,0.0,86.0,1.0,4,200.921,2.650,116.582
3976.6,49.56,0.0,85.6,1.3,4,203.081,2.672,118.682
3976.6,48.74,0.0,85.8,1.7,4,204.498,2.688,120.047
3976.6,47.53,0.0,85.9,2.0,4,206.590,2.713,122.042
3986.3,46.72,0.0,86.1,2.2,4,207.963,2.730,123.336
3986.3,45.51,0.0,86.3,2.8,0,209.990,2.755,125.222
3986.3,44.71,25.3,86.9,3.0,0,211.320,2.771,126.443
3986.3,43.50,0.0,86.5,3.0,3,213.287,2.793,128.218
3995.3,42.71,0.0,85.9,2.7,3,214.578,2.806,129.363
3995.3,41.52,0.0,83.9,1.5,3,216.485,2.824,131.024
3995.3,40.77,0.0,77.6,0.6,3,217.738,2.835,132.093
3995.3,39.70,0.0,61.8,-1.0,3,219.593,2.848,133.640
4003.6,39.09,0.0,54.6,-2.2,3,220.818,2.855,134.633
4003.6,38.27,0.0,46.9,-2.4,3,222.645,2.863,136.066
4003.6,37.79,0.0,43.2,-1.3,3,223.859,2.867,136.984
4003.6,37.12,0.0,40.4,2.0,3,225.678,2.870,138.306
4011.2,36.49,0.0,37.8,6.6,3,227.494,2.872,139.565
4011.2,36.10,0.0,37.1,8.9,3,228.702,2.871,140.371
4011.2,35.52,0.0,36.9,10.4,0,230.510,2.869,141.534
4011.2,35.16,35.9,37.4,10.8,0,231.712,2.867,142.279
4018.3,34.59,0.0,37.6,10.7,2,233.512,2.862,143.349
4018.3,34.19,0.0,35.8,10.5,2,234.707,2.858,144.031
4018.3,33.62,0.0,33.4,10.7,2,236.494,2.851,145.004
4018.3,33.26,0.0,31.7,11.2,2,237.683,2.845,145.620
4025.0,32.77,0.0,23.2,12.1,2,239.461,2.837,146.494
4025.0,32.49,0.0,18.1,13.0,2,240.645,2.830,147.044
4025.0,32.16,0.0,13.1,14.9,2,242.423,2.821,147.821
4025.0,31.97,0.0,10.6,16.3,2,243.610,2.814,148.307
4031.2,31.72,0.0,6.7,18.6,2,245.395,2.804,148.989
4031.2,31.57,0.0,4.8,19.5,2,246.588,2.797,149.412
4031.2,31.38,0.0,4.6,20.3,2,248.385,2.787,149.995
4031.2,31.25,0.0,4.7,21.2,2,249.586,2.780,150.351
4037.3,31.05,0.0,4.1,22.3,2,251.392,2.769,150.833
4037.3,30.82,0.0,9.0,18.5,2,253.201,2.757,151.252
4037.3,30.66,0.0,6.8,16.5,2,254.406,2.748,151.497
4043.2,30.46,0.0,2.4,14.8,2,256.212,2.735,151.813
4043.2,30.34,0.0,5.8,15.0,2,257.416,2.728,151.991
4043.2,30.15,0.0,1.4,16.2,2,259.217,2.717,152.210
4043.2,30.06,1.7,0.0,17.4,2,260.416,2.710,152.325
4050.2,29.94,1.0,0.2,23.0,2,262.212,2.701,152.451
4050.2,29.85,2.5,0.0,25.8,2,263.407,2.696,152.503
4050.2,29.76,13.0,0.0,29.2,2,265.195,2.689,152.528
4050.2,29.73,12.0,0.0,30.7,2,266.385,2.685,152.508
4056.9,29.62,11.1,0.0,32.8,2,268.163,2.682,152.422
4056.9,29.59,20.2,0.0,34.6,2,269.343,2.681,152.326
4056.9,29.53,14.7,0.0,38.7,2,271.106,2.680,152.126
4056.9,29.48,17.6,0.0,41.9,2,272.274,2.681,151.955
4065.1,29.38,11.0,0.0,47.1,2,274.012,2.683,151.644
4065.1,29.30,12.5,0.0,49.9,2,275.160,2.686,151.399
4065.1,29.17,9.0,0.0,54.3,2,276.862,2.695,150.974
4065.1,29.02,33.3,0.0,61.1,0,278.538,2.705,150.484
4072.1,28.91,3.4,0.0,65.4,1,279.639,2.714,150.123
4072.1,28.70,10.1,0.0,66.4,1,281.262,2.728,149.529
4072.1,28.57,9.9,0.0,66.6,1,282.323,2.741,149.097
4072.1,28.38,9.7,0.0,65.2,1,283.880,2.765,148.394
4079.9,28.27,9.7,0.0,64.2,1,284.894,2.783,147.890
4079.9,28.11,9.7,0.0,63.3,1,286.382,2.814,147.086
4079.9,28.00,9.6,0.0,62.8,1,287.350,2.835,146.519
4079.9,27.84,9.6,0.0,62.0,1,288.767,2.867,145.626
4086.0,27.74,9.6,0.0,61.0,1,289.688,2.889,145.003
4086.0,27.58,9.7,0.0,59.8,1,291.031,2.922,144.029
4086.0,27.48,10.0,0.0,59.9,1,291.901,2.945,143.353
4086.0,27.33,10.1,0.0,59.6,1,293.164,2.981,142.301
4091.5,27.23,10.1,0.0,58.9,1,293.979,3.005,141.576
4091.5,27.09,10.6,0.0,57.2,1,295.160,3.042,140.453
4091.5,27.00,11.5,0.0,55.4,1,295.918,3.067,139.682
4091.5,26.89,13.1,0.0,52.4,1,297.015,3.102,138.494
4096.7,26.80,15.7,0.0,49.4,1,298.060,3.134,137.269
4096.7,26.75,18.6,0.0,47.1,1,298.729,3.154,136.433
4096.7,26.73,26.4,0.0,42.3,1,299.690,3.182,135.149
4096.7,26.77,35.6,0.0,38.3,1,300.304,3.199,134.272
4101.8,26.98,66.0,0.0,30.9,1,301.185,3.222,132.924
4101.8,27.19,48.8,0.0,24.4,1,301.749,3.237,132.000
4101.8,27.47,59.8,0.0,14.0,1,302.562,3.257,130.577
4101.8,27.67,55.4,0.0,7.9,1,303.081,3.269,129.604
4107.0,28.05,63.5,0.0,2.0,1,303.828,3.286,128.111
4107.0,28.35,73.7,0.0,0.2,1,304.310,3.296,127.092
4107.0,28.89,80.4,0.0,1.1,1,305.011,3.311,125.526
4107.0,29.27,86.4,0.0,2.5,1,305.468,3.320,124.458
4112.7,29.89,91.8,0.0,5.1,1,306.137,3.333,122.816
4112.7,30.31,91.8,0.0,6.7,1,306.575,3.342,121.695
4112.7,30.94,91.9,0.0,8.6,1,307.215,3.355,119.974
4112.7,31.53,91.9,0.0,9.5,1,307.835,3.368,118.207
4118.7,31.92,89.4,0.0,9.5,1,308.235,3.376,117.003
4118.7,32.49,90.5,0.0,9.5,1,308.811,3.388,115.160
4118.7,32.84,79.1,0.0,9.2,1,309.178,3.395,113.907
4118.7,33.35,88.4,0.0,8.1,1,309.695,3.407,111.991
4125.3,33.68,82.2,0.0,7.1,1,310.017,3.414,110.690
4125.3,34.19,92.1,0.0,6.7,1,310.465,3.427,108.705
4125.3,34.54,88.5,0.0,6.8,1,310.739,3.436,107.359
4125.3,34.90,0.0,0.0,7.4,0,311.112,3.451,105.308
4132.1,34.89,91.7,0.0,8.2,2,311.329,3.462,103.929
4132.1,35.39,91.9,0.0,11.0,2,311.610,3.480,101.842
4132.1,35.70,79.1,0.0,12.3,2,311.770,3.494,100.429
4132.1,35.98,41.0,0.0,11.6,2,311.969,3.517,98.287
4139.2,36.02,22.5,5.1,10.7,2,312.072,3.532,96.851
4139.2,35.76,0.0,33.9,8.3,2,312.183,3.557,94.697
4139.2,35.37,0.0,45.0,6.2,2,312.232,3.575,93.274
4139.2,34.64,0.0,60.2,3.5,2,312.274,3.605,91.172
4146.1,33.74,0.0,70.1,1.4,2,312.287,3.638,89.119
4146.1,33.08,0.0,74.5,-0.5,2,312.283,3.661,87.781
4146.1,32.04,0.0,77.0,-3.7,2,312.268,3.696,85.825
4146.1,31.34,0.0,78.1,-5.6,2,312.256,3.720,84.557
4152.4,30.28,20.0,78.6,-8.1,0,312.241,3.755,82.707
4152.4,29.59,0.0,74.2,-9.1,1,312.237,3.777,81.508
4152.4,28.58,0.0,53.1,-9.6,1,312.246,3.810,79.762
4152.4,28.05,0.0,41.5,-9.9,1,312.265,3.831,78.629
4158.0,27.44,0.0,30.5,-11.5,1,312.320,3.860,76.965
4158.0,27.12,0.0,24.6,-13.3,1,312.376,3.878,75.875
4158.0,26.71,0.0,19.5,-15.8,1,312.491,3.903,74.264
4158.0,26.47,0.0,17.3,-17.3,1,312.589,3.918,73.205
4163.2,26.13,0.0,14.5,-18.9,1,312.770,3.940,71.637
4163.2,25.93,0.0,12.9,-19.6,1,312.913,3.953,70.606
4163.2,25.64,0.0,12.1,-20.6,1,313.165,3.971,69.079
4163.2,25.46,0.0,12.1,-21.1,1,313.357,3.983,68.075
4168.3,25.18,0.0,11.4,-20.9,1,313.681,3.999,66.590
4168.3,24.92,0.0,11.1,-21.3,1,314.050,4.013,65.133
4168.3,24.74,0.0,11.6,-22.1,1,314.319,4.022,64.177
4173.2,24.47,0.0,12.1,-23.6,1,314.758,4.033,62.767
4173.2,24.29,0.0,11.1,-24.1,1,315.074,4.040,61.844
4173.2,24.04,0.0,8.7,-24.3,1,315.584,4.048,60.486
4173.2,23.88,0.0,8.0,-25.1,1,315.948,4.052,59.599
4177.9,23.66,0.0,7.2,-26.8,1,316.528,4.057,58.296
4177.9,23.52,0.0,7.2,-27.8,1,316.939,4.059,57.447
4177.9,23.32,0.0,3.9,-28.3,1,317.591,4.061,56.202
4177.9,23.20,0.0,4.3,-28.5,1,318.049,4.062,55.392
4182.5,23.02,0.0,4.8,-29.0,1,318.771,4.060,54.208
4182.5,22.90,0.0,5.6,-29.3,1,319.275,4.059,53.440
4182.5,22.71,0.0,4.7,-29.8,1,320.064,4.055,52.321
4182.5,22.59,0.0,4.0,-29.1,1,320.609,4.051,51.598
4186.7,22.41,0.0,5.8,-29.1,1,321.458,4.045,50.548
4186.7,22.21,0.0,7.9,-29.5,1,322.341,4.038,49.541
4186.7,22.07,0.0,9.0,-29.8,1,322.947,4.032,48.895
4186.7,21.84,0.0,5.9,-29.7,1,323.881,4.024,47.965
4190.6,21.72,0.0,5.6,-29.3,1,324.518,4.018,47.371
4190.6,21.54,0.0,6.1,-30.6,1,325.496,4.008,46.518
4190.6,21.41,0.0,6.4,-32.1,1,326.162,4.002,45.975
4190.6,21.21,0.0,7.6,-34.1,1,327.181,3.990,45.201
4194.7,21.08,0.0,1.7,-36.3,1,327.871,3.982,44.713
4194.7,21.03,24.3,0.0,-38.6,1,328.928,3.969,44.023
4194.7,21.10,39.4,0.0,-39.6,1,329.650,3.961,43.589
4194.7,21.30,52.4,0.0,-41.4,1,330.762,3.947,42.974
4198.7,21.47,58.4,0.0,-42.9,1,331.525,3.937,42.586
4220.0,23.45,10.7,0.0,-63.6,1,353.758,3.739,40.596
4278.4,36.44,91.9,0.0,-0.2,2,391.156,3.910,80.804
4278.4,36.82,80.2,0.0,-2.5,2,391.895,3.910,82.873
4285.6,37.05,25.9,0.0,-2.6,2,392.383,3.906,84.268
4285.6,37.42,88.1,0.0,-2.4,2,393.100,3.892,86.383
4285.6,37.77,91.9,0.0,-2.1,2,393.567,3.884,87.810
4285.6,38.19,92.0,0.0,-2.5,2,394.253,3.878,89.983
4293.0,38.63,58.8,0.0,-2.7,2,394.923,3.875,92.186
4293.0,38.87,81.0,0.0,-2.1,2,395.362,3.871,93.672
4293.0,39.42,92.0,0.0,-2.4,2,396.007,3.866,95.930
4293.0,39.77,92.0,0.0,-2.5,2,396.428,3.864,97.457
4300.7,40.29,92.0,0.0,-2.0,2,397.048,3.861,99.777
4300.7,40.80,92.0,0.0,-2.3,2,397.656,3.858,102.130
4300.7,41.13,92.1,0.0,-1.8,2,398.055,3.856,103.719
4300.7,41.62,92.2,0.0,-1.6,2,398.643,3.855,106.130
4308.8,41.94,92.1,0.0,-2.1,2,399.028,3.855,107.756
4308.8,42.39,92.0,0.0,-2.0,2,399.597,3.850,110.220
4308.8,42.55,0.0,0.0,-2.2,0,399.968,3.845,111.878
4308.8,42.70,91.9,0.0,-3.1,3,400.511,3.839,114.374
4317.1,42.98,91.9,0.0,-3.5,3,400.864,3.836,116.050
4317.1,43.42,91.9,0.0,-4.0,3,401.383,3.833,118.589
4317.1,43.70,91.9,0.0,-4.3,3,401.720,3.831,120.298
4317.1,44.12,91.9,0.0,-4.5,3,402.209,3.829,122.885
4325.6,44.53,91.9,0.0,-4.8,3,402.675,3.827,125.503
4325.6,44.81,91.9,0.0,-4.8,3,402.972,3.825,127.264
4325.6,45.22,92.0,0.0,-4.6,3,403.396,3.821,129.931
4325.6,45.49,92.0,0.0,-4.6,3,403.662,3.817,131.725
4334.5,45.90,92.0,0.0,-4.9,3,404.036,3.812,134.440
4334.5,46.17,92.0,0.0,-4.9,3,404.268,3.808,136.267
4334.5,46.57,92.0,0.0,-4.9,3,404.589,3.803,139.030
4334.5,46.84,92.0,0.0,-5.1,3,404.784,3.800,140.887
4343.7,47.22,92.0,0.0,-6.1,3,405.048,3.794,143.696
4343.7,47.48,92.0,0.0,-6.7,3,405.204,3.790,145.583
4343.7,47.86,92.0,0.0,-6.8,3,405.403,3.783,148.435
4343.7,48.11,92.1,0.0,-6.9,3,405.511,3.779,150.351
4353.0,48.48,92.1,0.0,-7.4,3,405.635,3.774,153.246
4353.0,48.85,92.1,0.0,-7.7,3,405.709,3.767,156.164
4353.0,49.09,92.1,0.0,-7.8,3,405.731,3.763,158.122
4362.6,49.45,92.1,0.0,-7.8,3,405.717,3.756,161.078
4362.6,49.68,92.1,0.0,-8.0,3,405.677,3.752,163.059
4362.6,50.02,92.1,0.0,-8.6,3,405.568,3.744,166.048
4362.6,50.25,92.1,0.0,-8.7,3,405.463,3.739,168.050
4372.5,50.58,92.2,0.0,-9.0,3,405.254,3.731,171.067
4372.5,50.80,92.3,0.0,-9.2,3,405.079,3.726,173.087
4372.5,51.12,92.2,0.0,-9.7,3,404.764,3.718,176.127
4372.5,51.32,92.2,0.0,-9.6,3,404.519,3.712,178.161
4382.5,51.52,0.0,0.0,-10.3,0,404.093,3.704,181.218
4382.5,51.47,92.0,0.0,-10.4,4,403.773,3.698,183.252
4382.5,51.76,92.0,0.0,-10.1,4,403.235,3.690,186.302
4382.5,51.96,92.0,0.0,-10.0,4,402.838,3.684,188.337
4392.8,52.25,92.0,0.0,-9.8,4,402.182,3.675,191.393
4392.8,52.44,92.0,0.0,-9.9,4,401.704,3.670,193.431
4392.8,52.72,92.0,0.0,-10.7,4,400.927,3.663,196.488
4392.8,53.00,84.9,0.0,-10.5,4,400.077,3.656,199.543
4403.6,53.18,78.4,0.0,-10.3,4,399.468,3.652,201.577
4403.6,53.46,68.7,0.0,-11.1,4,398.491,3.650,204.622
4403.6,53.63,62.2,0.0,-11.7,4,397.799,3.649,206.649
4403.6,53.90,59.7,0.0,-13.0,4,396.701,3.646,209.682
4415.2,54.06,52.6,0.0,-13.3,4,395.930,3.645,211.698
4415.2,54.32,59.7,0.0,-13.3,4,394.710,3.648,214.711
4415.2,54.49,60.0,0.0,-12.8,4,393.856,3.651,216.712
4415.2,54.74,60.0,0.0,-12.0,4,392.515,3.658,219.701
4426.8,54.90,56.7,0.0,-11.7,4,391.581,3.662,221.685
4426.8,55.12,55.1,0.0,-11.7,4,390.121,3.670,224.645
4426.8,55.28,59.9,0.0,-11.7,4,389.108,3.676,226.607
4426.8,55.55,60.3,0.0,-11.8,4,387.532,3.685,229.533
4438.1,55.73,60.3,0.0,-11.7,4,386.445,3.689,231.475
4483.5,59.84,61.2,0.0,-4.3,4,351.771,3.767,274.474
4495.3,60.00,61.8,0.0,-4.7,4,350.034,3.768,276.126
4495.3,60.27,61.2,0.0,-4.2,4,347.396,3.771,278.586
4495.3,60.40,60.9,0.0,-4.4,4,345.615,3.776,280.214
4495.3,60.67,60.9,0.0,-2.7,4,342.911,3.783,282.639
4507.4,60.83,60.7,0.0,-2.1,4,341.086,3.788,284.244
4507.4,61.09,60.5,0.0,-1.3,4,338.321,3.795,286.637
4507.4,61.17,0.0,0.0,-0.7,0,336.461,3.796,288.225
4507.4,61.15,87.0,0.0,0.2,5,333.658,3.794,290.590
4519.6,61.43,77.1,0.0,0.2,5,330.837,3.789,292.948
4519.6,61.60,70.6,0.0,0.1,5,328.947,3.785,294.522
4519.6,61.83,60.9,0.0,0.0,5,326.100,3.782,296.889
4519.6,61.99,59.7,0.0,0.1,5,324.197,3.781,298.472
4531.9,62.23,59.8,0.0,0.4,5,321.334,3.781,300.858
4531.9,62.39,59.8,0.0,0.6,5,319.421,3.781,302.455
4531.9,62.63,59.9,0.0,0.7,5,316.545,3.781,304.861
4531.9,62.78,60.0,0.0,0.7,5,314.624,3.783,306.473
4544.4,63.01,60.1,0.0,0.6,5,311.737,3.790,308.903
4544.4,63.17,60.1,0.0,0.6,5,309.809,3.794,310.531
4544.4,63.40,60.2,0.0,0.6,5,306.913,3.800,312.987
4544.4,63.56,60.2,0.0,0.6,5,304.979,3.804,314.632
4557.0,63.79,60.3,0.0,0.6,5,302.075,3.811,317.114
4557.0,63.93,60.3,0.0,0.4,5,300.137,3.817,318.777
4557.0,64.16,60.4,0.0,-0.4,5,297.225,3.823,321.284
4557.0,64.39,60.4,0.0,-0.6,5,294.306,3.828,323.803
4569.9,64.54,60.4,0.0,-0.4,5,292.354,3.830,325.488
4569.9,64.76,60.5,0.0,0.5,5,289.417,3.826,328.021
4569.9,64.91,60.5,0.0,0.7,5,287.452,3.821,329.714
4569.9,65.13,60.6,0.0,0.7,5,284.498,3.814,332.261
4582.8,65.27,60.6,0.0,0.6,5,282.525,3.808,333.966
4582.8,65.49,60.7,0.0,0.2,5,279.561,3.799,336.535
4582.8,65.62,60.7,0.0,0.2,5,277.581,3.796,338.254
4582.8,65.84,60.8,0.0,0.2,5,274.608,3.796,340.845
4595.9,65.98,60.8,0.0,0.2,5,272.622,3.797,342.578
4663.5,69.27,61.3,0.0,-0.3,5,221.825,3.919,387.277
4663.5,69.46,61.2,0.0,-0.3,5,218.706,3.915,390.031
4663.5,69.58,61.2,0.0,-0.1,5,216.621,3.911,391.870
4663.5,69.76,61.2,0.0,-0.1,5,213.484,3.903,394.633
4677.4,69.87,61.2,0.0,-0.0,5,211.387,3.898,396.477
4677.4,69.99,61.1,0.0,-0.0,5,209.286,3.892,398.323
4677.4,70.16,60.9,0.0,0.0,5,206.128,3.885,401.098
4677.4,70.33,60.8,0.0,0.2,5,202.961,3.880,403.878
4691.5,70.44,60.7,0.0,0.2,5,200.846,3.877,405.735
4691.5,70.60,60.6,0.0,0.2,5,197.667,3.871,408.527
4691.5,70.71,60.5,0.0,0.2,5,195.545,3.868,410.393
4691.5,70.86,60.4,0.0,0.2,5,192.357,3.862,413.199
4705.6,70.97,60.3,0.0,0.2,0,190.229,3.858,415.074
4705.6,70.87,90.3,0.0,0.3,6,187.038,3.853,417.889
4705.6,70.98,83.8,0.0,0.2,6,184.912,3.850,419.767
4705.6,71.14,74.1,0.0,0.1,6,181.719,3.846,422.592
4867.1,76.29,61.1,0.0,-0.5,6,61.477,3.599,529.524
4882.4,76.41,61.2,0.0,0.5,6,58.043,3.571,532.555
4882.4,76.50,61.2,0.0,0.2,6,55.748,3.550,534.576
4882.4,76.63,61.2,0.0,0.3,6,52.299,3.516,537.610
4882.4,76.71,61.2,0.0,0.4,6,49.995,3.493,539.634
4897.7,76.83,61.3,0.0,0.4,6,46.538,3.455,542.677
4897.7,76.92,61.3,0.0,0.4,6,44.231,3.430,544.710
4897.7,77.04,61.3,0.0,0.3,6,40.769,3.387,547.767
4897.7,77.12,61.3,0.0,0.3,6,38.461,3.357,549.810
4913.0,77.25,61.3,0.0,0.2,6,34.997,3.306,552.884
4913.0,77.33,61.3,0.0,0.3,6,32.687,3.268,554.938
4913.0,77.44,61.4,0.0,0.2,6,29.221,3.212,558.027
4913.0,77.53,61.4,0.0,0.1,6,26.910,3.173,560.091
4928.5,77.64,61.4,0.0,0.1,6,23.441,3.115,563.194
5003.3,65.72,0.0,85.3,-0.1,6,-32.213,2.202,612.721
5003.3,64.87,0.0,85.5,-0.2,6,-34.189,2.171,614.432
5003.3,63.62,0.0,85.7,-0.6,6,-37.110,2.128,616.950
5003.3,62.79,0.0,85.9,-1.1,6,-39.030,2.100,618.597
5016.1,61.54,30.8,86.4,-1.5,0,-41.869,2.057,621.019
5016.1,60.71,0.0,86.4,-1.4,5,-43.736,2.027,622.601
5016.1,59.46,0.0,85.9,-1.5,5,-46.496,1.986,624.923
5016.1,58.63,0.0,85.8,-1.6,5,-48.311,1.958,626.437
5028.0,57.38,0.0,84.9,-2.4,5,-50.996,1.916,628.654
5028.0,56.15,0.0,85.2,-2.6,5,-53.641,1.875,630.804
5028.0,55.33,0.0,85.2,-2.6,5,-55.383,1.849,632.198
5028.0,54.11,0.0,85.2,-3.1,5,-57.964,1.811,634.230
5039.2,52.91,27.7,84.8,-3.4,0,-60.510,1.773,636.190
5039.2,52.11,0.0,83.5,-3.2,4,-62.188,1.748,637.455
5039.2,50.92,0.0,70.6,-2.6,4,-64.678,1.710,639.289
5039.2,50.22,0.0,59.4,-2.3,4,-66.322,1.686,640.468
5049.4,49.34,0.0,50.9,-2.3,4,-68.775,1.650,642.174
5049.4,48.82,0.0,47.4,-3.0,4,-70.405,1.626,643.271
5049.4,48.08,0.0,46.6,-4.6,4,-72.842,1.591,644.856
5049.4,47.59,0.0,46.4,-5.6,4,-74.463,1.568,645.874
5059.1,46.86,0.0,44.6,-7.1,4,-76.887,1.534,647.344
5059.1,46.41,0.0,41.7,-7.3,4,-78.498,1.512,648.286
5059.1,45.76,0.0,36.6,-6.9,4,-80.908,1.479,649.643
5059.1,45.37,0.0,29.7,-6.5,4,-82.511,1.458,650.511
5068.1,44.89,0.0,23.4,-7.3,4,-84.914,1.426,651.759
5068.1,44.61,0.0,21.6,-8.0,4,-86.517,1.405,652.556
5068.1,44.21,0.0,21.0,-9.1,4,-88.923,1.372,653.702
5076.8,43.74,0.0,39.8,-9.9,0,-91.331,1.339,654.785
5076.8,43.35,32.7,40.4,-10.0,0,-92.933,1.317,655.471
5076.8,42.67,0.0,38.1,-9.2,3,-95.324,1.285,656.445
5076.8,42.26,0.0,25.0,-8.6,3,-96.910,1.265,657.055
5085.4,41.84,0.0,13.7,-8.7,3,-99.282,1.235,657.914
5085.4,41.63,0.0,9.5,-9.5,3,-100.863,1.215,658.449
5085.4,41.38,0.0,6.1,-11.5,3,-103.238,1.185,659.198
5085.4,41.22,0.0,4.5,-12.8,3,-104.824,1.164,659.663
5093.7,41.02,0.0,3.1,-13.9,3,-107.206,1.134,660.306
5093.7,40.90,0.0,3.5,-14.6,3,-108.797,1.115,660.698
5093.7,40.71,0.0,3.1,-14.8,3,-111.185,1.086,661.235
5093.7,40.58,0.0,3.6,-14.6,3,-112.779,1.066,661.556
5102.2,40.38,0.0,3.8,-14.1,3,-115.171,1.037,661.981
5102.2,40.24,0.0,3.3,-14.4,3,-116.764,1.019,662.227
5102.2,40.05,0.0,3.4,-14.6,3,-119.153,0.992,662.539
5102.2,39.92,0.0,3.1,-14.4,3,-120.743,0.974,662.709
5110.5,39.72,0.0,3.5,-13.9,3,-123.125,0.948,662.905
5110.5,39.59,0.0,3.5,-13.8,3,-124.708,0.933,662.998
5110.5,39.40,0.0,3.6,-14.4,3,-127.077,0.911,663.079
5110.5,39.21,0.0,3.1,-15.0,3,-129.435,0.890,663.095
5118.6,39.08,0.0,3.0,-15.4,3,-131.001,0.876,663.069
5118.6,38.89,0.0,2.9,-15.7,3,-133.338,0.855,662.976
5118.6,38.77,0.0,2.7,-15.5,3,-134.888,0.842,662.877
5118.6,38.58,0.0,2.7,-15.7,3,-137.200,0.822,662.674
5126.8,38.46,0.0,2.0,-16.2,3,-138.731,0.809,662.502
5126.8,38.29,0.0,1.4,-16.5,3,-141.013,0.791,662.190
5126.8,38.17,0.0,1.6,-16.6,3,-142.522,0.778,661.946
5126.8,38.00,0.0,1.0,-16.8,3,-144.769,0.760,661.527
5134.9,37.89,0.0,1.6,-16.9,3,-146.254,0.748,661.211
5134.9,37.72,0.0,1.1,-17.6,3,-148.460,0.732,660.685
5134.9,37.61,0.0,1.2,-18.1,3,-149.917,0.721,660.299
5134.9,37.44,0.0,0.9,-18.8,3,-152.079,0.704,659.667
5142.7,37.34,0.0,0.5,-19.2,3,-153.504,0.694,659.212
5142.7,37.17,0.0,1.0,-19.8,3,-155.615,0.678,658.478
5142.7,37.00,0.0,0.7,-20.2,3,-157.693,0.663,657.683
5142.7,36.89,0.0,3.5,-20.4,3,-159.059,0.653,657.119
5150.9,36.69,0.0,0.6,-20.4,3,-161.076,0.639,656.222
5150.9,36.58,2.9,0.0,-20.0,3,-162.398,0.631,655.589
5150.9,36.43,2.1,0.1,-19.4,3,-164.346,0.622,654.587
5150.9,36.33,4.9,0.0,-18.8,3,-165.621,0.618,653.885
5158.7,36.20,4.5,0.0,-17.7,3,-167.495,0.615,652.780
5158.7,36.10,4.0,0.0,-17.6,3,-168.720,0.614,652.012
5158.7,35.98,6.0,0.0,-19.1,3,-170.523,0.611,650.817
5158.7,35.90,5.6,0.0,-20.9,3,-171.700,0.607,649.992
5166.9,35.79,20.3,0.0,-24.0,3,-173.428,0.602,648.712
5166.9,35.77,28.0,0.0,-25.5,3,-174.555,0.600,647.829
5166.9,35.81,46.8,0.0,-26.6,3,-176.204,0.602,646.456
5166.9,35.92,63.3,0.0,-27.5,3,-177.280,0.605,645.508
5175.0,36.14,74.5,0.0,-28.8,3,-178.865,0.609,644.040
5175.0,36.32,76.9,0.0,-30.0,3,-179.904,0.612,643.030
5175.0,36.60,84.7,0.0,-33.3,3,-181.433,0.616,641.466
5175.0,36.76,63.4,0.0,-34.3,3,-182.432,0.619,640.391
5182.6,36.81,34.6,0.0,-34.6,3,-183.891,0.626,638.734
5182.6,36.81,34.3,0.0,-35.1,3,-185.294,0.634,637.029
5182.6,36.82,42.6,0.0,-35.8,3,-186.199,0.641,635.867
5182.6,36.92,48.8,0.0,-37.2,3,-187.512,0.652,634.087
5190.4,36.96,41.0,0.0,-38.5,3,-188.360,0.660,632.877
5190.4,36.92,18.7,0.0,-39.7,3,-189.588,0.670,631.031
5190.4,36.84,12.7,0.0,-39.7,3,-190.373,0.678,629.781
5190.4,36.72,18.6,0.0,-39.0,3,-191.496,0.691,627.882
5197.6,36.67,24.0,0.0,-38.0,3,-192.210,0.700,626.600
5197.6,36.63,28.3,0.0,-36.9,3,-193.231,0.711,624.652
5197.6,36.61,28.9,0.0,-36.2,3,-193.878,0.717,623.338
5197.6,36.58,31.3,0.0,-34.6,3,-194.796,0.723,621.344
5204.5,36.57,32.4,0.0,-33.5,3,-195.374,0.726,620.000
5204.5,36.59,39.9,0.0,-32.6,3,-196.190,0.728,617.962
5204.5,36.65,56.5,0.0,-33.1,3,-196.699,0.728,616.590
5204.5,36.79,55.6,0.0,-33.0,3,-197.415,0.727,614.506
5211.4,36.90,58.1,0.0,-33.9,3,-197.859,0.726,613.101
5211.4,36.97,36.2,0.0,-35.4,3,-198.475,0.726,610.972
5211.4,36.98,35.3,0.0,-35.4,3,-199.028,0.727,608.824
5211.4,37.00,37.9,0.0,-35.0,3,-199.362,0.727,607.382
5218.6,37.04,42.9,0.0,-33.3,3,-199.812,0.729,605.208
5218.6,37.10,50.1,0.0,-30.7,3,-200.077,0.729,603.749
5218.6,37.25,66.2,0.0,-26.4,3,-200.420,0.732,601.546
5218.6,37.43,83.6,0.0,-23.5,3,-200.613,0.735,600.065
5226.0,37.78,91.8,0.0,-17.5,3,-200.849,0.741,597.823
5226.0,38.02,91.8,0.0,-12.7,3,-200.973,0.745,596.312
5226.0,38.40,91.8,0.0,-4.2,3,-201.107,0.753,594.025
5226.0,38.67,91.8,0.0,0.7,3,-201.163,0.760,592.485
5233.6,39.09,91.9,0.0,5.9,3,-201.203,0.774,590.153
5233.6,39.38,89.0,0.0,7.4,3,-201.205,0.784,588.584
5233.6,39.75,73.4,0.0,6.4,3,-201.190,0.803,586.211
5233.6,39.90,45.6,7.4,6.1,3,-201.181,0.815,584.617
5241.6,39.59,0.0,48.2,6.0,3,-201.185,0.831,582.228
5241.6,39.12,0.0,49.6,6.2,3,-201.204,0.841,580.653
5241.6,38.38,0.0,46.0,6.9,3,-201.258,0.858,578.328
5249.4,37.71,0.0,42.3,7.8,3,-201.347,0.876,576.046
5249.4,37.28,0.0,35.6,8.5,3,-201.426,0.887,574.548
5249.4,36.75,0.0,26.4,9.6,3,-201.581,0.905,572.332
5249.4,36.45,0.0,22.2,10.4,3,-201.708,0.916,570.873
5256.9,36.08,0.0,14.9,12.2,3,-201.936,0.931,568.708
5256.9,35.87,0.0,10.8,13.3,3,-202.113,0.940,567.280
5256.9,35.61,0.0,9.8,14.3,3,-202.423,0.952,565.158
5256.9,35.44,0.0,10.1,13.9,3,-202.661,0.962,563.756
5264.4,35.19,0.0,11.3,12.4,3,-203.062,0.976,561.675
5264.4,35.03,38.6,10.6,12.2,0,-203.359,0.986,560.302
5264.4,34.78,0.0,9.7,12.4,2,-203.847,1.000,558.265
5264.4,34.61,0.0,23.0,12.3,2,-204.202,1.011,556.923
5271.7,34.12,0.0,39.2,12.8,2,-204.774,1.028,554.939
5271.7,33.71,0.0,33.3,13.1,2,-205.177,1.040,553.644
5271.7,32.98,0.0,54.5,13.1,2,-205.813,1.058,551.743
5271.7,32.21,0.0,36.5,11.9,2,-206.480,1.076,549.904
5278.7,31.83,0.0,29.1,11.3,2,-206.944,1.088,548.711
5278.7,31.35,0.0,19.2,11.1,2,-207.674,1.107,546.961
5278.7,31.11,0.0,13.4,12.0,2,-208.184,1.121,545.821
5278.7,30.82,0.0,13.4,14.5,2,-208.983,1.142,544.143
5286.2,30.62,0.0,15.0,15.9,2,-209.538,1.156,543.047
5286.2,30.30,0.0,16.5,17.8,2,-210.401,1.177,541.435
5286.2,30.08,0.0,15.6,18.5,2,-210.995,1.191,540.383
5286.2,29.77,0.0,10.9,18.8,2,-211.917,1.209,538.842
5292.9,29.59,0.0,8.5,19.3,2,-212.554,1.222,537.839
5292.9,29.37,33.5,6.5,20.3,0,-213.542,1.240,536.372
5292.9,29.26,0.0,5.5,20.7,1,-214.223,1.253,535.418
5292.9,29.04,0.0,2.3,21.6,1,-215.280,1.270,534.024
5299.9,28.92,0.0,1.3,22.6,1,-216.007,1.281,533.120
5299.9,28.75,0.4,0.0,24.5,1,-217.130,1.297,531.805
5299.9,28.65,2.4,0.0,25.9,1,-217.901,1.307,530.954
5299.9,28.52,4.8,0.0,27.8,1,-219.090,1.322,529.719
5306.1,28.40,8.0,0.0,30.1,1,-220.319,1.336,528.532
5306.1,28.34,12.1,0.0,31.6,1,-221.159,1.344,527.770
5306.1,28.28,14.4,0.0,33.7,1,-222.452,1.357,526.669
5306.1,28.25,18.1,0.0,35.1,1,-223.336,1.364,525.963
5312.0,28.26,25.4,0.0,37.5,1,-224.693,1.375,524.948
5312.0,28.29,28.8,0.0,39.4,1,-225.620,1.382,524.300
5312.0,28.32,23.3,0.0,42.6,1,-227.040,1.391,523.370
5312.0,28.31,20.4,0.0,45.2,1,-228.007,1.397,522.779
5317.9,28.26,16.3,0.0,49.3,1,-229.482,1.405,521.939
5317.9,28.21,14.8,0.0,51.8,1,-230.480,1.410,521.411
5317.9,28.12,13.5,0.0,55.1,1,-231.998,1.416,520.667
5317.9,28.06,14.7,0.0,57.4,1,-233.022,1.419,520.205
5323.8,27.96,12.9,0.0,60.6,1,-234.575,1.424,519.563
5323.8,27.88,10.0,0.0,60.9,1,-235.621,1.426,519.169
5323.8,27.73,9.7,0.0,60.4,1,-237.200,1.429,518.631
5323.8,27.64,9.9,0.0,62.8,1,-238.259,1.431,518.307
5329.7,27.50,9.6,0.0,59.0,1,-239.856,1.433,517.876
5329.7,27.36,9.8,0.0,62.4,1,-241.460,1.434,517.509
5329.7,27.26,9.7,0.0,59.6,1,-242.533,1.434,517.300
5329.7,27.12,9.9,0.0,61.9,1,-244.144,1.434,517.042
5335.3,27.04,9.9,0.0,60.9,1,-245.219,1.433,516.906
5335.3,26.90,9.7,0.0,58.5,1,-246.830,1.431,516.755
5335.3,26.81,10.3,0.0,59.5,1,-247.902,1.430,516.691
5335.3,26.69,10.5,0.0,60.6,1,-249.507,1.426,516.649
5340.8,26.60,10.1,0.0,61.2,1,-250.573,1.424,516.655
5340.8,26.47,9.8,0.0,62.0,1,-252.164,1.419,516.719
5340.8,26.38,9.8,0.0,62.0,1,-253.218,1.416,516.796
5340.8,26.25,9.8,0.0,61.4,1,-254.789,1.410,516.963
5346.3,26.16,9.9,0.0,60.7,1,-255.827,1.405,517.110
5346.3,26.04,10.3,0.0,59.1,1,-257.369,1.398,517.381
5346.3,25.96,10.7,0.0,58.1,1,-258.386,1.393,517.596
5346.3,25.85,11.6,0.0,56.3,1,-259.896,1.384,517.967
5351.6,25.79,12.8,0.0,54.8,1,-260.890,1.377,518.246
5351.6,25.71,16.0,0.0,51.7,1,-262.362,1.364,518.714
5351.6,25.68,21.9,0.0,47.5,1,-263.811,1.351,519.239
5351.6,25.69,29.2,0.0,44.4,1,-264.764,1.341,519.622
5356.9,25.83,47.1,0.0,39.3,1,-266.177,1.326,520.245
5356.9,26.03,66.3,0.0,35.6,1,-267.111,1.315,520.694
5356.9,26.51,78.8,0.0,28.6,1,-268.509,1.298,521.418
5356.9,26.82,67.2,0.0,23.6,1,-269.442,1.287,521.935
5362.3,27.25,67.9,0.0,16.8,1,-270.836,1.269,522.762
5362.3,27.53,72.8,0.0,13.2,1,-271.762,1.257,523.346
5362.3,28.04,72.3,0.0,10.7,1,-273.146,1.237,524.273
5362.3,28.38,83.0,0.0,10.7,1,-274.067,1.224,524.924
5368.1,28.92,77.3,0.0,11.4,1,-275.445,1.203,525.949
5368.1,29.27,89.2,0.0,12.1,1,-276.362,1.188,526.665
5368.1,29.82,81.6,0.0,13.2,1,-277.731,1.166,527.789
5368.1,30.19,87.6,0.0,14.0,1,-278.639,1.151,528.572
5374.6,30.73,82.4,0.0,15.1,1,-279.994,1.127,529.798
5374.6,31.08,85.9,0.0,15.7,1,-280.889,1.112,530.649
5374.6,31.60,76.4,0.0,16.4,1,-282.219,1.087,531.977
5381.2,32.08,84.1,0.0,16.9,1,-283.528,1.061,533.367
5420.5,37.58,69.5,0.0,27.5,2,-299.304,0.678,567.390
5420.5,37.85,89.0,0.0,24.1,2,-299.514,0.670,568.883
5420.5,38.30,92.0,0.0,19.1,2,-299.778,0.660,571.151
5428.4,38.58,92.0,0.0,15.4,2,-299.919,0.653,572.681
5428.4,39.04,92.0,0.0,9.5,2,-300.077,0.644,575.004
5428.4,39.34,92.0,0.0,6.5,2,-300.145,0.640,576.569
5428.4,39.80,92.0,0.0,3.2,2,-300.193,0.634,578.942
5436.5,40.10,92.0,0.0,2.3,2,-300.189,0.630,580.539
5436.5,40.55,92.1,0.0,2.8,2,-300.132,0.625,582.957
5436.5,41.03,92.1,0.0,4.9,2,-300.016,0.619,585.400
5436.5,41.33,92.1,0.0,7.2,2,-299.908,0.615,587.043
5444.6,41.78,92.2,0.0,9.8,2,-299.700,0.607,589.527
5444.6,42.22,92.0,0.0,11.7,0,-299.439,0.599,592.033
5444.6,42.20,0.0,0.0,11.6,0,-299.235,0.593,593.709
5452.8,42.49,91.9,0.0,10.2,3,-298.884,0.582,596.222
5452.8,42.76,91.9,0.0,10.9,3,-298.619,0.575,597.906
5452.8,43.17,91.9,0.0,12.7,3,-298.173,0.563,600.444
5452.8,43.43,91.9,0.0,12.8,3,-297.842,0.553,602.144
5461.2,43.81,91.9,0.0,13.6,3,-297.296,0.535,604.702
5461.2,44.08,91.7,0.0,12.7,3,-296.896,0.521,606.413
5461.2,44.45,90.3,0.0,11.3,3,-296.238,0.501,608.985
5461.2,44.70,88.9,0.0,9.6,3,-295.761,0.487,610.703
5469.9,45.06,87.3,0.0,8.3,3,-294.991,0.463,613.282
5469.9,45.30,85.7,0.0,8.1,3,-294.443,0.444,615.003
5469.9,45.65,83.5,0.0,5.7,3,-293.568,0.414,617.587
5469.9,45.88,82.0,0.0,4.3,3,-292.950,0.392,619.309
5479.0,46.22,79.8,0.0,3.3,3,-291.978,0.358,621.895
5479.0,46.44,78.9,0.0,3.5,3,-291.305,0.331,623.621
5479.0,46.75,77.7,0.0,3.6,3,-290.263,0.291,626.214
5479.0,47.08,77.8,0.0,2.9,3,-289.181,0.255,628.812
5488.2,47.28,77.3,0.0,2.8,3,-288.442,0.231,630.547
5488.2,47.56,77.1,0.0,2.7,3,-287.307,0.192,633.155
5488.2,47.61,85.7,0.0,1.7,0,-286.536,0.162,634.895
5488.2,47.69,23.9,0.0,-0.9,4,-285.363,0.105,637.503
5497.7,47.75,64.5,0.0,-0.3,4,-284.566,0.065,639.236
5497.7,48.02,77.4,0.0,2.2,4,-283.344,0.009,641.835
5497.7,48.19,75.5,0.0,3.3,4,-282.514,-0.021,643.571
5497.7,48.45,74.2,0.0,3.5,4,-281.246,-0.060,646.178
5507.2,48.65,73.8,0.0,2.4,4,-280.387,-0.086,647.920
5507.2,48.91,74.8,0.0,1.5,4,-279.077,-0.131,650.536
5507.2,49.11,75.5,0.0,1.7,4,-278.188,-0.161,652.282
5507.2,49.41,75.4,0.0,1.4,4,-276.834,-0.206,654.906
5517.0,49.54,76.5,0.0,1.6,4,-275.913,-0.228,656.658
5517.0,49.83,78.4,0.0,2.3,4,-274.509,-0.249,659.287
5517.0,49.99,79.3,0.0,2.5,4,-273.560,-0.263,661.043
5517.0,50.30,79.4,0.0,2.6,4,-272.115,-0.283,663.681
5526.9,50.53,76.3,0.0,4.0,4,-270.643,-0.299,666.323
5526.9,50.72,76.7,0.0,4.1,4,-269.647,-0.310,668.086
5526.9,50.99,77.2,0.0,3.5,4,-268.126,-0.327,670.731
5526.9,51.16,77.9,0.0,3.0,4,-267.093,-0.339,672.493
5537.1,51.42,77.8,0.0,2.9,4,-265.514,-0.356,675.134
5537.1,51.59,78.3,0.0,2.9,4,-264.443,-0.367,676.893
5537.1,51.85,77.3,0.0,3.3,4,-262.810,-0.381,679.532
5537.1,52.01,77.0,0.0,3.7,4,-261.704,-0.390,681.289
5547.4,52.26,76.9,0.0,3.9,4,-260.017,-0.400,683.923
5547.4,52.43,77.2,0.0,3.4,4,-258.874,-0.406,685.677
5547.4,52.67,77.2,0.0,2.1,4,-257.131,-0.412,688.304
5547.4,52.84,75.7,0.0,1.7,4,-255.952,-0.414,690.054
5557.9,53.09,67.4,0.0,1.2,4,-254.160,-0.419,692.677
5557.9,53.26,62.2,0.0,1.1,4,-252.951,-0.422,694.427
5557.9,53.51,54.2,0.0,1.0,4,-251.119,-0.427,697.054
5557.9,53.76,50.5,0.0,1.4,4,-249.267,-0.433,699.685
5568.5,53.93,50.7,0.0,1.6,4,-248.022,-0.437,701.442
5568.5,54.18,50.9,0.0,1.9,4,-246.138,-0.446,704.082
5568.5,54.34,51.1,0.0,2.0,4,-244.870,-0.451,705.843
5568.5,54.59,51.4,0.0,2.3,4,-242.950,-0.459,708.486
5579.2,54.75,51.6,0.0,2.4,4,-241.656,-0.464,710.249
5579.2,54.99,51.9,0.0,2.8,4,-239.695,-0.470,712.893
5579.2,55.16,52.2,0.0,2.9,4,-238.372,-0.473,714.654
5579.2,55.40,52.5,0.0,2.9,4,-236.365,-0.477,717.294
5590.2,55.56,52.8,0.0,3.1,4,-235.011,-0.479,719.051
5590.2,55.80,53.1,0.0,3.2,4,-232.954,-0.481,721.683
5590.2,55.96,53.3,0.0,3.3,4,-231.565,-0.482,723.434
5590.2,56.20,53.6,0.0,3.5,4,-229.456,-0.484,726.055
5601.4,56.36,53.7,0.0,3.5,4,-228.031,-0.484,727.798
5601.4,56.59,54.0,0.0,3.6,4,-225.865,-0.483,730.403
5601.4,56.75,54.2,0.0,3.7,4,-224.403,-0.481,732.135
5601.4,56.99,54.5,0.0,3.7,4,-222.180,-0.477,734.723
5612.8,57.21,54.8,0.0,3.7,4,-219.923,-0.470,737.299
5612.8,57.37,54.9,0.0,3.7,4,-218.398,-0.464,739.010
5612.8,57.60,55.3,0.0,3.6,4,-216.081,-0.452,741.564
5612.8,57.75,55.5,0.0,3.5,4,-214.517,-0.441,743.259
5624.5,57.99,55.8,0.0,3.5,4,-212.141,-0.423,745.791
5624.5,58.14,55.9,0.0,3.4,4,-210.538,-0.410,747.471
5624.5,58.37,56.2,0.0,3.3,4,-208.105,-0.390,749.979
5624.5,58.52,56.5,0.0,3.1,4,-206.463,-0.375,751.643
5636.3,58.75,57.0,0.0,3.0,4,-203.973,-0.349,754.127
5636.3,58.91,57.3,0.0,3.1,4,-202.294,-0.331,755.776
5636.3,59.14,57.6,0.0,3.4,4,-199.750,-0.304,758.238
5636.3,59.29,57.8,0.0,3.5,4,-198.036,-0.288,759.872
5648.3,59.52,58.4,0.0,3.5,4,-195.439,-0.265,762.313
5648.3,59.67,58.7,0.0,3.5,4,-193.689,-0.251,763.931
5648.3,59.90,59.0,0.0,3.7,4,-191.038,-0.235,766.347
5648.3,60.06,59.1,0.0,3.6,4,-189.253,-0.228,767.950
5660.5,60.29,59.7,0.0,3.4,4,-186.548,-0.223,770.340
5660.5,60.44,60.2,0.0,3.3,4,-184.725,-0.220,771.922
5660.5,60.66,60.7,0.0,3.3,4,-181.962,-0.215,774.280
5672.8,60.88,61.3,0.0,3.5,4,-179.164,-0.208,776.618
5672.8,61.03,61.0,0.0,3.8,4,-177.280,-0.203,778.165
5672.8,61.26,61.4,0.0,4.1,4,-174.427,-0.198,780.471
5672.8,61.40,61.9,0.0,4.2,4,-172.506,-0.196,781.996
5685.3,61.62,62.3,0.0,4.5,0,-169.596,-0.196,784.265
5685.3,61.56,0.0,0.0,4.3,0,-167.639,-0.199,785.762
5685.3,61.66,73.5,0.0,3.7,5,-164.681,-0.203,787.976
5685.3,61.78,68.0,0.0,3.4,5,-162.688,-0.202,789.433
5697.9,61.96,59.6,0.0,3.9,5,-159.668,-0.199,791.591
5697.9,62.08,54.0,0.0,4.6,5,-157.636,-0.197,793.013
5697.9,62.25,53.0,0.0,4.7,5,-154.559,-0.195,795.120
5697.9,62.37,53.1,0.0,4.5,5,-152.488,-0.195,796.507
5710.6,62.54,53.5,0.0,4.0,5,-149.354,-0.193,798.559
5710.6,62.65,53.7,0.0,3.9,5,-147.244,-0.188,799.907
5710.6,62.83,53.7,0.0,4.3,5,-144.052,-0.179,801.901
5710.6,62.95,53.6,0.0,4.6,5,-141.906,-0.176,803.214
5723.4,63.12,53.9,0.0,5.0,5,-138.661,-0.174,805.156
5723.4,63.30,54.2,0.0,4.9,5,-135.383,-0.173,807.062
5723.4,63.40,54.4,0.0,4.7,5,-133.178,-0.171,808.311
5723.4,63.57,54.4,0.0,5.0,5,-129.844,-0.168,810.153
5736.3,63.69,54.6,0.0,4.9,5,-127.603,-0.168,811.359
5736.3,63.85,55.0,0.0,4.9,5,-124.213,-0.166,813.132
5736.3,63.96,55.0,0.0,5.0,5,-121.934,-0.164,814.290
5736.3,64.13,55.4,0.0,5.1,5,-118.489,-0.161,815.991
5749.4,64.24,55.6,0.0,5.1,5,-116.174,-0.159,817.100
5749.4,64.40,55.6,0.0,5.3,5,-112.674,-0.156,818.725
5749.4,64.51,55.7,0.0,5.5,5,-110.323,-0.154,819.784
5749.4,64.67,56.0,0.0,5.5,5,-106.771,-0.150,821.332
5762.3,64.78,56.2,0.0,5.4,5,-104.385,-0.146,822.336
5762.3,64.94,56.3,0.0,5.2,5,-100.780,-0.140,823.801
5762.3,65.05,56.5,0.0,5.2,5,-98.360,-0.136,824.750
5762.3,65.21,56.8,0.0,5.2,5,-94.704,-0.130,826.130
5775.4,65.37,56.7,0.0,5.5,5,-91.020,-0.123,827.460
5775.4,65.48,56.9,0.0,5.5,5,-88.548,-0.120,828.319
5775.4,65.64,57.2,0.0,5.2,5,-84.817,-0.116,829.564
5775.4,65.74,57.5,0.0,5.0,5,-82.315,-0.112,830.363
5788.5,65.90,58.6,0.0,5.0,5,-78.539,-0.105,831.518
5788.5,66.01,59.4,0.0,4.9,5,-76.007,-0.100,832.258
5788.5,66.19,60.5,0.0,4.9,5,-72.187,-0.094,833.326
5788.5,66.31,60.8,0.0,5.4,5,-69.627,-0.089,834.008
5801.6,66.49,61.0,0.0,3.9,5,-65.765,-0.081,834.987
5801.6,66.61,61.1,0.0,3.5,5,-63.178,-0.075,835.611
5801.6,66.80,61.1,0.0,3.1,5,-59.278,-0.065,836.507
5801.6,66.92,61.1,0.0,2.9,5,-56.665,-0.056,837.078
5814.8,67.11,61.1,0.0,2.7,5,-52.730,-0.041,837.901
5814.8,67.24,61.2,0.0,2.6,5,-50.095,-0.030,838.428
5814.8,67.43,61.2,0.0,2.5,5,-46.127,-0.010,839.189
5814.8,67.56,61.2,0.0,2.5,5,-43.472,0.005,839.677
5828.2,67.75,61.2,0.0,2.6,5,-39.475,0.028,840.383
5828.2,67.94,61.2,0.0,2.6,5,-35.461,0.049,841.058
5828.2,68.07,61.2,0.0,2.5,5,-32.776,0.064,841.489
5828.2,68.25,61.3,0.0,2.1,5,-28.734,0.088,842.110
5841.8,68.37,61.3,0.0,1.8,5,-26.031,0.104,842.505
5841.8,68.55,61.3,0.0,1.8,5,-21.963,0.133,843.073
5841.8,68.67,61.3,0.0,1.8,5,-19.243,0.153,843.436
5841.8,68.86,61.3,0.0,0.9,5,-15.151,0.180,843.959
5855.5,68.98,61.3,0.0,0.2,5,-12.415,0.196,844.295
5855.5,69.15,61.3,0.0,0.1,5,-8.301,0.223,844.785
5855.5,69.27,61.3,0.0,0.1,5,-5.551,0.241,845.104
5855.5,69.45,61.2,0.0,-0.0,5,-1.417,0.270,845.579
0.2,69.57,61.2,0.0,-0.1,5,1.345,0.289,845.893
