opponent,v3,Julien Andlauer,0,1771613238945
Game,version,date,track,car,event,laptime [s],S1 [s],S2 [s],S3 [s],S4+ [s]
LMU,1.2,2026-02-20 18:47:18,Silverstone Grand Prix Circuit - ELMS,Porsche Penske Motorsport 2025 #5:LM (Hyper),Live,107.539,0,0,0
Tracklen [m],TotalLaps
5869.1,9
,
,
lapdistance [m],speed [m/s],throttle [%],brake [%],steer [%],gear [int],world_x [m],world_y [m],world_z [m]
48.7,72.45,90.9,0.0,0.2,6,58.234,0.768,852.182
63.1,72.59,91.0,0.0,0.3,6,62.558,0.806,852.662
63.1,72.68,91.0,0.0,0.2,6,65.445,0.833,852.981
63.1,72.82,91.0,0.0,0.4,6,69.783,0.876,853.458
63.1,72.91,91.1,0.0,0.3,6,72.681,0.905,853.774
77.7,73.06,91.1,0.0,0.1,6,77.034,0.944,854.245
77.7,73.14,91.2,0.0,0.4,6,79.941,0.969,854.557
77.7,73.29,91.2,0.0,0.2,6,84.309,1.004,855.020
77.7,73.38,91.2,0.0,-0.1,6,87.226,1.026,855.327
92.3,73.51,91.3,0.0,0.6,6,91.608,1.061,855.785
92.3,73.60,91.3,0.0,0.1,6,94.535,1.085,856.089
92.3,73.74,91.3,0.0,-0.4,6,98.931,1.117,856.542
92.3,73.83,91.4,0.0,0.3,6,101.867,1.138,856.843
107.0,73.96,91.4,0.0,0.3,6,106.277,1.170,857.294
107.0,74.09,91.5,0.0,0.2,6,110.695,1.200,857.744
107.0,74.17,91.5,0.0,-0.0,6,113.645,1.222,858.042
107.0,74.30,91.5,0.0,-0.1,6,118.077,1.256,858.489
121.9,74.39,91.6,0.0,-0.1,6,121.036,1.277,858.786
121.9,74.53,91.6,0.0,0.2,6,125.481,1.303,859.232
121.9,74.62,91.6,0.0,-0.0,6,128.449,1.317,859.529
121.9,74.74,91.7,0.0,-0.1,6,132.907,1.340,859.973
136.8,74.82,91.7,0.0,0.3,6,135.883,1.357,860.270
136.8,74.94,91.7,0.0,0.4,6,140.354,1.391,860.714
136.8,75.02,91.8,0.0,-0.0,6,143.338,1.415,861.010
136.8,75.16,91.8,0.0,-0.2,6,147.822,1.443,861.451
151.8,75.24,91.8,0.0,0.1,6,150.815,1.460,861.745
151.8,75.37,91.8,0.0,0.2,6,155.312,1.488,862.184
151.8,75.45,91.9,0.0,0.1,6,158.314,1.504,862.476
151.8,75.57,91.9,0.0,0.1,6,162.823,1.529,862.914
166.9,75.69,92.0,0.0,-0.0,6,167.340,1.558,863.350
166.9,75.77,92.0,0.0,-0.1,6,170.354,1.578,863.640
166.9,75.89,92.0,0.0,0.3,6,174.883,1.610,864.075
166.9,75.97,92.0,0.0,-0.2,6,177.906,1.630,864.364
182.0,76.09,92.1,0.0,-0.6,6,182.447,1.660,864.798
182.0,76.17,92.1,0.0,0.4,6,185.478,1.679,865.088
182.0,76.29,92.1,0.0,-0.0,6,190.031,1.705,865.524
182.0,76.36,92.1,0.0,-0.6,6,193.070,1.725,865.815
197.3,76.48,92.2,0.0,-0.7,6,197.634,1.753,866.255
197.3,76.60,92.2,0.0,-0.5,6,202.204,1.781,866.702
197.3,76.67,92.2,0.0,-0.3,6,205.254,1.798,867.004
197.3,76.79,92.3,0.0,-0.1,6,209.835,1.822,867.465
212.6,76.89,92.3,0.0,0.2,6,214.421,1.847,867.934
212.6,76.97,92.3,0.0,0.3,6,217.481,1.867,868.251
212.6,77.08,92.4,0.0,0.3,6,222.077,1.899,868.730
212.6,77.15,92.4,0.0,0.4,6,225.145,1.921,869.049
228.0,77.27,92.4,0.0,0.6,6,229.753,1.953,869.526
272.5,64.66,0.0,91.6,2.0,6,281.649,2.242,873.933
285.7,63.37,0.0,82.6,2.6,6,285.489,2.256,874.088
285.7,62.58,0.0,74.2,2.8,0,288.008,2.264,874.166
285.7,61.53,0.0,60.5,2.3,5,291.732,2.276,874.239
285.7,60.91,0.0,47.4,2.4,5,294.181,2.287,874.256
298.0,60.21,0.0,23.7,3.8,5,297.814,2.302,874.233
298.0,59.88,0.0,19.1,4.8,5,300.216,2.312,874.184
298.0,59.45,0.0,16.9,6.1,5,303.794,2.329,874.060
298.0,59.19,0.0,11.1,7.0,5,306.165,2.341,873.942
309.9,58.87,0.0,6.5,7.4,5,309.699,2.361,873.714
309.9,58.69,0.0,5.7,7.8,5,312.043,2.376,873.525
309.9,58.43,0.0,2.2,8.5,5,315.541,2.398,873.189
309.9,58.28,1.5,0.1,9.0,5,317.860,2.413,872.927
321.4,58.08,3.2,0.0,9.3,5,321.322,2.433,872.479
321.4,57.86,0.8,1.1,10.2,5,324.762,2.454,871.961
321.4,57.71,1.1,0.2,10.9,5,327.041,2.468,871.576
321.4,57.51,7.5,0.0,11.5,5,330.439,2.485,870.940
332.9,57.42,23.2,0.0,11.9,5,332.690,2.496,870.476
332.9,57.31,22.5,0.0,12.9,5,336.047,2.512,869.716
332.9,57.19,6.4,0.0,13.7,5,338.271,2.523,869.167
332.9,56.98,4.8,0.8,14.7,5,341.579,2.538,868.280
344.6,56.83,4.1,0.1,15.0,5,343.766,2.548,867.647
344.6,56.61,4.7,0.0,15.8,5,347.015,2.562,866.633
344.6,56.47,14.7,0.0,16.6,5,349.159,2.572,865.915
344.6,56.31,25.4,0.0,16.5,5,352.344,2.587,864.773
356.4,56.22,22.0,0.0,16.8,5,354.447,2.598,863.969
356.4,56.03,6.1,0.0,17.9,5,357.566,2.615,862.699
356.4,55.87,1.7,3.0,18.5,5,359.621,2.627,861.811
356.4,55.65,25.0,0.0,19.0,5,362.663,2.645,860.421
368.0,55.61,52.1,0.0,19.3,5,364.668,2.657,859.456
368.0,55.71,71.6,0.0,20.0,5,367.646,2.674,857.947
368.0,55.74,53.9,0.0,20.9,5,370.592,2.691,856.365
368.0,55.78,69.8,0.0,21.5,5,372.535,2.702,855.271
379.8,55.92,80.3,0.0,22.4,5,375.422,2.720,853.570
379.8,56.00,76.3,0.0,22.3,5,377.328,2.731,852.396
379.8,56.15,81.6,0.0,22.1,5,380.158,2.748,850.578
379.8,56.24,75.2,0.0,22.0,5,382.025,2.759,849.327
391.5,56.35,79.3,0.0,21.8,5,384.794,2.775,847.393
391.5,56.44,77.5,0.0,21.7,5,386.617,2.785,846.065
391.5,56.53,61.2,0.0,21.1,5,389.317,2.801,844.016
391.5,56.54,47.0,0.0,20.6,5,391.091,2.813,842.613
403.2,56.42,22.8,0.0,20.1,5,393.706,2.829,840.457
403.2,56.34,42.3,0.0,19.2,5,396.263,2.845,838.243
403.2,56.35,60.8,0.0,18.1,5,397.936,2.856,836.734
414.8,56.37,52.6,0.0,16.6,5,400.400,2.873,834.418
414.8,56.34,24.9,12.4,16.0,5,402.012,2.885,832.842
414.8,55.99,0.0,5.1,14.4,5,404.375,2.901,830.437
414.8,55.85,38.8,0.0,13.0,5,405.911,2.911,828.811
426.1,55.96,85.0,0.0,10.5,5,408.165,2.925,826.329
426.1,56.09,86.0,0.0,9.9,5,409.639,2.935,824.642
426.1,56.28,86.1,0.0,10.2,5,411.810,2.946,822.064
426.1,56.41,86.2,0.0,10.8,5,413.230,2.951,820.314
437.2,56.61,86.3,0.0,12.1,5,415.316,2.962,817.642
437.2,56.74,86.4,0.0,13.4,5,416.676,2.972,815.829
437.2,56.94,86.5,0.0,15.6,5,418.676,2.986,813.067
437.2,57.07,86.6,0.0,16.5,5,419.982,2.993,811.198
448.2,57.25,86.7,0.0,15.9,5,421.894,3.006,808.352
448.2,57.42,86.9,0.0,14.7,5,423.746,3.021,805.453
448.2,57.55,86.9,0.0,13.6,5,424.946,3.032,803.492
448.2,57.72,87.1,0.0,12.9,5,426.690,3.053,800.506
459.4,57.84,87.1,0.0,12.8,5,427.815,3.069,798.488
459.4,58.02,87.3,0.0,12.1,5,429.449,3.093,795.420
459.4,58.14,87.3,0.0,10.7,5,430.501,3.110,793.349
459.4,58.33,87.3,0.0,9.8,5,432.025,3.135,790.205
470.9,58.47,86.6,0.0,8.6,5,433.009,3.150,788.087
470.9,58.64,87.6,0.0,6.9,5,434.433,3.177,784.876
470.9,58.77,87.7,0.0,6.2,5,435.347,3.200,782.713
470.9,58.89,87.4,0.0,2.6,5,436.676,3.228,779.443
482.5,59.08,56.5,0.0,-2.8,5,437.542,3.236,777.250
482.5,59.14,75.1,0.0,-7.0,5,438.793,3.249,773.931
482.5,59.26,87.9,0.0,-5.6,5,439.587,3.263,771.701
482.5,59.48,87.9,0.0,-0.7,5,440.731,3.291,768.328
494.3,59.67,88.1,0.0,4.3,5,441.835,3.321,764.929
494.3,59.83,88.2,0.0,5.7,5,442.557,3.342,762.651
494.3,60.07,80.2,0.0,5.1,5,443.622,3.366,759.215
494.3,60.18,72.8,0.0,3.6,5,444.317,3.381,756.914
506.0,60.34,86.0,0.0,2.1,5,445.332,3.405,753.444
506.0,60.49,88.5,0.0,0.9,5,445.991,3.424,751.119
506.0,60.74,88.5,0.0,0.9,5,446.955,3.452,747.612
506.0,60.89,88.1,0.0,2.0,5,447.585,3.470,745.264
518.0,61.11,88.4,0.0,3.3,5,448.514,3.500,741.724
518.0,61.29,88.8,0.0,3.9,5,449.122,3.525,739.354
518.0,61.46,89.0,0.0,3.5,5,450.018,3.558,735.782
518.0,61.64,89.1,0.0,2.2,5,450.602,3.573,733.391
530.2,61.87,89.1,0.0,1.3,5,451.448,3.595,729.783
530.2,62.09,89.1,0.0,1.9,5,452.255,3.620,726.155
530.2,62.24,89.1,0.0,2.2,5,452.773,3.637,723.724
530.2,62.45,89.2,0.0,2.8,5,453.522,3.668,720.059
542.6,62.60,89.3,0.0,2.8,5,454.004,3.689,717.605
542.6,62.83,89.3,0.0,2.1,5,454.705,3.715,713.909
542.6,62.97,89.4,0.0,1.8,5,455.156,3.731,711.434
542.6,63.19,89.5,0.0,1.5,5,455.809,3.754,707.707
555.1,63.33,89.5,0.0,1.3,5,456.230,3.774,705.212
555.1,63.54,89.6,0.0,0.6,5,456.842,3.806,701.456
555.1,63.70,89.6,0.0,0.9,5,457.242,3.825,698.943
555.1,63.91,89.7,0.0,0.8,5,457.829,3.855,695.161
567.8,64.05,89.8,0.0,0.8,5,458.215,3.877,692.631
567.8,64.27,89.8,0.0,1.0,5,458.784,3.909,688.825
567.8,64.41,89.9,0.0,1.3,5,459.159,3.930,686.279
567.8,64.62,90.0,0.0,1.5,5,459.712,3.962,682.448
580.5,64.84,90.0,0.0,1.3,5,460.251,3.993,678.602
580.5,64.97,90.1,0.0,1.2,5,460.602,4.013,676.030
580.5,65.18,90.2,0.0,1.1,5,461.116,4.045,672.160
580.5,65.32,90.2,0.0,1.1,5,461.450,4.067,669.572
593.4,65.52,90.3,0.0,1.2,5,461.939,4.099,665.678
593.4,65.66,90.3,0.0,1.2,5,462.257,4.120,663.075
593.4,65.86,90.4,0.0,1.1,5,462.723,4.151,659.157
593.4,65.99,90.4,0.0,1.0,5,463.025,4.173,656.538
606.5,66.19,90.5,0.0,1.0,5,463.467,4.208,652.597
606.5,66.32,90.5,0.0,1.0,5,463.754,4.231,649.963
606.5,66.52,90.6,0.0,1.0,5,464.173,4.265,646.001
606.5,66.65,90.6,0.0,1.0,5,464.445,4.287,643.352
619.7,66.85,90.7,0.0,0.9,5,464.841,4.319,639.367
619.7,67.04,90.8,0.0,0.9,5,465.223,4.352,635.369
619.7,67.17,90.8,0.0,0.9,5,465.470,4.375,632.697
633.1,67.36,90.9,0.0,1.1,5,465.830,4.409,628.677
633.1,67.48,90.9,0.0,1.0,5,466.062,4.431,625.991
633.1,67.68,91.0,0.0,0.9,5,466.400,4.462,621.951
633.1,67.80,91.0,0.0,0.8,5,466.618,4.483,619.251
646.6,67.98,91.1,0.0,0.6,5,466.934,4.516,615.190
646.6,68.11,91.1,0.0,0.7,5,467.138,4.537,612.476
646.6,68.29,91.2,0.0,0.6,5,467.434,4.570,608.395
646.6,68.42,91.2,0.0,0.6,5,467.626,4.591,605.668
660.2,68.60,91.3,0.0,0.6,5,467.906,4.623,601.567
660.2,68.78,91.3,0.0,0.4,5,468.177,4.655,597.455
660.2,68.90,91.4,0.0,0.4,5,468.353,4.675,594.708
660.2,69.08,91.4,0.0,0.4,5,468.610,4.707,590.577
674.0,69.20,91.4,0.0,0.5,5,468.777,4.727,587.817
674.0,69.38,91.5,0.0,0.5,5,469.021,4.755,583.667
674.0,69.49,91.5,0.0,0.4,5,469.180,4.774,580.894
674.0,69.67,91.6,0.0,0.4,5,469.411,4.799,576.726
687.9,69.78,91.6,0.0,0.3,5,469.561,4.815,573.942
687.9,69.95,91.7,0.0,0.3,5,469.780,4.837,569.756
687.9,70.07,91.7,0.0,0.3,5,469.923,4.850,566.959
687.9,70.24,91.8,0.0,0.2,5,470.131,4.868,562.755
701.9,70.35,91.8,0.0,0.1,5,470.267,4.879,559.947
701.9,70.52,91.8,0.0,0.0,5,470.467,4.895,555.726
701.9,70.69,91.9,0.0,0.0,5,470.664,4.909,551.495
701.9,70.71,0.0,0.0,0.0,0,470.794,4.918,548.669
716.1,70.70,91.0,0.0,0.0,6,470.989,4.928,544.433
716.1,70.80,91.1,0.0,-0.0,6,471.118,4.934,541.607
716.1,70.96,91.1,0.0,-0.0,6,471.312,4.940,537.358
716.1,71.07,91.1,0.0,0.1,6,471.442,4.943,534.521
730.3,71.22,91.2,0.0,0.1,6,471.637,4.948,530.257
730.3,71.32,91.2,0.0,0.1,6,471.767,4.950,527.410
730.3,71.48,91.3,0.0,-0.0,6,471.963,4.948,523.131
730.3,71.58,91.3,0.0,-0.1,6,472.094,4.946,520.273
744.7,71.74,91.3,0.0,-0.1,6,472.291,4.941,515.978
744.7,71.83,91.4,0.0,-0.1,6,472.422,4.938,513.110
744.7,71.99,91.4,0.0,-0.0,6,472.620,4.931,508.800
744.7,72.08,91.4,0.0,-0.1,6,472.753,4.924,505.922
759.1,72.24,91.5,0.0,0.0,6,472.953,4.911,501.597
759.1,72.39,91.5,0.0,0.1,6,473.154,4.894,497.263
759.1,72.49,91.5,0.0,0.1,6,473.288,4.881,494.369
759.1,72.64,91.6,0.0,0.1,6,473.489,4.859,490.020
773.6,72.73,91.6,0.0,0.1,6,473.622,4.842,487.115
773.6,72.89,91.6,0.0,-0.1,6,473.822,4.818,482.752
773.6,72.98,91.7,0.0,-0.3,6,473.955,4.802,479.838
773.6,73.13,91.7,0.0,-0.5,6,474.155,4.779,475.459
788.2,73.22,91.7,0.0,-0.9,6,474.290,4.767,472.536
788.2,73.36,91.8,0.0,-1.2,6,474.498,4.749,468.143
788.2,73.46,91.8,0.0,-1.4,6,474.643,4.737,465.211
788.2,73.60,91.8,0.0,-1.7,6,474.874,4.717,460.805
802.8,73.69,91.9,0.0,-2.2,6,475.041,4.705,457.864
802.8,73.83,91.9,0.0,-2.9,6,475.312,4.687,453.447
802.8,73.92,91.9,0.0,-3.1,6,475.510,4.673,450.499
802.8,74.05,91.9,0.0,-3.4,6,475.839,4.648,446.072
817.6,74.17,92.0,0.0,-3.9,6,476.214,4.627,441.642
817.6,74.25,92.0,0.0,-4.5,6,476.491,4.612,438.687
817.6,74.38,92.0,0.0,-4.6,6,476.949,4.582,434.251
817.6,74.45,92.1,0.0,-4.7,6,477.288,4.562,431.294
832.4,74.55,92.1,0.0,-4.7,6,477.855,4.540,426.861
832.4,74.62,92.1,0.0,-4.9,6,478.271,4.528,423.907
832.4,74.73,92.2,0.0,-5.0,6,478.951,4.509,419.478
832.4,74.80,92.2,0.0,-5.0,6,479.443,4.496,416.528
847.3,74.90,92.2,0.0,-4.9,6,480.242,4.480,412.109
847.3,74.97,92.2,0.0,-4.2,6,480.813,4.469,409.167
847.3,75.08,92.3,0.0,-4.0,6,481.728,4.451,404.760
847.3,75.15,92.3,0.0,-4.2,6,482.375,4.438,401.826
862.1,75.26,92.3,0.0,-4.8,6,483.397,4.416,397.431
862.1,75.33,92.3,0.0,-5.1,6,484.114,4.398,394.506
862.1,75.44,92.3,0.0,-5.7,6,485.240,4.366,390.126
877.0,75.54,92.4,0.0,-5.7,6,486.429,4.324,385.755
877.0,75.60,92.4,0.0,-5.4,6,487.259,4.293,382.849
877.0,75.70,92.4,0.0,-3.8,6,488.565,4.243,378.503
877.0,75.76,92.5,0.0,-4.5,6,489.475,4.210,375.614
892.1,75.86,92.5,0.0,-5.5,6,490.899,4.156,371.295
892.1,75.92,92.5,0.0,-6.2,6,491.888,4.119,368.425
892.1,76.04,92.5,0.0,-6.6,6,493.963,4.043,362.713
892.1,76.10,92.5,0.0,-5.4,6,495.050,4.005,359.871
907.7,76.19,92.6,0.0,-2.5,6,496.744,3.949,355.629
907.7,76.25,91.3,0.0,-0.5,6,497.913,3.912,352.813
907.7,76.29,44.6,12.3,1.5,6,499.715,3.855,348.607
907.7,76.05,0.9,18.8,2.0,6,500.941,3.821,345.816
923.4,75.59,0.0,28.3,2.1,6,502.785,3.769,341.657
923.4,75.19,0.0,46.6,2.4,6,504.007,3.730,338.898
923.4,74.34,0.0,56.5,2.6,6,505.810,3.668,334.788
923.4,73.40,0.0,53.7,2.5,6,507.565,3.610,330.717
938.7,72.81,0.0,49.1,2.3,6,508.703,3.578,328.022
938.7,72.01,0.0,42.6,2.1,6,510.361,3.535,324.005
938.7,71.52,0.0,42.9,3.5,6,511.436,3.509,321.342
938.7,70.77,0.0,40.2,4.9,6,512.999,3.470,317.369
953.2,70.30,0.0,36.5,5.0,6,514.005,3.448,314.732
953.2,69.60,0.0,58.5,4.7,6,515.455,3.417,310.792
953.2,68.98,0.0,61.2,4.4,6,516.380,3.398,308.177
953.2,68.01,0.0,57.3,3.6,6,517.698,3.376,304.283
966.9,67.39,0.0,56.9,3.0,6,518.530,3.365,301.705
966.9,66.53,0.0,43.5,4.3,6,519.710,3.350,297.863
966.9,66.02,0.0,40.4,4.8,6,520.453,3.340,295.318
966.9,65.32,0.0,36.5,5.0,6,521.500,3.326,291.518
979.8,64.89,0.0,12.0,5.7,6,522.154,3.315,288.997
979.8,64.78,81.4,0.0,7.5,6,523.070,3.298,285.220
979.8,64.81,28.6,21.6,9.5,6,523.913,3.279,281.423
979.8,64.55,0.0,18.7,10.9,6,524.431,3.266,278.887
992.8,64.14,0.0,2.2,10.5,6,525.137,3.249,275.092
992.8,64.04,49.9,0.0,9.4,6,525.557,3.241,272.564
992.8,64.08,53.0,0.0,9.0,6,526.119,3.229,268.762
992.8,63.99,19.7,1.8,8.3,6,526.449,3.220,266.221
1007.1,63.80,44.6,0.0,8.1,6,526.865,3.215,262.410
1007.1,63.74,55.2,0.0,7.6,6,527.100,3.209,259.870
1007.1,63.83,45.7,10.5,4.3,6,527.394,3.193,256.055
1007.1,63.60,2.0,11.2,4.7,6,527.530,3.193,253.509
1021.1,63.29,0.0,1.6,6.3,6,527.661,3.197,249.705
1021.1,63.11,0.0,5.7,5.3,6,527.714,3.189,247.176
1021.1,62.73,0.0,5.6,5.6,6,527.714,3.180,243.401
1034.4,62.40,0.0,7.1,8.4,6,527.617,3.177,239.648
1034.4,62.17,0.0,5.3,10.5,6,527.503,3.176,237.159
1034.4,61.85,0.0,2.3,13.3,6,527.256,3.179,233.446
1034.4,61.66,0.0,0.5,14.3,6,527.041,3.185,230.985
1046.8,61.42,2.9,0.0,14.2,6,526.645,3.200,227.314
1046.8,61.27,2.5,0.0,13.8,6,526.335,3.211,224.880
1046.8,61.04,7.0,0.0,11.6,6,525.800,3.226,221.249
1046.8,60.89,7.5,0.0,8.9,6,525.397,3.236,218.844
1058.9,60.70,16.6,0.0,6.1,6,524.721,3.255,215.259
1058.9,60.57,46.4,0.0,4.4,6,523.956,3.279,211.703
1058.9,60.61,77.1,0.0,3.8,6,523.402,3.297,209.344
1058.9,60.76,84.9,0.0,3.9,6,522.507,3.326,205.816
1070.8,60.87,84.9,0.0,4.0,6,521.873,3.347,203.468
1070.8,61.05,85.1,0.0,2.9,6,520.876,3.377,199.949
1070.8,61.17,85.1,0.0,1.5,6,520.186,3.398,197.605
1070.8,61.36,85.3,0.0,0.0,6,519.124,3.429,194.086
1083.1,61.48,85.4,0.0,-1.2,6,518.401,3.449,191.738
1083.1,61.67,85.5,0.0,-2.2,6,517.306,3.479,188.210
1083.1,61.79,85.6,0.0,-2.5,6,516.575,3.499,185.852
1083.1,61.98,85.8,0.0,-2.8,6,515.485,3.526,182.303
1095.6,62.10,81.2,0.0,-3.1,6,514.767,3.543,179.928
1095.6,61.94,4.6,44.3,-3.0,6,513.711,3.566,176.356
1095.6,61.44,0.0,66.5,-2.6,6,513.028,3.578,173.983
1095.6,60.42,27.9,77.7,-3.9,0,512.039,3.595,170.460
1108.0,59.31,0.0,74.1,-3.6,5,511.103,3.613,166.991
1108.0,58.59,0.0,68.7,-2.8,5,510.510,3.624,164.707
1108.0,57.59,0.0,59.2,-1.4,5,509.669,3.638,161.323
1108.0,56.99,0.0,55.4,-1.8,5,509.142,3.648,159.092
1119.7,56.10,0.0,59.1,-2.5,5,508.402,3.663,155.778
1119.7,55.51,0.0,57.7,-2.8,5,507.942,3.674,153.593
1119.7,54.65,0.0,48.8,-5.2,5,507.299,3.690,150.350
1119.7,54.14,0.0,40.3,-6.3,5,506.901,3.700,148.210
1131.0,53.54,0.0,22.1,-7.2,5,506.355,3.714,145.026
1131.0,53.26,0.0,12.8,-8.1,5,506.025,3.722,142.915
1131.0,52.95,0.0,4.1,-9.2,5,505.581,3.730,139.760
1131.0,52.81,0.0,1.6,-9.9,5,505.322,3.734,137.661
1142.1,52.61,0.0,2.9,-11.2,5,504.990,3.738,134.515
1142.1,52.38,0.0,6.1,-12.6,5,504.726,3.737,131.376
1142.1,52.21,0.0,1.8,-13.9,5,504.589,3.734,129.289
1142.1,51.97,0.7,2.6,-15.3,5,504.439,3.723,126.166
1153.1,51.82,10.8,5.9,-14.7,5,504.380,3.713,124.091
1153.1,51.57,2.9,0.5,-12.5,0,504.361,3.700,120.989
1153.1,51.44,36.6,0.0,-10.6,0,504.399,3.696,118.929
1153.1,51.26,17.4,0.0,-7.3,4,504.525,3.694,115.850
1163.9,51.22,26.1,0.0,-5.9,4,504.648,3.689,113.804
1163.9,51.08,20.9,0.0,-5.6,4,504.902,3.687,110.746
1163.9,51.02,16.4,0.0,-4.3,4,505.106,3.678,108.714
1163.9,50.86,20.5,0.0,-2.6,4,505.486,3.673,105.682
1174.9,50.76,23.4,0.0,-2.4,4,505.784,3.672,103.671
1174.9,50.65,6.5,0.1,-2.3,4,506.281,3.658,100.669
1174.9,50.51,5.6,0.0,-2.8,4,506.650,3.645,98.679
1174.9,50.27,14.6,0.0,-2.2,4,507.266,3.626,95.719
1185.6,50.11,24.0,0.0,-0.9,4,507.958,3.609,92.788
1185.6,50.05,16.1,0.0,1.0,4,508.453,3.591,90.846
1185.6,49.82,11.7,0.0,2.0,4,509.265,3.566,87.962
1185.6,49.68,11.7,0.0,1.5,4,509.849,3.550,86.060
1196.1,49.49,11.6,0.0,-0.2,4,510.781,3.521,83.234
1196.1,49.36,11.5,0.0,-1.8,4,511.440,3.498,81.370
1196.1,49.17,11.5,0.0,-5.2,4,512.486,3.461,78.606
1196.1,49.05,20.5,0.0,-8.2,4,513.222,3.435,76.785
1206.3,48.96,29.6,0.0,-13.6,4,514.384,3.393,74.084
1206.3,48.91,30.5,0.0,-17.9,4,515.198,3.364,72.304
1206.3,48.94,51.6,0.0,-23.2,4,516.477,3.320,69.663
1206.3,49.02,65.2,0.0,-25.2,4,517.367,3.292,67.918
1216.3,49.22,73.6,0.0,-24.9,4,518.757,3.253,65.321
1216.3,49.37,80.2,0.0,-22.8,4,519.720,3.229,63.601
1216.3,49.64,84.0,0.0,-15.2,4,521.222,3.197,61.039
1226.2,49.88,54.5,6.5,-5.8,4,522.793,3.168,58.500
1226.2,49.78,5.6,31.7,-0.4,4,523.873,3.149,56.823
1226.2,49.18,0.0,57.9,5.1,4,525.520,3.120,54.350
1226.2,48.59,0.0,70.0,7.9,4,526.622,3.102,52.733
1236.0,47.59,0.0,79.6,8.6,4,528.257,3.076,50.353
1236.0,46.86,0.0,82.9,7.9,4,529.323,3.058,48.791
1236.0,45.72,0.0,87.3,6.3,4,530.874,3.030,46.484
1236.0,44.94,0.0,89.1,5.5,0,531.871,3.012,44.968
1245.1,43.81,0.0,76.9,4.3,3,533.309,2.986,42.725
1245.1,43.11,0.0,47.0,3.5,3,534.228,2.969,41.249
1245.1,42.44,0.0,14.0,2.4,3,535.548,2.942,39.049
1245.1,42.21,0.0,6.4,2.6,3,536.389,2.923,37.580
1253.6,41.98,0.0,1.8,5.7,3,537.597,2.892,35.362
1279.7,41.56,49.6,0.0,20.6,3,547.345,2.430,5.540
1288.3,41.70,47.4,0.0,21.9,3,547.649,2.391,3.062
1288.3,41.79,42.8,0.0,23.0,3,547.885,2.348,0.569
1288.3,41.86,45.4,0.0,24.0,3,548.004,2.319,-1.100
1288.3,41.99,56.7,0.0,23.9,3,548.123,2.275,-3.611
1297.4,42.16,72.5,0.0,24.1,3,548.164,2.245,-5.293
1297.4,42.51,84.5,0.0,24.4,3,548.168,2.199,-7.831
1297.4,42.75,84.6,0.0,24.8,3,548.135,2.167,-9.535
1297.4,43.12,84.5,0.0,24.8,3,548.032,2.115,-12.107
1306.8,43.33,75.0,0.0,24.9,3,547.924,2.080,-13.832
1306.8,43.54,55.4,0.0,25.1,3,547.699,2.028,-16.428
1306.8,43.60,52.0,0.0,25.3,3,547.503,1.996,-18.159
1306.8,43.74,55.5,0.0,26.3,3,547.141,1.949,-20.754
1316.5,43.85,64.9,0.0,26.7,3,546.855,1.920,-22.481
1316.5,44.04,65.4,0.0,27.3,3,546.362,1.878,-25.071
1316.5,44.20,52.2,0.0,25.6,3,545.784,1.843,-27.654
1316.5,44.29,61.4,0.0,26.2,3,545.354,1.821,-29.371
1326.3,44.52,71.6,0.0,26.3,3,544.643,1.790,-31.937
1326.3,44.68,70.5,0.0,28.4,3,544.127,1.770,-33.645
1326.3,44.92,64.7,0.0,31.1,3,543.295,1.736,-36.200
1326.3,45.03,56.3,0.0,33.5,3,542.701,1.713,-37.898
1336.1,45.06,31.7,0.0,36.4,3,541.750,1.678,-40.429
1336.1,45.02,28.0,0.0,37.5,3,541.075,1.658,-42.099
1336.1,44.94,26.5,0.0,37.8,3,540.003,1.630,-44.576
1336.1,44.90,25.3,0.0,38.0,3,539.250,1.613,-46.207
1345.5,44.87,38.4,0.0,38.6,3,538.068,1.587,-48.626
1345.5,44.82,22.9,0.0,38.8,3,536.820,1.561,-51.011
1345.5,44.73,20.6,0.0,38.6,3,535.952,1.544,-52.577
1354.8,44.61,21.0,0.0,37.6,3,534.596,1.521,-54.889
1354.8,44.54,21.7,0.0,35.9,3,533.656,1.507,-56.405
1354.8,44.44,24.7,0.0,33.0,3,532.197,1.485,-58.640
1354.8,44.40,27.8,0.0,31.3,3,531.190,1.471,-60.103
1390.7,48.65,85.9,0.0,4.7,3,504.089,1.010,-87.529
1400.1,49.02,86.1,0.0,4.8,3,501.796,0.972,-89.352
1400.1,49.40,86.3,0.0,5.6,3,499.464,0.929,-91.162
1400.1,49.65,86.4,0.0,5.2,3,497.886,0.900,-92.359
1409.9,50.02,86.6,0.0,3.6,3,495.485,0.855,-94.139
1409.9,50.26,86.7,0.0,3.6,3,493.861,0.824,-95.315
1409.9,50.62,86.8,0.0,3.6,3,491.393,0.780,-97.065
1409.9,50.75,0.0,0.0,3.2,0,489.726,0.752,-98.221
1419.9,50.85,85.1,0.0,2.0,4,487.208,0.713,-99.932
1419.9,51.07,85.2,0.0,1.3,4,485.513,0.688,-101.064
1419.9,51.41,85.4,0.0,0.4,4,482.947,0.654,-102.755
1419.9,51.63,85.5,0.0,0.0,4,481.222,0.632,-103.881
1430.3,51.95,85.7,0.0,-0.5,4,478.615,0.598,-105.571
1430.3,52.18,85.8,0.0,-1.0,4,476.867,0.576,-106.701
1430.3,52.50,85.9,0.0,-1.9,4,474.231,0.544,-108.406
1430.3,52.83,86.2,0.0,-2.6,4,471.582,0.511,-110.127
1440.9,53.01,86.3,0.0,-2.9,4,469.811,0.489,-111.286
1440.9,53.34,86.5,0.0,-3.0,4,467.150,0.460,-113.047
1440.9,53.57,86.5,0.0,-3.4,4,465.375,0.442,-114.237
1440.9,53.88,86.7,0.0,-3.8,4,462.712,0.417,-116.050
1451.9,54.08,86.8,0.0,-3.8,4,460.937,0.403,-117.279
1451.9,54.39,87.0,0.0,-4.6,4,458.278,0.382,-119.153
1451.9,54.58,87.0,0.0,-5.2,4,456.508,0.364,-120.424
1451.9,54.89,87.1,0.0,-5.8,4,453.859,0.336,-122.365
1463.3,55.10,87.1,0.0,-6.1,4,452.098,0.313,-123.684
1463.3,55.39,87.3,0.0,-6.0,4,449.473,0.281,-125.706
1463.3,55.56,87.4,0.0,-5.7,4,447.738,0.266,-127.088
1463.3,55.85,87.6,0.0,-5.9,4,445.154,0.249,-129.206
1474.9,56.04,87.6,0.0,-6.1,4,443.442,0.238,-130.647
1474.9,56.32,87.7,0.0,-6.6,4,440.892,0.222,-132.851
1474.9,56.60,87.9,0.0,-4.8,4,438.369,0.210,-135.110
1474.9,56.78,87.9,0.0,-4.9,4,436.700,0.204,-136.645
1486.5,57.06,88.1,0.0,-5.2,4,434.217,0.198,-138.989
1486.5,57.24,88.1,0.0,-5.4,4,432.574,0.195,-140.579
1486.5,57.52,88.2,0.0,-5.2,4,430.128,0.189,-143.000
1486.5,57.70,88.3,0.0,-5.0,4,428.510,0.185,-144.641
1498.2,57.97,88.4,0.0,-4.7,4,426.104,0.179,-147.140
1498.2,58.15,88.5,0.0,-4.7,4,424.514,0.177,-148.832
1498.2,58.41,88.6,0.0,-4.7,4,422.150,0.175,-151.409
1498.2,58.59,88.7,0.0,-4.6,4,420.589,0.176,-153.151
1510.0,58.85,88.8,0.0,-4.8,4,418.270,0.182,-155.803
1510.0,59.02,88.9,0.0,-5.0,4,416.738,0.186,-157.594
1510.0,59.29,89.0,0.0,-5.0,4,414.458,0.187,-160.315
1510.0,59.55,89.1,0.0,-4.9,4,412.206,0.183,-163.077
1521.7,59.72,89.2,0.0,-4.8,4,410.720,0.179,-164.942
1521.7,59.96,89.3,0.0,-5.0,4,408.516,0.170,-167.776
1521.7,60.13,89.3,0.0,-5.2,4,407.064,0.161,-169.689
1521.7,60.37,89.4,0.0,-5.9,4,404.913,0.145,-172.594
1533.5,60.54,89.5,0.0,-4.5,4,403.499,0.135,-174.556
1533.5,60.78,89.6,0.0,-4.4,4,401.407,0.118,-177.533
1533.5,60.94,89.6,0.0,-3.8,4,400.030,0.104,-179.541
1533.5,60.97,0.0,0.0,-3.2,0,397.995,0.083,-182.582
1545.6,61.04,88.5,0.0,-2.6,5,396.661,0.068,-184.624
1545.6,61.28,88.5,0.0,-2.0,5,394.684,0.045,-187.714
1545.6,61.43,88.6,0.0,-1.8,5,393.380,0.032,-189.793
1545.6,61.65,88.7,0.0,-3.1,5,391.444,0.017,-192.937
1557.9,61.81,88.8,0.0,-3.0,5,390.165,0.007,-195.048
1557.9,62.04,88.9,0.0,-2.2,5,388.264,-0.006,-198.240
1557.9,62.27,88.9,0.0,-1.3,5,386.384,-0.017,-201.460
1557.9,62.43,89.0,0.0,-1.3,5,385.141,-0.022,-203.623
1570.3,62.65,89.1,0.0,-1.5,5,383.291,-0.027,-206.886
1570.3,62.80,89.2,0.0,-1.9,5,382.065,-0.030,-209.075
1570.3,63.03,89.2,0.0,-2.1,5,380.237,-0.036,-212.378
1570.3,63.18,89.3,0.0,-2.0,5,379.026,-0.039,-214.592
1582.8,63.40,89.4,0.0,-1.5,5,377.222,-0.044,-217.934
1582.8,63.55,89.4,0.0,-1.4,5,376.027,-0.048,-220.174
1582.8,63.77,89.5,0.0,-1.5,5,374.246,-0.052,-223.552
1582.8,63.92,89.6,0.0,-1.5,5,373.065,-0.054,-225.817
1595.5,64.14,89.6,0.0,0.2,5,371.303,-0.057,-229.230
1595.5,64.29,89.7,0.0,0.8,5,370.131,-0.059,-231.515
1595.5,64.51,89.8,0.0,0.8,5,368.373,-0.062,-234.956
1595.5,64.66,89.8,0.0,0.4,5,367.198,-0.066,-237.256
1608.4,64.88,89.9,0.0,-0.1,5,365.429,-0.076,-240.716
1608.4,65.02,89.9,0.0,-0.3,5,364.245,-0.083,-243.028
1608.4,65.23,90.0,0.0,-0.4,5,362.462,-0.096,-246.504
1621.4,65.44,90.1,0.0,-0.4,5,360.674,-0.111,-249.993
1621.4,65.59,90.1,0.0,-0.5,5,359.480,-0.120,-252.325
1621.4,65.79,90.2,0.0,-0.6,5,357.687,-0.135,-255.835
1621.4,65.93,90.2,0.0,-0.4,5,356.492,-0.145,-258.182
1634.5,66.14,90.3,0.0,-0.2,5,354.699,-0.160,-261.715
1634.5,66.28,90.4,0.0,-0.0,5,353.504,-0.171,-264.078
1634.5,66.48,90.4,0.0,0.0,5,351.711,-0.187,-267.633
1634.5,66.62,90.5,0.0,0.1,5,350.514,-0.198,-270.011
1647.8,66.82,90.5,0.0,0.2,5,348.717,-0.214,-273.588
1647.8,66.95,90.6,0.0,0.1,5,347.517,-0.224,-275.979
1647.8,67.16,90.6,0.0,0.2,5,345.712,-0.240,-279.574
1647.8,67.29,90.7,0.0,-0.1,5,344.506,-0.252,-281.977
1661.3,67.49,90.7,0.0,-0.1,5,342.691,-0.270,-285.590
1661.3,67.69,90.8,0.0,0.1,5,340.872,-0.290,-289.214
1661.3,67.82,90.8,0.0,0.1,5,339.656,-0.304,-291.636
1661.3,68.01,90.9,0.0,0.1,5,337.829,-0.326,-295.277
1674.8,68.14,90.9,0.0,0.0,5,336.608,-0.340,-297.711
1674.8,68.34,91.0,0.0,0.2,5,334.772,-0.366,-301.369
1674.8,68.46,91.0,0.0,-0.0,5,333.544,-0.385,-303.814
1674.8,68.64,91.1,0.0,-0.1,5,331.698,-0.405,-307.489
1688.5,68.77,91.2,0.0,0.1,5,330.464,-0.418,-309.944
1688.5,68.96,91.2,0.0,-0.1,5,328.608,-0.440,-313.635
1688.5,69.09,91.3,0.0,-0.1,5,327.368,-0.457,-316.102
1688.5,69.27,91.3,0.0,-0.2,5,325.503,-0.481,-319.809
1702.3,69.39,91.4,0.0,-0.0,5,324.258,-0.497,-322.287
1702.3,69.57,91.4,0.0,-0.2,5,322.386,-0.519,-326.011
1702.3,69.75,91.5,0.0,-0.6,5,320.511,-0.541,-329.746
1702.3,69.87,91.5,0.0,-0.7,5,319.261,-0.557,-332.243
1716.2,70.05,91.6,0.0,-0.3,5,317.385,-0.580,-335.998
1716.2,70.17,91.6,0.0,-0.1,5,316.135,-0.596,-338.508
1716.2,70.34,91.6,0.0,-0.0,5,314.260,-0.619,-342.283
1716.2,70.46,91.7,0.0,-0.0,5,313.011,-0.635,-344.806
1730.3,70.62,91.8,0.0,0.0,0,311.135,-0.659,-348.600
1730.3,70.55,0.0,0.0,-0.0,0,309.885,-0.675,-351.132
1730.3,70.65,90.9,0.0,-0.1,6,308.011,-0.699,-354.929
1730.3,70.76,90.9,0.0,-0.1,6,306.761,-0.716,-357.466
1744.4,70.92,91.0,0.0,-0.4,6,304.883,-0.743,-361.278
1744.4,71.03,91.0,0.0,-0.5,6,303.630,-0.762,-363.825
1744.4,71.19,91.0,0.0,-0.3,6,301.751,-0.791,-367.655
1744.4,71.34,91.1,0.0,-0.2,6,299.872,-0.822,-371.495
1758.6,71.45,91.1,0.0,-0.2,6,298.619,-0.843,-374.061
1758.6,71.61,91.2,0.0,-0.2,6,296.740,-0.875,-377.920
1758.6,71.71,91.2,0.0,-0.2,6,295.488,-0.897,-380.498
1758.6,71.87,91.2,0.0,-0.1,6,293.609,-0.930,-384.373
1773.0,72.03,91.3,0.0,-0.1,6,291.729,-0.963,-388.259
1773.0,72.12,91.3,0.0,-0.0,6,290.475,-0.985,-390.854
1773.0,72.28,91.3,0.0,-0.0,6,288.593,-1.017,-394.756
1773.0,72.38,91.4,0.0,-0.0,6,287.337,-1.038,-397.362
1787.4,72.53,91.4,0.0,-0.0,6,285.451,-1.073,-401.278
1787.4,72.64,91.4,0.0,0.0,6,284.191,-1.097,-403.894
1787.4,72.78,91.5,0.0,0.1,6,282.298,-1.130,-407.824
1787.4,72.88,91.5,0.0,0.1,6,281.035,-1.148,-410.449
1801.9,73.03,91.6,0.0,0.1,6,279.136,-1.174,-414.392
1861.0,74.81,92.0,0.0,0.3,6,254.574,-1.531,-464.925
1861.0,74.91,92.0,0.0,0.3,6,253.249,-1.550,-467.610
1861.0,75.03,92.1,0.0,0.3,6,251.256,-1.576,-471.642
1861.0,75.12,92.1,0.0,0.3,6,249.922,-1.593,-474.332
1876.0,75.25,92.1,0.0,0.3,6,247.915,-1.620,-478.372
1876.0,75.34,92.2,0.0,0.2,6,246.572,-1.637,-481.068
1876.0,75.47,92.2,0.0,0.2,6,244.551,-1.662,-485.115
1876.0,75.56,92.2,0.0,0.2,6,243.199,-1.678,-487.816
1891.1,75.68,92.3,0.0,0.2,6,241.165,-1.702,-491.871
1891.1,75.76,92.3,0.0,0.1,6,239.805,-1.717,-494.577
1891.1,75.89,92.3,0.0,0.1,6,237.759,-1.740,-498.640
1891.1,76.02,92.3,0.0,0.1,6,235.706,-1.763,-502.709
1906.3,76.10,92.4,0.0,0.1,6,234.334,-1.778,-505.424
1906.3,76.23,92.4,0.0,0.2,6,232.270,-1.802,-509.501
1906.3,76.31,92.4,0.0,0.2,6,230.890,-1.818,-512.222
1906.3,76.43,92.4,0.0,0.1,6,228.816,-1.841,-516.307
1921.6,76.51,92.5,0.0,0.1,6,227.430,-1.857,-519.034
1921.6,76.64,92.5,0.0,0.1,6,225.345,-1.882,-523.127
1921.6,76.71,92.5,0.0,0.0,6,223.952,-1.900,-525.860
1921.6,76.83,92.5,0.0,-0.0,6,221.857,-1.923,-529.962
1936.9,76.91,92.6,0.0,-0.1,6,220.458,-1.937,-532.700
1936.9,77.03,92.6,0.0,-0.2,6,218.356,-1.959,-536.811
1936.9,77.11,92.6,0.0,-0.2,6,216.952,-1.976,-539.556
1936.9,77.23,92.6,0.0,-0.2,6,214.844,-2.005,-543.678
1952.4,77.35,92.6,0.0,-0.2,6,212.736,-2.041,-547.808
1952.4,77.42,92.7,0.0,-0.2,6,211.330,-2.068,-550.566
1952.4,77.54,92.7,0.0,-0.2,6,209.223,-2.111,-554.709
1952.4,77.62,92.7,0.0,-0.3,6,207.819,-2.141,-557.476
1967.9,77.73,92.8,0.0,-0.4,6,205.714,-2.188,-561.634
1967.9,77.80,92.8,0.0,-0.4,6,204.312,-2.220,-564.410
1967.9,77.92,92.8,0.0,-0.4,6,202.212,-2.271,-568.582
1967.9,77.99,92.8,0.0,-0.4,6,200.813,-2.305,-571.369
1983.4,78.10,92.8,0.0,-0.4,6,198.719,-2.356,-575.556
1983.4,78.18,92.8,0.0,-0.4,6,197.324,-2.392,-578.353
1983.4,78.29,92.9,0.0,-0.3,6,195.235,-2.446,-582.555
1983.4,78.36,92.9,0.0,-0.3,6,193.844,-2.483,-585.362
1999.1,78.47,92.9,0.0,-0.2,6,191.760,-2.535,-589.580
1999.1,78.54,92.9,0.0,-0.1,6,190.372,-2.569,-592.397
1999.1,78.65,93.0,0.0,0.0,6,188.291,-2.626,-596.628
1999.1,78.75,93.0,0.0,0.2,6,186.209,-2.683,-600.866
2014.8,78.82,93.0,0.0,0.3,6,184.820,-2.720,-603.694
2014.8,78.93,93.0,0.0,0.5,6,182.733,-2.777,-607.941
2014.8,79.00,93.1,0.0,0.6,6,181.339,-2.813,-610.775
2014.8,79.10,93.1,0.0,0.6,6,179.240,-2.864,-615.027
2030.6,79.17,93.1,0.0,0.7,6,177.835,-2.899,-617.864
2030.6,79.27,93.1,0.0,0.7,6,175.717,-2.951,-622.118
2030.6,79.33,93.2,0.0,0.7,6,174.298,-2.983,-624.954
2030.6,79.35,0.0,0.0,0.8,0,172.156,-3.024,-629.207
2046.4,79.26,92.4,0.0,0.7,7,170.723,-3.050,-632.037
2046.4,79.36,92.4,0.0,0.7,7,168.562,-3.088,-636.276
2046.4,79.42,92.4,0.0,0.6,7,167.113,-3.111,-639.102
2046.4,79.51,92.5,0.0,0.4,7,164.927,-3.144,-643.339
2062.3,79.60,92.5,0.0,0.4,7,162.727,-3.172,-647.574
2062.3,79.66,92.5,0.0,0.4,7,161.252,-3.188,-650.397
2062.3,79.75,92.5,0.0,0.4,7,159.030,-3.208,-654.632
2062.3,79.81,92.5,0.0,0.4,7,157.542,-3.219,-657.454
2078.2,79.90,92.6,0.0,0.3,7,155.301,-3.230,-661.689
2078.2,79.95,92.6,0.0,0.3,7,153.800,-3.234,-664.512
2078.2,80.04,92.6,0.0,0.4,7,151.540,-3.236,-668.746
2078.2,80.10,92.6,0.0,0.4,7,150.028,-3.236,-671.569
2094.2,80.18,92.6,0.0,0.5,7,147.751,-3.233,-675.804
2094.2,80.24,92.6,0.0,0.5,7,146.228,-3.228,-678.628
2094.2,80.32,92.6,0.0,0.5,7,143.935,-3.219,-682.863
2094.2,80.37,92.7,0.0,0.5,7,142.401,-3.210,-685.687
2110.2,80.45,92.7,0.0,0.5,7,140.090,-3.192,-689.922
2110.2,80.50,92.7,0.0,0.5,7,138.543,-3.177,-692.745
2110.2,80.58,92.7,0.0,0.7,7,136.213,-3.150,-696.978
2110.2,80.63,92.7,0.0,0.8,7,134.653,-3.130,-699.800
2126.2,80.71,92.7,0.0,0.9,7,132.302,-3.096,-704.031
2126.2,80.78,92.7,0.0,1.0,7,129.936,-3.057,-708.258
2126.2,80.83,92.8,0.0,1.1,7,128.350,-3.028,-711.074
2142.4,80.90,92.8,0.0,1.5,7,125.953,-2.980,-715.292
2142.4,80.95,92.8,0.0,1.6,7,124.343,-2.944,-718.100
2142.4,81.02,92.8,0.0,1.7,7,121.907,-2.884,-722.304
2142.4,81.05,79.0,0.0,1.8,7,120.268,-2.840,-725.100
2158.5,80.72,9.9,69.2,1.2,7,117.790,-2.770,-729.278
2158.5,79.97,0.0,82.9,1.4,7,116.136,-2.720,-732.035
2158.5,78.67,0.0,90.3,1.0,7,113.666,-2.637,-736.107
2158.5,77.77,0.0,92.0,0.8,7,112.031,-2.580,-738.776
2174.2,76.40,0.0,92.2,0.4,7,109.594,-2.491,-742.709
2174.2,75.48,0.0,92.0,0.5,7,107.982,-2.430,-745.285
2174.2,74.11,0.0,91.8,0.6,7,105.584,-2.339,-749.080
2174.2,72.76,0.0,92.3,1.4,7,103.209,-2.248,-752.793
2189.0,71.85,0.0,91.9,1.8,7,101.640,-2.189,-755.223
2189.0,70.53,0.0,93.7,2.4,7,99.303,-2.102,-758.800
2189.0,69.64,25.8,94.8,2.5,0,97.757,-2.051,-761.141
2189.0,68.23,0.0,91.4,1.0,6,95.453,-1.979,-764.578
2202.9,67.34,0.0,91.2,0.3,6,93.922,-1.926,-766.818
2202.9,66.02,0.0,92.8,0.4,6,91.636,-1.848,-770.104
2202.9,65.11,0.0,92.0,0.3,6,90.122,-1.800,-772.246
2202.9,63.78,0.0,90.8,1.3,6,87.864,-1.725,-775.388
2215.9,62.91,0.0,92.1,2.0,6,86.368,-1.676,-777.434
2215.9,61.60,28.5,91.6,1.9,0,84.141,-1.604,-780.435
2215.9,60.74,0.0,92.4,1.7,5,82.667,-1.558,-782.389
2215.9,59.43,0.0,91.8,1.4,5,80.473,-1.492,-785.252
2228.0,58.56,0.0,91.2,1.4,5,79.021,-1.449,-787.114
2228.0,57.27,0.0,91.0,1.8,5,76.859,-1.389,-789.836
2228.0,55.98,0.0,90.8,2.4,5,74.716,-1.331,-792.475
2228.0,55.14,0.0,91.3,2.8,5,73.296,-1.294,-794.186
2239.2,53.88,33.0,88.7,2.7,0,71.181,-1.241,-796.683
2239.2,53.05,0.0,80.7,2.2,4,69.779,-1.207,-798.299
2239.2,51.90,0.0,62.0,1.1,4,67.685,-1.155,-800.652
2239.2,51.29,0.0,41.9,0.3,4,66.290,-1.121,-802.175
2249.6,50.62,0.0,23.8,-0.1,4,64.190,-1.071,-804.394
2249.6,50.30,0.0,18.0,1.2,4,62.776,-1.037,-805.835
2249.6,49.91,0.0,13.8,5.1,4,60.632,-0.987,-807.943
2249.6,49.68,0.0,11.7,7.7,4,59.188,-0.953,-809.315
2259.5,49.37,0.0,10.6,10.4,4,57.000,-0.902,-811.326
2259.5,49.07,0.0,8.4,11.5,4,54.788,-0.850,-813.282
2259.5,48.89,0.0,8.5,11.5,4,53.300,-0.816,-814.556
2259.5,48.61,0.0,7.1,11.2,4,51.044,-0.767,-816.419
2269.2,48.34,0.0,5.9,10.3,4,48.760,-0.719,-818.219
2269.2,48.17,0.0,3.6,10.1,4,47.220,-0.687,-819.382
2269.2,47.94,0.0,2.5,10.6,4,44.884,-0.638,-821.073
2269.2,47.80,0.0,1.9,11.3,4,43.310,-0.606,-822.164
2278.9,47.59,0.0,0.8,11.4,4,40.925,-0.559,-823.745
2278.9,47.45,1.6,0.0,12.1,4,39.319,-0.527,-824.761
2278.9,47.28,6.3,0.0,13.8,4,36.885,-0.479,-826.229
2278.9,47.17,6.2,0.0,14.2,4,35.247,-0.447,-827.169
2288.6,47.01,6.5,0.0,12.9,4,32.766,-0.398,-828.522
2288.6,46.85,5.1,0.0,11.1,4,30.261,-0.350,-829.806
2288.6,46.73,4.6,0.0,11.0,4,28.577,-0.317,-830.623
2298.4,46.57,6.9,0.0,12.4,4,26.034,-0.270,-831.792
2298.4,46.47,9.2,0.0,12.3,4,24.327,-0.237,-832.533
2298.4,46.34,13.4,0.0,13.8,4,21.750,-0.187,-833.584
2298.4,46.26,12.1,0.0,13.2,4,20.020,-0.154,-834.246
2308.2,46.11,5.4,0.0,15.4,4,17.413,-0.105,-835.183
2308.2,46.00,4.0,0.0,16.6,4,15.667,-0.074,-835.771
2308.2,45.82,7.1,0.0,17.2,4,13.038,-0.028,-836.594
2308.2,45.72,7.6,0.0,16.7,4,11.279,0.002,-837.100
2317.9,45.55,6.8,0.0,15.9,4,8.631,0.050,-837.794
2317.9,45.43,5.1,0.0,15.5,4,6.860,0.083,-838.214
2317.9,45.25,3.4,0.0,15.4,4,4.199,0.132,-838.779
2317.9,45.13,4.2,0.0,15.3,4,2.423,0.164,-839.114
2327.4,44.95,2.1,0.0,15.4,4,-0.243,0.210,-839.554
2327.4,44.76,1.5,0.0,16.4,4,-2.910,0.255,-839.918
2327.4,44.63,2.7,0.0,16.5,4,-4.686,0.284,-840.119
2327.4,44.44,1.9,0.0,15.0,4,-7.347,0.327,-840.358
2336.9,44.32,1.9,0.2,14.3,4,-9.119,0.354,-840.477
2336.9,44.13,0.8,0.2,14.1,4,-11.770,0.393,-840.594
2336.9,44.06,30.9,0.0,13.9,4,-13.533,0.418,-840.631
2336.9,44.17,68.6,0.0,13.5,4,-16.178,0.454,-840.630
2346.4,44.26,36.0,17.6,13.5,4,-17.946,0.477,-840.592
2346.4,43.91,0.0,36.3,14.9,4,-20.591,0.508,-840.481
2346.4,43.54,0.0,15.0,15.8,4,-22.337,0.527,-840.372
2346.4,43.28,29.3,0.0,15.6,4,-24.931,0.553,-840.157
2355.7,43.38,79.6,0.0,15.4,4,-26.654,0.568,-839.977
2355.7,43.65,81.8,0.0,15.3,4,-29.244,0.589,-839.652
2355.7,43.92,81.6,0.0,14.6,4,-31.841,0.606,-839.258
2355.7,44.10,81.9,0.0,14.4,4,-33.575,0.617,-838.958
2365.1,44.37,82.2,0.0,14.6,4,-36.179,0.633,-838.447
2365.1,44.55,82.3,0.0,14.7,4,-37.916,0.643,-838.067
2365.1,44.83,81.7,0.0,14.8,4,-40.522,0.660,-837.437
2365.1,45.00,78.2,0.0,15.0,4,-42.258,0.670,-836.978
2374.6,45.24,72.5,0.0,15.1,4,-44.861,0.685,-836.233
2374.6,45.40,72.9,0.0,15.4,4,-46.593,0.694,-835.700
2374.6,45.63,77.2,0.0,15.9,4,-49.185,0.704,-834.844
2374.6,45.80,77.3,0.0,15.5,4,-50.909,0.710,-834.234
2384.0,46.05,78.7,0.0,15.1,4,-53.486,0.720,-833.262
2384.0,46.22,79.1,0.0,14.9,4,-55.198,0.726,-832.574
2384.0,46.48,81.1,0.0,14.9,4,-57.757,0.734,-831.486
2384.0,46.67,82.0,0.0,14.9,4,-59.456,0.737,-830.723
2393.7,46.95,83.3,0.0,15.2,4,-61.994,0.739,-829.523
2393.7,47.13,83.4,0.0,15.3,4,-63.678,0.739,-828.684
2393.7,47.41,83.6,0.0,16.0,4,-66.189,0.738,-827.368
2393.7,47.68,81.0,0.0,16.9,4,-68.682,0.734,-825.982
2403.5,47.84,77.8,0.0,17.2,4,-70.333,0.731,-825.020
2403.5,48.08,78.3,0.0,17.7,4,-72.788,0.724,-823.521
2403.5,48.24,80.9,0.0,18.0,4,-74.411,0.718,-822.483
2403.5,48.50,82.2,0.0,17.8,4,-76.822,0.709,-820.869
2413.2,48.67,82.1,0.0,17.6,4,-78.413,0.702,-819.754
2451.9,50.35,85.9,0.0,16.7,4,-105.800,0.392,-792.513
2451.9,50.62,86.1,0.0,15.8,4,-107.546,0.354,-790.039
2451.9,50.81,86.1,0.0,14.7,4,-108.682,0.326,-788.359
2451.9,51.06,86.3,0.0,14.4,4,-110.345,0.281,-785.796
2461.8,51.26,86.5,0.0,12.9,4,-111.430,0.246,-784.062
2461.8,51.54,86.5,0.0,8.5,4,-113.016,0.190,-781.418
2461.8,51.71,86.7,0.0,5.8,4,-114.044,0.150,-779.628
2461.8,51.99,86.9,0.0,2.2,4,-115.540,0.092,-776.903
2472.0,52.18,86.9,0.0,0.7,4,-116.516,0.053,-775.063
2516.1,56.35,88.5,0.0,-2.4,4,-136.002,-1.190,-736.337
2516.1,56.65,88.6,0.0,-2.0,4,-137.647,-1.303,-733.375
2516.1,56.87,88.6,0.0,-1.6,4,-138.761,-1.383,-731.399
2516.1,57.17,88.8,0.0,-1.9,4,-140.457,-1.507,-728.432
2527.7,57.37,88.8,0.0,-1.7,4,-141.603,-1.594,-726.451
2527.7,57.67,88.9,0.0,-2.5,4,-143.346,-1.732,-723.477
2527.7,57.87,89.0,0.0,-2.5,4,-144.525,-1.827,-721.492
2527.7,58.17,89.1,0.0,-2.0,4,-146.319,-1.973,-718.514
2539.4,58.46,89.2,0.0,-1.3,4,-148.146,-2.119,-715.534
2539.4,58.66,89.3,0.0,-1.4,4,-149.380,-2.217,-713.546
2539.4,58.96,89.4,0.0,-2.4,4,-151.255,-2.366,-710.561
2539.4,59.16,89.5,0.0,-2.5,4,-152.521,-2.465,-708.569
2551.3,59.44,89.6,0.0,-2.3,4,-154.445,-2.611,-705.580
2551.3,59.63,89.7,0.0,-2.0,4,-155.745,-2.704,-703.587
2551.3,59.92,89.8,0.0,-1.8,4,-157.720,-2.840,-700.598
2551.3,60.11,89.8,0.0,-1.7,4,-159.054,-2.929,-698.604
2563.3,60.39,89.9,0.0,-1.6,4,-161.078,-3.061,-695.613
2600.5,63.25,89.7,0.0,-0.5,5,-188.560,-3.960,-657.561
2613.1,63.40,89.8,0.0,-0.6,5,-190.079,-3.974,-655.535
2613.1,63.63,89.8,0.0,-0.6,5,-192.370,-3.992,-652.490
2613.1,63.77,89.9,0.0,-0.5,5,-193.905,-4.002,-650.456
2613.1,64.00,90.0,0.0,-0.5,5,-196.219,-4.015,-647.402
2625.8,64.22,90.0,0.0,-0.5,5,-198.549,-4.023,-644.341
2625.8,64.36,90.1,0.0,-0.6,5,-200.109,-4.026,-642.298
2625.8,64.58,90.1,0.0,-0.6,5,-202.462,-4.028,-639.227
2625.8,64.73,90.2,0.0,-0.6,5,-204.038,-4.027,-637.177
2638.6,64.94,90.3,0.0,-0.6,5,-206.415,-4.020,-634.098
2638.6,65.08,90.3,0.0,-0.6,5,-208.007,-4.012,-632.043
2638.6,65.29,90.4,0.0,-0.7,5,-210.407,-3.994,-628.956
2638.6,65.42,90.4,0.0,-0.8,5,-212.016,-3.979,-626.896
2651.6,65.64,90.5,0.0,-1.0,5,-214.442,-3.956,-623.802
2651.6,65.78,90.5,0.0,-1.1,5,-216.069,-3.940,-621.738
2651.6,65.98,90.6,0.0,-1.4,5,-218.524,-3.917,-618.641
2651.6,66.11,90.6,0.0,-1.6,5,-220.171,-3.903,-616.576
2664.7,66.32,90.7,0.0,-1.1,5,-222.660,-3.883,-613.480
2664.7,66.45,90.7,0.0,-0.9,5,-224.330,-3.872,-611.416
2664.7,66.65,90.8,0.0,-0.9,5,-226.854,-3.862,-608.321
2664.7,66.79,90.8,0.0,-1.0,5,-228.547,-3.859,-606.259
2678.0,66.98,88.9,0.0,-0.9,5,-231.104,-3.859,-603.166
2678.0,66.92,6.4,24.7,-0.8,5,-233.677,-3.864,-600.078
2678.0,66.54,0.0,57.8,-0.8,5,-235.392,-3.872,-598.030
2691.4,65.56,0.0,80.0,-0.7,5,-237.947,-3.887,-594.997
2691.4,64.77,0.0,85.2,-0.6,5,-239.632,-3.900,-593.006
2691.4,63.54,0.0,89.2,-0.1,5,-242.128,-3.924,-590.071
2691.4,62.69,0.0,90.3,0.2,5,-243.769,-3.942,-588.151
2704.1,61.42,0.0,90.9,0.2,5,-246.196,-3.974,-585.324
2704.1,60.56,0.0,91.3,0.2,5,-247.790,-3.997,-583.475
2704.1,59.28,0.0,90.2,-0.0,5,-250.145,-4.035,-580.755
2704.1,58.43,0.0,89.6,-0.1,5,-251.690,-4.061,-578.977
2716.0,57.17,0.0,90.8,-0.1,5,-253.970,-4.101,-576.361
2716.0,56.34,0.0,91.0,-0.0,5,-255.466,-4.127,-574.651
2716.0,55.08,0.0,91.7,-0.0,5,-257.672,-4.168,-572.137
2716.0,54.23,0.0,91.0,-0.0,5,-259.117,-4.195,-570.495
2727.1,53.00,30.5,92.3,-0.3,0,-261.247,-4.235,-568.081
2727.1,51.74,0.0,92.1,-0.6,4,-263.333,-4.275,-565.728
2727.1,50.91,0.0,92.0,-0.9,4,-264.699,-4.302,-564.193
2727.1,49.65,0.0,91.5,-1.2,4,-266.711,-4.342,-561.942
2737.2,48.83,0.0,91.8,-1.6,4,-268.028,-4.369,-560.476
2737.2,47.57,0.0,91.1,-1.8,4,-269.969,-4.408,-558.329
2737.2,46.75,0.0,91.3,-2.0,4,-271.241,-4.433,-556.933
2737.2,45.52,0.0,91.5,-2.2,4,-273.116,-4.468,-554.893
2746.6,44.71,0.0,91.9,-1.9,0,-274.345,-4.491,-553.570
2746.6,43.50,0.0,92.9,-2.1,3,-276.159,-4.523,-551.640
2746.6,42.68,0.0,93.1,-2.3,3,-277.348,-4.545,-550.391
2746.6,41.46,0.0,92.8,-2.3,3,-279.102,-4.577,-548.573
2755.1,40.65,0.0,92.5,-1.9,3,-280.252,-4.598,-547.399
2755.1,39.42,0.0,90.6,-0.8,3,-281.948,-4.628,-545.695
2755.1,38.64,0.0,89.5,1.7,0,-283.061,-4.646,-544.598
2755.1,37.53,0.0,81.8,0.6,2,-284.705,-4.672,-543.009
2762.8,36.47,0.0,73.6,0.3,2,-286.324,-4.698,-541.487
2762.8,35.78,0.0,70.0,2.0,2,-287.390,-4.714,-540.510
2762.8,34.81,0.0,66.1,0.8,2,-288.970,-4.738,-539.098
2762.8,34.18,0.0,64.0,0.3,2,-290.013,-4.754,-538.193
2769.8,33.27,0.0,65.2,-0.6,2,-291.563,-4.776,-536.890
2769.8,32.66,0.0,65.8,0.6,2,-292.587,-4.790,-536.057
2769.8,31.73,0.0,65.7,1.3,2,-294.105,-4.811,-534.860
2769.8,31.12,0.0,61.8,-1.2,2,-295.104,-4.824,-534.095
2776.1,30.28,0.0,51.8,-8.8,2,-296.584,-4.843,-532.996
2776.1,29.78,0.0,46.7,-8.9,2,-297.562,-4.854,-532.297
2776.1,29.13,38.0,44.3,-10.4,0,-299.019,-4.871,-531.296
2776.1,28.72,0.0,44.6,-13.9,1,-299.984,-4.882,-530.656
2781.8,28.05,0.0,46.0,-14.9,1,-301.423,-4.896,-529.743
2781.8,27.60,0.0,46.6,-13.8,1,-302.376,-4.905,-529.165
2781.8,26.90,0.0,46.9,-10.3,1,-303.791,-4.917,-528.343
2781.8,26.23,0.0,40.8,-8.1,1,-305.187,-4.928,-527.572
2787.0,25.83,0.0,36.1,-6.6,1,-306.107,-4.934,-527.084
2787.0,25.30,0.0,32.6,-8.6,1,-307.474,-4.943,-526.386
2787.0,24.98,0.0,27.9,-11.4,1,-308.377,-4.948,-525.942
2787.0,24.56,0.0,18.2,-15.4,1,-309.721,-4.954,-525.309
2792.1,24.34,0.0,13.2,-17.9,1,-310.614,-4.957,-524.908
2792.1,24.07,0.0,14.6,-20.2,1,-311.952,-4.960,-524.341
2792.1,23.87,0.0,13.4,-21.4,1,-312.843,-4.962,-523.987
2792.1,23.61,0.0,7.0,-21.1,1,-314.179,-4.963,-523.493
2797.7,23.49,0.0,10.7,-20.7,1,-315.071,-4.962,-523.189
2797.7,23.27,0.0,4.2,-25.2,1,-316.410,-4.961,-522.771
2797.7,23.15,0.0,1.8,-30.6,1,-317.303,-4.959,-522.518
2797.7,22.95,0.0,1.1,-40.4,1,-318.646,-4.952,-522.187
2803.5,22.85,16.8,0.0,-42.7,1,-319.543,-4.946,-521.999
2803.5,22.97,43.3,0.0,-43.6,1,-320.896,-4.935,-521.763
2803.5,23.19,52.3,0.0,-42.5,1,-322.267,-4.925,-521.578
2803.5,23.31,44.9,0.0,-40.6,1,-323.191,-4.923,-521.478
2810.3,23.41,25.5,0.0,-40.5,1,-324.589,-4.924,-521.367
2810.3,23.39,11.5,1.9,-40.6,1,-325.524,-4.926,-521.324
2810.3,23.23,0.0,4.8,-37.7,1,-326.924,-4.934,-521.301
2810.3,23.01,0.0,0.6,-37.0,1,-327.849,-4.935,-521.326
2815.6,22.81,8.1,0.0,-35.0,1,-329.219,-4.928,-521.426
2815.6,22.73,10.4,0.0,-35.0,1,-330.124,-4.922,-521.530
2815.6,22.63,12.6,0.0,-37.6,1,-331.469,-4.913,-521.736
2815.6,22.58,21.1,0.0,-41.6,1,-332.357,-4.907,-521.907
2820.4,22.61,30.7,0.0,-47.6,1,-333.677,-4.899,-522.213
2820.4,22.67,31.8,0.0,-52.0,1,-334.550,-4.893,-522.452
2820.4,22.74,31.1,0.0,-59.9,1,-335.850,-4.882,-522.857
2820.4,22.78,30.0,0.0,-65.4,1,-336.710,-4.873,-523.157
2825.0,22.76,17.2,0.0,-70.0,1,-337.986,-4.859,-523.646
2825.0,22.63,9.8,0.0,-70.8,1,-339.239,-4.843,-524.182
2825.0,22.54,9.8,0.0,-69.2,1,-340.056,-4.831,-524.566
2829.6,22.41,10.1,0.0,-63.3,1,-341.255,-4.813,-525.182
2829.6,22.33,11.2,0.0,-56.1,1,-342.036,-4.801,-525.620
2829.6,22.27,23.2,0.0,-44.8,1,-343.177,-4.781,-526.316
2829.6,22.35,50.9,0.0,-34.9,1,-343.921,-4.767,-526.808
2834.0,22.74,55.9,0.0,-16.6,1,-345.023,-4.747,-527.589
2834.0,23.02,70.4,0.0,-5.3,1,-345.756,-4.733,-528.136
2834.0,23.60,81.3,0.0,6.1,1,-346.862,-4.713,-528.989
2834.0,24.02,81.3,0.0,10.0,1,-347.612,-4.699,-529.575
2838.8,24.62,81.6,0.0,10.7,1,-348.760,-4.679,-530.473
2838.8,25.02,81.8,0.0,9.8,1,-349.545,-4.665,-531.080
2838.8,25.61,77.4,0.0,10.4,1,-350.755,-4.644,-531.996
2838.8,25.98,71.5,0.0,11.2,1,-351.585,-4.629,-532.608
2843.9,26.45,62.9,0.0,13.2,1,-352.863,-4.607,-533.523
2843.9,26.84,56.8,0.0,15.5,1,-354.181,-4.586,-534.428
2843.9,27.09,55.1,0.0,17.0,1,-355.080,-4.573,-535.023
2843.9,27.44,54.3,0.0,18.5,1,-356.461,-4.554,-535.898
2849.2,27.67,54.7,0.0,19.4,1,-357.404,-4.543,-536.468
2867.4,29.98,50.2,0.0,24.3,1,-377.962,-4.471,-543.611
2874.8,30.26,48.8,0.0,20.7,1,-379.758,-4.473,-543.807
2874.8,30.42,46.5,0.0,17.8,1,-380.967,-4.474,-543.903
2874.8,30.61,44.4,0.0,13.9,1,-382.796,-4.477,-543.995
2874.8,30.73,39.7,0.0,12.8,1,-384.023,-4.480,-544.022
2881.8,30.92,46.6,0.0,12.0,1,-385.872,-4.485,-544.007
2881.8,31.08,53.5,0.0,12.4,1,-387.110,-4.487,-543.957
2881.8,31.37,51.5,0.0,15.0,1,-388.979,-4.491,-543.828
2881.8,31.56,50.6,0.0,16.4,1,-390.231,-4.493,-543.705
2889.6,31.84,49.8,0.0,19.5,1,-392.118,-4.497,-543.466
2889.6,32.11,49.8,0.0,22.9,1,-394.011,-4.500,-543.163
2889.6,32.29,50.9,0.0,24.5,1,-395.277,-4.501,-542.927
2889.6,32.55,53.9,0.0,26.0,1,-397.179,-4.503,-542.523
2896.4,32.74,55.0,0.0,25.8,1,-398.448,-4.504,-542.220
2896.4,33.02,58.5,0.0,23.8,1,-400.354,-4.506,-541.713
2896.4,33.24,59.8,0.0,21.7,1,-401.626,-4.508,-541.341
2896.4,33.55,59.5,0.0,18.8,1,-403.534,-4.516,-540.732
2903.0,33.74,57.4,0.0,16.7,1,-404.805,-4.523,-540.291
2903.0,34.00,52.2,0.0,13.9,1,-406.707,-4.536,-539.577
2903.0,34.16,53.7,0.0,12.4,1,-407.970,-4.547,-539.065
2903.0,34.37,49.8,0.0,10.0,1,-409.854,-4.566,-538.243
2909.5,34.51,50.0,0.0,9.8,1,-411.102,-4.580,-537.660
2909.5,34.71,50.8,0.0,10.1,0,-412.960,-4.605,-536.734
2909.5,34.68,0.0,0.0,9.5,0,-414.186,-4.623,-536.082
2909.5,34.83,66.6,0.0,10.9,2,-415.997,-4.652,-535.056
2916.1,35.15,66.2,0.0,14.5,2,-417.790,-4.682,-533.965
2916.1,35.40,71.7,0.0,17.1,2,-418.976,-4.702,-533.202
2916.1,35.79,73.7,0.0,20.4,2,-420.741,-4.732,-532.002
2916.1,36.05,75.0,0.0,20.3,2,-421.909,-4.752,-531.166
2922.9,36.46,76.8,0.0,20.6,2,-423.646,-4.782,-529.858
2922.9,36.73,78.9,0.0,21.6,2,-424.792,-4.800,-528.949
2922.9,37.16,82.3,0.0,20.3,2,-426.493,-4.826,-527.530
2922.9,37.46,84.6,0.0,18.8,2,-427.615,-4.842,-526.547
2930.0,37.87,77.8,0.0,17.6,2,-429.278,-4.865,-525.017
2930.0,38.08,65.3,0.0,14.7,2,-430.371,-4.880,-523.963
2930.0,38.43,79.6,0.0,9.4,2,-431.984,-4.902,-522.330
2930.0,38.67,72.5,0.0,4.8,2,-433.041,-4.916,-521.208
2937.5,39.08,83.6,0.0,-1.6,2,-434.600,-4.933,-519.474
2937.5,39.32,67.3,0.0,-5.2,2,-435.625,-4.943,-518.287
2937.5,39.63,72.5,0.0,-8.0,2,-437.143,-4.962,-516.470
2945.2,40.05,85.2,0.0,-6.7,2,-438.638,-4.980,-514.607
2945.2,40.36,84.4,0.0,-4.3,2,-439.625,-4.993,-513.338
2945.2,40.79,74.0,0.0,1.3,2,-441.092,-5.011,-511.396
2945.2,41.02,71.2,0.0,5.0,2,-442.060,-5.023,-510.077
2953.2,41.39,81.3,0.0,8.3,2,-443.498,-5.040,-508.066
2953.2,41.69,85.9,0.0,8.9,2,-444.449,-5.050,-506.703
2953.2,42.14,86.2,0.0,8.5,2,-445.860,-5.064,-504.621
2953.2,42.31,0.0,0.0,7.9,0,-446.787,-5.071,-503.208
2961.3,42.37,84.7,0.0,6.0,3,-448.143,-5.080,-501.063
2961.3,42.64,84.8,0.0,4.7,3,-449.030,-5.086,-499.614
2961.3,43.03,84.9,0.0,3.7,3,-450.338,-5.094,-497.403
2961.3,43.28,84.8,0.0,4.8,3,-451.191,-5.097,-495.904
2969.6,43.67,84.9,0.0,7.1,3,-452.442,-5.098,-493.615
2969.6,43.95,84.9,0.0,8.3,3,-453.259,-5.100,-492.064
2969.6,44.35,85.0,0.0,9.2,3,-454.456,-5.106,-489.701
2969.6,44.75,85.0,0.0,8.4,3,-455.615,-5.114,-487.294
2978.3,44.98,85.2,0.0,8.8,3,-456.364,-5.120,-485.664
2978.3,45.36,85.3,0.0,8.7,3,-457.452,-5.130,-483.183
2978.3,45.62,85.3,0.0,9.3,3,-458.153,-5.139,-481.505
2978.3,46.00,85.3,0.0,9.9,3,-459.167,-5.156,-478.951
2987.0,46.25,85.4,0.0,10.3,3,-459.817,-5.169,-477.225
2987.0,46.61,85.5,0.0,11.1,3,-460.753,-5.191,-474.602
2987.0,46.86,85.5,0.0,11.2,3,-461.350,-5.209,-472.831
2987.0,47.23,85.6,0.0,11.0,3,-462.205,-5.238,-470.142
2996.1,47.46,85.7,0.0,11.1,3,-462.746,-5.259,-468.327
2996.1,47.82,85.8,0.0,11.1,3,-463.513,-5.293,-465.575
2996.1,48.05,85.8,0.0,11.0,3,-463.994,-5.317,-463.719
2996.1,48.41,85.8,0.0,11.4,3,-464.669,-5.356,-460.906
3005.5,48.63,85.9,0.0,11.6,3,-465.087,-5.383,-459.011
3005.5,48.97,86.0,0.0,11.5,3,-465.665,-5.425,-456.142
3005.5,49.30,86.1,0.0,12.0,3,-466.179,-5.467,-453.240
3005.5,49.52,86.1,0.0,12.5,3,-466.486,-5.496,-451.288
3015.1,49.85,86.1,0.0,13.1,3,-466.890,-5.537,-448.335
3015.1,50.06,86.2,0.0,13.9,3,-467.122,-5.564,-446.351
3015.1,50.37,86.2,0.0,15.5,0,-467.413,-5.604,-443.353
3015.1,50.32,0.0,0.0,16.6,0,-467.568,-5.631,-441.345
3025.0,50.49,84.2,0.0,17.0,4,-467.739,-5.671,-438.328
3025.0,50.67,84.3,0.0,17.3,4,-467.814,-5.697,-436.307
3025.0,50.94,84.5,0.0,17.9,4,-467.866,-5.735,-433.260
3025.0,51.12,84.6,0.0,18.2,4,-467.860,-5.761,-431.219
3035.2,51.38,84.8,0.0,18.3,4,-467.788,-5.799,-428.146
3035.2,51.55,84.9,0.0,18.3,4,-467.697,-5.823,-426.090
3035.2,51.80,85.1,0.0,17.4,4,-467.496,-5.857,-422.997
3035.2,51.96,85.2,0.0,16.2,4,-467.317,-5.879,-420.930
3045.8,52.21,85.4,0.0,14.6,4,-466.980,-5.908,-417.824
3045.8,52.46,85.5,0.0,12.8,4,-466.561,-5.933,-414.712
3045.8,52.63,85.6,0.0,12.0,4,-466.236,-5.949,-412.636
3045.8,52.89,85.8,0.0,11.4,4,-465.683,-5.971,-409.520
3057.0,53.07,85.9,0.0,11.8,4,-465.273,-5.986,-407.441
3057.0,53.33,86.0,0.0,13.1,4,-464.597,-6.013,-404.322
3057.0,53.52,86.0,0.0,13.9,4,-464.108,-6.033,-402.242
3057.0,53.78,86.2,0.0,15.0,4,-463.314,-6.066,-399.123
3068.1,53.95,86.2,0.0,15.1,4,-462.745,-6.088,-397.046
3068.1,54.20,86.4,0.0,14.5,4,-461.825,-6.116,-393.935
3068.1,54.37,86.5,0.0,13.1,4,-461.169,-6.132,-391.866
3068.1,54.62,86.7,0.0,10.8,4,-460.120,-6.153,-388.770
3079.2,54.80,86.8,0.0,9.2,4,-459.380,-6.166,-386.710
3079.2,55.07,86.9,0.0,7.0,4,-458.209,-6.187,-383.630
3079.2,55.24,87.0,0.0,7.1,4,-457.388,-6.201,-381.583
3079.2,55.51,87.1,0.0,6.9,4,-456.097,-6.219,-378.522
3090.1,55.78,87.2,0.0,8.3,4,-454.734,-6.231,-375.475
3090.1,55.96,87.3,0.0,8.8,4,-453.789,-6.237,-373.451
3090.1,56.22,87.4,0.0,7.7,4,-452.319,-6.246,-370.424
3090.1,56.41,87.5,0.0,6.4,4,-451.306,-6.253,-368.412
3101.1,56.69,87.6,0.0,5.0,4,-449.741,-6.266,-365.402
3101.1,56.87,87.7,0.0,4.5,4,-448.666,-6.275,-363.402
3101.1,57.14,87.8,0.0,4.5,4,-447.007,-6.288,-360.411
3101.1,57.33,87.9,0.0,4.8,4,-445.872,-6.296,-358.423
3112.4,57.60,88.0,0.0,5.0,4,-444.128,-6.308,-355.449
3112.4,57.79,88.1,0.0,4.9,4,-442.939,-6.315,-353.472
3112.4,58.06,88.2,0.0,5.0,4,-441.114,-6.323,-350.515
3112.4,58.23,88.3,0.0,5.3,4,-439.871,-6.327,-348.549
3123.8,58.51,88.4,0.0,5.1,4,-437.968,-6.334,-345.610
3123.8,58.78,88.5,0.0,4.4,4,-436.019,-6.342,-342.682
3123.8,58.94,88.6,0.0,4.2,4,-434.693,-6.346,-340.738
3135.5,59.20,88.7,0.0,3.3,4,-432.665,-6.350,-337.832
3135.5,59.37,88.8,0.0,2.8,4,-431.288,-6.352,-335.902
3135.5,59.63,88.9,0.0,1.3,4,-429.185,-6.349,-333.017
3135.5,59.83,88.9,0.0,0.9,4,-427.761,-6.344,-331.098
3147.5,60.08,88.9,0.0,0.5,4,-425.595,-6.335,-328.227
3147.5,60.27,89.0,0.0,0.3,4,-424.133,-6.329,-326.315
3147.5,60.48,89.3,0.0,0.2,0,-421.917,-6.316,-323.450
3147.5,60.44,0.0,0.0,-0.0,0,-420.430,-6.307,-321.542
3159.6,60.61,88.1,0.0,-0.1,5,-418.191,-6.295,-318.685
3159.6,60.84,88.2,0.0,0.3,5,-415.940,-6.284,-315.821
3159.6,61.01,88.2,0.0,-0.1,5,-414.433,-6.275,-313.906
3159.6,61.26,88.3,0.0,-0.8,5,-412.167,-6.263,-311.023
3171.8,61.41,88.4,0.0,-0.9,5,-410.653,-6.256,-309.093
3171.8,61.64,88.5,0.0,-1.0,5,-408.380,-6.241,-306.186
3171.8,61.80,88.5,0.0,-0.7,5,-406.864,-6.232,-304.238
3171.8,62.02,88.6,0.0,-0.7,5,-404.591,-6.216,-301.301
3184.2,62.18,88.7,0.0,-0.5,5,-403.076,-6.204,-299.332
3184.2,62.41,88.7,0.0,-0.1,5,-400.803,-6.187,-296.365
3184.2,62.56,88.8,0.0,0.0,5,-399.288,-6.174,-294.378
3184.2,62.79,88.9,0.0,-0.3,5,-397.013,-6.156,-291.385
3196.7,62.94,89.0,0.0,-0.6,5,-395.493,-6.143,-289.382
3196.7,63.16,89.0,0.0,-0.7,5,-393.212,-6.122,-286.365
3196.7,63.31,89.1,0.0,-0.4,5,-391.689,-6.107,-284.346
3196.7,63.53,89.2,0.0,-0.3,5,-389.403,-6.086,-281.305
3209.3,63.75,89.3,0.0,-0.1,5,-387.113,-6.065,-278.249
3209.3,63.90,89.3,0.0,-0.3,5,-385.585,-6.050,-276.205
3209.3,64.11,89.4,0.0,-0.3,5,-383.289,-6.026,-273.127
3209.3,64.25,89.5,0.0,-0.2,5,-381.757,-6.009,-271.068
3222.1,64.47,89.5,0.0,0.0,5,-379.454,-5.982,-267.968
3222.1,64.61,89.6,0.0,-0.1,5,-377.917,-5.963,-265.895
3222.1,64.83,89.7,0.0,-0.1,5,-375.606,-5.936,-262.774
3222.1,64.96,89.7,0.0,-0.1,5,-374.063,-5.918,-260.687
3235.1,65.17,89.8,0.0,-0.1,5,-371.743,-5.891,-257.548
3235.1,65.31,89.8,0.0,0.0,5,-370.193,-5.871,-255.449
3235.1,65.52,89.9,0.0,0.2,5,-367.864,-5.837,-252.291
3235.1,65.65,90.0,0.0,0.3,5,-366.307,-5.813,-250.180
3248.2,65.86,90.0,0.0,0.4,5,-363.965,-5.776,-247.006
3248.2,65.99,90.1,0.0,0.4,5,-362.398,-5.751,-244.885
3248.2,66.19,90.2,0.0,0.3,5,-360.040,-5.710,-241.698
3248.2,66.39,90.2,0.0,0.3,5,-357.671,-5.666,-238.504
3261.4,66.52,90.3,0.0,0.3,5,-356.087,-5.635,-236.370
3261.4,66.72,90.3,0.0,0.2,5,-353.700,-5.589,-233.164
3261.4,66.85,90.4,0.0,0.1,5,-352.104,-5.559,-231.024
3261.4,67.04,90.5,0.0,0.1,5,-349.700,-5.516,-227.806
3274.8,67.17,90.5,0.0,0.1,5,-348.092,-5.491,-225.657
3274.8,67.36,90.6,0.0,0.2,5,-345.672,-5.456,-222.427
3274.8,67.48,90.6,0.0,0.2,5,-344.054,-5.429,-220.270
3274.8,67.67,90.7,0.0,0.2,5,-341.619,-5.387,-217.028
3288.3,67.80,90.7,0.0,0.1,5,-339.992,-5.358,-214.862
3288.3,67.99,90.8,0.0,-0.1,5,-337.543,-5.312,-211.607
3288.3,68.11,90.8,0.0,-0.1,5,-335.906,-5.281,-209.434
3288.3,68.29,90.9,0.0,-0.0,5,-333.443,-5.233,-206.166
3301.9,68.42,90.9,0.0,0.1,5,-331.798,-5.202,-203.983
3301.9,68.60,91.0,0.0,0.0,5,-329.324,-5.154,-200.701
3301.9,68.77,91.0,0.0,-0.1,5,-326.843,-5.103,-197.411
3301.9,68.89,91.1,0.0,-0.1,5,-325.187,-5.068,-195.213
3315.6,69.07,91.1,0.0,-0.1,5,-322.697,-5.014,-191.907
3315.6,69.19,91.2,0.0,-0.1,5,-321.034,-4.976,-189.699
3315.6,69.36,91.2,0.0,-0.1,5,-318.536,-4.921,-186.378
3315.6,69.48,91.3,0.0,-0.1,5,-316.868,-4.884,-184.158
3329.4,69.65,91.3,0.0,-0.1,5,-314.362,-4.829,-180.821
3329.4,69.76,91.4,0.0,-0.1,5,-312.690,-4.791,-178.591
3329.4,69.93,91.4,0.0,-0.1,5,-310.177,-4.736,-175.238
3329.4,70.04,91.5,0.0,-0.1,5,-308.500,-4.699,-172.997
3343.4,70.21,91.5,0.0,-0.1,5,-305.982,-4.644,-169.628
3343.4,70.31,91.6,0.0,-0.1,5,-304.301,-4.606,-167.376
3343.4,70.47,91.6,0.0,-0.2,5,-301.776,-4.548,-163.991
3343.4,70.58,91.6,0.0,-0.2,0,-300.092,-4.509,-161.728
3357.5,70.49,90.7,0.0,-0.2,6,-297.566,-4.450,-158.333
3357.5,70.64,90.8,0.0,-0.3,6,-295.043,-4.390,-154.934
3357.5,70.74,90.8,0.0,-0.3,6,-293.359,-4.350,-152.663
3371.6,70.89,90.9,0.0,-0.2,6,-290.832,-4.289,-149.249
3371.6,70.99,90.9,0.0,-0.2,6,-289.145,-4.249,-146.968
3371.6,71.14,91.0,0.0,-0.1,6,-286.613,-4.188,-143.538
3371.6,71.24,91.0,0.0,-0.0,6,-284.924,-4.148,-141.246
3385.9,71.39,91.0,0.0,-0.0,6,-282.388,-4.087,-137.801
3385.9,71.48,91.1,0.0,0.0,6,-280.695,-4.047,-135.500
3385.9,71.63,91.1,0.0,0.1,6,-278.152,-3.988,-132.041
3385.9,71.72,91.1,0.0,0.1,6,-276.454,-3.947,-129.732
3400.2,71.87,91.2,0.0,0.1,6,-273.903,-3.885,-126.262
3400.2,71.96,91.2,0.0,0.1,6,-272.199,-3.844,-123.945
3400.2,72.11,91.2,0.0,-0.0,6,-269.637,-3.782,-120.465
3400.2,72.25,91.3,0.0,0.3,6,-267.069,-3.720,-116.978
3414.6,72.34,91.3,0.0,0.5,6,-265.354,-3.678,-114.651
3414.6,72.48,91.4,0.0,0.2,6,-262.775,-3.615,-111.155
3414.6,72.57,91.4,0.0,-0.5,6,-261.051,-3.572,-108.823
3414.6,72.71,91.4,0.0,-1.1,6,-258.459,-3.506,-105.319
3429.1,72.80,91.5,0.0,-0.8,6,-256.730,-3.461,-102.979
3429.1,72.94,91.5,0.0,-0.4,6,-254.138,-3.394,-99.459
3429.1,73.03,91.5,0.0,-0.2,6,-252.412,-3.348,-97.105
3429.1,73.16,91.6,0.0,-0.4,6,-249.825,-3.281,-93.564
3443.8,73.25,91.6,0.0,-0.5,6,-248.102,-3.237,-91.197
3443.8,73.39,91.6,0.0,-0.5,6,-245.520,-3.172,-87.637
3443.8,73.48,91.6,0.0,-0.2,6,-243.798,-3.129,-85.257
3443.8,73.61,91.7,0.0,0.6,6,-241.217,-3.065,-81.679
3458.5,73.74,91.7,0.0,1.3,6,-238.635,-3.002,-78.092
3458.5,73.83,91.7,0.0,1.3,6,-236.909,-2.960,-75.699
3458.5,73.95,91.8,0.0,0.9,6,-234.312,-2.896,-72.107
3458.5,74.04,91.8,0.0,1.0,6,-232.572,-2.853,-69.713
3473.2,74.17,91.8,0.0,2.0,6,-229.948,-2.788,-66.125
3473.2,74.16,39.9,17.0,2.6,6,-228.187,-2.744,-63.737
3473.2,73.62,0.0,62.1,3.3,6,-225.536,-2.675,-60.179
3473.2,72.93,0.0,79.2,3.5,6,-223.769,-2.629,-57.838
3488.0,71.69,0.0,85.2,3.3,6,-221.128,-2.560,-54.393
3488.0,70.86,0.0,72.1,3.1,6,-219.374,-2.513,-52.144
3488.0,69.81,0.0,50.7,3.2,6,-216.745,-2.444,-48.842
3488.0,69.24,0.0,41.3,3.5,6,-214.988,-2.400,-46.686
3502.0,68.54,0.0,26.4,5.1,6,-212.335,-2.335,-43.516
3502.0,68.01,0.0,13.1,3.7,6,-209.652,-2.271,-40.421
3502.0,67.75,0.0,6.3,3.6,6,-207.844,-2.228,-38.396
3502.0,67.46,1.2,0.3,4.5,6,-205.099,-2.163,-35.410
3515.5,67.31,6.5,0.0,4.3,6,-203.245,-2.119,-33.454
3515.5,67.13,14.3,0.0,4.6,6,-200.432,-2.054,-30.564
3515.5,67.02,13.1,0.0,5.2,6,-198.536,-2.012,-28.666
3515.5,66.72,2.3,24.5,5.1,6,-195.663,-1.948,-25.862
3528.7,66.37,0.0,90.0,4.9,6,-193.734,-1.905,-24.028
3528.7,65.33,0.0,21.7,4.3,6,-190.838,-1.840,-21.339
3528.7,65.15,74.3,0.0,5.1,6,-188.904,-1.796,-19.589
3528.7,65.29,87.6,0.0,7.3,6,-185.967,-1.731,-17.005
3541.7,65.31,35.2,6.1,9.3,6,-183.982,-1.692,-15.307
3541.7,64.97,0.0,6.5,12.0,6,-180.975,-1.642,-12.808
3541.7,64.75,35.2,0.0,12.7,6,-177.938,-1.600,-10.377
3541.7,64.73,65.0,0.0,12.3,6,-175.890,-1.578,-8.792
3554.7,64.80,87.4,0.0,12.0,6,-172.776,-1.549,-6.469
3554.7,64.87,87.8,0.0,11.7,6,-170.669,-1.533,-4.958
3554.7,64.95,87.8,0.0,12.1,6,-167.459,-1.509,-2.753
3554.7,65.01,87.9,0.0,13.5,6,-165.287,-1.491,-1.325
3567.9,65.10,87.9,0.0,15.8,6,-161.984,-1.464,0.753
3567.9,65.12,83.5,0.0,16.9,6,-159.749,-1.442,2.090
3567.9,65.15,80.2,0.0,17.1,6,-156.352,-1.400,4.024
3567.9,65.20,86.6,0.0,17.8,6,-154.063,-1.373,5.271
3581.7,65.31,88.4,0.0,18.1,6,-150.594,-1.340,7.088
3581.7,65.40,88.3,0.0,17.8,6,-148.258,-1.323,8.261
3581.7,65.38,65.5,0.0,19.2,6,-144.714,-1.296,9.946
3581.7,65.33,53.1,0.0,20.7,6,-142.328,-1.274,11.015
3595.7,65.21,49.4,0.0,24.3,6,-138.721,-1.240,12.539
3595.7,65.06,34.5,0.0,29.1,6,-135.083,-1.204,13.968
3595.7,64.94,32.0,0.0,32.3,6,-132.644,-1.179,14.869
3609.5,64.75,26.3,0.0,35.9,6,-128.969,-1.143,16.145
3609.5,64.60,23.6,0.0,37.4,6,-126.509,-1.120,16.948
3609.5,64.36,20.1,0.0,37.8,6,-122.809,-1.087,18.077
3609.5,64.18,18.8,0.0,37.2,6,-120.335,-1.064,18.777
3622.4,63.91,17.1,0.0,36.3,6,-116.616,-1.030,19.746
3622.4,63.73,16.0,0.0,36.1,6,-114.132,-1.008,20.338
3622.4,63.43,12.0,0.0,36.0,6,-110.403,-0.976,21.144
3622.4,63.22,12.0,0.0,36.2,6,-107.916,-0.953,21.624
3635.0,62.92,11.9,0.0,37.4,6,-104.186,-0.917,22.260
3635.0,62.72,11.9,0.0,38.7,6,-101.700,-0.893,22.631
3635.0,62.42,11.8,0.0,39.9,6,-97.975,-0.857,23.106
3635.0,62.12,11.7,0.0,40.7,6,-94.258,-0.818,23.482
3647.2,61.93,11.7,0.0,40.7,6,-91.784,-0.790,23.680
3647.2,61.65,11.6,0.0,39.0,6,-88.083,-0.748,23.900
3647.2,61.47,14.2,0.0,36.5,6,-85.622,-0.720,23.996
3647.2,61.22,17.1,0.0,32.6,6,-81.942,-0.678,24.062
3659.2,61.06,20.4,0.0,29.6,6,-79.497,-0.649,24.054
3659.2,60.85,28.5,0.0,24.8,6,-75.841,-0.604,23.963
3659.2,60.74,36.5,0.0,21.5,6,-73.412,-0.573,23.849
3659.2,60.65,56.9,0.0,16.9,6,-69.780,-0.526,23.600
3671.3,60.65,73.6,0.0,14.3,6,-67.364,-0.496,23.384
3671.3,60.75,87.9,0.0,10.5,6,-63.745,-0.453,22.988
3671.3,60.82,88.1,0.0,8.0,6,-61.334,-0.423,22.674
3671.3,60.95,88.2,0.0,4.9,6,-57.722,-0.375,22.132
3683.4,61.05,88.2,0.0,4.0,6,-55.316,-0.340,21.726
3683.4,61.22,88.3,0.0,2.8,6,-51.709,-0.291,21.064
3683.4,61.41,88.4,0.0,0.9,6,-48.101,-0.246,20.349
3683.4,61.53,88.4,0.0,-0.8,6,-45.694,-0.218,19.849
3695.6,61.71,88.5,0.0,-2.6,6,-42.079,-0.176,19.077
3695.6,61.83,88.6,0.0,-3.1,6,-39.663,-0.148,18.557
3695.6,62.02,87.7,0.0,-3.6,6,-36.030,-0.107,17.785
3695.6,62.14,88.6,0.0,-3.9,6,-33.599,-0.081,17.281
3708.0,62.31,88.8,0.0,-4.4,6,-29.938,-0.043,16.551
3708.0,62.41,88.9,0.0,-4.8,6,-27.488,-0.020,16.084
3708.0,62.60,88.9,0.0,-5.2,6,-23.797,0.010,15.416
3708.0,62.71,88.9,0.0,-5.8,6,-21.327,0.027,14.996
3720.5,62.88,89.0,0.0,-5.5,6,-17.606,0.050,14.409
3720.5,62.98,89.1,0.0,-5.7,6,-15.115,0.066,14.049
3720.5,63.13,89.2,0.0,-6.3,6,-11.364,0.091,13.560
3720.5,63.25,89.2,0.0,-6.7,6,-8.853,0.108,13.268
3733.2,63.40,89.3,0.0,-7.4,6,-5.074,0.133,12.884
3733.2,63.55,89.3,0.0,-7.1,6,-1.280,0.158,12.567
3733.2,63.65,89.4,0.0,-6.7,6,1.258,0.176,12.395
3733.2,63.79,89.5,0.0,-6.7,6,5.076,0.208,12.200
3746.1,63.88,89.5,0.0,-6.6,6,7.627,0.232,12.112
3746.1,64.03,89.6,0.0,-7.0,6,11.464,0.272,12.041
3746.1,64.13,89.6,0.0,-6.9,6,14.027,0.300,12.034
3746.1,64.27,89.7,0.0,-7.2,6,17.878,0.345,12.085
3759.1,64.37,89.7,0.0,-7.2,6,20.449,0.378,12.159
3759.1,64.52,89.8,0.0,-6.7,6,24.311,0.432,12.333
3759.1,64.61,89.8,0.0,-6.3,6,26.888,0.471,12.492
3759.1,64.75,89.9,0.0,-5.7,6,30.757,0.533,12.792
3772.5,64.86,89.9,0.0,-6.3,6,33.337,0.574,13.030
3772.5,65.02,89.9,0.0,-8.6,6,37.212,0.624,13.436
3772.5,65.15,90.0,0.0,-9.3,6,41.087,0.670,13.912
3772.5,65.23,90.0,0.0,-9.0,6,43.669,0.704,14.273
3786.1,65.36,90.1,0.0,-8.2,6,47.538,0.758,14.880
3786.1,65.44,90.1,0.0,-7.6,6,50.115,0.794,15.328
3786.1,65.57,90.2,0.0,-7.5,6,53.975,0.848,16.065
3786.1,65.65,90.2,0.0,-7.7,6,56.544,0.884,16.599
3799.6,65.78,90.3,0.0,-7.5,6,60.390,0.940,17.468
3799.6,65.87,90.3,0.0,-7.4,6,62.947,0.978,18.091
3799.6,65.98,90.4,0.0,-7.6,6,66.774,1.035,19.089
3799.6,66.09,90.4,0.0,-7.4,6,69.319,1.072,19.797
3813.1,66.21,90.4,0.0,-7.1,6,73.124,1.128,20.922
3813.1,66.29,90.5,0.0,-6.9,6,75.652,1.166,21.716
3813.1,66.41,90.6,0.0,-7.1,6,79.429,1.224,22.972
3813.1,66.51,90.5,0.0,-7.2,6,81.936,1.262,23.852
3826.8,66.62,90.6,0.0,-7.5,6,85.681,1.320,25.236
3826.8,66.74,90.6,0.0,-7.6,6,89.404,1.378,26.698
3826.8,66.83,90.6,0.0,-7.7,6,91.873,1.418,27.717
3840.3,66.95,90.7,0.0,-8.4,6,95.556,1.478,29.309
3840.3,67.02,90.7,0.0,-8.5,6,97.996,1.519,30.414
3840.3,67.14,90.8,0.0,-8.3,6,101.634,1.583,32.136
3840.3,67.22,90.8,0.0,-8.1,6,104.042,1.626,33.326
3853.7,67.35,90.8,0.0,-7.7,6,107.631,1.690,35.174
3853.7,67.42,90.9,0.0,-7.6,6,110.006,1.733,36.448
3853.7,67.54,90.9,0.0,-7.6,6,113.541,1.797,38.420
3853.7,67.62,90.9,0.0,-7.6,6,115.880,1.839,39.775
3867.1,67.74,91.0,0.0,-7.7,6,119.358,1.902,41.869
3867.1,67.83,91.0,0.0,-7.9,6,121.658,1.944,43.305
3867.1,67.95,91.0,0.0,-8.1,6,125.078,2.004,45.515
3867.1,68.06,91.1,0.0,-7.8,6,128.462,2.062,47.794
3880.6,68.15,91.1,0.0,-7.7,6,130.697,2.099,49.351
3880.6,68.26,91.1,0.0,-7.7,6,134.016,2.153,51.743
3880.6,68.34,91.2,0.0,-7.7,6,136.207,2.187,53.375
3880.6,68.46,91.2,0.0,-7.7,6,139.460,2.235,55.877
3894.2,68.55,91.2,0.0,-7.7,6,141.605,2.265,57.581
3894.2,68.67,91.3,0.0,-7.6,6,144.789,2.303,60.189
3894.2,68.76,91.3,0.0,-6.9,6,146.890,2.324,61.962
3894.2,68.88,91.3,0.0,-5.3,6,150.005,2.348,64.671
3907.9,68.96,91.3,0.0,-4.0,6,152.057,2.362,66.511
3907.9,69.09,91.4,0.0,-2.6,6,155.099,2.380,69.321
3907.9,69.19,91.4,0.0,-2.1,6,157.106,2.390,71.224
3907.9,69.33,91.4,0.0,-1.6,6,160.087,2.404,74.119
3921.7,69.30,22.6,38.6,-1.3,6,163.040,2.417,77.052
3921.7,68.84,0.0,60.7,-0.8,6,164.988,2.426,79.014
3921.7,67.81,0.0,81.3,0.1,6,167.865,2.438,81.939
3921.7,67.00,0.0,86.7,0.6,6,169.750,2.449,83.869
3935.3,65.74,0.0,90.9,0.8,6,172.528,2.467,86.726
3935.3,64.87,0.0,91.0,0.8,6,174.348,2.479,88.602
3935.3,63.57,0.0,92.0,0.4,6,177.033,2.498,91.370
3935.3,62.70,0.0,92.7,0.2,6,178.793,2.510,93.184
3948.0,61.41,29.1,93.0,0.1,0,181.391,2.527,95.854
3948.0,60.54,0.0,92.9,0.2,5,183.094,2.539,97.601
3948.0,59.23,0.0,92.4,0.3,5,185.608,2.557,100.172
3948.0,58.37,0.0,92.5,0.4,5,187.257,2.569,101.852
3959.9,57.09,0.0,92.5,0.5,5,189.688,2.584,104.323
3959.9,56.22,0.0,92.1,0.4,5,191.282,2.592,105.936
3959.9,54.93,0.0,91.2,0.5,5,193.632,2.603,108.305
3959.9,53.67,0.0,91.3,0.6,5,195.935,2.616,110.613
3971.0,52.83,32.7,91.9,0.8,0,197.445,2.625,112.119
3971.0,51.58,0.0,92.8,0.9,4,199.672,2.639,114.325
3971.0,50.72,0.0,92.1,1.1,4,201.131,2.650,115.762
3971.0,49.45,0.0,91.4,1.3,4,203.282,2.670,117.864
3981.2,48.62,0.0,91.7,1.7,4,204.693,2.685,119.230
3981.2,47.37,0.0,92.0,2.0,4,206.773,2.708,121.225
3981.2,46.53,0.0,92.1,2.2,4,208.137,2.724,122.518
3981.2,45.29,0.0,91.8,2.9,4,210.149,2.748,124.403
3990.5,44.46,0.0,91.7,3.1,0,211.468,2.763,125.622
3990.5,43.24,0.0,91.7,3.3,3,213.416,2.785,127.395
3990.5,42.44,0.0,91.0,3.2,3,214.695,2.798,128.538
3990.5,41.24,0.0,88.2,2.3,3,216.582,2.816,130.197
3999.1,40.09,0.0,78.0,1.0,3,218.434,2.831,131.788
3999.1,39.37,0.0,66.4,-0.3,3,219.652,2.839,132.811
3999.1,38.44,0.0,54.4,-2.3,3,221.460,2.850,134.289
3999.1,37.89,0.0,49.0,-2.8,3,222.658,2.855,135.236
4006.9,37.16,0.0,42.7,-1.9,3,224.450,2.861,136.602
4006.9,36.71,0.0,40.7,-0.3,3,225.642,2.864,137.476
4006.9,36.08,0.0,37.5,4.2,3,227.428,2.866,138.734
4014.2,35.51,0.0,36.1,8.6,0,229.211,2.866,139.933
4014.2,35.16,36.3,36.5,10.1,0,230.398,2.865,140.702
4014.2,34.60,0.0,36.0,11.0,2,232.174,2.862,141.810
4014.2,34.22,0.0,36.0,11.3,2,233.355,2.860,142.519
4021.0,33.66,0.0,34.0,11.3,2,235.121,2.854,143.536
4021.0,33.30,0.0,32.5,11.3,2,236.294,2.850,144.182
4021.0,32.78,0.0,29.9,11.6,2,238.051,2.843,145.104
4021.0,32.46,0.0,24.8,12.2,2,239.219,2.838,145.686
4027.4,32.05,0.0,17.0,13.7,2,240.969,2.830,146.512
4027.4,31.83,0.0,13.0,14.8,2,242.137,2.824,147.031
4027.4,31.55,0.0,10.1,16.4,2,243.892,2.815,147.764
4027.4,31.38,0.0,7.7,18.3,2,245.065,2.808,148.220
4033.5,31.16,0.0,4.7,19.7,2,246.830,2.798,148.857
4033.5,31.03,0.0,6.1,16.7,2,248.010,2.792,149.250
4033.5,30.83,0.0,7.5,15.1,2,249.786,2.781,149.790
4033.5,30.61,0.0,10.1,14.6,2,251.565,2.770,150.276
4039.6,30.44,0.0,11.4,14.5,2,252.750,2.763,150.570
4039.6,30.18,0.0,9.3,15.4,2,254.526,2.751,150.966
4039.6,30.03,0.0,7.7,15.9,2,255.707,2.743,151.200
4039.6,29.82,0.0,6.7,17.0,2,257.477,2.732,151.505
4045.9,29.69,0.0,5.6,18.2,2,258.654,2.726,151.679
4045.9,29.51,0.0,1.2,19.6,2,260.417,2.717,151.894
4045.9,29.41,0.6,3.3,20.4,2,261.590,2.711,152.006
4045.9,29.24,0.0,0.6,21.0,2,263.346,2.704,152.126
4052.3,29.16,3.2,0.0,21.5,2,264.513,2.700,152.173
4052.3,29.04,2.1,0.1,23.8,2,266.259,2.695,152.193
4052.3,28.96,6.3,0.0,27.2,2,267.419,2.694,152.172
4052.3,28.90,20.6,0.0,32.4,2,269.152,2.693,152.086
4060.2,28.87,20.1,0.0,38.1,2,270.879,2.693,151.936
4060.2,28.87,26.8,0.0,42.0,2,272.025,2.694,151.799
4060.2,28.86,24.7,0.0,47.7,2,273.738,2.697,151.540
4060.2,28.82,19.9,0.0,51.0,2,274.872,2.701,151.329
4067.1,28.72,13.0,0.0,55.2,2,276.559,2.709,150.956
4067.1,28.64,11.6,0.0,60.1,2,277.670,2.716,150.671
4067.1,28.49,38.1,0.0,64.3,0,279.315,2.728,150.189
4067.1,28.36,2.1,0.0,67.8,1,280.396,2.738,149.834
4075.2,28.13,11.3,0.0,68.9,1,281.986,2.755,149.247
4075.2,27.99,11.3,0.0,68.6,1,283.024,2.769,148.820
4075.2,27.82,11.2,0.0,67.6,1,284.547,2.796,148.125
4075.2,27.71,11.1,0.0,67.0,1,285.540,2.815,147.628
4081.6,27.54,11.0,0.0,66.5,1,286.996,2.846,146.834
4081.6,27.44,10.9,0.0,66.1,1,287.943,2.868,146.276
4081.6,27.27,10.9,0.0,65.3,1,289.328,2.899,145.396
4081.6,27.10,10.8,0.0,62.9,1,290.669,2.932,144.468
4087.5,27.00,10.8,0.0,60.3,1,291.538,2.954,143.822
4087.5,26.85,11.0,0.0,60.5,1,292.801,2.989,142.815
4087.5,26.75,11.3,0.0,61.6,1,293.615,3.013,142.118
4087.5,26.60,11.0,0.0,62.4,1,294.797,3.049,141.039
4092.9,26.50,10.9,0.0,62.5,1,295.556,3.073,140.296
4092.9,26.36,10.8,0.0,61.8,1,296.652,3.108,139.150
4092.9,26.26,10.7,0.0,61.5,1,297.354,3.130,138.367
4092.9,26.11,10.7,0.0,58.9,1,298.363,3.161,137.162
4097.9,26.01,10.8,0.0,55.5,1,299.005,3.180,136.342
4097.9,25.88,13.0,0.0,48.7,1,299.924,3.206,135.085
4097.9,25.81,17.4,0.0,43.1,1,300.505,3.222,134.230
4097.9,25.83,36.2,0.0,33.2,1,301.331,3.243,132.921
4102.8,26.07,42.8,0.0,20.9,1,302.109,3.263,131.573
4102.8,26.23,45.3,0.0,12.3,1,302.603,3.275,130.652
4102.8,26.57,61.7,0.0,2.4,1,303.312,3.292,129.237
4102.8,26.86,67.2,0.0,-1.1,1,303.768,3.302,128.271
4107.9,27.40,77.2,0.0,-1.6,1,304.437,3.317,126.789
4107.9,27.79,78.6,0.0,0.7,1,304.875,3.326,125.777
4107.9,28.39,76.3,0.0,4.5,1,305.524,3.339,124.222
4107.9,28.77,75.3,0.0,6.9,1,305.951,3.348,123.163
4113.4,29.32,75.0,0.0,9.7,1,306.583,3.361,121.540
4113.4,29.68,74.5,0.0,10.8,1,306.997,3.370,120.435
4113.4,30.20,74.1,0.0,11.6,1,307.604,3.383,118.745
4119.4,30.73,75.4,0.0,11.6,1,308.189,3.394,117.015
4119.4,31.08,75.9,0.0,11.5,1,308.566,3.402,115.838
4119.4,31.60,76.7,0.0,11.6,1,309.107,3.413,114.038
4119.4,31.95,78.4,0.0,11.1,1,309.449,3.420,112.814
4125.7,32.47,82.0,0.0,9.8,1,309.933,3.432,110.945
4125.7,32.84,81.4,0.0,8.8,1,310.236,3.440,109.675
4125.7,33.37,83.6,0.0,8.1,1,310.657,3.452,107.735
4125.7,33.72,80.3,0.0,7.9,1,310.916,3.462,106.419
4132.3,34.09,0.0,0.0,7.7,0,311.267,3.477,104.414
4132.3,34.08,82.6,0.0,8.1,2,311.471,3.488,103.066
4132.3,34.56,79.6,0.0,11.0,2,311.734,3.506,101.025
4132.3,34.85,72.8,0.0,11.7,2,311.883,3.520,99.645
4139.2,35.27,71.1,0.0,10.2,2,312.066,3.542,97.550
4139.2,35.43,15.3,16.0,8.1,2,312.202,3.566,95.432
4139.2,35.22,0.0,34.4,6.6,2,312.266,3.583,94.019
4139.2,34.64,0.0,48.5,4.4,2,312.327,3.611,91.922
4146.1,34.15,0.0,59.9,3.4,2,312.350,3.631,90.546
4146.1,33.27,0.0,70.4,1.1,2,312.363,3.664,88.521
4146.1,32.62,0.0,74.5,-0.9,2,312.363,3.686,87.202
4146.1,31.59,0.0,77.9,-4.1,2,312.355,3.721,85.274
4152.3,30.90,0.0,78.9,-5.7,2,312.349,3.744,84.023
4152.3,29.85,36.3,78.6,-7.4,0,312.346,3.778,82.199
4152.3,29.20,0.0,69.1,-8.2,1,312.351,3.800,81.017
4152.3,28.26,0.0,49.3,-8.9,1,312.372,3.832,79.293
4157.9,27.78,0.0,39.7,-10.5,1,312.399,3.853,78.172
4157.9,27.20,0.0,29.1,-12.3,1,312.464,3.881,76.524
4157.9,26.88,0.0,24.2,-12.2,1,312.526,3.899,75.444
4157.9,26.47,0.0,19.8,-15.0,1,312.645,3.923,73.848
4163.1,26.11,0.0,16.5,-18.9,1,312.801,3.945,72.277
4163.1,25.89,0.0,13.7,-20.2,1,312.928,3.959,71.245
4163.1,25.60,0.0,12.1,-21.0,1,313.153,3.978,69.716
4163.1,25.41,0.0,12.1,-21.3,1,313.327,3.991,68.710
4168.2,25.14,0.0,12.0,-22.8,1,313.625,4.007,67.223
4168.2,24.95,0.0,10.3,-22.6,1,313.849,4.018,66.247
4168.2,24.70,0.0,10.8,-22.3,1,314.223,4.031,64.804
4168.2,24.52,0.0,11.1,-22.7,1,314.496,4.040,63.858
4173.1,24.25,0.0,11.9,-23.5,1,314.943,4.050,62.464
4173.1,24.08,0.0,9.7,-23.7,1,315.264,4.056,61.552
4173.1,23.84,0.0,8.0,-25.1,1,315.781,4.064,60.211
4173.1,23.69,0.0,7.3,-26.4,1,316.150,4.068,59.335
4177.8,23.47,0.0,7.0,-28.2,1,316.739,4.073,58.048
4177.8,23.32,0.0,5.2,-29.1,1,317.155,4.075,57.210
4177.8,23.14,0.0,3.8,-29.1,1,317.816,4.076,55.982
4177.8,22.97,0.0,4.4,-29.3,1,318.520,4.076,54.791
4182.3,22.85,0.0,5.2,-29.4,1,319.012,4.074,54.019
4182.3,22.65,0.0,6.5,-29.5,1,319.785,4.071,52.893
4182.3,22.53,0.0,3.7,-29.4,1,320.320,4.068,52.165
4182.3,22.36,0.0,4.7,-29.2,1,321.154,4.062,51.107
4186.5,22.24,0.0,5.9,-29.4,1,321.730,4.057,50.426
4186.5,22.04,0.0,8.0,-29.6,1,322.621,4.050,49.440
4186.5,21.89,0.0,9.5,-29.9,1,323.232,4.044,48.808
4186.5,21.68,0.0,4.8,-29.5,1,324.172,4.035,47.900
4190.4,21.57,0.0,5.3,-29.6,1,324.814,4.029,47.320
4190.4,21.39,0.0,6.0,-31.4,1,325.799,4.019,46.488
4190.4,21.26,0.0,6.7,-32.8,1,326.468,4.012,45.959
4190.4,21.06,0.0,4.5,-35.1,1,327.492,4.000,45.207
4194.5,20.93,9.9,0.0,-38.2,1,328.537,3.987,44.505
4194.5,20.95,27.5,0.0,-39.3,1,329.249,3.978,44.065
4194.5,21.10,41.8,0.0,-40.5,1,330.345,3.964,43.443
4194.5,21.25,47.5,0.0,-41.7,1,331.096,3.954,43.051
4198.5,21.54,65.3,0.0,-44.0,1,332.252,3.939,42.498
4198.5,21.80,56.8,0.0,-44.5,1,333.046,3.928,42.152
4198.5,22.02,48.4,0.0,-42.5,1,334.270,3.912,41.673
4198.5,22.15,43.7,0.0,-40.3,1,335.104,3.901,41.384
4203.0,22.37,47.7,0.0,-36.9,1,336.382,3.884,40.996
4203.0,22.55,50.9,0.0,-35.7,1,337.251,3.874,40.769
4203.0,22.83,48.3,0.0,-35.6,1,338.580,3.860,40.478
4203.0,23.02,49.5,0.0,-36.1,1,339.482,3.850,40.315
4207.9,23.32,56.2,0.0,-38.1,1,340.857,3.837,40.120
4207.9,23.52,52.3,0.0,-39.6,1,341.788,3.828,40.022
4207.9,23.83,52.8,0.0,-42.7,1,343.205,3.815,39.924
4213.2,24.08,40.5,0.0,-46.9,1,344.641,3.803,39.885
4213.2,24.14,26.3,0.0,-49.8,1,345.605,3.795,39.892
4213.2,24.19,28.0,0.0,-54.4,1,347.054,3.783,39.955
4213.2,24.19,19.0,0.0,-58.0,1,348.018,3.777,40.031
4219.9,24.12,14.7,0.0,-61.3,1,349.458,3.767,40.195
4219.9,24.05,13.4,0.0,-62.3,1,350.411,3.762,40.339
4219.9,23.95,13.0,0.0,-62.6,1,351.826,3.755,40.605
4219.9,23.89,13.1,0.0,-61.8,1,352.759,3.751,40.817
4225.7,23.78,13.6,0.0,-58.9,1,354.141,3.745,41.185
4225.7,23.73,15.5,0.0,-55.8,1,355.049,3.743,41.465
4225.7,23.69,21.0,0.0,-50.3,1,356.392,3.740,41.934
4225.7,23.72,33.3,0.0,-45.4,1,357.275,3.738,42.280
4231.3,23.99,68.4,0.0,-37.9,1,358.586,3.736,42.849
4231.3,24.44,56.9,0.0,-28.1,1,359.895,3.737,43.479
4231.3,24.71,64.9,0.0,-21.7,1,360.766,3.738,43.934
4231.3,25.19,69.2,0.0,-15.3,1,362.071,3.741,44.665
4236.8,25.51,73.0,0.0,-11.8,1,362.941,3.744,45.184
4236.8,26.06,74.0,0.0,-9.3,1,364.248,3.751,46.009
4236.8,26.43,73.2,0.0,-9.6,1,365.122,3.757,46.589
4236.8,26.95,70.0,0.0,-12.1,1,366.437,3.768,47.503
4242.3,27.29,68.4,0.0,-14.0,1,367.314,3.776,48.139
4242.3,27.76,67.3,0.0,-17.0,1,368.631,3.788,49.133
4242.3,28.07,67.3,0.0,-17.8,1,369.508,3.797,49.823
4242.3,28.53,68.1,0.0,-17.5,1,370.820,3.809,50.901
4247.8,29.02,70.8,0.0,-17.3,1,372.124,3.821,52.031
4247.8,29.35,74.0,0.0,-19.2,1,372.988,3.829,52.814
4247.8,29.86,75.7,0.0,-15.7,1,374.276,3.840,54.036
4247.8,30.19,69.1,0.0,-14.4,1,375.127,3.846,54.882
4253.4,30.67,72.6,0.0,-14.8,1,376.389,3.856,56.199
4253.4,30.99,71.7,0.0,-14.4,1,377.220,3.863,57.110
4253.4,31.46,73.0,0.0,-13.3,1,378.447,3.872,58.525
4253.4,31.77,72.2,0.0,-15.2,1,379.252,3.878,59.499
4259.3,32.21,69.5,0.0,-15.6,1,380.435,3.886,61.009
4259.3,32.49,71.7,0.0,-13.5,1,381.207,3.891,62.048
4259.3,32.93,70.1,0.0,-15.7,1,382.337,3.897,63.651
4259.3,33.34,73.8,0.0,-15.0,1,383.432,3.901,65.309
4265.6,33.62,68.5,0.0,-14.0,1,384.140,3.904,66.445
4265.6,34.04,77.8,0.0,-13.9,1,385.170,3.907,68.193
4265.6,34.33,74.4,0.0,-11.2,0,385.833,3.910,69.388
4265.6,34.33,80.6,0.0,-7.2,2,386.784,3.913,71.215
4272.3,34.64,84.3,0.0,-5.4,2,387.389,3.915,72.454
4272.3,35.15,84.5,0.0,-3.8,2,388.267,3.918,74.353
4272.3,35.50,84.6,0.0,-3.5,2,388.836,3.919,75.645
4272.3,36.03,84.7,0.0,-4.3,2,389.672,3.919,77.620
4279.3,36.37,84.8,0.0,-5.2,2,390.217,3.917,78.961
4279.3,36.87,85.0,0.0,-6.0,2,391.017,3.915,81.006
4279.3,37.19,84.2,0.0,-6.2,2,391.540,3.913,82.391
4279.3,37.70,83.8,0.0,-6.0,2,392.310,3.908,84.501
4286.5,38.15,71.7,0.0,-3.5,2,393.061,3.901,86.649
4286.5,38.41,61.9,0.0,-0.9,2,393.549,3.896,88.100
4286.5,38.89,85.2,0.0,0.9,2,394.258,3.888,90.307
4286.5,39.20,85.5,0.0,0.4,2,394.717,3.885,91.798
4294.1,39.71,85.5,0.0,-0.9,2,395.388,3.882,94.067
4294.1,40.06,85.8,0.0,-2.0,2,395.826,3.880,95.600
4294.1,40.50,86.1,0.0,-3.4,2,396.467,3.877,97.928
4294.1,40.84,86.0,0.0,-3.4,2,396.887,3.873,99.499
4302.0,41.31,86.2,0.0,-4.0,0,397.506,3.869,101.883
4302.0,41.30,0.0,0.0,-3.7,0,397.910,3.867,103.485
4302.0,41.65,84.1,0.0,-2.6,3,398.503,3.864,105.899
4302.0,41.94,84.1,0.0,-3.1,3,398.891,3.864,107.525
4310.1,42.39,84.2,0.0,-4.2,3,399.463,3.862,109.989
4310.1,42.81,84.4,0.0,-4.5,3,400.018,3.858,112.483
4310.1,43.09,84.5,0.0,-4.7,3,400.378,3.855,114.162
4318.6,43.51,84.6,0.0,-4.8,3,400.897,3.851,116.707
4318.6,43.79,84.7,0.0,-4.9,3,401.230,3.848,118.420
4318.6,44.20,84.8,0.0,-5.1,3,401.708,3.845,121.015
4318.6,44.48,84.9,0.0,-5.2,3,402.011,3.842,122.762
4327.3,44.89,85.0,0.0,-5.4,3,402.441,3.839,125.408
4327.3,45.16,85.0,0.0,-5.4,3,402.711,3.836,127.188
4327.3,45.57,85.1,0.0,-5.1,3,403.090,3.831,129.883
4327.3,45.84,85.2,0.0,-5.0,3,403.324,3.827,131.695
4336.2,46.24,85.3,0.0,-5.1,3,403.647,3.820,134.438
4336.2,46.64,85.4,0.0,-5.2,3,403.935,3.814,137.208
4336.2,46.90,85.4,0.0,-5.3,3,404.108,3.810,139.071
4336.2,47.29,85.5,0.0,-5.5,3,404.336,3.803,141.886
4345.5,47.55,85.6,0.0,-5.8,3,404.469,3.799,143.778
4345.5,47.93,85.7,0.0,-5.8,3,404.635,3.791,146.637
4345.5,48.19,85.7,0.0,-5.5,3,404.724,3.786,148.557
4345.5,48.56,85.8,0.0,-5.9,3,404.823,3.780,151.457
4355.0,48.80,85.9,0.0,-6.4,3,404.865,3.775,153.403
4355.0,49.18,85.9,0.0,-6.8,3,404.891,3.769,156.342
4355.0,49.42,86.0,0.0,-7.0,3,404.883,3.764,158.313
4355.0,49.77,86.0,0.0,-7.2,3,404.830,3.758,161.287
4364.7,50.01,86.1,0.0,-6.7,3,404.765,3.753,163.282
4364.7,50.36,86.1,0.0,-5.6,3,404.626,3.746,166.289
4364.7,50.59,0.0,0.0,-5.2,0,404.437,3.738,169.313
4364.7,50.57,84.1,0.0,-5.2,4,404.282,3.733,171.330
4374.7,50.89,84.3,0.0,-6.0,4,404.009,3.727,174.360
4374.7,51.09,84.3,0.0,-6.6,4,403.800,3.722,176.389
4374.7,51.40,84.4,0.0,-8.8,4,403.447,3.714,179.443
4374.7,51.61,84.5,0.0,-10.6,4,403.182,3.709,181.486
4384.9,51.90,84.7,0.0,-12.2,4,402.736,3.701,184.558
4384.9,52.09,84.9,0.0,-12.5,4,402.403,3.695,186.610
4384.9,52.36,85.1,0.0,-12.2,4,401.847,3.687,189.694
4384.9,52.54,85.2,0.0,-11.5,4,401.435,3.683,191.750
4395.5,52.81,85.4,0.0,-11.7,4,400.753,3.677,194.836
4395.5,52.98,85.5,0.0,-11.7,4,400.256,3.673,196.892
4395.5,53.24,85.6,0.0,-11.2,4,399.444,3.668,199.973
4395.5,53.42,85.7,0.0,-11.3,4,398.858,3.666,202.024
4406.6,53.67,85.9,0.0,-12.6,4,397.912,3.665,205.093
4406.6,53.93,86.0,0.0,-14.4,4,396.890,3.663,208.155
4406.6,54.10,86.1,0.0,-15.5,4,396.167,3.661,210.190
4406.6,54.34,86.2,0.0,-16.2,4,395.015,3.661,213.232
4418.0,54.50,86.3,0.0,-16.1,4,394.202,3.665,215.251
4418.0,54.74,86.5,0.0,-15.6,4,392.917,3.672,218.264
4418.0,54.90,86.6,0.0,-15.2,4,392.017,3.677,220.264
4418.0,55.13,86.7,0.0,-14.6,4,390.604,3.684,223.246
4430.0,55.29,86.8,0.0,-14.5,4,389.618,3.689,225.222
4430.0,55.53,86.9,0.0,-14.0,4,388.073,3.699,228.165
4430.0,55.67,87.0,0.0,-14.1,4,387.002,3.704,230.114
4430.0,55.92,87.1,0.0,-13.7,4,385.336,3.708,233.017
4441.2,56.07,87.2,0.0,-13.3,4,384.186,3.708,234.938
4441.2,56.30,87.3,0.0,-11.8,4,382.399,3.707,237.795
4441.2,56.53,87.4,0.0,-9.9,4,380.536,3.707,240.621
4441.2,56.69,87.5,0.0,-9.0,4,379.252,3.709,242.486
4452.2,56.93,87.6,0.0,-7.9,4,377.267,3.714,245.255
4452.2,57.09,87.7,0.0,-7.6,4,375.904,3.719,247.083
4452.2,57.35,87.8,0.0,-7.5,4,373.807,3.727,249.801
4452.2,57.52,87.9,0.0,-7.2,4,372.375,3.733,251.597
4463.5,57.78,88.0,0.0,-6.3,4,370.178,3.742,254.267
4463.5,57.95,88.1,0.0,-5.8,4,368.681,3.748,256.032
4463.5,58.21,88.2,0.0,-5.3,4,366.392,3.757,258.659
4463.5,58.38,88.2,0.0,-4.8,4,364.838,3.763,260.397
4475.0,58.64,88.4,0.0,-3.9,4,362.466,3.770,262.985
4475.0,58.82,88.4,0.0,-3.6,4,360.859,3.774,264.698
4475.0,59.09,88.5,0.0,-3.6,4,358.411,3.779,267.250
4486.7,59.35,88.6,0.0,-4.0,4,355.920,3.783,269.784
4486.7,59.52,88.7,0.0,-4.1,4,354.238,3.783,271.463
4486.7,59.78,88.8,0.0,-4.2,4,351.679,3.784,273.965
4486.7,59.94,88.6,0.0,-4.5,4,349.950,3.786,275.621
4498.7,60.19,89.0,0.0,-4.3,4,347.322,3.788,278.087
4498.7,60.36,89.1,0.0,-4.4,4,345.549,3.788,279.720
4498.7,60.60,89.2,0.0,-2.9,4,342.854,3.789,282.149
4498.7,60.77,89.3,0.0,-2.3,4,341.036,3.791,283.757
4510.8,61.02,89.3,0.0,-1.7,0,338.277,3.791,286.152
4510.8,60.96,0.0,0.0,-1.4,0,336.422,3.792,287.737
4510.8,61.13,88.1,0.0,-0.5,5,333.622,3.793,290.095
4510.8,61.37,88.2,0.0,0.2,5,330.796,3.794,292.444
4523.0,61.52,88.3,0.0,0.4,5,328.899,3.793,294.007
4523.0,61.76,88.4,0.0,0.5,5,326.039,3.791,296.351
4523.0,61.91,88.5,0.0,0.4,5,324.124,3.791,297.916
4523.0,62.15,88.6,0.0,0.2,5,321.241,3.791,300.269
4535.3,62.30,88.6,0.0,0.3,5,319.313,3.790,301.843
4535.3,62.53,88.7,0.0,0.4,5,316.415,3.789,304.214
4535.3,62.68,88.8,0.0,0.5,5,314.478,3.790,305.800
4535.3,62.91,88.9,0.0,0.5,5,311.566,3.795,308.190
4547.8,63.14,89.0,0.0,0.5,5,308.647,3.801,310.593
4547.8,63.36,89.0,0.0,0.5,5,305.721,3.806,313.010
4547.8,63.51,89.1,0.0,0.5,5,303.768,3.811,314.629
4547.8,63.74,89.2,0.0,0.6,5,300.834,3.819,317.070
4560.5,63.88,89.3,0.0,0.6,5,298.874,3.825,318.706
4560.5,64.10,89.3,0.0,0.6,5,295.932,3.830,321.171
4560.5,64.25,89.4,0.0,0.5,5,293.967,3.833,322.823
4560.5,64.47,89.5,0.0,0.5,5,291.017,3.834,325.314
4573.3,64.62,89.5,0.0,0.6,5,289.047,3.831,326.983
4573.3,64.83,89.6,0.0,0.5,5,286.090,3.824,329.498
4573.3,64.97,89.7,0.0,0.4,5,284.115,3.820,331.184
4573.3,65.18,89.7,0.0,0.4,5,281.151,3.812,333.724
4586.3,65.33,89.7,0.0,0.2,5,279.172,3.805,335.425
4586.3,65.53,89.9,0.0,0.3,5,276.199,3.800,337.989
4586.3,65.74,89.9,0.0,0.3,5,273.222,3.799,340.566
4586.3,65.88,90.0,0.0,0.2,5,271.234,3.801,342.291
4599.4,66.09,90.0,0.0,0.1,5,268.246,3.805,344.888
4599.4,66.22,90.1,0.0,0.1,5,266.251,3.807,346.626
4599.4,66.42,90.2,0.0,0.1,5,263.253,3.814,349.241
4599.4,66.56,90.2,0.0,0.0,5,261.250,3.820,350.991
4612.7,66.75,90.3,0.0,0.1,5,258.239,3.831,353.623
4612.7,66.89,90.3,0.0,0.1,5,256.228,3.839,355.382
4612.7,67.08,90.4,0.0,0.1,5,253.203,3.852,358.029
4612.7,67.23,90.4,0.0,0.1,5,251.183,3.859,359.799
4626.1,67.42,90.5,0.0,0.0,5,248.145,3.872,362.460
4626.1,67.54,90.6,0.0,0.1,5,246.115,3.882,364.238
4626.1,67.74,90.6,0.0,0.2,5,243.063,3.895,366.913
4639.6,67.93,90.7,0.0,0.1,5,240.003,3.904,369.596
4639.6,68.06,90.7,0.0,0.0,5,237.958,3.909,371.389
4639.6,68.25,90.8,0.0,0.0,5,234.885,3.916,374.086
4639.6,68.38,90.8,0.0,0.0,5,232.831,3.918,375.888
4653.3,68.56,90.9,0.0,0.0,5,229.744,3.919,378.599
4653.3,68.69,90.9,0.0,0.0,5,227.682,3.918,380.410
4653.3,68.88,91.0,0.0,0.0,5,224.582,3.914,383.134
4653.3,69.00,91.0,0.0,0.0,5,222.511,3.910,384.954
4667.0,69.18,91.1,0.0,0.0,5,219.398,3.905,387.690
4667.0,69.30,91.1,0.0,0.0,5,217.319,3.902,389.519
4667.0,69.48,91.2,0.0,0.0,5,214.192,3.897,392.268
4667.0,69.66,91.3,0.0,0.0,5,211.059,3.890,395.025
4680.9,69.78,91.3,0.0,0.0,5,208.965,3.885,396.867
4680.9,69.95,91.3,0.0,0.0,5,205.819,3.877,399.636
4680.9,70.06,91.4,0.0,0.0,5,203.717,3.873,401.486
4680.9,70.24,91.4,0.0,0.1,5,200.559,3.868,404.268
4694.9,70.35,91.5,0.0,0.1,5,198.449,3.864,406.126
4694.9,70.52,91.5,0.0,0.1,5,195.278,3.860,408.920
4694.9,70.56,0.0,0.0,0.0,0,193.161,3.857,410.786
4694.9,70.55,90.7,0.0,0.1,6,189.987,3.851,413.584
4709.1,70.65,90.7,0.0,0.1,6,187.869,3.847,415.452
4709.1,70.81,90.7,0.0,0.1,6,184.687,3.842,418.259
4709.1,70.91,90.8,0.0,0.1,6,182.562,3.840,420.135
4709.1,71.07,90.8,0.0,0.1,6,179.370,3.837,422.954
4723.2,71.18,90.9,0.0,0.1,6,177.238,3.835,424.838
4723.2,71.34,90.9,0.0,0.1,6,174.035,3.830,427.670
4723.2,71.49,91.0,0.0,0.1,6,170.827,3.824,430.510
4723.2,71.59,91.0,0.0,0.1,6,168.685,3.819,432.407
4737.5,71.74,91.0,0.0,0.1,6,165.467,3.815,435.260
4737.5,71.85,91.1,0.0,0.1,6,163.319,3.813,437.165
4737.5,72.00,91.1,0.0,0.1,6,160.092,3.812,440.031
4737.5,72.10,91.2,0.0,0.1,6,157.939,3.812,441.945
4751.9,72.25,91.2,0.0,0.1,6,154.703,3.813,444.823
4751.9,72.35,91.2,0.0,0.1,6,152.543,3.815,446.746
4751.9,72.50,91.3,0.0,0.1,6,149.299,3.820,449.637
4751.9,72.59,91.3,0.0,0.1,6,147.134,3.823,451.568
4766.4,72.74,91.3,0.0,0.1,6,143.881,3.825,454.471
4766.4,72.84,91.4,0.0,0.1,6,141.709,3.827,456.410
4766.4,72.98,91.4,0.0,0.0,6,138.448,3.831,459.326
4766.4,73.13,91.5,0.0,0.0,6,135.181,3.834,462.247
4781.0,73.22,91.5,0.0,0.0,6,133.000,3.836,464.199
4781.0,73.36,91.5,0.0,0.0,6,129.723,3.837,467.132
4781.0,73.45,91.6,0.0,0.0,6,127.536,3.839,469.091
4781.0,73.60,91.6,0.0,0.0,6,124.250,3.841,472.034
4795.7,73.69,91.6,0.0,0.0,6,122.056,3.841,473.999
4795.7,73.83,91.7,0.0,0.0,6,118.761,3.842,476.953
4795.7,73.92,91.7,0.0,0.0,6,116.560,3.842,478.925
4795.7,74.06,91.7,0.0,-0.0,6,113.255,3.841,481.888
4810.4,74.15,91.7,0.0,-0.1,6,111.048,3.840,483.866
4810.4,74.29,91.8,0.0,-0.0,6,107.733,3.837,486.839
4810.4,74.38,91.8,0.0,0.0,6,105.519,3.833,488.823
4810.4,74.51,91.8,0.0,0.0,6,102.194,3.825,491.805
4825.3,74.59,91.9,0.0,0.1,6,99.973,3.819,493.795
4825.3,74.73,91.9,0.0,0.0,6,96.637,3.810,496.785
4825.3,74.86,91.9,0.0,0.0,6,93.295,3.799,499.779
4825.3,74.95,92.0,0.0,-0.0,6,91.064,3.790,501.779
4840.3,75.08,92.0,0.0,-0.0,6,87.712,3.774,504.782
4840.3,75.17,92.0,0.0,-0.0,6,85.474,3.763,506.788
4840.3,75.30,92.1,0.0,0.0,6,82.113,3.744,509.800
4840.3,75.38,92.1,0.0,-0.0,6,79.869,3.731,511.811
4855.3,75.51,92.1,0.0,-0.1,6,76.498,3.711,514.832
4855.3,75.60,92.1,0.0,-0.1,6,74.247,3.697,516.849
4855.3,75.72,92.2,0.0,-0.1,6,70.866,3.675,519.878
4855.3,75.81,92.2,0.0,-0.1,6,68.609,3.660,521.900
4870.4,75.93,92.2,0.0,-0.1,6,65.218,3.637,524.937
4870.4,76.02,92.2,0.0,-0.1,6,62.953,3.620,526.964
4870.4,76.14,92.3,0.0,-0.0,6,59.552,3.593,530.007
4885.6,76.27,92.3,0.0,-0.0,6,56.144,3.563,533.055
4885.6,76.35,92.3,0.0,-0.0,6,53.868,3.541,535.089
4885.6,76.47,92.4,0.0,-0.0,6,50.449,3.507,538.144
4885.6,76.56,92.4,0.0,0.0,6,48.167,3.483,540.182
4900.9,76.68,92.4,0.0,0.2,6,44.739,3.445,543.244
4900.9,76.76,92.4,0.0,0.2,6,42.450,3.418,545.289
4900.9,76.88,92.5,0.0,0.2,6,39.014,3.376,548.360
4900.9,76.96,92.5,0.0,0.1,6,36.721,3.345,550.411
4916.3,77.08,92.5,0.0,0.1,6,33.278,3.293,553.493
4916.3,77.16,92.5,0.0,0.1,6,30.981,3.256,555.552
4916.3,77.29,92.5,0.0,0.1,6,27.532,3.201,558.646
4916.3,77.37,92.6,0.0,0.1,6,25.231,3.162,560.712
4931.7,77.48,92.6,0.0,0.0,6,21.777,3.106,563.816
4931.7,77.60,92.6,0.0,-0.0,6,18.318,3.047,566.927
4931.7,77.68,92.7,0.0,-0.1,6,16.010,3.007,569.004
4931.7,77.79,92.7,0.0,-0.2,6,12.545,2.947,572.125
4947.3,77.87,92.7,0.0,-0.4,6,10.231,2.908,574.207
4947.3,77.98,92.7,0.0,-0.5,6,6.756,2.850,577.334
4947.3,78.05,92.7,0.0,-0.5,6,4.435,2.814,579.419
4947.3,78.13,66.7,6.4,-0.3,6,0.945,2.761,582.546
4962.9,77.93,9.1,63.7,-0.3,6,-1.383,2.722,584.627
4962.9,76.85,0.0,84.1,-0.4,6,-4.852,2.658,587.720
4962.9,75.99,0.0,87.9,-0.3,6,-7.137,2.619,589.752
4962.9,74.68,0.0,91.1,-0.3,6,-10.521,2.564,592.754
4978.1,73.79,0.0,91.3,-0.3,6,-12.746,2.529,594.722
4978.1,72.46,0.0,91.6,-0.4,6,-16.038,2.477,597.626
4978.1,71.57,0.0,91.6,-0.5,6,-18.203,2.444,599.529
4978.1,70.24,0.0,91.8,-0.5,6,-21.404,2.396,602.334
4992.4,68.91,0.0,91.7,-0.7,6,-24.551,2.347,605.081
4992.4,68.04,0.0,92.0,-0.7,6,-26.619,2.313,606.879
4992.4,66.71,0.0,91.5,-0.7,6,-29.677,2.261,609.526
4992.4,65.84,0.0,91.3,-0.6,6,-31.687,2.228,611.258
5005.8,64.54,0.0,91.7,-0.7,6,-34.659,2.182,613.803
5005.8,63.67,0.0,91.6,-0.8,6,-36.613,2.152,615.467
5005.8,62.38,0.0,92.0,-1.0,6,-39.501,2.109,617.911
5005.8,61.52,28.9,92.5,-1.0,0,-41.399,2.080,619.507
5018.4,60.25,0.0,93.0,-1.1,5,-44.205,2.038,621.850
5018.4,59.38,0.0,92.5,-1.1,5,-46.049,2.010,623.377
5018.4,58.09,0.0,91.9,-1.6,5,-48.773,1.967,625.616
5018.4,57.23,0.0,91.5,-1.9,5,-50.563,1.939,627.072
5030.1,55.96,0.0,91.9,-2.5,5,-53.211,1.899,629.203
5030.1,54.69,0.0,91.4,-2.9,5,-55.815,1.859,631.265
5030.1,53.85,0.0,92.1,-3.1,0,-57.527,1.834,632.602
5030.1,52.62,0.0,92.0,-3.1,4,-60.062,1.796,634.547
5040.9,51.77,0.0,88.4,-2.9,4,-61.731,1.771,635.805
5040.9,50.55,0.0,79.7,-2.3,4,-64.201,1.733,637.631
5040.9,49.80,0.0,66.4,-1.7,4,-65.829,1.708,638.806
5040.9,48.86,0.0,53.6,-1.4,4,-68.252,1.673,640.506
5050.9,48.32,0.0,48.4,-1.8,4,-69.860,1.651,641.599
5050.9,47.59,0.0,47.0,-3.7,4,-72.265,1.618,643.182
5050.9,47.10,0.0,51.7,-5.0,4,-73.863,1.596,644.200
5050.9,46.32,0.0,56.3,-6.6,4,-76.250,1.565,645.673
5060.3,45.78,0.0,52.1,-7.6,4,-77.831,1.544,646.618
5060.3,45.02,0.0,44.8,-7.7,4,-80.190,1.512,647.983
5060.3,44.58,0.0,38.0,-7.1,4,-81.755,1.491,648.856
5060.3,44.01,0.0,26.4,-6.8,4,-84.096,1.459,650.114
5069.1,43.56,0.0,20.2,-7.7,4,-86.436,1.427,651.310
5069.1,43.31,0.0,15.0,-8.3,4,-87.997,1.404,652.073
5069.1,42.99,0.0,22.9,-9.1,4,-90.343,1.371,653.169
5069.1,42.70,0.0,30.5,-9.8,0,-91.909,1.350,653.866
5077.7,42.20,0.0,33.8,-10.0,3,-94.256,1.317,654.860
5077.7,41.84,0.0,27.0,-9.6,3,-95.816,1.296,655.488
5077.7,41.40,0.0,14.9,-9.5,3,-98.149,1.265,656.376
5077.7,41.18,0.0,11.3,-9.9,3,-99.705,1.245,656.932
5086.2,40.91,0.0,7.1,-11.1,3,-102.040,1.214,657.715
5086.2,40.75,0.0,5.5,-11.8,3,-103.599,1.193,658.202
5086.2,40.55,0.0,2.5,-12.5,3,-105.941,1.163,658.881
5086.2,40.43,0.0,2.0,-12.9,3,-107.506,1.142,659.298
5094.7,40.26,0.0,2.0,-14.0,3,-109.857,1.113,659.873
5094.7,40.08,0.0,2.9,-14.4,3,-112.213,1.083,660.384
5094.7,39.96,0.0,3.3,-14.4,3,-113.784,1.064,660.690
5102.9,39.77,0.0,3.0,-14.4,3,-116.142,1.035,661.094
5102.9,39.64,0.0,4.0,-12.9,3,-117.713,1.017,661.326
5102.9,39.44,0.0,3.6,-13.1,3,-120.067,0.989,661.621
5102.9,39.32,0.0,4.0,-11.3,3,-121.635,0.972,661.780
5111.2,39.12,0.0,4.7,-8.8,3,-123.981,0.949,661.964
5111.2,38.93,0.0,4.0,-11.6,3,-126.319,0.927,662.087
5111.2,38.81,0.0,4.1,-11.6,3,-127.874,0.913,662.137
5111.2,38.62,0.0,3.8,-12.3,3,-130.196,0.892,662.165
5119.5,38.50,0.0,4.7,-13.1,3,-131.739,0.879,662.152
5119.5,38.30,0.0,5.4,-14.5,3,-134.042,0.859,662.085
5119.5,38.17,0.0,5.0,-15.7,3,-135.570,0.845,662.009
5119.5,37.97,0.0,2.3,-16.4,3,-137.848,0.826,661.843
5127.4,37.85,0.0,0.2,-17.3,3,-139.358,0.814,661.698
5127.4,37.70,2.3,0.0,-16.0,3,-141.608,0.796,661.428
5127.4,37.60,0.8,0.1,-14.6,3,-143.099,0.784,661.212
5127.4,37.44,0.0,0.7,-14.8,3,-145.318,0.767,660.835
5135.6,37.34,0.0,0.5,-16.3,3,-146.786,0.756,660.550
5135.6,37.17,0.7,0.0,-19.0,3,-148.970,0.740,660.069
5135.6,37.02,2.2,0.0,-21.0,3,-151.128,0.723,659.527
5135.6,36.91,2.1,0.0,-22.0,3,-152.553,0.713,659.130
5143.3,36.76,3.2,0.0,-23.1,3,-154.666,0.698,658.482
5143.3,36.65,1.6,0.3,-23.8,3,-156.058,0.688,658.014
5143.3,36.47,0.0,1.8,-24.4,3,-158.119,0.673,657.261
5143.3,36.33,0.0,4.2,-24.6,3,-159.472,0.664,656.724
5151.4,36.11,1.1,0.2,-24.2,3,-161.469,0.652,655.865
5151.4,36.00,7.4,0.0,-23.5,3,-162.776,0.645,655.256
5151.4,35.85,9.0,0.0,-22.5,3,-164.702,0.638,654.288
5151.4,35.77,15.0,0.0,-21.5,3,-165.963,0.635,653.606
5159.6,35.67,11.1,0.0,-20.1,3,-167.817,0.633,652.530
5159.6,35.60,8.8,0.0,-19.7,3,-169.030,0.631,651.782
5159.6,35.48,10.0,0.0,-21.5,3,-170.813,0.627,650.612
5159.6,35.38,9.2,0.0,-24.1,3,-171.976,0.624,649.803
5167.2,35.29,24.8,0.0,-28.8,3,-173.682,0.619,648.544
5167.2,35.28,30.9,0.0,-32.3,3,-175.341,0.617,647.229
5167.2,35.28,32.5,0.0,-34.7,3,-176.419,0.619,646.319
5167.2,35.29,32.5,0.0,-38.1,3,-178.000,0.623,644.910
5175.2,35.30,30.5,0.0,-40.6,3,-179.029,0.626,643.944
5175.2,35.27,28.5,0.0,-44.4,3,-180.533,0.632,642.455
5175.2,35.25,30.0,0.0,-47.2,3,-181.511,0.635,641.438
5175.2,35.17,14.7,0.0,-49.4,3,-182.934,0.640,639.876
5182.6,35.07,12.3,0.0,-50.2,3,-183.852,0.644,638.812
5182.6,34.91,11.6,0.0,-49.7,3,-185.179,0.652,637.185
5182.6,34.81,11.5,0.0,-48.7,0,-186.029,0.659,636.079
5182.6,34.65,6.7,0.0,-45.3,2,-187.253,0.669,634.393
5189.9,34.56,18.9,0.0,-43.5,2,-188.034,0.675,633.250
5189.9,34.47,20.9,0.0,-41.0,2,-189.156,0.685,631.510
5189.9,34.44,24.6,0.0,-39.2,2,-189.870,0.692,630.331
5189.9,34.39,19.9,0.0,-37.0,2,-190.890,0.703,628.536
5196.7,34.34,24.6,0.0,-34.3,2,-191.848,0.716,626.710
5196.7,34.34,30.5,0.0,-32.1,2,-192.454,0.723,625.478
5196.7,34.42,42.7,0.0,-28.5,2,-193.315,0.733,623.604
5196.7,34.54,54.8,0.0,-25.4,2,-193.860,0.738,622.337
5203.4,34.84,68.0,0.0,-20.0,2,-194.632,0.745,620.406
5203.4,35.06,64.3,0.0,-15.7,2,-195.119,0.749,619.096
5203.4,35.34,56.5,0.0,-9.2,2,-195.807,0.753,617.100
5203.4,35.53,58.4,0.0,-5.5,2,-196.237,0.754,615.750
5210.1,35.82,63.9,0.0,-2.1,2,-196.838,0.755,613.696
5210.1,36.04,67.0,0.0,-1.3,2,-197.210,0.756,612.308
5210.1,36.44,74.8,0.0,-2.8,2,-197.725,0.758,610.197
5210.1,36.73,74.6,0.0,-4.8,2,-198.041,0.760,608.769
5217.2,37.15,75.1,0.0,-8.7,2,-198.475,0.762,606.596
5217.2,37.59,78.1,0.0,-11.5,2,-198.865,0.766,604.389
5217.2,37.89,80.9,0.0,-11.8,2,-199.101,0.768,602.899
5224.6,38.36,85.1,0.0,-12.6,2,-199.419,0.773,600.635
5224.6,38.68,85.4,0.0,-10.8,2,-199.606,0.777,599.106
5224.6,39.15,85.6,0.0,-7.0,2,-199.849,0.785,596.785
5224.6,39.47,85.7,0.0,-4.5,2,-199.985,0.791,595.219
5232.5,39.97,85.7,0.0,-1.8,2,-200.153,0.801,592.843
5232.5,40.29,85.8,0.0,-0.5,2,-200.242,0.809,591.241
5232.5,40.69,50.5,0.0,0.9,2,-200.348,0.822,588.813
5232.5,40.66,5.3,15.3,1.5,2,-200.406,0.833,587.186
5240.6,40.29,0.0,38.9,2.9,2,-200.484,0.849,584.757
5240.6,39.87,0.0,54.5,3.9,2,-200.537,0.859,583.154
5240.6,39.02,0.0,62.2,5.0,2,-200.626,0.875,580.786
5240.6,38.43,0.0,54.6,5.8,2,-200.694,0.885,579.238
5248.4,37.66,0.0,45.8,7.0,2,-200.815,0.901,576.958
5248.4,37.00,0.0,33.9,8.1,2,-200.963,0.917,574.722
5248.4,36.64,0.0,27.2,8.9,2,-201.081,0.928,573.254
5248.4,36.19,0.0,21.0,10.0,2,-201.289,0.944,571.079
5255.9,35.93,0.0,16.3,11.0,2,-201.450,0.954,569.645
5277.6,30.80,0.0,11.8,12.7,2,-208.361,1.152,545.050
5285.1,30.61,0.0,15.2,14.2,2,-208.905,1.166,543.948
5310.8,27.90,17.3,0.0,32.1,1,-223.267,1.381,526.053
5310.8,27.90,22.2,0.0,33.5,1,-224.162,1.387,525.387
5310.8,27.92,22.4,0.0,35.7,1,-225.537,1.397,524.430
5310.8,27.90,16.9,0.0,38.0,1,-226.947,1.406,523.527
5316.6,27.84,15.2,0.0,40.5,1,-228.388,1.413,522.679
5316.6,27.80,15.1,0.0,42.3,1,-229.365,1.418,522.145
5316.6,27.73,14.7,0.0,44.6,1,-230.852,1.424,521.394
5316.6,27.67,14.0,0.0,45.9,1,-231.856,1.427,520.926
5322.4,27.58,12.9,0.0,47.9,1,-233.381,1.431,520.275
5322.4,27.51,12.6,0.0,49.1,1,-234.408,1.433,519.876
5322.4,27.40,12.2,0.0,51.0,1,-235.962,1.436,519.330
5322.4,27.29,11.8,0.0,52.5,1,-237.530,1.437,518.847
5328.1,27.21,11.6,0.0,53.1,1,-238.582,1.438,518.561
5328.1,27.09,11.6,0.0,53.9,1,-240.167,1.438,518.186
5328.1,27.01,11.3,0.0,54.3,1,-241.228,1.438,517.971
5328.1,26.89,11.9,0.0,54.5,1,-242.823,1.437,517.704
5333.7,26.81,11.9,0.0,54.0,1,-243.888,1.436,517.563
5333.7,26.70,12.1,0.0,53.1,1,-245.486,1.433,517.404
5333.7,26.63,12.4,0.0,52.5,1,-246.550,1.431,517.335
5333.7,26.53,13.9,0.0,50.9,1,-248.144,1.427,517.285
5339.5,26.48,15.7,0.0,49.5,1,-249.204,1.424,517.288
5362.3,29.15,46.7,0.0,18.4,1,-269.602,1.275,522.895
5362.3,29.33,47.2,0.0,20.1,1,-270.621,1.263,523.468
5362.3,29.62,47.1,0.0,23.9,1,-272.139,1.244,524.376
5362.3,29.79,46.6,0.0,25.7,1,-273.142,1.232,525.012
5368.5,30.05,45.6,0.0,24.5,1,-274.632,1.211,526.011
5388.7,30.54,0.0,6.1,23.2,1,-290.912,0.923,543.567
5396.0,30.38,0.0,6.1,22.7,1,-291.506,0.908,544.631
5396.0,30.14,0.0,8.7,21.5,1,-292.343,0.885,546.242
5396.0,29.94,0.0,7.3,20.2,1,-292.864,0.871,547.325
5396.0,29.70,0.0,8.5,17.3,1,-293.592,0.851,548.960
5402.6,29.53,0.0,9.0,15.5,1,-294.043,0.838,550.056
5428.3,30.63,39.5,0.0,32.9,1,-299.449,0.650,573.646
5454.8,36.35,84.7,0.0,-4.7,2,-295.255,0.511,602.338
5454.8,36.71,84.8,0.0,-2.2,2,-294.787,0.498,603.722
5462.0,37.25,84.9,0.0,2.2,2,-294.065,0.475,605.819
5462.0,37.77,85.1,0.0,4.9,2,-293.323,0.452,607.942
5462.0,38.13,85.1,0.0,5.5,2,-292.816,0.437,609.372
5469.5,38.63,85.3,0.0,5.5,2,-292.032,0.415,611.536
5469.5,38.97,85.4,0.0,5.0,2,-291.493,0.399,612.991
5469.5,39.48,85.5,0.0,4.4,2,-290.655,0.374,615.189
5469.5,39.81,85.6,0.0,4.0,2,-290.078,0.357,616.665
5477.4,40.31,85.8,0.0,4.7,2,-289.181,0.329,618.894
5477.4,40.64,85.9,0.0,4.9,2,-288.563,0.310,620.389
5477.4,41.12,86.0,0.0,4.5,2,-287.604,0.280,622.645
5477.4,41.44,86.0,0.0,4.0,2,-286.944,0.259,624.158
5485.6,41.92,86.1,0.0,3.7,2,-285.921,0.226,626.439
5485.6,42.23,86.2,0.0,3.6,0,-285.219,0.204,627.967
5485.6,42.27,84.2,0.0,3.7,3,-284.139,0.170,630.261
5485.6,42.70,84.4,0.0,2.6,3,-283.029,0.136,632.554
5494.0,43.00,84.4,0.0,1.0,3,-282.272,0.113,634.091
5494.0,43.42,84.6,0.0,0.9,3,-281.112,0.079,636.408
5494.0,43.71,84.7,0.0,0.4,3,-280.325,0.056,637.962
5494.0,44.14,84.7,0.0,1.1,3,-279.127,0.024,640.309
5502.8,44.44,84.8,0.0,1.7,3,-278.318,0.005,641.884
5502.8,44.83,85.1,0.0,1.8,3,-277.089,-0.023,644.260
5502.8,45.13,84.8,0.0,2.8,3,-276.258,-0.045,645.856
5502.8,45.52,85.0,0.0,2.5,3,-274.993,-0.079,648.262
5511.8,45.82,85.1,0.0,2.8,3,-274.136,-0.102,649.874
5511.8,46.23,85.2,0.0,1.3,3,-272.825,-0.132,652.303
5511.8,46.49,85.3,0.0,1.4,3,-271.935,-0.147,653.929
5511.8,46.90,85.4,0.0,1.3,3,-270.579,-0.167,656.380
5521.0,47.16,85.5,0.0,1.4,3,-269.662,-0.180,658.022
5521.0,47.56,85.6,0.0,1.9,3,-268.268,-0.200,660.498
5521.0,47.96,85.6,0.0,2.5,3,-266.852,-0.221,662.989
5521.0,48.22,85.6,0.0,2.7,3,-265.895,-0.234,664.657
5530.6,48.58,85.9,0.0,2.7,3,-264.438,-0.254,667.169
5530.6,48.87,85.8,0.0,2.5,3,-263.452,-0.267,668.850
5530.6,49.24,85.9,0.0,-0.6,3,-261.947,-0.282,671.378
5530.6,49.49,86.0,0.0,-1.4,3,-260.929,-0.291,673.069
5540.4,49.87,86.0,0.0,-0.9,3,-259.387,-0.302,675.619
5540.4,50.11,86.1,0.0,0.1,3,-258.352,-0.308,677.330
5540.4,50.49,86.1,0.0,1.2,3,-256.789,-0.317,679.911
5540.4,50.72,86.2,0.0,-0.1,3,-255.740,-0.323,681.641
5550.5,50.83,0.0,0.0,1.5,0,-254.160,-0.332,684.249
5592.8,54.98,85.1,0.0,3.2,4,-231.293,-0.437,719.829
5592.8,55.18,85.2,0.0,4.1,4,-230.026,-0.438,721.631
5592.8,55.47,85.3,0.0,5.7,4,-228.095,-0.440,724.331
5592.8,55.67,85.4,0.0,6.1,4,-226.786,-0.441,726.127
5604.0,55.96,85.6,0.0,5.5,4,-224.784,-0.441,728.810
5604.0,56.14,85.7,0.0,4.8,4,-223.424,-0.440,730.592
5604.0,56.42,85.8,0.0,3.9,4,-221.344,-0.438,733.252
5604.0,56.61,85.9,0.0,3.6,4,-219.931,-0.436,735.016
5615.6,56.89,86.1,0.0,4.1,4,-217.774,-0.430,737.650
5615.6,57.08,86.2,0.0,4.5,4,-216.311,-0.424,739.398
5615.6,57.35,86.3,0.0,5.1,4,-214.081,-0.411,742.007
5615.6,57.53,86.4,0.0,5.0,4,-212.570,-0.401,743.738
5627.3,57.81,86.6,0.0,4.3,4,-210.267,-0.383,746.319
5627.3,58.07,86.7,0.0,3.5,4,-207.921,-0.363,748.883
5627.3,58.25,86.8,0.0,3.2,4,-206.332,-0.348,750.583
5627.3,58.52,86.9,0.0,3.8,4,-203.915,-0.323,753.118
5639.2,58.70,87.0,0.0,4.1,4,-202.282,-0.305,754.799
5688.3,61.74,87.2,0.0,4.4,5,-165.030,-0.176,787.262
5688.3,61.88,87.3,0.0,4.3,5,-163.039,-0.176,788.727
5688.3,62.10,87.4,0.0,5.8,5,-160.019,-0.174,790.898
5688.3,62.24,87.5,0.0,5.7,5,-157.983,-0.171,792.326
5701.1,62.45,87.6,0.0,4.7,5,-154.897,-0.168,794.439
5701.1,62.60,87.6,0.0,3.9,5,-152.820,-0.171,795.831
5701.1,62.81,87.8,0.0,3.0,5,-149.668,-0.172,797.886
5713.8,63.01,87.9,0.0,2.9,5,-146.477,-0.164,799.900
5713.8,63.15,88.0,0.0,4.1,5,-144.330,-0.156,801.224
5713.8,63.37,88.1,0.0,5.9,5,-141.081,-0.150,803.187
5713.8,63.50,88.2,0.0,5.9,5,-138.896,-0.148,804.477
5726.8,63.70,88.3,0.0,6.4,5,-135.589,-0.147,806.381
5726.8,63.84,88.3,0.0,5.3,5,-133.363,-0.144,807.624
5726.8,64.03,88.4,0.0,5.3,5,-129.990,-0.139,809.450
5726.8,64.15,88.4,0.0,5.8,5,-127.720,-0.139,810.641
5739.9,64.33,88.5,0.0,5.1,5,-124.281,-0.137,812.379
5739.9,64.46,88.6,0.0,5.0,5,-121.966,-0.134,813.508
5739.9,64.65,88.7,0.0,5.0,5,-118.462,-0.131,815.157
5739.9,64.77,88.7,0.0,4.8,5,-116.106,-0.128,816.228
5753.0,64.97,88.8,0.0,4.4,5,-112.543,-0.123,817.794
5753.0,65.10,88.9,0.0,4.3,5,-110.150,-0.121,818.813
5753.0,65.29,88.9,0.0,4.1,5,-106.534,-0.119,820.303
5753.0,65.48,89.0,0.0,4.0,5,-102.888,-0.113,821.749
5766.3,65.60,89.1,0.0,4.1,5,-100.441,-0.108,822.688
5766.3,65.79,89.2,0.0,4.3,5,-96.746,-0.101,824.062
5766.3,65.92,89.2,0.0,4.4,5,-94.268,-0.097,824.955
5766.3,66.11,89.3,0.0,4.8,5,-90.528,-0.091,826.259
5779.5,66.24,89.4,0.0,4.7,5,-88.020,-0.089,827.104
5779.5,66.42,89.4,0.0,4.4,5,-84.235,-0.084,828.333
5779.5,66.54,89.5,0.0,4.4,5,-81.696,-0.079,829.124
5779.5,66.73,89.6,0.0,4.5,5,-77.867,-0.071,830.270
5792.9,66.84,89.6,0.0,4.6,5,-75.299,-0.065,831.006
5792.9,67.02,89.7,0.0,4.9,5,-71.427,-0.057,832.071
5792.9,67.14,89.8,0.0,4.9,5,-68.832,-0.051,832.752
5792.9,67.32,89.8,0.0,3.4,5,-64.919,-0.041,833.730
5806.2,67.49,89.9,0.0,3.0,5,-60.983,-0.030,834.658
5806.2,67.61,90.0,0.0,2.8,5,-58.347,-0.022,835.250
5806.2,67.79,90.0,0.0,2.6,5,-54.375,-0.008,836.101
5806.2,67.91,90.1,0.0,2.7,5,-51.717,0.002,836.646
5819.7,68.10,90.1,0.0,2.6,5,-47.713,0.019,837.433
5819.7,68.21,90.2,0.0,2.6,5,-45.034,0.033,837.937
5819.7,68.39,90.3,0.0,2.6,5,-41.002,0.055,838.666
5819.7,68.52,90.3,0.0,2.5,5,-38.304,0.071,839.133
5833.3,68.70,90.4,0.0,2.5,5,-34.244,0.093,839.807
5833.3,68.81,90.4,0.0,2.5,5,-31.528,0.108,840.238
5833.3,68.98,90.5,0.0,1.7,5,-27.441,0.131,840.856
5833.3,69.10,90.5,0.0,1.4,5,-24.708,0.147,841.251
5847.1,69.27,90.6,0.0,1.1,5,-20.596,0.174,841.819
5847.1,69.39,90.7,0.0,1.0,5,-17.847,0.194,842.183
5847.1,69.56,90.7,0.0,0.6,5,-13.713,0.221,842.714
5847.1,69.74,90.8,0.0,0.3,5,-9.566,0.247,843.228
5861.0,69.85,90.8,0.0,0.3,5,-6.795,0.265,843.564
5861.0,70.02,90.9,0.0,0.4,5,-2.629,0.293,844.061
5861.0,70.13,90.9,0.0,0.4,5,0.155,0.313,844.387
5861.0,70.31,91.0,0.0,0.3,5,4.340,0.340,844.872
5.8,70.42,91.0,0.0,0.3,5,7.136,0.358,845.192
