opponent,v3,Kévin Estre,0,1771614104074
Game,version,date,track,car,event,laptime [s],S1 [s],S2 [s],S3 [s],S4+ [s]
LMU,1.2,2026-02-20 19:01:44,Silverstone Grand Prix Circuit - ELMS,Porsche Penske Motorsport 2025 #6:LM (Hyper),Live,111.754,0,0,0
Tracklen [m],TotalLaps
5869.1,17
,
,
lapdistance [m],speed [m/s],throttle [%],brake [%],steer [%],gear [int],world_x [m],world_y [m],world_z [m]
200.0,75.36,92.0,0.0,0.2,6,204.914,1.811,865.826
273.3,64.93,0.0,92.4,1.6,6,274.657,2.235,871.444
273.3,63.60,0.0,92.5,2.0,6,278.507,2.250,871.700
273.3,62.71,0.0,92.2,2.5,6,281.030,2.259,871.858
286.1,61.40,26.9,93.2,2.9,0,284.750,2.272,872.071
286.1,60.08,0.0,92.2,2.8,5,288.392,2.285,872.250
286.1,59.20,0.0,88.2,2.6,5,290.777,2.295,872.348
286.1,57.95,0.0,78.3,2.7,5,294.292,2.310,872.461
297.9,57.18,0.0,66.5,2.9,5,296.595,2.320,872.510
297.9,56.21,0.0,47.3,3.1,5,299.998,2.336,872.543
297.9,55.71,0.0,34.4,3.8,5,302.237,2.346,872.534
297.9,55.15,0.0,18.1,5.4,5,305.562,2.362,872.473
309.0,54.88,0.0,10.4,6.4,5,307.761,2.374,872.398
309.0,54.59,0.0,4.1,7.9,5,311.041,2.393,872.235
309.0,54.44,0.0,4.5,8.9,5,313.218,2.406,872.093
309.0,54.21,0.0,3.5,10.1,5,316.467,2.424,871.829
319.8,54.05,0.0,2.7,10.5,5,318.622,2.436,871.619
319.8,53.84,0.0,1.5,10.2,5,321.838,2.453,871.251
319.8,53.70,0.0,1.8,9.6,5,323.970,2.464,870.967
319.8,53.49,0.0,2.5,9.7,5,327.150,2.480,870.486
330.6,53.34,0.0,1.6,10.2,5,329.256,2.490,870.127
330.6,53.13,1.4,2.1,10.0,5,332.395,2.506,869.531
330.6,52.93,5.6,0.0,9.9,5,335.506,2.521,868.863
330.6,52.81,7.6,0.0,10.4,5,337.565,2.531,868.380
341.4,52.65,10.8,0.0,11.0,5,340.630,2.546,867.596
341.4,52.56,12.6,0.0,12.0,5,342.658,2.556,867.035
341.4,52.40,6.7,0.0,12.9,5,345.677,2.569,866.138
341.4,52.28,7.5,0.0,13.7,5,347.671,2.579,865.501
352.4,52.23,55.1,0.0,14.1,5,350.637,2.593,864.489
352.4,52.32,76.4,0.0,14.3,5,352.602,2.603,863.774
352.4,52.49,78.1,0.0,15.2,5,355.535,2.618,862.641
352.4,52.61,77.9,0.0,16.1,5,357.480,2.629,861.845
363.5,52.79,82.4,0.0,17.4,5,360.382,2.646,860.591
363.5,52.91,83.5,0.0,17.9,5,362.305,2.657,859.714
363.5,53.11,83.7,0.0,18.3,5,365.173,2.673,858.340
363.5,53.23,83.8,0.0,18.6,5,367.072,2.684,857.384
374.8,53.41,84.0,0.0,18.8,5,369.900,2.700,855.889
374.8,53.54,84.1,0.0,18.9,5,371.771,2.711,854.853
374.8,53.71,84.3,0.0,19.6,5,374.553,2.727,853.237
374.8,53.89,84.5,0.0,18.9,5,377.305,2.744,851.550
386.1,54.02,84.5,0.0,17.8,5,379.122,2.755,850.386
386.1,54.20,84.7,0.0,18.5,5,381.820,2.771,848.582
386.1,54.33,84.8,0.0,19.7,5,383.601,2.781,847.341
386.1,54.50,84.9,0.0,21.2,5,386.242,2.795,845.422
397.4,54.62,85.0,0.0,22.1,5,387.981,2.805,844.104
397.4,54.78,77.8,0.0,22.8,5,390.557,2.821,842.071
397.4,54.85,72.7,0.0,23.3,5,392.251,2.832,840.679
397.4,54.95,66.9,0.0,23.4,5,394.754,2.848,838.538
408.8,54.99,65.9,0.0,23.0,5,396.396,2.858,837.076
408.8,55.07,69.5,0.0,22.0,5,398.816,2.875,834.830
408.8,55.14,70.5,0.0,21.5,5,400.401,2.886,833.299
408.8,55.21,61.1,0.0,20.7,5,402.736,2.903,830.952
420.2,55.25,60.8,0.0,20.0,5,404.263,2.914,829.356
420.2,55.35,82.4,0.0,18.5,5,406.508,2.930,826.914
420.2,55.47,85.9,0.0,17.4,5,407.975,2.940,825.253
420.2,55.65,86.1,0.0,16.3,5,410.135,2.953,822.714
431.4,55.83,86.2,0.0,14.4,5,412.243,2.964,820.119
431.4,55.96,86.2,0.0,12.7,5,413.618,2.971,818.356
431.4,56.14,86.4,0.0,11.3,5,415.632,2.985,815.663
431.4,56.28,86.5,0.0,10.8,5,416.943,2.995,813.837
442.4,56.49,86.6,0.0,11.5,5,418.867,3.006,811.055
442.4,56.61,86.6,0.0,11.2,5,420.121,3.013,809.172
442.4,56.82,86.8,0.0,11.2,5,421.953,3.026,806.305
442.4,56.95,86.8,0.0,11.3,5,423.143,3.037,804.366
453.5,57.16,87.0,0.0,10.3,5,424.884,3.053,801.419
453.5,57.30,87.0,0.0,9.0,5,426.012,3.066,799.428
453.5,57.51,87.2,0.0,7.8,5,427.658,3.089,796.403
453.5,57.66,87.2,0.0,6.9,5,428.726,3.104,794.363
464.7,57.88,87.3,0.0,6.3,5,430.283,3.128,791.266
464.7,58.02,87.0,0.0,6.4,5,431.292,3.146,789.180
464.7,58.24,87.2,0.0,5.9,5,432.766,3.170,786.019
464.7,58.40,87.5,0.0,5.3,5,433.722,3.186,783.892
476.2,58.62,87.7,0.0,5.2,5,435.117,3.211,780.671
476.2,58.85,86.4,0.0,5.1,5,436.469,3.235,777.417
476.2,59.01,86.5,0.0,4.8,5,437.348,3.249,775.230
487.9,59.23,87.9,0.0,4.3,5,438.631,3.273,771.925
487.9,59.39,88.1,0.0,3.9,5,439.463,3.292,769.704
487.9,59.56,88.3,0.0,3.7,5,440.676,3.322,766.349
487.9,59.74,88.3,0.0,3.2,5,441.464,3.340,764.096
499.6,59.98,88.4,0.0,2.8,5,442.611,3.371,760.691
499.6,60.13,74.9,0.0,1.3,5,443.354,3.390,758.408
499.6,60.28,81.1,0.0,0.7,5,444.437,3.413,754.963
499.6,60.44,88.5,0.0,1.4,5,445.136,3.430,752.651
511.5,60.72,88.6,0.0,1.5,5,446.155,3.459,749.163
511.5,60.85,88.6,0.0,2.4,5,446.817,3.479,746.824
511.5,61.05,88.6,0.0,2.9,5,447.784,3.507,743.299
511.5,61.22,88.8,0.0,2.6,5,448.414,3.523,740.936
523.6,61.40,89.0,0.0,3.2,5,449.330,3.548,737.374
523.6,61.56,89.0,0.0,3.1,5,449.923,3.563,734.987
523.6,61.82,89.0,0.0,2.3,5,450.785,3.584,731.388
523.6,62.02,89.1,0.0,2.4,5,451.608,3.606,727.766
535.9,62.16,89.2,0.0,2.9,5,452.135,3.625,725.339
535.9,62.39,89.3,0.0,3.3,5,452.897,3.656,721.682
535.9,62.54,89.3,0.0,3.3,5,453.388,3.677,719.232
535.9,62.77,89.4,0.0,2.5,5,454.100,3.706,715.541
548.4,62.91,89.4,0.0,2.0,5,454.558,3.723,713.070
548.4,63.14,89.5,0.0,1.1,5,455.222,3.745,709.347
548.4,63.28,89.5,0.0,1.2,5,455.648,3.763,706.855
548.4,63.50,89.6,0.0,1.2,5,456.269,3.794,703.103
561.0,63.65,89.7,0.0,1.2,5,456.672,3.814,700.593
561.0,63.87,89.8,0.0,0.8,5,457.265,3.844,696.814
561.0,64.02,89.8,0.0,1.0,5,457.653,3.865,694.286
561.0,64.24,89.9,0.0,1.1,5,458.223,3.898,690.482
573.7,64.38,89.9,0.0,1.1,5,458.596,3.919,687.937
573.7,64.60,90.0,0.0,1.0,5,459.145,3.951,684.107
573.7,64.74,90.0,0.0,0.9,5,459.504,3.972,681.546
573.7,64.95,90.1,0.0,1.0,5,460.031,4.004,677.691
586.5,65.16,90.2,0.0,1.1,5,460.546,4.036,673.823
586.5,65.30,90.2,0.0,1.1,5,460.882,4.057,671.236
586.5,65.51,90.3,0.0,1.1,5,461.375,4.090,667.343
586.5,65.65,90.3,0.0,1.1,5,461.696,4.112,664.740
599.5,65.85,90.4,0.0,1.1,5,462.165,4.143,660.824
599.5,65.99,90.4,0.0,1.2,5,462.470,4.164,658.205
599.5,66.19,90.5,0.0,1.2,5,462.914,4.198,654.265
599.5,66.32,90.6,0.0,1.3,5,463.202,4.221,651.631
612.7,66.52,90.6,0.0,1.4,5,463.621,4.256,647.669
612.7,66.66,90.7,0.0,1.3,5,463.891,4.278,645.020
612.7,66.85,90.7,0.0,1.0,5,464.283,4.311,641.035
612.7,66.98,90.8,0.0,0.6,5,464.534,4.332,638.370
626.0,67.18,90.8,0.0,0.4,5,464.898,4.366,634.362
626.0,67.31,90.9,0.0,0.5,5,465.134,4.389,631.683
626.0,67.50,90.9,0.0,0.7,5,465.478,4.422,627.654
626.0,67.70,91.0,0.0,0.7,5,465.812,4.454,623.613
639.4,67.82,91.0,0.0,0.6,5,466.029,4.475,620.912
639.4,68.01,91.1,0.0,0.5,5,466.347,4.507,616.850
639.4,68.14,91.1,0.0,0.5,5,466.554,4.528,614.135
639.4,68.32,91.2,0.0,0.6,5,466.856,4.561,610.053
653.0,68.45,91.2,0.0,0.5,5,467.053,4.582,607.325
653.0,68.63,91.3,0.0,0.6,5,467.341,4.614,603.223
653.0,68.76,91.3,0.0,0.4,5,467.529,4.636,600.482
653.0,68.94,91.4,0.0,0.5,5,467.805,4.667,596.361
666.8,69.06,91.4,0.0,0.6,5,467.985,4.688,593.608
931.3,72.18,0.0,41.4,3.4,6,510.431,3.532,323.852
1014.7,63.33,0.0,6.6,8.0,6,527.991,3.186,249.346
1014.7,62.99,4.0,0.2,7.6,6,528.073,3.180,246.821
1028.0,62.71,1.6,2.3,9.0,6,528.115,3.176,243.050
1028.0,62.52,0.0,6.0,11.0,6,528.093,3.174,240.545
1028.0,62.19,0.0,3.9,14.3,6,527.985,3.172,236.805
1028.0,61.98,0.0,2.1,16.0,6,527.861,3.175,234.324
1040.8,61.70,2.0,0.0,17.1,6,527.598,3.184,230.623
1040.8,61.53,4.3,0.0,17.2,6,527.372,3.193,228.169
1040.8,61.30,6.9,0.0,16.4,6,526.961,3.207,224.507
1040.8,61.15,8.8,0.0,15.2,6,526.640,3.216,222.078
1053.0,60.89,1.7,0.7,11.6,6,526.086,3.229,218.459
1053.0,60.74,22.2,0.0,9.5,6,525.666,3.239,216.063
1053.0,60.60,40.5,0.0,6.9,6,524.958,3.261,212.493
1053.0,60.59,67.1,0.0,5.8,6,524.437,3.278,210.126
1064.9,60.71,84.7,0.0,4.9,6,523.584,3.306,206.589
1064.9,60.87,84.8,0.0,4.6,6,522.654,3.337,203.063
1064.9,60.98,84.9,0.0,3.9,6,521.996,3.357,200.717
1077.0,61.16,85.0,0.0,1.8,6,520.964,3.389,197.201
1077.0,61.29,85.0,0.0,1.5,6,520.253,3.410,194.859
1077.0,61.47,85.2,0.0,0.6,6,519.158,3.442,191.343
1077.0,61.60,85.3,0.0,-0.2,6,518.414,3.463,188.997
1089.5,61.79,85.4,0.0,-1.4,6,517.285,3.493,185.472
1089.5,61.92,85.5,0.0,-2.1,6,516.527,3.514,183.116
1089.5,62.10,74.1,7.0,-2.7,6,515.393,3.541,179.573
1089.5,61.97,28.3,68.5,-3.1,6,514.643,3.557,177.206
1102.0,60.91,27.5,81.8,-3.2,0,513.545,3.575,173.682
1102.0,60.12,0.0,77.5,-3.6,5,512.837,3.586,171.366
1102.0,59.04,0.0,62.6,-4.9,5,511.820,3.604,167.937
1102.0,58.41,0.0,54.1,-3.6,5,511.174,3.615,165.678
1113.9,57.57,0.0,45.6,-2.8,5,510.256,3.631,162.321
1113.9,57.08,0.0,38.7,-2.7,5,509.679,3.641,160.101
1113.9,56.36,0.0,50.9,-4.3,5,508.867,3.656,156.794
1113.9,55.81,0.0,52.9,-4.3,5,508.361,3.667,154.607
1125.4,54.98,0.0,50.4,-5.7,5,507.656,3.685,151.357
1125.4,54.45,0.0,42.5,-6.4,5,507.219,3.695,149.212
1125.4,53.78,0.0,27.6,-6.8,5,506.618,3.710,146.020
1125.4,53.32,0.0,12.0,-8.0,5,506.083,3.722,142.852
1136.6,53.10,0.0,5.5,-8.9,5,505.764,3.728,140.748
1136.6,52.86,0.0,0.9,-10.4,5,505.344,3.735,137.597
1136.6,52.73,0.0,1.0,-11.7,5,505.103,3.737,135.498
1136.6,52.53,0.0,2.4,-13.5,5,504.800,3.738,132.354
1147.7,52.39,0.0,0.8,-15.0,5,504.638,3.736,130.262
1147.7,52.17,0.5,0.3,-17.2,5,504.450,3.726,127.131
1147.7,52.03,12.5,0.0,-17.0,5,504.365,3.716,125.048
1147.7,51.89,9.3,0.0,-15.3,5,504.308,3.701,121.930
1158.6,51.76,7.2,0.4,-13.9,5,504.319,3.695,119.857
1158.6,51.55,5.6,0.0,-11.1,5,504.411,3.693,116.759
1158.6,51.43,6.9,0.0,-9.0,0,504.517,3.691,114.702
1158.6,51.26,12.3,0.0,-6.8,4,504.742,3.690,111.629
1169.6,51.12,6.7,0.0,-5.5,4,504.926,3.681,109.590
1169.6,50.91,21.8,0.0,-4.3,4,505.272,3.672,106.548
1169.6,50.85,26.4,0.0,-2.0,4,505.545,3.665,104.531
1169.6,50.69,17.2,0.0,-0.5,4,506.031,3.662,101.524
1180.4,50.54,16.7,0.0,0.6,4,506.581,3.650,98.537
1180.4,50.45,15.9,0.0,2.4,4,506.975,3.630,96.556
1180.4,50.20,11.8,0.0,4.1,4,507.638,3.605,93.609
1180.4,50.06,14.8,0.0,6.4,4,508.126,3.591,91.664
1191.0,49.85,11.7,0.0,13.5,4,508.924,3.571,88.775
1191.0,49.72,11.7,0.0,17.1,4,509.497,3.557,86.868
1191.0,49.55,11.6,0.0,19.6,4,510.409,3.530,84.033
1191.0,49.43,11.5,0.0,15.4,4,511.051,3.508,82.160
1201.4,49.26,11.5,0.0,7.1,4,512.068,3.472,79.380
1201.4,49.15,23.4,0.0,0.3,4,512.784,3.445,77.546
1201.4,49.12,33.4,0.0,-10.8,4,513.915,3.404,74.825
1201.4,49.08,22.6,0.0,-18.7,4,514.708,3.375,73.028
1211.5,49.09,51.2,0.0,-27.4,4,515.949,3.331,70.359
1211.5,49.18,64.8,0.0,-30.1,4,516.810,3.302,68.593
1211.5,49.34,66.8,0.0,-28.8,4,518.151,3.261,65.960
1211.5,49.45,68.0,0.0,-26.6,4,519.083,3.236,64.218
1221.4,49.63,74.7,0.0,-20.5,4,520.541,3.203,61.629
1221.4,49.79,82.3,0.0,-15.0,4,521.553,3.183,59.918
1221.4,49.91,25.2,19.1,-6.6,4,523.132,3.154,57.376
1221.4,49.49,0.0,46.2,-0.7,4,524.768,3.125,54.879
1231.3,48.98,0.0,62.4,4.5,4,525.877,3.107,53.250
1231.3,48.02,0.0,74.7,9.8,4,527.549,3.082,50.865
1231.3,47.29,0.0,77.8,11.1,4,528.653,3.064,49.309
1231.3,46.18,0.0,81.9,10.2,4,530.279,3.036,47.022
1240.8,45.42,0.0,85.1,8.4,4,531.335,3.018,45.522
1240.8,44.27,36.6,82.4,6.6,0,532.865,2.992,43.306
1240.8,43.57,0.0,57.7,5.6,3,533.847,2.976,41.848
1240.8,42.78,0.0,20.7,4.5,3,535.261,2.950,39.679
1249.6,42.50,0.0,9.1,4.7,3,536.165,2.933,38.232
1249.6,42.24,0.0,2.6,6.4,3,537.466,2.905,36.048
1249.6,42.11,0.0,0.7,9.7,3,538.297,2.885,34.580
1249.6,41.93,2.7,0.0,15.1,3,539.491,2.853,32.360
1258.0,41.83,5.7,0.0,17.4,3,540.252,2.832,30.867
1258.0,41.70,6.5,0.0,18.5,3,541.343,2.799,28.612
1258.0,41.60,5.0,0.0,19.5,3,542.036,2.776,27.096
1258.0,41.46,13.7,0.0,20.2,3,543.022,2.741,24.808
1266.5,41.45,35.5,0.0,20.0,3,543.641,2.717,23.271
1266.5,41.58,56.9,0.0,19.6,3,544.516,2.681,20.940
1266.5,41.78,56.0,0.0,20.4,3,545.325,2.646,18.575
1266.5,41.89,50.3,0.0,22.0,3,545.829,2.623,16.979
1275.4,42.01,42.6,0.0,24.6,3,546.529,2.587,14.562
1275.4,42.05,35.3,0.0,26.9,3,546.960,2.561,12.937
1275.4,42.07,35.5,0.0,29.7,3,547.548,2.523,10.483
1275.4,42.08,35.5,0.0,30.7,3,547.901,2.498,8.838
1284.4,42.11,33.2,0.0,32.0,3,548.370,2.460,6.356
1284.4,42.10,28.5,0.0,33.2,3,548.644,2.434,4.695
1284.4,42.08,30.7,0.0,35.1,3,548.998,2.394,2.195
1284.4,42.07,31.8,0.0,36.6,3,549.196,2.366,0.523
1293.1,42.02,19.9,0.0,38.8,3,549.433,2.323,-1.988
1293.1,41.95,18.9,0.0,40.0,3,549.551,2.295,-3.663
1293.1,41.84,19.2,0.0,41.3,3,549.667,2.252,-6.174
1293.1,41.77,18.8,0.0,41.7,3,549.704,2.223,-7.845
1302.1,41.70,28.2,0.0,43.2,3,549.701,2.178,-10.349
1302.1,41.66,27.4,0.0,44.5,3,549.659,2.147,-12.015
1302.1,41.57,19.2,0.0,46.4,3,549.537,2.101,-14.509
1302.1,41.48,17.8,0.0,47.6,3,549.414,2.072,-16.166
1311.2,41.33,12.5,0.0,48.6,3,549.169,2.029,-18.638
1311.2,41.15,12.2,0.0,48.9,3,548.851,1.989,-21.091
1311.2,41.04,12.1,0.0,48.5,3,548.598,1.962,-22.716
1320.1,40.86,12.1,0.0,47.2,3,548.158,1.925,-25.133
1320.1,40.74,12.3,0.0,46.0,3,547.824,1.901,-26.730
1320.1,40.57,13.0,0.0,43.5,3,547.260,1.866,-29.104
1320.1,40.46,13.7,0.0,41.8,3,546.844,1.845,-30.670
1328.6,40.32,15.1,0.0,39.4,3,546.159,1.814,-32.995
1328.6,40.23,16.1,0.0,38.3,3,545.664,1.794,-34.528
1328.6,40.12,18.1,0.0,36.7,3,544.866,1.762,-36.802
1328.6,40.06,20.1,0.0,35.8,3,544.297,1.742,-38.302
1337.2,39.99,25.0,0.0,34.1,3,543.389,1.711,-40.524
1337.2,39.97,30.0,0.0,32.5,3,542.748,1.692,-41.989
1337.2,40.00,43.3,0.0,28.6,3,541.731,1.664,-44.161
1337.2,40.10,57.9,0.0,25.2,3,541.016,1.646,-45.593
1345.5,40.39,81.1,0.0,19.9,3,539.886,1.620,-47.725
1345.5,40.78,84.0,0.0,14.8,3,538.687,1.595,-49.844
1345.5,41.04,84.1,0.0,11.2,3,537.850,1.578,-51.249
1345.5,41.43,84.2,0.0,6.3,3,536.536,1.554,-53.344
1353.9,41.70,84.3,0.0,4.0,3,535.623,1.538,-54.733
1353.9,42.12,84.4,0.0,1.9,3,534.201,1.514,-56.805
1353.9,42.41,84.4,0.0,1.8,3,533.219,1.499,-58.181
1353.9,42.84,84.4,0.0,3.7,3,531.699,1.477,-60.236
1362.5,43.13,84.5,0.0,5.9,3,530.657,1.462,-61.603
1362.5,43.55,84.7,0.0,7.6,3,529.056,1.437,-63.651
1362.5,43.84,84.7,0.0,8.0,3,527.964,1.420,-65.015
1362.5,44.25,84.9,0.0,7.6,3,526.288,1.392,-67.056
1371.2,44.53,85.0,0.0,7.1,3,525.144,1.372,-68.413
1371.2,44.94,85.0,0.0,6.3,3,523.387,1.341,-70.441
1371.2,45.22,85.1,0.0,7.9,3,522.188,1.320,-71.787
1371.2,45.62,85.2,0.0,9.3,3,520.346,1.286,-73.794
1380.0,45.88,85.3,0.0,9.5,3,519.088,1.262,-75.123
1380.0,46.28,85.4,0.0,10.5,3,517.155,1.227,-77.098
1380.0,46.66,85.5,0.0,9.3,3,515.168,1.188,-79.053
1380.0,46.92,85.5,0.0,7.4,3,513.814,1.162,-80.344
1389.2,47.31,85.6,0.0,5.3,3,511.735,1.122,-82.258
1389.2,47.57,85.6,0.0,4.5,3,510.320,1.097,-83.521
1389.2,47.96,85.7,0.0,5.1,3,508.154,1.062,-85.396
1389.2,48.22,85.7,0.0,6.9,3,506.684,1.039,-86.636
1398.5,48.60,85.8,0.0,8.6,3,504.442,1.004,-88.480
1398.5,48.85,86.0,0.0,8.9,3,502.922,0.978,-89.700
1398.5,49.22,86.1,0.0,8.3,3,500.604,0.935,-91.510
1398.5,49.46,86.2,0.0,7.3,3,499.032,0.905,-92.701
1408.1,49.82,86.4,0.0,5.7,3,496.631,0.859,-94.461
1408.1,50.05,86.5,0.0,4.6,3,495.002,0.829,-95.616
1408.1,50.42,86.7,0.0,3.2,3,492.518,0.785,-97.322
1408.1,50.66,86.7,0.0,2.7,0,490.837,0.757,-98.443
1418.1,50.66,84.8,0.0,1.4,4,488.289,0.718,-100.099
1418.1,50.88,85.0,0.0,0.0,4,486.576,0.694,-101.189
1418.1,51.22,85.2,0.0,0.3,4,483.984,0.660,-102.820
1418.1,51.55,85.4,0.0,0.2,4,481.369,0.628,-104.452
1428.3,51.78,85.4,0.0,0.6,4,479.614,0.605,-105.542
1428.3,52.10,85.6,0.0,-0.7,4,476.965,0.573,-107.183
1428.3,52.34,85.7,0.0,-1.4,4,475.190,0.551,-108.282
1428.3,52.66,85.9,0.0,-2.1,4,472.513,0.518,-109.941
1438.9,52.85,86.0,0.0,-2.3,4,470.722,0.499,-111.056
1438.9,53.19,86.2,0.0,-1.6,4,468.027,0.472,-112.746
1438.9,53.43,86.3,0.0,-2.3,4,466.226,0.456,-113.885
1438.9,53.75,86.4,0.0,-2.8,4,463.519,0.432,-115.617
1449.9,53.95,86.6,0.0,-3.3,4,461.711,0.416,-116.786
1449.9,54.26,86.8,0.0,-4.4,4,458.997,0.391,-118.567
1449.9,54.47,86.8,0.0,-4.9,4,457.187,0.371,-119.772
1449.9,54.78,87.0,0.0,-5.4,4,454.476,0.341,-121.612
1461.2,55.00,87.0,0.0,-5.7,4,452.673,0.320,-122.864
1461.2,55.27,87.2,0.0,-5.7,4,449.981,0.294,-124.785
1461.2,55.57,87.3,0.0,-5.8,4,447.308,0.275,-126.762
1461.2,55.76,87.4,0.0,-6.2,4,445.535,0.264,-128.109
1472.6,56.05,87.5,0.0,-6.6,4,442.891,0.249,-130.172
1472.6,56.24,87.6,0.0,-6.7,4,441.139,0.239,-131.576
1472.6,56.52,87.7,0.0,-6.1,4,438.530,0.228,-133.730
1472.6,56.71,87.8,0.0,-5.9,4,436.805,0.224,-135.196
1484.1,56.98,87.9,0.0,-8.4,4,434.238,0.220,-137.440
1484.1,57.15,88.0,0.0,-9.6,4,432.542,0.219,-138.968
1484.1,57.42,88.1,0.0,-10.2,4,430.023,0.217,-141.306
1484.1,57.59,88.2,0.0,-10.1,4,428.362,0.214,-142.896
1495.7,57.83,88.3,0.0,-9.7,4,425.903,0.212,-145.333
1495.7,57.99,88.4,0.0,-9.3,4,424.287,0.211,-146.992
1495.7,58.23,88.5,0.0,-8.2,4,421.899,0.210,-149.532
1495.7,58.39,88.6,0.0,-6.9,4,420.333,0.211,-151.260
1507.3,58.63,88.7,0.0,-5.7,4,418.023,0.214,-153.902
1507.3,58.81,88.7,0.0,-5.8,4,416.507,0.216,-155.695
1507.3,59.05,88.9,0.0,-6.4,4,414.264,0.215,-158.428
1519.0,59.30,88.9,0.0,-5.8,4,412.059,0.208,-161.210
1519.0,59.47,89.0,0.0,-4.9,4,410.611,0.203,-163.093
1519.0,59.73,89.1,0.0,-3.8,4,408.468,0.193,-165.955
1519.0,59.90,89.2,0.0,-3.5,4,407.057,0.183,-167.886
1530.7,60.16,89.3,0.0,-3.3,4,404.965,0.166,-170.818
1530.7,60.33,89.3,0.0,-3.2,4,403.587,0.155,-172.794
1530.7,60.59,89.4,0.0,-4.1,4,401.542,0.138,-175.789
1530.7,60.75,89.5,0.0,-4.5,4,400.192,0.125,-177.805
1542.8,61.00,89.6,0.0,-3.7,4,398.189,0.103,-180.858
1542.8,61.08,0.0,0.0,-3.4,0,396.869,0.089,-182.913
1542.8,61.11,88.4,0.0,-2.2,5,394.919,0.064,-186.014
1542.8,61.27,88.5,0.0,-1.8,5,393.635,0.049,-188.098
1555.0,61.50,88.6,0.0,-1.8,5,391.732,0.032,-191.250
1555.0,61.74,88.7,0.0,-2.1,5,389.849,0.018,-194.431
1555.0,61.90,88.7,0.0,-1.8,5,388.602,0.008,-196.566
1555.0,62.13,88.8,0.0,-1.8,5,386.744,-0.004,-199.790
1567.4,62.29,88.9,0.0,-1.7,5,385.514,-0.010,-201.952
1567.4,62.52,89.0,0.0,-1.7,5,383.680,-0.017,-205.216
1567.4,62.67,89.0,0.0,-1.7,5,382.465,-0.021,-207.405
1567.4,62.91,89.1,0.0,-1.8,5,380.652,-0.027,-210.707
1579.9,63.06,89.2,0.0,-1.8,5,379.451,-0.031,-212.921
1579.9,63.27,89.3,0.0,-1.7,5,377.660,-0.035,-216.261
1579.9,63.45,89.4,0.0,-1.5,5,376.472,-0.040,-218.499
1579.9,63.67,89.4,0.0,-1.0,5,374.702,-0.047,-221.877
1592.6,63.83,89.4,0.0,-0.7,5,373.529,-0.052,-224.141
1592.6,64.07,89.5,0.0,-0.7,5,371.779,-0.053,-227.555
1592.6,64.20,89.6,0.0,-0.6,5,370.618,-0.054,-229.842
1592.6,64.43,89.7,0.0,-0.6,5,368.881,-0.056,-233.287
1605.4,64.59,89.7,0.0,-0.8,5,367.726,-0.059,-235.594
1605.4,64.80,89.8,0.0,-0.7,5,365.998,-0.067,-239.069
1605.4,65.05,89.8,0.0,-0.9,5,364.273,-0.080,-242.562
1605.4,65.18,89.9,0.0,-0.7,5,363.127,-0.088,-244.901
1618.4,65.40,90.0,0.0,-0.3,5,361.414,-0.104,-248.423
1618.4,65.54,90.0,0.0,-0.1,5,360.275,-0.115,-250.781
1618.4,65.75,90.1,0.0,0.2,5,358.571,-0.130,-254.331
1618.4,65.89,90.1,0.0,0.3,5,357.435,-0.141,-256.706
1631.5,66.10,90.2,0.0,0.4,5,355.728,-0.157,-260.278
1631.5,66.24,90.3,0.0,0.5,5,354.588,-0.169,-262.666
1631.5,66.45,90.3,0.0,0.4,5,352.870,-0.186,-266.257
1631.5,66.59,90.4,0.0,0.5,5,351.720,-0.197,-268.656
1644.7,66.79,90.5,0.0,0.5,5,349.985,-0.214,-272.261
1644.7,66.93,90.5,0.0,0.5,5,348.822,-0.226,-274.669
1644.7,67.13,90.6,0.0,0.5,5,347.068,-0.242,-278.288
1644.7,67.27,90.6,0.0,0.5,5,345.892,-0.254,-280.704
1658.1,67.47,90.7,0.0,0.3,5,344.117,-0.272,-284.336
1658.1,67.67,90.7,0.0,0.3,5,342.331,-0.292,-287.974
1658.1,67.80,90.8,0.0,0.3,5,341.134,-0.306,-290.404
1658.1,68.00,90.9,0.0,0.3,5,339.330,-0.327,-294.056
1671.7,68.12,90.9,0.0,0.3,5,338.122,-0.342,-296.495
1671.7,68.31,91.0,0.0,0.2,5,336.301,-0.365,-300.161
1671.7,68.46,91.0,0.0,0.1,5,335.082,-0.385,-302.609
1671.7,68.63,91.0,0.0,0.0,5,333.245,-0.410,-306.288
1685.4,68.76,91.1,0.0,0.1,5,332.016,-0.422,-308.746
1685.4,68.95,91.2,0.0,0.1,5,330.166,-0.441,-312.439
1685.4,69.09,91.2,0.0,0.0,5,328.929,-0.458,-314.907
1685.4,69.26,91.2,0.0,0.0,5,327.068,-0.482,-318.616
1699.1,69.39,91.3,0.0,-0.1,5,325.823,-0.498,-321.094
1699.1,69.57,91.3,0.0,-0.1,5,323.951,-0.521,-324.818
1699.1,69.69,91.4,0.0,-0.1,5,322.700,-0.536,-327.306
1699.1,69.87,91.4,0.0,-0.1,5,320.820,-0.559,-331.047
1713.1,69.99,91.5,0.0,-0.1,5,319.564,-0.574,-333.546
1713.1,70.17,91.5,0.0,-0.2,5,317.678,-0.598,-337.303
1713.1,70.29,91.6,0.0,-0.1,5,316.419,-0.613,-339.814
1713.1,70.46,91.6,0.0,-0.2,5,314.529,-0.637,-343.589
1727.1,70.63,91.7,0.0,-0.1,0,312.636,-0.661,-347.374
1727.1,70.55,0.0,0.0,-0.1,0,311.374,-0.676,-349.901
1727.1,70.65,90.8,0.0,-0.1,6,309.485,-0.700,-353.691
1727.1,70.76,90.8,0.0,-0.1,6,308.225,-0.717,-356.222
1741.2,70.92,90.9,0.0,-0.1,6,306.332,-0.742,-360.028
1741.2,71.03,90.9,0.0,-0.1,6,305.069,-0.761,-362.570
1741.2,71.20,91.0,0.0,-0.1,6,303.172,-0.789,-366.392
1741.2,71.30,91.0,0.0,-0.1,6,301.906,-0.809,-368.945
1755.4,71.46,91.1,0.0,-0.1,6,300.004,-0.839,-372.782
1755.4,71.56,91.1,0.0,-0.1,6,298.735,-0.859,-375.345
1755.4,71.73,91.1,0.0,-0.1,6,296.829,-0.892,-379.197
1755.4,71.83,91.2,0.0,-0.1,6,295.557,-0.914,-381.771
1769.8,71.99,91.2,0.0,-0.2,6,293.646,-0.947,-385.639
1769.8,72.09,91.2,0.0,-0.2,6,292.372,-0.968,-388.223
1769.8,72.24,91.3,0.0,-0.2,6,290.459,-0.999,-392.106
1784.2,72.40,91.3,0.0,-0.2,6,288.544,-1.031,-396.000
1784.2,72.50,91.3,0.0,-0.2,6,287.267,-1.053,-398.600
1784.2,72.65,91.4,0.0,-0.1,6,285.349,-1.088,-402.510
1784.2,72.76,91.4,0.0,-0.1,6,284.070,-1.111,-405.121
1798.7,72.90,91.5,0.0,-0.1,6,282.151,-1.142,-409.046
1798.7,72.99,91.5,0.0,-0.0,6,280.870,-1.160,-411.667
1798.7,73.15,91.5,0.0,-0.1,6,278.946,-1.186,-415.607
1798.7,73.25,91.6,0.0,-0.1,6,277.663,-1.205,-418.238
1813.3,73.39,91.6,0.0,-0.1,6,275.736,-1.233,-422.192
1813.3,73.49,91.6,0.0,-0.1,6,274.450,-1.252,-424.833
1813.3,73.63,91.7,0.0,-0.1,6,272.519,-1.281,-428.801
1813.3,73.73,91.7,0.0,-0.1,6,271.230,-1.300,-431.451
1828.1,73.87,91.7,0.0,0.0,6,269.295,-1.330,-435.434
1828.1,73.96,91.8,0.0,0.1,6,268.004,-1.351,-438.093
1828.1,74.10,91.8,0.0,0.1,6,266.065,-1.380,-442.089
1828.1,74.19,91.8,0.0,0.1,6,264.770,-1.399,-444.757
1842.9,74.33,91.9,0.0,0.1,6,262.824,-1.428,-448.765
1842.9,74.47,91.9,0.0,0.2,6,260.874,-1.457,-452.780
1842.9,74.56,91.9,0.0,0.1,6,259.570,-1.475,-455.460
1842.9,74.69,92.0,0.0,0.1,6,257.611,-1.501,-459.486
1857.8,74.78,92.0,0.0,0.1,6,256.301,-1.517,-462.173
1857.8,74.92,92.0,0.0,0.2,6,254.332,-1.544,-466.209
1857.8,75.01,92.0,0.0,0.2,6,253.015,-1.563,-468.902
1857.8,75.13,92.1,0.0,0.2,6,251.035,-1.589,-472.948
1872.8,75.23,92.1,0.0,0.2,6,249.712,-1.607,-475.648
1872.8,75.35,92.1,0.0,0.2,6,247.720,-1.634,-479.702
1872.8,75.43,92.2,0.0,0.2,6,246.389,-1.651,-482.408
1872.8,75.56,92.2,0.0,0.2,6,244.386,-1.675,-486.471
1887.9,75.69,92.2,0.0,0.1,6,242.376,-1.700,-490.538
1887.9,75.77,92.2,0.0,0.1,6,241.032,-1.715,-493.253
1887.9,75.90,92.3,0.0,0.1,6,239.012,-1.738,-497.330
1887.9,75.98,92.3,0.0,0.2,6,237.661,-1.754,-500.051
1903.1,76.10,92.3,0.0,0.3,6,235.632,-1.777,-504.136
1903.1,76.19,92.3,0.0,0.6,6,234.275,-1.793,-506.864
1903.1,76.31,92.4,0.0,0.7,6,232.236,-1.817,-510.958
1903.1,76.39,92.4,0.0,0.6,6,230.871,-1.833,-513.690
1918.3,76.51,92.4,0.0,0.3,6,228.815,-1.857,-517.790
1918.3,76.59,92.4,0.0,0.2,6,227.437,-1.874,-520.525
1918.3,76.71,92.5,0.0,0.2,6,225.361,-1.900,-524.628
1918.3,76.79,92.5,0.0,0.2,6,223.972,-1.917,-527.366
1933.6,76.90,92.5,0.0,0.1,6,221.880,-1.938,-531.474
1933.6,76.98,92.6,0.0,0.1,6,220.481,-1.952,-534.215
1933.6,77.10,92.6,0.0,-0.1,6,218.378,-1.975,-538.330
1933.6,77.21,92.6,0.0,-0.2,6,216.268,-2.003,-542.451
1949.1,77.29,92.6,0.0,-0.2,6,214.860,-2.024,-545.201
1949.1,77.41,92.6,0.0,-0.2,6,212.746,-2.062,-549.332
1949.1,77.48,92.7,0.0,-0.0,6,211.336,-2.089,-552.090
1949.1,77.59,92.7,0.0,0.4,6,209.220,-2.133,-556.233
1964.5,77.67,92.7,0.0,0.2,6,207.809,-2.163,-558.998
1964.5,77.82,92.7,0.0,-0.3,6,204.980,-2.227,-564.536
1964.5,77.93,92.8,0.0,-0.4,6,202.854,-2.277,-568.696
1980.1,78.00,92.8,0.0,-0.4,6,201.435,-2.311,-571.473
1980.1,78.11,92.8,0.0,-0.5,6,199.308,-2.362,-575.645
1980.1,78.18,92.8,0.0,-0.5,6,197.892,-2.397,-578.431
1980.1,78.28,92.9,0.0,-0.4,6,195.772,-2.451,-582.618
1995.7,78.36,92.9,0.0,-0.5,6,194.361,-2.487,-585.415
1995.7,78.46,92.9,0.0,-0.7,6,192.250,-2.539,-589.619
1995.7,78.53,92.9,0.0,-0.7,6,190.847,-2.573,-592.428
1995.7,78.64,92.9,0.0,-0.5,6,188.748,-2.630,-596.650
2011.4,78.71,92.9,0.0,-0.1,6,187.353,-2.668,-599.470
2011.4,78.81,93.0,0.0,0.0,6,185.266,-2.724,-603.709
2011.4,78.91,93.0,0.0,0.7,6,183.181,-2.781,-607.956
2011.4,78.98,93.0,0.0,0.9,6,181.791,-2.818,-610.791
2027.2,79.07,93.1,0.0,1.3,6,179.700,-2.869,-615.046
2027.2,79.14,93.1,0.0,1.2,6,178.298,-2.904,-617.883
2027.2,79.24,93.1,0.0,1.0,6,176.182,-2.956,-622.137
2027.2,79.30,93.1,0.0,0.9,6,174.759,-2.988,-624.970
2043.0,79.32,0.0,0.0,1.0,0,172.607,-3.029,-629.215
2043.0,79.22,92.4,0.0,1.0,7,171.163,-3.055,-632.037
2043.0,79.31,92.4,0.0,0.9,7,168.981,-3.092,-636.263
2043.0,79.37,92.4,0.0,0.9,7,167.515,-3.115,-639.077
2058.9,79.45,92.4,0.0,0.8,7,165.301,-3.147,-643.296
2058.9,79.51,92.5,0.0,0.8,7,163.814,-3.166,-646.106
2058.9,79.60,92.5,0.0,0.8,7,161.571,-3.191,-650.319
2058.9,79.66,92.5,0.0,0.7,7,160.066,-3.204,-653.126
2074.8,79.74,92.5,0.0,0.5,7,157.798,-3.221,-657.335
2074.8,79.79,92.5,0.0,0.4,7,156.277,-3.228,-660.140
2074.8,79.88,92.5,0.0,0.4,7,153.986,-3.235,-664.346
2090.7,79.99,92.6,0.0,0.5,7,150.911,-3.237,-669.953
2090.7,80.04,92.6,0.0,0.5,7,149.367,-3.236,-672.756
2090.7,80.12,92.6,0.0,0.6,7,147.042,-3.230,-676.961
2090.7,80.17,92.6,0.0,0.6,7,145.486,-3.224,-679.763
2106.7,80.26,92.6,0.0,0.7,7,143.141,-3.213,-683.966
2106.7,80.31,92.6,0.0,0.9,7,141.571,-3.202,-686.767
2106.7,80.38,92.6,0.0,1.1,7,139.202,-3.182,-690.966
2106.7,80.45,92.7,0.0,1.1,7,136.817,-3.157,-695.160
2122.8,80.50,92.7,0.0,1.2,7,135.215,-3.137,-697.952
2122.8,80.57,92.7,0.0,1.3,7,132.796,-3.102,-702.135
2122.8,80.62,92.7,0.0,1.5,7,131.170,-3.077,-704.919
2122.8,80.69,92.7,0.0,1.6,7,128.711,-3.036,-709.087
2138.9,80.74,92.7,0.0,1.7,7,127.058,-3.005,-711.860
2138.9,80.47,50.5,91.6,1.8,7,124.555,-2.952,-716.007
2138.9,79.62,0.0,91.9,1.8,7,122.886,-2.914,-718.742
2138.9,78.77,78.6,92.3,1.4,7,120.392,-2.849,-722.779
2154.8,78.05,46.2,92.6,1.0,7,118.728,-2.802,-725.440
2154.8,76.85,49.4,93.0,0.9,7,116.245,-2.729,-729.366
2154.8,76.23,46.7,93.3,0.9,7,114.595,-2.677,-731.947
2154.8,75.03,41.7,15.6,1.6,7,112.136,-2.597,-735.759
2170.0,74.60,47.0,94.0,1.1,7,110.502,-2.544,-738.270
2170.0,73.28,0.0,94.4,0.5,7,108.065,-2.465,-741.982
2170.0,72.50,25.6,94.7,0.1,7,106.457,-2.411,-744.412
2170.0,71.41,23.9,15.8,0.4,7,104.060,-2.327,-748.003
2184.5,70.54,6.8,95.5,1.3,7,101.677,-2.245,-751.541
2184.5,69.61,0.0,95.8,1.7,0,100.103,-2.193,-753.863
2184.5,68.43,40.2,96.3,0.9,6,97.768,-2.117,-757.283
2184.5,67.53,0.0,48.2,1.0,6,96.225,-2.069,-759.524
2198.3,66.65,1.2,97.0,1.3,6,93.925,-1.999,-762.831
2265.6,48.62,0.0,5.7,10.6,4,50.674,-0.819,-813.840
2265.6,48.46,0.0,6.2,10.9,4,49.186,-0.788,-815.087
2265.6,48.20,0.0,3.6,10.8,4,46.929,-0.740,-816.908
2265.6,48.05,0.0,2.1,10.5,4,45.407,-0.707,-818.087
2275.5,47.85,0.0,2.1,10.9,4,43.098,-0.658,-819.803
2275.5,47.70,0.0,2.1,12.1,4,41.542,-0.625,-820.912
2275.5,47.49,0.3,0.1,11.2,4,39.182,-0.576,-822.519
2275.5,47.37,4.2,0.0,10.8,4,37.591,-0.543,-823.553
2285.5,47.20,5.7,0.0,11.0,4,35.180,-0.491,-825.048
2285.5,47.02,1.3,0.6,11.3,4,32.741,-0.440,-826.477
2285.5,46.89,0.9,1.0,11.3,4,31.101,-0.406,-827.393
2285.5,46.69,0.0,0.6,11.4,4,28.622,-0.354,-828.708
2295.6,46.57,6.2,4.7,11.5,4,26.957,-0.319,-829.548
2295.6,46.27,0.0,15.8,9.9,4,24.443,-0.268,-830.751
2295.6,45.91,0.0,14.2,4.0,4,21.921,-0.217,-831.885
2295.6,45.70,0.0,12.3,1.2,4,20.236,-0.183,-832.605
2305.5,45.41,0.0,11.7,5.5,4,17.707,-0.133,-833.639
2305.5,45.21,0.0,10.8,10.4,4,16.019,-0.102,-834.300
2305.5,44.94,0.0,5.3,15.5,4,13.486,-0.057,-835.246
2305.5,44.78,0.0,3.1,17.7,4,11.793,-0.027,-835.843
2315.2,44.58,1.3,0.8,18.9,4,9.247,0.021,-836.680
2315.2,44.44,0.4,0.2,19.2,4,7.544,0.054,-837.198
2315.2,44.25,3.5,0.0,19.7,4,4.981,0.104,-837.913
2315.2,44.12,3.4,0.4,19.8,4,3.268,0.137,-838.347
2324.6,43.91,1.9,0.0,19.8,4,0.693,0.185,-838.933
2324.6,43.77,2.2,0.0,20.2,4,-1.026,0.217,-839.280
2324.6,43.57,4.4,0.0,22.1,4,-3.606,0.263,-839.735
2333.6,43.39,9.2,0.0,22.9,4,-6.187,0.307,-840.113
2333.6,43.27,8.0,0.0,23.0,4,-7.907,0.335,-840.322
2333.6,43.11,11.6,0.0,24.7,4,-10.486,0.375,-840.572
2333.6,43.00,12.3,0.0,26.4,4,-12.204,0.401,-840.696
2342.9,42.88,20.3,0.0,28.6,4,-14.777,0.438,-840.822
2342.9,42.82,23.3,0.0,29.7,4,-16.490,0.461,-840.866
2342.9,42.73,22.4,0.0,30.7,4,-19.057,0.494,-840.874
2342.9,42.67,23.2,0.0,31.7,4,-20.764,0.515,-840.841
2352.0,42.61,31.9,0.0,33.3,4,-23.320,0.543,-840.735
2352.0,42.59,35.5,0.0,34.2,4,-25.021,0.560,-840.627
2352.0,42.56,32.0,0.0,35.9,4,-27.566,0.583,-840.409
2352.0,42.52,28.2,0.0,35.6,4,-29.258,0.597,-840.225
2361.1,42.44,25.4,0.0,36.1,4,-31.785,0.615,-839.893
2361.1,42.39,31.9,0.0,36.1,4,-33.461,0.626,-839.632
2361.1,42.36,31.5,0.0,36.0,4,-35.964,0.643,-839.182
2361.1,42.28,24.4,0.0,35.7,4,-38.449,0.659,-838.661
2370.1,42.21,24.5,0.0,35.3,4,-40.094,0.669,-838.274
2370.1,42.15,35.1,0.0,34.6,4,-42.543,0.684,-837.636
2370.1,42.14,32.7,0.0,33.9,4,-44.164,0.693,-837.173
2370.1,42.08,28.4,0.0,33.0,4,-46.577,0.705,-836.422
2378.7,42.05,29.9,0.0,32.5,4,-48.171,0.711,-835.884
2378.7,42.00,34.6,0.0,30.9,4,-50.541,0.719,-835.022
2378.7,42.00,39.6,0.0,29.6,4,-52.105,0.725,-834.410
2378.7,42.04,49.2,0.0,27.6,4,-54.430,0.733,-833.435
2387.6,42.14,61.6,0.0,25.2,4,-56.730,0.739,-832.394
2387.6,42.26,71.4,0.0,23.4,4,-58.251,0.742,-831.663
2387.6,42.51,81.6,0.0,20.5,4,-60.519,0.743,-830.513
2387.6,42.69,81.6,0.0,18.4,4,-62.020,0.743,-829.709
2396.5,42.96,81.7,0.0,15.3,4,-64.257,0.741,-828.446
2396.5,43.15,81.8,0.0,13.0,4,-65.738,0.739,-827.566
2396.5,43.44,81.9,0.0,10.3,4,-67.941,0.734,-826.192
2396.5,43.63,81.9,0.0,9.0,4,-69.399,0.730,-825.240
2405.4,43.93,82.0,0.0,7.7,4,-71.570,0.721,-823.763
2405.4,44.14,82.1,0.0,7.4,4,-73.007,0.714,-822.745
2405.4,44.46,82.2,0.0,7.7,4,-75.149,0.704,-821.172
2405.4,44.67,82.3,0.0,8.1,4,-76.568,0.697,-820.094
2414.5,44.98,82.6,0.0,8.4,4,-78.683,0.685,-818.434
2513.8,55.25,88.2,0.0,-1.8,4,-133.319,-1.203,-736.078
2513.8,55.46,88.3,0.0,-2.0,4,-134.386,-1.277,-734.140
2513.8,55.78,88.4,0.0,-1.9,4,-136.009,-1.392,-731.226
2513.8,55.99,88.5,0.0,-1.9,4,-137.106,-1.473,-729.280
2525.1,56.31,88.6,0.0,-1.7,4,-138.772,-1.598,-726.355
2525.1,56.52,88.7,0.0,-1.7,4,-139.898,-1.684,-724.402
2525.1,56.84,88.8,0.0,-1.8,4,-141.609,-1.819,-721.466
2525.1,57.05,88.9,0.0,-1.8,4,-142.764,-1.911,-719.506
2536.5,57.35,89.0,0.0,-1.8,4,-144.519,-2.052,-716.561
2536.5,57.56,89.1,0.0,-1.7,4,-145.704,-2.147,-714.594
2536.5,57.86,89.2,0.0,-1.7,4,-147.504,-2.290,-711.640
2536.5,58.07,89.2,0.0,-1.5,4,-148.719,-2.386,-709.668
2548.1,58.37,89.3,0.0,-1.5,4,-150.563,-2.529,-706.706
2548.1,58.57,89.4,0.0,-1.4,4,-151.808,-2.624,-704.729
2548.1,58.87,89.5,0.0,-1.6,4,-153.697,-2.764,-701.759
2548.1,59.16,89.6,0.0,-1.9,4,-155.612,-2.902,-698.785
2559.9,59.35,89.7,0.0,-2.2,4,-156.903,-2.994,-696.799
2559.9,59.64,89.8,0.0,-2.2,4,-158.863,-3.129,-693.819
2559.9,59.83,89.8,0.0,-2.1,4,-160.185,-3.215,-691.831
2559.9,60.11,89.9,0.0,-2.5,4,-162.195,-3.336,-688.850
2571.9,60.29,90.0,0.0,-2.7,4,-163.553,-3.411,-686.863
2571.9,60.56,90.1,0.0,-3.3,4,-165.617,-3.514,-683.885
2571.9,60.74,90.2,0.0,-3.4,4,-167.013,-3.576,-681.903
2571.9,60.90,0.0,0.0,-3.4,0,-169.138,-3.658,-678.936
2584.0,60.87,89.0,0.0,-3.4,5,-170.572,-3.707,-676.969
2584.0,61.11,89.1,0.0,-2.8,5,-172.754,-3.771,-674.033
2584.0,61.26,89.2,0.0,-2.8,5,-174.231,-3.808,-672.082
2584.0,61.50,89.3,0.0,-2.7,5,-176.478,-3.854,-669.165
2596.3,61.66,89.3,0.0,-2.6,5,-177.997,-3.881,-667.226
2596.3,61.90,89.4,0.0,-1.9,5,-180.304,-3.914,-664.325
2596.3,62.14,89.5,0.0,-1.1,5,-182.643,-3.942,-661.432
2596.3,62.29,89.6,0.0,-0.6,5,-184.218,-3.960,-659.506
2608.7,62.53,89.6,0.0,-0.0,5,-186.600,-3.984,-656.617
2608.7,62.68,89.7,0.0,0.2,5,-188.199,-3.998,-654.691
2608.7,62.91,89.7,0.0,0.2,5,-190.610,-4.015,-651.795
2608.7,63.06,89.8,0.0,0.5,5,-192.223,-4.025,-649.860
2621.3,63.28,89.9,0.0,0.0,5,-194.648,-4.037,-646.949
2621.3,63.43,89.9,0.0,0.1,5,-196.270,-4.042,-645.001
2621.3,63.65,90.0,0.0,0.2,5,-198.707,-4.046,-642.070
2621.3,63.81,90.0,0.0,0.2,5,-200.336,-4.047,-640.109
2634.0,64.02,90.1,0.0,0.0,5,-202.783,-4.045,-637.157
2634.0,64.16,90.1,0.0,-0.1,5,-204.419,-4.041,-635.183
2634.0,64.37,90.2,0.0,-0.2,5,-206.877,-4.029,-632.213
2634.0,64.51,90.3,0.0,-0.2,5,-208.520,-4.017,-630.228
2646.8,64.72,90.3,0.0,-0.1,5,-210.992,-3.995,-627.241
2646.8,64.86,90.4,0.0,-0.3,5,-212.644,-3.979,-625.245
2646.8,65.07,90.4,0.0,-0.7,5,-215.132,-3.955,-622.244
2659.7,65.27,90.5,0.0,-1.3,5,-217.630,-3.930,-619.236
2659.7,65.41,90.5,0.0,-1.6,5,-219.303,-3.915,-617.229
2659.7,65.61,90.6,0.0,-1.5,5,-221.828,-3.893,-614.217
2659.7,65.74,90.6,0.0,-1.3,5,-223.521,-3.880,-612.209
2672.8,65.95,90.7,0.0,-0.9,5,-226.080,-3.866,-609.199
2672.8,66.07,90.8,0.0,-0.8,5,-227.797,-3.860,-607.194
2672.8,66.27,90.8,0.0,-0.6,5,-230.390,-3.857,-604.188
2672.8,66.35,51.3,10.0,-0.5,5,-232.130,-3.857,-602.185
2686.1,65.98,0.0,48.7,-0.4,5,-234.743,-3.863,-599.192
2686.1,65.42,0.0,68.0,-0.3,5,-236.477,-3.870,-597.215
2686.1,64.35,0.0,81.8,-0.2,5,-239.051,-3.885,-594.290
2686.1,63.55,0.0,84.6,-0.1,5,-240.745,-3.899,-592.371
2699.0,62.31,0.0,85.3,-0.0,5,-243.249,-3.923,-589.542
2699.0,61.47,0.0,87.3,-0.0,5,-244.894,-3.941,-587.689
2699.0,60.22,0.0,88.5,0.1,5,-247.322,-3.972,-584.959
2699.0,59.38,0.0,88.1,-0.0,5,-248.915,-3.995,-583.173
2711.1,58.12,0.0,87.8,0.0,5,-251.265,-4.031,-580.542
2711.1,56.88,0.0,85.9,0.1,5,-253.567,-4.070,-577.970
2711.1,56.06,0.0,86.9,0.1,5,-255.075,-4.097,-576.287
2711.1,54.83,0.0,86.4,0.1,5,-257.299,-4.137,-573.809
2722.3,54.02,0.0,86.8,0.1,5,-258.755,-4.165,-572.189
2722.3,52.81,32.5,86.7,-0.0,0,-260.901,-4.205,-569.806
2722.3,52.03,0.0,88.2,0.1,4,-262.307,-4.231,-568.248
2722.3,50.79,0.0,86.7,0.1,4,-264.376,-4.271,-565.957
2732.7,49.98,0.0,86.7,0.0,4,-265.729,-4.298,-564.461
2732.7,48.79,0.0,86.5,-0.1,4,-267.719,-4.336,-562.263
2732.7,47.99,0.0,86.6,-0.3,4,-269.020,-4.362,-560.828
2732.7,46.79,0.0,86.0,-0.5,4,-270.932,-4.400,-558.721
2742.3,46.01,0.0,86.3,-0.8,4,-272.181,-4.424,-557.346
2742.3,44.83,0.0,86.2,-1.1,4,-274.016,-4.459,-555.329
2742.3,44.04,38.4,86.5,-1.2,0,-275.215,-4.481,-554.015
2742.3,42.89,0.0,86.0,-1.6,3,-276.979,-4.514,-552.091
2751.1,41.71,0.0,86.7,-1.9,3,-278.701,-4.547,-550.224
2751.1,40.92,0.0,86.0,-1.7,3,-279.827,-4.568,-549.012
2751.1,39.76,0.0,84.8,-0.4,3,-281.482,-4.600,-547.243
2751.1,38.98,0.0,84.0,-0.4,3,-282.563,-4.619,-546.097
2759.2,37.84,0.0,82.1,0.6,3,-284.153,-4.648,-544.425
2759.2,37.11,0.0,81.6,1.1,0,-285.190,-4.666,-543.341
2759.2,36.02,0.0,80.7,1.8,2,-286.712,-4.692,-541.759
2759.2,35.29,0.0,79.7,0.9,2,-287.704,-4.710,-540.732
2766.4,34.22,0.0,78.9,-1.6,2,-289.157,-4.735,-539.233
2766.4,33.50,0.0,78.1,-3.6,2,-290.103,-4.752,-538.262
2766.4,32.46,0.0,76.1,-6.5,2,-291.490,-4.776,-536.848
2766.4,31.76,0.0,74.8,-8.4,2,-292.396,-4.792,-535.936
2773.0,30.75,0.0,72.7,-10.5,2,-293.730,-4.815,-534.616
2773.0,30.10,0.0,70.4,1.6,0,-294.606,-4.830,-533.769
2773.0,29.17,0.0,66.6,1.3,1,-295.889,-4.852,-532.536
2773.0,28.56,0.0,64.4,-3.7,1,-296.726,-4.866,-531.739
2778.9,27.68,0.0,59.5,-8.5,1,-297.962,-4.886,-530.588
2778.9,26.86,0.0,51.8,-15.1,1,-299.177,-4.905,-529.491
2778.9,26.36,0.0,47.0,-18.6,1,-299.979,-4.917,-528.790
2778.9,25.69,0.0,41.4,-20.1,1,-301.176,-4.932,-527.786
2784.2,25.27,0.0,38.0,-19.1,1,-301.973,-4.941,-527.150
2784.2,24.70,0.0,29.9,-20.2,1,-303.167,-4.954,-526.242
2784.2,24.38,0.0,26.6,-22.0,1,-303.964,-4.962,-525.669
2784.2,23.94,0.0,24.6,-24.6,1,-305.164,-4.972,-524.854
2789.0,23.66,0.0,28.3,-24.0,1,-305.966,-4.978,-524.342
2789.0,23.21,0.0,18.7,-24.2,1,-307.173,-4.986,-523.619
2789.0,22.98,0.0,14.2,-25.1,1,-307.979,-4.991,-523.168
2789.0,22.69,0.0,12.5,-25.6,1,-309.194,-4.997,-522.534
2793.5,22.51,0.0,12.6,-24.7,1,-310.008,-5.001,-522.140
2793.5,22.23,0.0,9.2,-23.4,1,-311.234,-5.006,-521.592
2793.5,22.08,0.0,5.1,-22.8,1,-312.053,-5.009,-521.254
2793.5,21.93,0.0,2.3,-23.0,1,-313.288,-5.012,-520.786
2798.2,21.83,0.0,1.3,-25.9,1,-314.115,-5.013,-520.499
2798.2,21.75,15.5,0.0,-27.8,1,-315.361,-5.014,-520.106
2798.2,21.83,32.0,0.0,-28.1,1,-316.620,-5.014,-519.757
2798.2,21.94,37.0,0.0,-27.9,1,-317.470,-5.014,-519.548
2803.1,22.15,46.4,0.0,-32.5,1,-318.762,-5.013,-519.270
2803.1,22.31,37.8,0.0,-34.6,1,-319.636,-5.012,-519.108
2803.1,22.51,46.5,0.0,-36.1,1,-320.965,-5.011,-518.905
2803.1,22.71,58.3,0.0,-36.7,1,-321.862,-5.009,-518.796
2808.1,23.07,58.2,0.0,-32.0,1,-323.229,-5.006,-518.673
2808.1,23.29,52.1,0.0,-32.5,1,-324.154,-5.004,-518.618
2808.1,23.60,54.5,0.0,-32.2,1,-325.560,-5.000,-518.581
2808.1,23.80,53.5,0.0,-25.5,1,-326.507,-4.997,-518.587
2813.2,24.13,55.7,0.0,-17.6,1,-327.943,-4.991,-518.642
2813.2,24.38,56.7,0.0,-21.2,1,-328.911,-4.987,-518.706
2813.2,24.73,54.0,0.0,-26.5,1,-330.377,-4.980,-518.847
2813.2,24.95,53.2,0.0,-29.5,1,-331.362,-4.974,-518.972
2818.2,25.26,53.4,0.0,-31.0,1,-332.849,-4.964,-519.206
2818.2,25.46,49.7,0.0,-33.3,1,-333.846,-4.957,-519.393
2818.2,25.69,43.2,0.0,-31.9,1,-335.345,-4.944,-519.721
2823.1,25.89,39.3,0.0,-27.1,1,-336.844,-4.930,-520.106
2823.1,26.01,37.6,0.0,-33.1,1,-337.841,-4.920,-520.394
2823.1,26.21,43.9,0.0,-32.2,1,-339.331,-4.904,-520.873
2823.1,26.36,45.8,0.0,-29.8,1,-340.322,-4.893,-521.225
2828.1,26.61,49.6,0.0,-24.5,1,-341.802,-4.877,-521.800
2828.1,26.81,51.1,0.0,-25.0,1,-342.786,-4.867,-522.216
2828.1,27.10,52.9,0.0,-27.8,1,-344.255,-4.850,-522.889
2828.1,27.31,52.4,0.0,-24.1,1,-345.230,-4.838,-523.372
2833.2,27.63,55.8,0.0,-17.5,1,-346.683,-4.818,-524.147
2833.2,27.86,62.6,0.0,-22.2,1,-347.646,-4.804,-524.697
2833.2,28.16,49.6,0.0,-26.1,1,-349.080,-4.782,-525.573
2833.2,28.36,50.6,0.0,-23.9,1,-350.026,-4.766,-526.191
2838.5,28.66,54.9,0.0,-21.0,1,-351.430,-4.742,-527.167
2838.5,28.85,35.5,20.8,-16.2,1,-352.355,-4.726,-527.851
2838.5,28.60,0.0,15.5,-7.9,1,-353.715,-4.702,-528.914
2838.5,28.26,0.0,5.1,-0.3,1,-355.028,-4.678,-530.001
2844.1,28.13,0.0,6.0,7.6,1,-355.886,-4.662,-530.734
2844.1,27.93,0.0,0.5,22.6,1,-357.163,-4.639,-531.828
2844.1,27.81,0.3,10.8,28.3,1,-358.020,-4.624,-532.541
2844.1,27.49,0.0,20.1,33.2,1,-359.321,-4.601,-533.572
2850.0,27.23,0.0,15.7,34.8,1,-360.197,-4.587,-534.228
2850.0,26.90,0.0,1.3,36.3,1,-361.526,-4.568,-535.161
2850.0,26.78,15.0,0.0,36.7,1,-362.425,-4.556,-535.749
2850.0,26.81,33.8,0.0,25.6,1,-363.798,-4.539,-536.581
2855.7,26.89,30.1,0.0,8.7,1,-364.734,-4.529,-537.108
2855.7,26.99,17.3,0.0,-1.7,1,-366.164,-4.515,-537.862
2855.7,26.95,3.8,4.6,2.1,1,-367.129,-4.508,-538.345
2855.7,26.79,0.0,5.8,11.0,1,-368.587,-4.499,-539.036
2861.7,26.66,0.0,5.7,12.4,1,-369.562,-4.495,-539.475
2861.7,26.44,0.0,8.2,16.0,1,-371.026,-4.489,-540.104
2861.7,26.25,0.0,6.8,23.0,1,-372.002,-4.489,-540.502
2861.7,26.04,0.0,4.7,23.8,1,-373.468,-4.490,-541.060
2867.9,25.82,0.0,3.3,28.2,1,-374.939,-4.493,-541.566
2867.9,25.86,49.9,0.0,28.5,1,-375.925,-4.494,-541.873
2867.9,26.22,56.4,0.0,24.3,1,-377.430,-4.494,-542.291
2867.9,26.46,55.5,0.0,29.9,1,-378.453,-4.493,-542.542
2875.1,26.78,55.4,0.0,33.1,1,-380.014,-4.490,-542.875
2875.1,26.91,38.6,0.0,29.4,1,-381.071,-4.487,-543.064
2875.1,27.03,46.6,0.0,25.0,1,-382.672,-4.480,-543.293
2875.1,27.24,41.3,0.0,25.5,1,-383.750,-4.476,-543.414
2881.4,27.32,57.4,0.0,24.7,1,-385.380,-4.469,-543.544
2881.4,27.40,30.4,0.0,19.5,1,-386.473,-4.472,-543.606
2881.4,27.55,13.1,0.0,21.0,1,-388.119,-4.490,-543.667
2881.4,27.44,11.2,0.0,13.5,1,-389.220,-4.499,-543.666
2887.7,27.29,11.2,0.0,3.8,1,-390.859,-4.500,-543.589
2887.7,27.20,10.9,0.0,4.5,1,-391.945,-4.499,-543.497
2887.7,27.07,10.8,0.0,8.0,1,-393.562,-4.498,-543.304
2887.7,26.97,11.6,0.0,10.6,1,-394.630,-4.498,-543.139
2893.7,26.82,12.4,0.0,15.6,1,-396.215,-4.499,-542.834
2893.7,26.69,12.1,0.0,19.2,1,-397.777,-4.500,-542.462
2893.7,26.60,14.7,0.0,17.4,1,-398.804,-4.501,-542.178
2893.7,26.55,30.4,0.0,24.0,1,-400.324,-4.504,-541.698
2899.7,26.65,42.8,0.0,38.2,1,-401.326,-4.507,-541.343
2899.7,26.83,49.6,0.0,58.2,1,-402.820,-4.514,-540.757
2899.7,26.89,21.9,0.0,65.6,1,-403.808,-4.520,-540.333
2899.7,26.76,10.8,0.0,68.0,1,-405.267,-4.531,-539.654
2905.0,26.66,10.7,0.0,73.6,1,-406.222,-4.539,-539.174
2905.0,26.50,10.7,0.0,78.8,1,-407.626,-4.552,-538.418
2905.0,26.39,10.7,0.0,79.8,1,-408.543,-4.561,-537.889
2905.0,26.23,10.6,0.0,79.6,1,-409.885,-4.575,-537.059
2910.2,26.12,10.6,0.0,72.4,1,-410.758,-4.585,-536.481
2910.2,25.97,10.6,0.0,56.1,1,-412.032,-4.601,-535.577
2910.2,25.89,10.7,0.0,43.0,1,-412.858,-4.612,-534.949
2910.2,25.85,29.8,0.0,22.5,1,-414.060,-4.629,-533.969
2915.3,26.09,72.3,0.0,6.2,1,-414.844,-4.641,-533.289
2915.3,26.59,60.6,0.0,-7.6,1,-416.019,-4.658,-532.234
2915.3,27.16,82.2,0.0,-7.6,1,-417.205,-4.676,-531.144
2915.3,27.60,83.5,0.0,-4.6,1,-418.008,-4.688,-530.401
2920.7,28.25,83.2,0.0,0.5,1,-419.236,-4.708,-529.263
2920.7,28.69,82.4,0.0,3.3,1,-420.071,-4.722,-528.490
2920.7,29.33,82.0,0.0,6.2,1,-421.344,-4.742,-527.305
2920.7,29.76,81.9,0.0,7.3,1,-422.205,-4.757,-526.497
2926.4,30.38,81.8,0.0,8.1,1,-423.510,-4.778,-525.253
2926.4,30.79,82.5,0.0,8.4,1,-424.386,-4.792,-524.400
2926.4,31.41,84.0,0.0,8.2,1,-425.708,-4.814,-523.085
2926.4,31.81,84.4,0.0,8.2,1,-426.592,-4.827,-522.183
2932.5,32.46,84.8,0.0,6.8,1,-427.922,-4.847,-520.789
2932.5,32.84,85.6,0.0,5.7,1,-428.809,-4.859,-519.831
2932.5,33.46,85.9,0.0,4.3,1,-430.141,-4.879,-518.357
2932.5,33.87,86.0,0.0,4.1,1,-431.032,-4.892,-517.348
2939.1,34.47,86.1,0.0,4.7,1,-432.369,-4.910,-515.795
2939.1,34.87,86.2,0.0,5.2,1,-433.262,-4.922,-514.735
2939.1,35.09,0.0,0.0,5.7,0,-434.598,-4.939,-513.111
2946.0,35.48,84.4,0.0,6.1,2,-435.917,-4.956,-511.461
2946.0,35.84,84.5,0.0,6.5,2,-436.796,-4.966,-510.338
2946.0,36.37,84.7,0.0,7.5,2,-438.112,-4.980,-508.619
2946.0,36.72,84.8,0.0,7.9,2,-438.987,-4.989,-507.449
2953.2,37.25,85.0,0.0,7.5,2,-440.292,-5.001,-505.655
2953.2,37.60,85.1,0.0,7.8,2,-441.156,-5.009,-504.434
2953.2,38.11,85.2,0.0,7.3,2,-442.442,-5.020,-502.563
2953.2,38.45,85.3,0.0,6.9,2,-443.291,-5.027,-501.289
2960.8,38.96,85.4,0.0,6.5,2,-444.552,-5.037,-499.341
2960.8,39.30,85.5,0.0,6.2,2,-445.384,-5.042,-498.016
2960.8,39.79,85.7,0.0,5.8,2,-446.618,-5.049,-495.990
2960.8,40.12,85.7,0.0,6.7,2,-447.431,-5.053,-494.615
2968.6,40.61,85.8,0.0,8.0,2,-448.635,-5.057,-492.514
2968.6,40.93,85.9,0.0,6.0,2,-449.426,-5.058,-491.089
2968.6,41.42,86.0,0.0,4.1,2,-450.599,-5.061,-488.915
2968.6,41.73,86.1,0.0,3.8,2,-451.373,-5.065,-487.444
2976.8,42.20,86.2,0.0,4.4,0,-452.522,-5.075,-485.205
2976.8,42.23,84.2,0.0,5.1,3,-453.650,-5.088,-482.938
2976.8,42.52,84.3,0.0,5.5,3,-454.389,-5.097,-481.413
2976.8,42.95,84.5,0.0,6.4,3,-455.482,-5.114,-479.095
2985.2,43.23,84.6,0.0,6.9,3,-456.201,-5.126,-477.529
2985.2,43.65,84.7,0.0,9.1,3,-457.261,-5.148,-475.148
2985.2,43.93,84.8,0.0,11.5,3,-457.952,-5.164,-473.539
2985.2,44.33,84.9,0.0,14.1,3,-458.961,-5.191,-471.092
2994.0,44.59,85.0,0.0,15.1,3,-459.612,-5.210,-469.438
2994.0,44.97,85.1,0.0,15.7,3,-460.550,-5.242,-466.921
2994.0,45.22,85.2,0.0,15.7,3,-461.149,-5.264,-465.220
2994.0,45.58,85.4,0.0,14.7,3,-462.003,-5.301,-462.635
3002.9,45.83,85.4,0.0,14.6,3,-462.543,-5.327,-460.888
3002.9,46.17,85.5,0.0,11.1,3,-463.302,-5.367,-458.236
3002.9,46.41,85.5,0.0,9.2,3,-463.775,-5.395,-456.447
3002.9,46.75,85.6,0.0,8.8,3,-464.433,-5.437,-453.732
3012.1,46.99,85.7,0.0,8.7,3,-464.836,-5.465,-451.902
3012.1,47.34,85.7,0.0,9.5,3,-465.386,-5.506,-449.127
3012.1,47.68,85.7,0.0,10.9,3,-465.869,-5.547,-446.318
3012.1,47.92,85.8,0.0,12.2,3,-466.155,-5.574,-444.429
3021.6,48.27,85.8,0.0,14.4,3,-466.529,-5.615,-441.568
3021.6,48.49,85.9,0.0,15.5,3,-466.742,-5.643,-439.645
3021.6,48.84,85.9,0.0,16.9,3,-467.007,-5.683,-436.738
3021.6,49.06,86.0,0.0,17.3,3,-467.148,-5.709,-434.786
3031.4,49.39,86.0,0.0,17.1,3,-467.303,-5.749,-431.837
3031.4,49.60,86.1,0.0,17.5,3,-467.367,-5.774,-429.859
3031.4,49.91,86.2,0.0,18.3,3,-467.404,-5.811,-426.875
3031.4,50.01,0.0,0.0,18.7,0,-467.387,-5.834,-424.876
3041.5,49.98,76.4,0.0,18.9,4,-467.294,-5.867,-421.880
3041.5,50.14,80.1,0.0,18.3,4,-467.187,-5.888,-419.881
3041.5,50.36,81.7,0.0,18.0,4,-466.959,-5.916,-416.876
3041.5,50.53,84.1,0.0,17.9,4,-466.763,-5.933,-414.868
3052.1,50.78,84.5,0.0,18.2,4,-466.401,-5.957,-411.851
3052.1,51.03,84.7,0.0,19.1,4,-465.962,-5.980,-408.829
3052.1,51.21,84.8,0.0,20.2,4,-465.627,-5.996,-406.812
3052.1,51.46,85.0,0.0,22.8,4,-465.064,-6.024,-403.785
3062.9,51.62,74.5,0.0,24.6,4,-464.649,-6.044,-401.766
3062.9,51.78,66.9,0.0,27.5,4,-463.963,-6.076,-398.741
3062.9,51.82,45.8,0.0,29.3,4,-463.463,-6.096,-396.730
3062.9,51.78,36.7,0.0,31.0,4,-462.648,-6.122,-393.731
3073.5,51.75,37.3,0.0,31.2,4,-462.062,-6.137,-391.745
3073.5,51.63,12.5,0.0,30.9,4,-461.124,-6.157,-388.788
3073.5,51.52,26.3,0.0,29.6,4,-460.461,-6.171,-386.835
3073.5,51.48,40.5,0.0,26.7,4,-459.407,-6.192,-383.930
3083.7,51.47,44.0,0.0,24.3,4,-458.664,-6.205,-382.010
3083.7,51.54,70.1,0.0,21.4,4,-457.485,-6.223,-379.154
3083.7,51.68,82.7,0.0,19.3,4,-456.656,-6.232,-377.264
3083.7,51.92,83.4,0.0,15.6,4,-455.345,-6.240,-374.447
3093.8,52.09,85.7,0.0,13.2,4,-454.428,-6.244,-372.580
3093.8,52.37,85.9,0.0,9.6,4,-452.996,-6.252,-369.794
3093.8,52.67,86.0,0.0,5.8,4,-451.496,-6.262,-367.024
3093.8,52.86,86.0,0.0,4.1,4,-450.461,-6.269,-365.185
3104.2,53.17,86.2,0.0,2.0,4,-448.857,-6.280,-362.439
3104.2,53.38,86.2,0.0,1.9,4,-447.758,-6.287,-360.614
3104.2,53.70,86.4,0.0,2.4,4,-446.072,-6.297,-357.880
3104.2,53.91,86.5,0.0,2.8,4,-444.927,-6.303,-356.058
3114.7,54.22,86.6,0.0,3.0,4,-443.182,-6.312,-353.324
3114.7,54.44,86.7,0.0,2.9,4,-442.001,-6.317,-351.500
3114.7,54.75,86.9,0.0,3.2,4,-440.203,-6.323,-348.763
3114.7,54.95,87.0,0.0,3.1,4,-438.986,-6.327,-346.938
3125.6,55.27,87.1,0.0,2.9,4,-437.133,-6.336,-344.200
3125.6,55.47,87.2,0.0,2.8,4,-435.879,-6.343,-342.375
3125.6,55.77,87.3,0.0,3.0,4,-433.968,-6.349,-339.640
3125.6,55.94,87.4,0.0,4.2,4,-432.674,-6.351,-337.819
3136.6,56.24,87.6,0.0,4.2,4,-430.701,-6.349,-335.094
3136.6,56.43,87.7,0.0,2.2,4,-429.362,-6.346,-333.280
3136.6,56.71,87.9,0.0,-0.0,4,-427.320,-6.340,-330.568
3148.0,57.05,87.9,0.0,-0.9,4,-425.244,-6.332,-327.859
3148.0,57.21,88.0,0.0,-0.5,4,-423.843,-6.326,-326.054
3148.0,57.52,88.1,0.0,0.3,4,-421.724,-6.319,-323.342
3148.0,57.73,88.1,0.0,0.5,4,-420.301,-6.312,-321.529
3159.5,58.01,88.3,0.0,0.3,4,-418.156,-6.299,-318.799
3159.5,58.19,88.4,0.0,0.1,4,-416.720,-6.291,-316.973
3159.5,58.46,88.5,0.0,-0.8,4,-414.556,-6.278,-314.222
3159.5,58.66,88.5,0.0,-1.3,4,-413.108,-6.269,-312.380
3171.3,58.95,88.7,0.0,-1.5,4,-410.932,-6.255,-309.603
3171.3,59.14,88.7,0.0,-1.3,4,-409.480,-6.247,-307.741
3171.3,59.41,88.8,0.0,-0.9,4,-407.301,-6.233,-304.931
3171.3,59.60,88.9,0.0,-0.6,4,-405.849,-6.224,-303.045
3183.2,59.86,89.0,0.0,0.0,4,-403.672,-6.208,-300.200
3183.2,60.04,89.1,0.0,0.4,4,-402.220,-6.196,-298.292
3183.2,60.31,89.2,0.0,0.7,4,-400.037,-6.179,-295.416
3183.2,60.57,89.3,0.0,0.6,4,-397.846,-6.161,-292.527
3195.2,60.74,89.4,0.0,0.3,4,-396.379,-6.149,-290.595
3195.2,61.00,89.4,0.0,0.0,4,-394.168,-6.130,-287.689
3195.2,61.17,89.5,0.0,0.0,0,-392.687,-6.116,-285.746
3195.2,61.12,88.3,0.0,0.2,5,-390.461,-6.095,-282.830
3207.4,61.28,88.4,0.0,0.3,5,-388.975,-6.082,-280.886
3207.4,61.52,88.4,0.0,0.3,5,-386.736,-6.062,-277.961
3207.4,61.68,88.5,0.0,0.3,5,-385.237,-6.047,-276.006
3207.4,61.91,88.6,0.0,0.3,5,-382.978,-6.023,-273.066
3219.7,62.06,88.7,0.0,0.4,5,-381.466,-6.006,-271.102
3219.7,62.30,88.7,0.0,0.5,5,-379.188,-5.980,-268.148
3219.7,62.45,88.8,0.0,0.4,5,-377.663,-5.963,-266.174
3219.7,62.68,88.9,0.0,0.1,5,-375.365,-5.936,-263.206
3232.2,62.83,89.0,0.0,0.2,5,-373.826,-5.919,-261.223
3232.2,63.06,89.1,0.0,0.0,5,-371.508,-5.892,-258.242
3232.2,63.20,89.1,0.0,0.2,5,-369.957,-5.871,-256.250
3232.2,63.43,89.2,0.0,0.3,5,-367.621,-5.838,-253.255
3244.9,63.58,89.3,0.0,0.3,5,-366.058,-5.816,-251.253
3244.9,63.80,89.3,0.0,0.4,5,-363.704,-5.780,-248.243
3244.9,64.02,89.4,0.0,0.2,5,-361.340,-5.743,-245.225
3244.9,64.16,89.5,0.0,-0.4,5,-359.758,-5.717,-243.208
3257.6,64.38,89.5,0.0,-0.6,5,-357.377,-5.677,-240.175
3257.6,64.53,89.6,0.0,-0.6,5,-355.786,-5.651,-238.147
3257.6,64.74,89.7,0.0,-0.3,5,-353.396,-5.612,-235.094
3257.6,64.88,89.7,0.0,-0.2,5,-351.800,-5.586,-233.051
3270.6,65.10,89.8,0.0,-0.2,5,-349.403,-5.549,-229.977
3270.6,65.24,89.9,0.0,-0.3,5,-347.803,-5.526,-227.920
3270.6,65.45,89.9,0.0,-0.3,5,-345.398,-5.496,-224.824
3270.6,65.58,90.0,0.0,-0.3,5,-343.793,-5.474,-222.754
3283.6,65.78,90.1,0.0,-0.3,5,-341.382,-5.435,-219.638
3283.6,65.92,90.1,0.0,-0.3,5,-339.772,-5.408,-217.553
3283.6,66.12,90.2,0.0,-0.3,5,-337.354,-5.365,-214.417
3283.6,66.25,90.2,0.0,-0.3,5,-335.740,-5.335,-212.319
3296.9,66.45,90.3,0.0,-0.3,5,-333.316,-5.288,-209.161
3296.9,66.65,90.3,0.0,-0.3,5,-330.889,-5.243,-205.992
3296.9,66.78,90.4,0.0,-0.3,5,-329.269,-5.212,-203.871
3296.9,66.97,90.5,0.0,-0.3,5,-326.836,-5.164,-200.681
3310.2,67.10,90.5,0.0,-0.2,5,-325.213,-5.130,-198.547
3310.2,67.30,90.6,0.0,-0.2,5,-322.775,-5.078,-195.336
3310.2,67.43,90.6,0.0,-0.3,5,-321.148,-5.043,-193.189
3310.2,67.61,90.7,0.0,-0.3,5,-318.705,-4.988,-189.959
3323.7,67.74,90.7,0.0,-0.2,5,-317.075,-4.951,-187.798
3323.7,67.92,90.8,0.0,-0.2,5,-314.626,-4.897,-184.548
3323.7,68.05,90.8,0.0,-0.3,5,-312.991,-4.860,-182.375
3323.7,68.24,90.9,0.0,-0.3,5,-310.537,-4.806,-179.106
3337.3,68.36,90.9,0.0,-0.3,5,-308.899,-4.771,-176.920
3337.3,68.54,91.0,0.0,-0.4,5,-306.439,-4.719,-173.632
3337.3,68.66,91.0,0.0,-0.4,5,-304.798,-4.683,-171.433
3337.3,68.84,91.1,0.0,-0.3,5,-302.335,-4.627,-168.125
3351.0,68.96,91.1,0.0,-0.3,5,-300.691,-4.589,-165.913
3351.0,69.14,91.2,0.0,-0.3,5,-298.225,-4.531,-162.585
3351.0,69.31,91.2,0.0,-0.3,5,-295.757,-4.473,-159.246
3351.0,69.43,91.3,0.0,-0.4,5,-294.111,-4.433,-157.013
3364.8,69.60,91.3,0.0,-0.4,5,-291.640,-4.373,-153.653
3364.8,69.71,91.4,0.0,-0.4,5,-289.993,-4.333,-151.407
3364.8,69.88,91.4,0.0,-0.4,5,-287.521,-4.271,-148.028
3364.8,69.99,91.5,0.0,-0.4,5,-285.872,-4.230,-145.769
3378.8,70.16,91.5,0.0,-0.4,5,-283.397,-4.170,-142.370
3378.8,70.27,91.6,0.0,-0.4,5,-281.747,-4.129,-140.098
3378.8,70.43,91.6,0.0,-0.4,5,-279.272,-4.069,-136.680
3378.8,70.54,91.6,0.0,-0.4,5,-277.621,-4.029,-134.394
3392.8,70.70,91.7,0.0,-0.3,0,-275.146,-3.968,-130.956
3392.8,70.62,0.0,0.0,-0.3,0,-273.497,-3.927,-128.660
3392.8,70.70,90.8,0.0,-0.4,6,-271.029,-3.864,-125.216
3392.8,70.80,90.9,0.0,-0.4,6,-269.385,-3.822,-122.913
3407.0,70.95,90.9,0.0,-0.3,6,-266.917,-3.758,-119.451
3407.0,71.06,90.9,0.0,-0.3,6,-265.272,-3.716,-117.136
3407.0,71.21,91.0,0.0,-0.2,6,-262.804,-3.652,-113.655
3421.2,71.35,91.0,0.0,-0.0,6,-260.336,-3.586,-110.164
3421.2,71.45,91.1,0.0,0.1,6,-258.689,-3.541,-107.831
3421.2,71.60,91.1,0.0,0.3,6,-256.218,-3.472,-104.324
3421.2,71.69,91.1,0.0,0.8,6,-254.567,-3.426,-101.982
3435.5,71.84,91.2,0.0,1.2,6,-252.086,-3.357,-98.464
3435.5,71.94,91.2,0.0,1.0,6,-250.425,-3.312,-96.117
3435.5,72.08,91.3,0.0,1.0,6,-247.923,-3.246,-92.596
3435.5,72.18,91.3,0.0,0.7,6,-246.245,-3.204,-90.249
3450.0,72.32,91.3,0.0,0.2,6,-243.715,-3.140,-86.730
3450.0,72.41,91.3,0.0,0.6,6,-242.019,-3.098,-84.385
3450.0,72.55,91.4,0.0,1.2,6,-239.462,-3.034,-80.867
3450.0,72.65,91.4,0.0,1.2,6,-237.749,-2.993,-78.523
3464.5,72.78,91.5,0.0,1.1,6,-235.165,-2.931,-75.009
3464.5,72.87,91.5,0.0,1.2,6,-233.431,-2.888,-72.668
3464.5,73.01,91.5,0.0,1.5,6,-230.815,-2.825,-69.161
3464.5,73.10,91.5,0.0,1.4,6,-229.058,-2.784,-66.826
3479.1,73.22,91.6,0.0,1.0,6,-226.405,-2.719,-63.330
3479.1,73.35,91.6,0.0,1.6,6,-223.728,-2.651,-59.842
3479.1,73.43,77.8,0.0,1.6,6,-221.931,-2.606,-57.522
3479.1,73.18,1.3,38.7,0.4,6,-219.220,-2.538,-54.054
3493.7,72.68,0.0,69.1,-0.7,6,-217.414,-2.493,-51.762
3493.7,71.57,0.0,81.5,1.4,6,-214.725,-2.427,-48.367
3493.7,70.75,0.0,82.1,1.5,6,-212.950,-2.383,-46.140
3493.7,69.50,0.0,82.0,1.9,6,-210.316,-2.317,-42.857
3507.9,68.69,0.0,71.6,3.6,6,-208.577,-2.272,-40.707
3507.9,67.62,0.0,59.9,5.4,6,-205.986,-2.204,-37.543
3507.9,66.97,0.0,57.0,5.7,6,-204.262,-2.159,-35.475
3507.9,66.06,0.0,58.6,5.2,6,-201.674,-2.092,-32.436
3521.2,65.44,0.0,52.6,4.7,6,-199.944,-2.049,-30.454
3521.2,64.58,0.0,42.2,3.9,6,-197.337,-1.985,-27.552
3521.2,64.08,0.0,38.6,3.8,6,-195.589,-1.943,-25.663
3521.2,63.37,0.0,31.3,4.1,6,-192.947,-1.878,-22.899
3533.9,62.80,0.0,14.8,4.3,6,-190.278,-1.812,-20.216
3533.9,62.52,0.0,20.2,3.9,6,-188.480,-1.768,-18.469
3533.9,62.05,0.0,15.5,2.8,6,-185.762,-1.706,-15.904
3533.9,61.80,0.0,6.1,6.3,6,-183.937,-1.668,-14.229
3546.3,61.62,45.7,0.0,11.1,6,-181.178,-1.618,-11.762
3546.3,61.62,52.2,0.0,13.3,6,-179.318,-1.588,-10.146
3546.3,61.60,40.1,11.6,15.2,6,-176.491,-1.552,-7.764
3546.3,61.48,49.4,1.9,15.7,6,-174.582,-1.533,-6.210
3558.6,61.52,76.4,0.0,15.6,6,-171.680,-1.509,-3.933
3558.6,61.52,60.0,0.0,15.3,6,-169.714,-1.493,-2.453
3558.6,61.45,45.3,0.0,15.2,6,-166.718,-1.466,-0.299
3558.6,61.41,59.5,0.0,15.6,6,-164.692,-1.447,1.091
3571.2,61.43,72.2,0.0,16.5,6,-161.608,-1.414,3.106
3571.2,61.43,62.7,0.0,18.2,6,-159.523,-1.392,4.406
3571.2,61.44,71.8,0.0,21.5,6,-156.355,-1.358,6.291
3571.2,61.48,80.9,0.0,23.9,6,-154.218,-1.337,7.505
3583.8,61.52,61.2,0.0,27.8,6,-150.975,-1.307,9.266
3583.8,61.43,43.4,0.0,29.5,6,-147.693,-1.278,10.949
3583.8,61.35,40.6,0.0,28.7,6,-145.485,-1.257,12.024
3583.8,61.22,42.4,0.0,27.1,6,-142.146,-1.222,13.564
3596.7,61.15,45.5,0.0,25.4,6,-139.903,-1.198,14.542
3596.7,61.01,18.7,0.0,25.1,6,-136.512,-1.160,15.934
3596.7,60.85,11.3,0.0,25.4,6,-134.238,-1.136,16.812
3596.7,60.60,11.2,0.0,25.0,6,-130.812,-1.101,18.053
3609.1,60.43,11.2,0.0,26.4,6,-128.519,-1.079,18.829
3609.1,60.13,11.2,0.0,22.5,6,-125.070,-1.049,19.920
3609.1,59.96,11.1,0.0,17.4,6,-122.766,-1.031,20.599
3609.1,59.69,30.5,0.0,16.1,0,-119.301,-1.003,21.537
3621.0,59.51,27.4,0.0,15.8,5,-116.986,-0.985,22.109
3621.0,59.35,33.5,0.0,16.6,5,-113.506,-0.958,22.886
3621.0,59.23,33.2,0.0,18.0,5,-111.180,-0.939,23.351
3621.0,59.06,33.8,0.0,21.6,5,-107.685,-0.907,23.964
3632.6,58.95,30.4,0.0,25.7,5,-105.351,-0.885,24.319
3632.6,58.80,35.9,0.0,33.6,5,-101.848,-0.852,24.774
3632.6,58.64,21.4,0.0,41.4,5,-98.344,-0.818,25.140
3632.6,58.49,17.0,0.0,43.6,5,-96.009,-0.795,25.337
3644.1,58.24,15.6,0.0,44.1,5,-92.514,-0.758,25.563
3644.1,58.08,14.7,0.0,41.8,5,-90.190,-0.732,25.667
3644.1,57.84,15.6,0.0,35.0,5,-86.713,-0.694,25.749
3644.1,57.69,17.8,0.0,32.4,5,-84.402,-0.668,25.754
3655.3,57.51,34.1,0.0,28.6,5,-80.947,-0.628,25.685
3655.3,57.41,25.9,0.0,27.2,5,-78.651,-0.602,25.589
3655.3,57.24,29.6,0.0,22.3,5,-75.219,-0.562,25.369
3655.3,57.13,39.0,0.0,20.0,5,-72.940,-0.537,25.175
3666.7,57.12,66.6,0.0,12.0,5,-69.532,-0.503,24.812
3666.7,57.21,84.9,0.0,7.5,5,-67.265,-0.478,24.520
3666.7,57.38,87.3,0.0,2.9,5,-63.866,-0.440,24.011
3666.7,57.50,87.3,0.0,0.5,5,-61.602,-0.414,23.625
3678.1,57.72,87.5,0.0,1.3,5,-58.207,-0.367,22.982
3678.1,57.84,87.6,0.0,3.2,5,-55.944,-0.330,22.515
3678.1,58.10,87.7,0.0,3.4,5,-52.546,-0.281,21.780
3689.6,58.36,87.6,0.0,-0.6,5,-49.139,-0.244,21.008
3689.6,58.52,87.7,0.0,-3.4,5,-46.864,-0.223,20.473
3689.6,58.76,87.8,0.0,-4.7,5,-43.443,-0.188,19.652
3689.6,58.91,87.9,0.0,-4.4,5,-41.155,-0.163,19.106
3701.3,59.15,87.5,0.0,-4.1,5,-37.706,-0.124,18.303
3701.3,59.30,87.7,0.0,-4.5,5,-35.395,-0.098,17.785
3701.3,59.53,88.2,0.0,-5.4,5,-31.909,-0.062,17.040
3701.3,59.68,88.3,0.0,-5.2,5,-29.573,-0.038,16.566
3713.2,59.92,88.3,0.0,-4.9,5,-26.050,-0.007,15.891
3713.2,60.06,88.5,0.0,-4.4,5,-23.690,0.012,15.465
3713.2,60.26,88.6,0.0,-4.3,5,-20.131,0.035,14.864
3713.2,60.43,88.5,0.0,-4.5,5,-17.746,0.050,14.489
3725.3,60.65,88.7,0.0,-4.9,5,-14.151,0.073,13.970
3725.3,60.79,88.7,0.0,-5.4,5,-11.744,0.089,13.653
3725.3,61.01,88.8,0.0,-5.9,5,-8.116,0.114,13.221
3725.3,61.16,88.9,0.0,-7.4,5,-5.686,0.130,12.963
3737.6,61.36,89.0,0.0,-8.7,5,-2.027,0.154,12.624
3737.6,61.55,89.1,0.0,-8.6,5,1.650,0.181,12.352
3737.6,61.69,89.1,0.0,-8.8,5,4.111,0.201,12.212
3737.6,61.87,89.2,0.0,-8.7,5,7.814,0.235,12.067
3750.1,61.98,89.3,0.0,-9.0,5,10.290,0.261,12.014
3750.1,62.17,89.3,0.0,-9.2,5,14.014,0.302,12.000
3750.1,62.29,89.4,0.0,-9.1,5,16.502,0.331,12.036
3750.1,62.45,89.5,0.0,-9.1,5,20.242,0.377,12.156
3762.9,62.58,89.5,0.0,-8.7,5,22.739,0.410,12.282
3762.9,62.75,89.6,0.0,-7.6,5,26.489,0.465,12.540
3762.9,62.87,89.6,0.0,-6.8,5,28.991,0.505,12.759
3762.9,63.05,89.7,0.0,-5.6,5,32.746,0.566,13.152
3776.0,63.13,89.9,0.0,-6.0,5,35.252,0.603,13.453
3776.0,63.37,89.8,0.0,-7.1,5,39.014,0.648,13.954
3776.0,63.49,89.8,0.0,-7.4,5,41.522,0.677,14.331
3776.0,63.63,89.9,0.0,-7.3,5,45.281,0.726,14.962
3789.0,63.75,90.0,0.0,-6.7,5,47.786,0.761,15.426
3789.0,63.94,90.0,0.0,-5.7,5,51.540,0.814,16.182
3789.0,64.13,90.1,0.0,-5.5,5,55.291,0.866,17.007
3789.0,64.24,90.1,0.0,-5.8,5,57.790,0.899,17.595
3802.4,64.41,90.2,0.0,-5.8,5,61.531,0.951,18.538
3802.4,64.53,90.3,0.0,-5.7,5,64.021,0.988,19.205
3802.4,64.71,90.3,0.0,-5.5,5,67.751,1.042,20.261
3802.4,64.81,90.3,0.0,-5.4,5,70.231,1.080,21.005
3815.9,65.00,90.5,0.0,-6.0,5,73.945,1.137,22.175
3815.9,65.12,90.5,0.0,-6.2,5,76.415,1.174,22.992
3815.9,65.30,90.5,0.0,-6.4,5,80.111,1.230,24.273
3815.9,65.42,90.5,0.0,-6.6,5,82.568,1.267,25.164
3829.4,65.58,90.6,0.0,-6.7,5,86.241,1.322,26.558
3829.4,65.68,90.7,0.0,-6.9,5,88.681,1.359,27.527
3829.4,65.84,90.7,0.0,-7.0,5,92.324,1.417,29.041
3829.4,65.96,90.5,0.0,-7.2,5,94.742,1.456,30.090
3842.6,66.11,90.1,0.0,-7.5,5,98.350,1.516,31.725
3842.6,66.21,89.7,0.0,-7.9,5,100.741,1.557,32.857
3842.6,66.37,89.2,0.0,-8.2,5,104.308,1.620,34.615
3842.6,66.51,88.8,0.0,-8.1,5,107.848,1.683,36.446
3855.9,66.60,88.5,0.0,-8.0,5,110.191,1.726,37.708
3855.9,66.73,87.4,0.0,-7.8,5,113.680,1.790,39.661
3855.9,66.82,86.6,0.0,-7.8,5,115.988,1.832,41.005
3855.9,66.85,45.9,0.0,-8.1,5,119.420,1.895,43.079
3869.2,66.76,14.3,0.4,-8.4,5,121.684,1.936,44.499
3869.2,66.50,0.4,0.0,-8.4,5,125.036,1.994,46.679
3869.2,66.33,3.2,0.0,-7.8,5,127.239,2.031,48.164
3869.2,66.08,4.5,0.0,-6.8,5,130.494,2.085,50.441
3882.4,65.92,5.5,0.0,-6.5,5,132.632,2.120,51.991
3882.4,65.66,0.7,7.0,-6.1,5,135.790,2.168,54.360
3882.4,65.44,0.0,7.2,-6.0,5,137.860,2.199,55.969
3882.4,65.13,0.0,2.3,-6.2,5,140.915,2.241,58.422
3895.5,64.94,0.0,7.5,-6.0,5,142.917,2.265,60.083
3895.5,64.60,0.0,8.5,-6.0,5,145.871,2.297,62.610
3895.5,64.38,0.0,4.4,-5.3,5,147.806,2.314,64.316
3895.5,64.05,0.0,22.4,-3.4,5,150.658,2.335,66.909
3908.4,63.50,0.0,43.0,-1.7,5,153.446,2.353,69.533
3908.4,62.99,0.0,54.2,-0.7,5,155.266,2.363,71.292
3908.4,62.09,0.0,60.6,-0.0,5,157.939,2.376,73.930
3908.4,61.46,0.0,62.9,0.1,5,159.682,2.385,75.683
3920.9,60.48,0.0,64.6,-0.1,5,162.243,2.399,78.297
3920.9,59.82,0.0,65.2,-0.2,5,163.917,2.409,80.027
3920.9,58.83,0.0,65.8,-0.3,5,166.384,2.424,82.596
3920.9,58.18,0.0,63.8,0.2,5,168.001,2.436,84.289
3932.7,57.22,0.0,65.6,0.9,5,170.387,2.453,86.799
3932.7,56.56,0.0,66.2,1.0,5,171.955,2.465,88.450
3932.7,55.58,0.0,66.6,0.8,5,174.274,2.484,90.890
3932.7,54.93,0.0,67.0,0.7,5,175.800,2.497,92.491
3943.9,53.95,0.0,67.7,2.5,5,178.059,2.515,94.853
3943.9,53.28,0.0,67.0,2.0,5,179.547,2.526,96.398
3943.9,52.45,36.2,28.1,2.1,0,181.757,2.543,98.672
3943.9,52.13,0.0,11.3,2.0,4,183.224,2.555,100.164
3954.5,51.92,8.0,6.1,2.1,4,185.426,2.573,102.375
3954.5,51.75,22.5,0.1,0.9,4,187.636,2.590,104.562
3954.5,51.76,21.9,6.2,0.0,4,189.115,2.599,106.011
3964.8,51.60,20.8,0.2,-0.4,4,191.337,2.612,108.174
3964.8,51.57,18.2,13.4,-0.2,4,192.818,2.621,109.611
3964.8,51.33,4.3,1.7,0.2,4,195.037,2.636,111.759
3964.8,51.18,1.8,21.7,0.5,4,196.511,2.647,113.184
3975.1,50.75,0.0,35.8,0.8,4,198.712,2.665,115.308
3975.1,50.33,0.0,56.9,1.2,4,200.171,2.678,116.711
3975.1,49.41,0.0,73.9,1.7,4,202.334,2.701,118.782
3975.1,48.70,0.0,80.6,2.0,4,203.756,2.717,120.136
3984.9,47.55,0.0,86.0,2.3,4,205.856,2.743,122.122
3984.9,46.76,0.0,88.0,2.4,4,207.233,2.760,123.413
3984.9,45.54,0.0,89.0,3.1,4,209.265,2.785,125.298
3984.9,44.72,0.0,88.8,3.3,0,210.598,2.801,126.518
3994.0,43.53,0.0,89.0,3.4,3,212.564,2.824,128.294
3994.0,42.72,0.0,87.4,3.3,3,213.855,2.838,129.441
3994.0,41.52,0.0,84.5,2.5,3,215.760,2.857,131.105
3994.0,40.39,0.0,74.0,0.7,3,217.631,2.873,132.701
4002.3,39.68,0.0,63.2,0.1,3,218.861,2.882,133.728
4002.3,38.77,0.0,52.0,-1.3,3,220.688,2.893,135.214
4002.3,38.23,0.0,46.4,-1.9,3,221.898,2.898,136.168
4002.3,37.53,0.0,42.3,0.2,3,223.707,2.904,137.546
4009.9,37.09,0.0,39.9,1.9,3,224.910,2.907,138.430
4009.9,36.48,0.0,38.2,5.6,3,226.709,2.910,139.710
4009.9,36.08,0.0,37.8,8.3,3,227.905,2.910,140.534
4009.9,35.50,0.0,36.8,9.1,0,229.690,2.910,141.729
4017.1,35.15,34.5,38.1,9.3,0,230.876,2.908,142.498
4042.0,29.96,3.2,0.0,26.0,2,259.795,2.759,153.272
4076.8,28.79,53.0,0.0,37.2,2,287.418,2.853,146.303
4083.4,28.97,63.8,0.0,37.3,2,288.370,2.874,145.650
4083.4,29.22,47.8,0.0,37.0,2,289.779,2.906,144.620
4083.4,29.31,40.8,0.0,36.5,2,290.702,2.929,143.900
4083.4,29.43,42.1,0.0,35.9,2,292.056,2.964,142.774
4090.1,29.51,41.7,0.0,35.8,2,292.938,2.989,141.992
4090.1,29.63,40.9,0.0,35.9,2,294.228,3.028,140.776
4090.1,29.71,40.8,0.0,35.5,2,295.067,3.055,139.937
4090.1,29.84,42.8,0.0,34.0,2,296.292,3.095,138.638
4095.8,29.99,47.1,0.0,32.4,2,297.478,3.133,137.292
4095.8,30.11,51.5,0.0,31.1,2,298.247,3.157,136.369
4095.8,30.35,57.2,0.0,27.8,2,299.367,3.190,134.943
4095.8,30.52,59.1,0.0,25.0,2,300.092,3.211,133.966
4101.5,30.74,47.6,0.0,19.9,2,301.144,3.240,132.460
4101.5,30.85,46.5,0.0,15.9,2,301.820,3.257,131.430
4101.5,31.02,41.5,0.0,10.2,2,302.795,3.281,129.852
4101.5,31.13,45.6,0.0,6.9,2,303.418,3.295,128.777
4107.4,31.32,49.2,0.0,3.6,2,304.313,3.314,127.132
4107.4,31.48,56.3,0.0,3.0,2,304.883,3.325,126.013
4107.4,31.78,61.8,0.0,3.5,2,305.703,3.340,124.303
4107.4,32.02,66.5,0.0,4.8,2,306.226,3.350,123.140
4113.6,32.41,66.9,0.0,7.9,2,306.976,3.364,121.360
4113.6,32.66,66.3,0.0,10.6,2,307.454,3.373,120.150
4113.6,33.04,66.4,0.0,13.9,2,308.140,3.385,118.304
4113.6,33.29,67.5,0.0,15.4,2,308.578,3.393,117.052
4120.1,33.67,67.8,0.0,16.9,2,309.203,3.404,115.143
4120.1,33.92,68.2,0.0,16.5,2,309.597,3.411,113.851
4120.1,34.31,71.0,0.0,14.6,2,310.152,3.422,111.881
4126.9,34.73,75.5,0.0,12.2,2,310.662,3.433,109.875
4126.9,35.02,81.5,0.0,11.1,2,310.976,3.442,108.517
4126.9,35.51,83.4,0.0,9.8,2,311.409,3.455,106.447
4126.9,35.80,71.9,0.0,8.8,2,311.671,3.465,105.046
4134.0,36.18,66.7,0.0,8.4,2,312.021,3.481,102.915
4134.0,36.39,50.9,0.0,10.5,2,312.222,3.494,101.478
4134.0,36.44,12.1,2.6,10.8,2,312.474,3.514,99.306
4134.0,36.32,0.6,5.8,10.3,2,312.609,3.528,97.857
4141.2,36.01,0.0,30.6,8.7,2,312.764,3.551,95.691
4141.2,35.65,0.0,41.5,6.7,2,312.841,3.567,94.259
4141.2,34.96,0.0,53.9,3.7,2,312.921,3.594,92.141
4141.2,34.43,0.0,64.1,2.3,2,312.956,3.614,90.752
4148.0,33.49,0.0,73.3,0.3,2,312.986,3.645,88.712
4148.0,32.46,0.0,77.7,-2.5,2,313.000,3.678,86.732
4148.0,31.75,0.0,79.1,-4.4,2,313.005,3.701,85.446
4148.0,30.67,0.0,79.7,-6.5,2,313.013,3.734,83.572
4154.1,29.95,0.0,79.1,-7.5,0,313.021,3.757,82.358
4154.1,28.95,0.0,65.0,-8.8,1,313.045,3.790,80.590
4154.1,28.32,0.0,52.2,-9.2,1,313.070,3.811,79.445
4154.1,27.58,0.0,37.3,-10.3,1,313.129,3.842,77.768
4159.6,27.20,0.0,31.1,-11.7,1,313.185,3.861,76.674
4159.6,26.71,0.0,24.7,-14.1,1,313.296,3.887,75.060
4159.6,26.42,0.0,20.7,-15.7,1,313.390,3.903,74.001
4159.6,26.05,0.0,16.0,-17.7,1,313.561,3.925,72.436
4164.7,25.83,0.0,15.3,-18.6,1,313.697,3.938,71.407
4164.7,25.51,0.0,13.4,-19.7,1,313.935,3.957,69.885
4164.7,25.32,0.0,12.1,-20.5,1,314.116,3.969,68.884
4164.7,25.05,0.0,10.4,-21.2,1,314.424,3.985,67.405
4169.7,24.78,0.0,11.4,-21.1,1,314.774,3.999,65.951
4169.7,24.60,0.0,11.0,-21.8,1,315.030,4.008,64.997
4169.7,24.34,0.0,9.9,-23.3,1,315.450,4.020,63.589
4169.7,24.18,0.0,9.4,-24.1,1,315.753,4.026,62.667
4174.5,23.92,0.0,9.1,-24.7,1,316.243,4.035,61.309
4174.5,23.77,0.0,7.9,-25.5,1,316.593,4.040,60.422
4174.5,23.55,0.0,5.7,-26.9,1,317.154,4.045,59.118
4174.5,23.41,0.0,4.6,-27.8,1,317.552,4.049,58.267
4179.2,23.23,0.0,5.0,-28.8,1,318.184,4.052,57.019
4179.2,23.10,0.0,4.7,-29.4,1,318.630,4.053,56.206
4179.2,22.92,0.0,3.8,-30.1,1,319.333,4.052,55.017
4179.2,22.80,0.0,3.2,-30.2,1,319.825,4.051,54.246
4183.7,22.64,0.0,4.8,-30.1,1,320.596,4.048,53.122
4183.7,22.52,0.0,4.9,-30.4,1,321.131,4.045,52.395
4183.7,22.33,0.0,4.9,-30.7,1,321.965,4.039,51.339
4183.7,22.14,0.0,5.5,-30.4,1,322.834,4.032,50.327
4187.9,22.01,0.0,5.6,-30.2,1,323.432,4.026,49.676
4187.9,21.82,0.0,6.8,-30.0,1,324.356,4.018,48.740
4187.9,21.69,0.0,6.6,-30.4,1,324.988,4.012,48.142
4187.9,21.49,0.0,5.8,-31.9,1,325.959,4.002,47.284
4191.9,21.36,0.0,5.0,-33.2,1,326.620,3.995,46.738
4191.9,21.19,0.0,4.1,-35.0,1,327.632,3.983,45.960
4191.9,21.07,0.0,1.6,-37.7,1,328.320,3.974,45.469
4191.9,20.98,17.9,0.0,-40.3,1,329.373,3.961,44.775
4196.1,21.04,33.3,0.0,-41.1,1,330.091,3.952,44.340
4196.1,21.23,47.2,0.0,-42.1,1,331.199,3.937,43.725
4196.1,21.41,54.4,0.0,-43.8,1,331.958,3.927,43.338
4196.1,21.77,48.7,0.0,-45.1,1,333.132,3.912,42.793
4200.6,21.90,36.6,0.0,-44.0,1,333.938,3.902,42.454
4200.6,22.09,43.4,0.0,-40.4,1,335.173,3.887,41.993
4200.6,22.32,48.4,0.0,-32.1,1,336.441,3.871,41.586
4200.6,22.50,48.0,0.0,-28.2,1,337.304,3.861,41.345
4205.5,22.80,53.6,0.0,-25.2,1,338.624,3.848,41.029
4205.5,23.03,54.9,0.0,-28.1,1,339.522,3.839,40.846
4205.5,23.37,53.1,0.0,-29.4,1,340.894,3.826,40.617
4205.5,23.57,49.3,0.0,-33.8,1,341.824,3.818,40.494
4210.8,23.85,49.1,0.0,-41.3,1,343.240,3.806,40.355
4210.8,24.02,51.6,0.0,-46.7,1,344.195,3.798,40.293
4210.8,24.24,34.0,0.0,-53.2,1,345.642,3.788,40.246
4210.8,24.27,23.0,0.0,-57.5,1,346.612,3.780,40.248
4216.5,24.23,14.9,0.0,-64.4,1,348.066,3.771,40.301
4216.5,24.15,11.9,0.0,-68.0,1,349.032,3.765,40.369
4216.5,24.01,10.2,0.0,-68.9,1,350.468,3.757,40.524
4216.5,23.92,10.0,0.0,-67.7,1,351.417,3.753,40.663
4222.4,23.78,10.2,0.0,-68.3,1,352.825,3.748,40.922
4222.4,23.64,10.2,0.0,-66.7,1,354.211,3.745,41.243
4222.4,23.55,10.0,0.0,-63.3,1,355.121,3.743,41.492
4228.1,23.43,11.3,0.0,-62.9,1,356.466,3.740,41.913
4228.1,23.36,11.8,0.0,-60.2,1,357.348,3.739,42.227
4228.1,23.26,13.4,0.0,-55.2,1,358.647,3.739,42.746
4228.1,23.22,17.9,0.0,-50.8,1,359.496,3.739,43.123
4233.6,23.26,35.0,0.0,-44.3,1,360.748,3.741,43.735
4233.6,23.60,78.4,0.0,-35.7,1,361.981,3.744,44.404
4233.6,23.94,62.3,0.0,-29.2,1,362.802,3.748,44.884
4233.6,24.36,72.2,0.0,-19.3,1,364.028,3.754,45.653
4238.9,24.68,62.2,0.0,-14.0,1,364.844,3.759,46.196
4238.9,25.18,76.0,0.0,-9.7,1,366.065,3.768,47.057
4238.9,25.56,74.5,0.0,-8.8,1,366.880,3.775,47.660
4238.9,26.12,72.6,0.0,-9.8,1,368.107,3.786,48.606
4244.3,26.47,72.3,0.0,-11.9,1,368.927,3.794,49.264
4244.3,27.00,71.5,0.0,-13.5,1,370.157,3.805,50.292
4244.3,27.35,71.6,0.0,-13.6,1,370.978,3.812,51.004
4244.3,27.88,73.0,0.0,-14.2,1,372.208,3.823,52.112
4249.5,28.24,75.1,0.0,-15.3,1,373.027,3.830,52.878
4249.5,28.79,75.5,0.0,-14.1,1,374.252,3.839,54.070
4249.5,29.34,76.0,0.0,-14.2,1,375.472,3.849,55.315
4249.5,29.71,77.2,0.0,-13.6,1,376.280,3.855,56.175
4255.0,30.26,77.9,0.0,-17.1,1,377.483,3.864,57.511
4255.0,30.61,76.1,0.0,-17.2,1,378.276,3.869,58.434
4255.0,31.08,67.1,0.0,-15.0,1,379.448,3.878,59.865
4255.0,31.38,72.0,0.0,-13.9,1,380.215,3.883,60.850
4260.9,31.83,68.3,0.0,-9.8,1,381.342,3.890,62.375
4260.9,32.13,71.1,0.0,-11.8,1,382.078,3.894,63.420
4260.9,32.59,74.3,0.0,-14.2,1,383.156,3.899,65.034
4260.9,32.90,73.1,0.0,-11.8,1,383.857,3.901,66.140
4267.2,33.37,80.8,0.0,-13.2,1,384.880,3.905,67.843
4267.2,33.70,79.1,0.0,-12.6,1,385.541,3.907,69.009
4267.2,34.19,84.9,0.0,-8.2,0,386.503,3.911,70.803
4267.2,34.19,0.0,0.0,-6.2,0,387.120,3.913,72.025
4273.9,34.54,84.2,0.0,-4.4,2,388.003,3.916,73.883
4273.9,35.04,84.5,0.0,-3.8,2,388.854,3.919,75.788
4273.9,35.43,84.4,0.0,-4.2,2,389.409,3.919,77.083
4273.9,35.92,84.7,0.0,-5.1,2,390.225,3.918,79.060
4280.7,36.31,84.8,0.0,-5.2,2,390.758,3.916,80.401
4280.7,36.76,83.9,0.0,-5.7,2,391.543,3.912,82.448
4280.7,37.12,83.0,0.0,-6.0,2,392.055,3.908,83.834
4280.7,37.63,84.5,0.0,-4.9,2,392.807,3.901,85.945
4288.0,37.95,85.4,0.0,-3.4,2,393.296,3.897,87.375
4288.0,38.51,85.3,0.0,-0.5,2,394.014,3.890,89.553
4288.0,38.81,85.6,0.0,0.2,2,394.479,3.887,91.027
4288.0,39.29,79.5,0.0,1.4,2,395.160,3.884,93.266
4295.6,39.59,85.7,0.0,0.9,2,395.601,3.881,94.780
4295.6,40.06,86.2,0.0,-1.7,2,396.243,3.879,97.079
4295.6,40.40,86.2,0.0,-2.4,0,396.662,3.877,98.631
4295.6,40.44,84.1,0.0,-2.8,3,397.275,3.875,100.977
4303.5,40.89,84.3,0.0,-3.1,3,397.874,3.871,103.340
4303.5,41.21,84.1,0.0,-2.9,3,398.268,3.868,104.934
4303.5,41.66,84.1,0.0,-3.4,3,398.851,3.866,107.350
4303.5,41.95,84.2,0.0,-3.6,3,399.233,3.865,108.977
4311.6,42.39,84.3,0.0,-3.2,3,399.796,3.861,111.443
4311.6,42.69,84.4,0.0,-3.2,3,400.165,3.858,113.104
4311.6,43.12,84.5,0.0,-3.5,3,400.707,3.854,115.620
4311.6,43.40,84.6,0.0,-3.8,3,401.059,3.852,117.313
4320.0,43.83,84.7,0.0,-4.3,3,401.573,3.849,119.878
4320.0,44.11,84.8,0.0,-4.5,3,401.904,3.847,121.605
4320.0,44.54,84.9,0.0,-5.4,3,402.384,3.845,124.220
4320.0,44.82,84.9,0.0,-6.4,3,402.690,3.843,125.980
4328.8,45.23,85.1,0.0,-6.2,3,403.125,3.840,128.645
4328.8,45.50,85.1,0.0,-6.3,3,403.397,3.837,130.439
4328.8,45.91,85.2,0.0,-5.6,3,403.775,3.831,133.154
4328.8,46.17,85.3,0.0,-5.4,3,404.005,3.827,134.980
4337.8,46.58,85.4,0.0,-5.0,3,404.319,3.821,137.745
4337.8,46.84,85.4,0.0,-4.5,3,404.506,3.817,139.603
4337.8,47.24,85.5,0.0,-5.1,3,404.756,3.811,142.413
4337.8,47.50,85.6,0.0,-5.7,3,404.903,3.807,144.302
4347.0,47.89,85.7,0.0,-6.2,3,405.092,3.800,147.157
4347.0,48.27,85.7,0.0,-6.1,3,405.240,3.793,150.037
4347.0,48.53,85.8,0.0,-6.6,3,405.315,3.789,151.971
4356.5,48.90,85.9,0.0,-7.0,3,405.391,3.783,154.892
4356.5,49.15,85.9,0.0,-7.2,3,405.416,3.779,156.852
4356.5,49.50,86.0,0.0,-7.4,3,405.412,3.772,159.811
4356.5,49.75,86.0,0.0,-7.5,3,405.380,3.767,161.796
4366.2,50.09,86.1,0.0,-8.1,3,405.288,3.761,164.789
4366.2,50.33,86.2,0.0,-8.4,3,405.196,3.756,166.795
4366.2,50.56,0.0,0.0,-8.6,0,405.010,3.748,169.818
4366.2,50.52,84.1,0.0,-8.6,4,404.851,3.743,171.832
4376.2,50.83,84.3,0.0,-8.7,4,404.561,3.735,174.858
4376.2,51.03,84.3,0.0,-8.8,4,404.333,3.730,176.882
4376.2,51.33,84.4,0.0,-9.5,4,403.938,3.721,179.927
4376.2,51.53,84.5,0.0,-10.3,4,403.639,3.716,181.962
4386.4,51.82,84.5,0.0,-11.2,4,403.135,3.708,185.020
4386.4,52.01,84.6,0.0,-11.4,4,402.761,3.702,187.063
4386.4,52.30,84.7,0.0,-11.0,4,402.143,3.693,190.130
4386.4,52.49,84.7,0.0,-10.5,4,401.691,3.688,192.175
4396.9,52.76,84.8,0.0,-10.7,4,400.952,3.681,195.245
4396.9,53.04,84.9,0.0,-10.3,4,400.139,3.674,198.312
4396.9,53.22,84.9,0.0,-9.8,4,399.555,3.670,200.355
4396.9,53.50,84.9,0.0,-10.1,4,398.615,3.667,203.415
4408.0,53.68,85.0,0.0,-10.7,4,397.946,3.666,205.451
4408.0,53.96,85.0,0.0,-12.1,4,396.883,3.664,208.499
4408.0,54.13,85.1,0.0,-12.7,4,396.134,3.662,210.527
4408.0,54.39,85.1,0.0,-12.2,4,394.947,3.663,213.558
4419.8,54.55,85.2,0.0,-11.4,4,394.111,3.666,215.570
4419.8,54.83,85.2,0.0,-10.3,4,392.796,3.673,218.575
4419.8,54.99,85.3,0.0,-9.8,4,391.879,3.678,220.571
4419.8,55.26,85.3,0.0,-9.5,4,390.442,3.685,223.549
4431.4,55.43,85.3,0.0,-9.6,4,389.442,3.690,225.524
4431.4,55.70,85.3,0.0,-9.8,4,387.884,3.700,228.470
4431.4,55.87,85.5,0.0,-10.0,4,386.807,3.705,230.424
4431.4,56.14,85.6,0.0,-9.6,4,385.138,3.708,233.340
4442.6,56.31,85.7,0.0,-9.2,4,383.989,3.708,235.272
4442.6,56.56,85.9,0.0,-9.3,4,382.208,3.707,238.152
4442.6,56.73,85.9,0.0,-9.5,4,380.983,3.708,240.057
4442.6,56.98,86.1,0.0,-9.9,4,379.086,3.710,242.892
4453.8,57.14,86.2,0.0,-10.0,4,377.783,3.714,244.765
4453.8,57.39,86.3,0.0,-10.1,4,375.771,3.722,247.549
4453.8,57.63,86.5,0.0,-10.1,4,373.692,3.731,250.302
4453.8,57.80,86.6,0.0,-9.7,4,372.270,3.737,252.121
4465.1,58.04,86.7,0.0,-8.0,4,370.082,3.747,254.820
4465.1,58.20,86.8,0.0,-6.4,4,368.588,3.754,256.600
4465.1,58.46,86.9,0.0,-5.0,4,366.296,3.764,259.244
4465.1,58.63,87.0,0.0,-4.5,4,364.736,3.770,260.990
4476.7,58.89,87.1,0.0,-4.0,4,362.351,3.778,263.587
4476.7,59.07,87.2,0.0,-3.9,4,360.734,3.782,265.304
4476.7,59.33,87.3,0.0,-4.0,4,358.270,3.787,267.861
4476.7,59.51,87.4,0.0,-4.2,4,356.603,3.789,269.555
4488.5,59.77,87.5,0.0,-4.2,4,354.068,3.789,272.080
4488.5,59.94,87.6,0.0,-4.0,4,352.355,3.788,273.753
4488.5,60.19,87.6,0.0,-4.3,4,349.751,3.788,276.244
4488.5,60.36,87.9,0.0,-4.1,4,347.992,3.789,277.892
4500.5,60.52,0.0,0.0,-3.4,0,345.321,3.790,280.348
4500.5,60.45,86.6,0.0,-1.9,5,343.525,3.791,281.967
4500.5,60.66,86.8,0.0,-1.5,5,340.800,3.797,284.370
4500.5,60.83,86.9,0.0,-1.2,5,338.964,3.803,285.962
4512.6,61.15,87.1,0.0,-0.3,5,336.185,3.807,288.341
4512.6,61.37,87.2,0.0,0.6,5,333.378,3.804,290.713
4512.6,61.56,87.1,0.0,0.5,5,331.493,3.803,292.292
4512.6,61.83,87.2,0.0,0.2,5,328.649,3.802,294.662
4524.8,61.99,87.3,0.0,0.3,5,326.746,3.800,296.245
4524.8,62.22,87.4,0.0,0.3,5,323.882,3.799,298.628
4524.8,62.36,87.5,0.0,0.3,5,321.968,3.799,300.222
4524.8,62.60,87.6,0.0,0.3,5,319.090,3.798,302.624
4537.3,62.76,87.6,0.0,0.4,5,317.168,3.798,304.233
4537.3,62.99,87.8,0.0,0.6,5,314.279,3.801,306.658
4537.3,63.14,87.8,0.0,0.7,5,312.349,3.806,308.283
4537.3,63.37,87.9,0.0,0.7,5,309.450,3.813,310.731
4549.8,63.52,88.0,0.0,0.7,5,307.514,3.816,312.372
4549.8,63.75,88.1,0.0,0.6,5,304.607,3.823,314.846
4549.8,63.89,88.2,0.0,0.6,5,302.666,3.828,316.504
4549.8,64.12,88.3,0.0,0.1,5,299.751,3.836,319.004
4562.6,64.27,88.3,0.0,-0.4,5,297.805,3.841,320.679
4562.6,64.49,88.4,0.0,-0.4,5,294.880,3.846,323.201
4562.6,64.64,88.5,0.0,-0.2,5,292.925,3.848,324.888
4562.6,64.86,88.6,0.0,0.4,5,289.983,3.846,327.425
4575.5,65.01,88.6,0.0,0.7,5,288.017,3.841,329.121
4575.5,65.22,88.7,0.0,0.7,5,285.059,3.834,331.673
4575.5,65.43,88.8,0.0,0.5,5,282.095,3.826,334.237
4575.5,65.57,88.9,0.0,0.3,5,280.116,3.820,335.953
4588.6,65.78,89.0,0.0,0.2,5,277.143,3.815,338.539
4588.6,65.91,89.1,0.0,0.2,5,275.158,3.815,340.269
4588.6,66.13,89.1,0.0,0.1,5,272.175,3.816,342.876
4588.6,66.27,89.2,0.0,0.1,5,270.183,3.818,344.619
4601.8,66.48,89.3,0.0,0.0,5,267.188,3.820,347.244
4601.8,66.61,89.3,0.0,-0.0,5,265.188,3.824,348.999
4601.8,66.81,89.4,0.0,-0.2,5,262.181,3.834,351.640
4601.8,66.94,89.5,0.0,-0.1,5,260.171,3.843,353.405
4615.1,67.15,89.5,0.0,0.1,5,257.149,3.857,356.060
4615.1,67.27,89.6,0.0,0.2,5,255.130,3.868,357.834
4615.1,67.48,89.6,0.0,0.1,5,252.093,3.880,360.501
4615.1,67.60,89.7,0.0,0.0,5,250.065,3.890,362.285
4628.6,67.79,89.8,0.0,0.2,5,247.015,3.908,364.967
4628.6,68.00,89.9,0.0,0.3,5,243.957,3.921,367.658
4628.6,68.13,89.9,0.0,0.3,5,241.914,3.928,369.457
4642.2,68.31,90.0,0.0,0.2,5,238.844,3.940,372.164
4642.2,68.44,90.1,0.0,0.1,5,236.794,3.945,373.974
4642.2,68.63,90.1,0.0,0.0,5,233.713,3.949,376.698
4642.2,68.76,90.2,0.0,0.0,5,231.656,3.949,378.518
4655.9,68.94,90.3,0.0,-0.2,5,228.563,3.948,381.257
4655.9,69.07,90.3,0.0,-0.1,5,226.497,3.945,383.087
4655.9,69.25,90.4,0.0,-0.3,5,223.391,3.941,385.838
4655.9,69.38,90.4,0.0,-0.3,5,221.315,3.938,387.676
4669.7,69.56,90.5,0.0,-0.2,5,218.192,3.934,390.436
4669.7,69.68,90.5,0.0,-0.0,5,216.104,3.930,392.278
4669.7,69.86,90.6,0.0,-0.1,5,212.964,3.922,395.046
4669.7,69.98,90.6,0.0,-0.1,5,210.866,3.916,396.894
4683.7,70.15,90.7,0.0,-0.0,5,207.710,3.908,399.672
4683.7,70.32,90.8,0.0,0.1,5,204.546,3.903,402.454
4683.7,70.44,90.8,0.0,0.2,5,202.432,3.899,404.313
4683.7,70.61,90.9,0.0,0.3,5,199.254,3.894,407.107
4697.8,70.64,0.0,0.0,0.2,0,197.133,3.891,408.974
4697.8,70.63,90.0,0.0,0.1,6,193.954,3.886,411.774
4697.8,70.74,90.0,0.0,0.1,6,191.833,3.882,413.644
4697.8,70.90,90.1,0.0,0.3,6,188.647,3.876,416.456
4712.0,71.01,90.1,0.0,0.2,6,186.521,3.873,418.335
4712.0,71.17,90.2,0.0,0.2,6,183.327,3.869,421.161
4712.0,71.27,90.2,0.0,0.1,6,181.195,3.866,423.050
4712.0,71.43,90.3,0.0,0.1,6,177.993,3.863,425.891
4726.2,71.54,90.3,0.0,-0.1,6,175.855,3.860,427.790
4726.2,71.69,90.4,0.0,-0.1,6,172.644,3.854,430.645
4726.2,71.80,90.4,0.0,0.0,6,170.500,3.850,432.552
4726.2,71.95,90.5,0.0,0.0,6,167.277,3.844,435.417
4740.6,72.05,90.5,0.0,-0.1,6,165.125,3.842,437.331
4740.6,72.21,90.6,0.0,-0.1,6,161.891,3.840,440.206
4740.6,72.36,90.6,0.0,-0.1,6,158.648,3.838,443.085
4740.6,72.46,90.7,0.0,0.1,6,156.483,3.838,445.008
4755.0,72.60,90.7,0.0,0.2,6,153.228,3.840,447.897
4755.0,72.70,90.8,0.0,0.2,6,151.055,3.843,449.826
4755.0,72.85,90.8,0.0,0.3,6,147.791,3.847,452.726
4755.0,72.95,90.8,0.0,0.2,6,145.612,3.849,454.664
4769.6,73.10,90.9,0.0,0.2,6,142.341,3.851,457.579
4769.6,73.19,90.9,0.0,0.1,6,140.158,3.852,459.526
4769.6,73.34,91.0,0.0,0.1,6,136.880,3.855,462.455
4769.6,73.43,91.0,0.0,-0.2,6,134.693,3.856,464.412
4784.3,73.57,91.0,0.0,-0.4,6,131.407,3.858,467.354
4784.3,73.67,91.1,0.0,-0.0,6,129.213,3.860,469.318
4784.3,73.81,91.1,0.0,-0.8,6,125.916,3.863,472.267
4784.3,73.90,91.1,0.0,0.0,6,123.712,3.865,474.234
4799.0,74.04,91.2,0.0,0.4,6,120.399,3.867,477.186
4799.0,74.13,91.2,0.0,0.4,6,118.185,3.868,479.156
4799.0,74.27,91.3,0.0,-0.8,6,114.858,3.867,482.114
4799.0,74.41,91.3,0.0,0.4,6,111.523,3.864,485.076
4813.8,74.49,91.4,0.0,0.0,6,109.297,3.862,487.053
4813.8,74.63,91.4,0.0,-0.4,6,105.951,3.856,490.023
4813.8,74.72,91.4,0.0,-0.0,6,103.716,3.851,492.004
4813.8,74.85,91.5,0.0,0.5,6,100.358,3.842,494.980
4828.8,74.94,91.5,0.0,0.0,6,98.115,3.835,496.967
4828.8,75.07,91.5,0.0,-0.4,6,94.747,3.825,499.952
4828.8,75.17,91.6,0.0,-0.1,6,92.499,3.816,501.944
4828.8,75.30,91.6,0.0,0.6,6,89.121,3.800,504.938
4843.8,75.38,91.6,0.0,0.0,6,86.866,3.788,506.938
4843.8,75.51,91.7,0.0,-0.8,6,83.481,3.768,509.942
4843.8,75.64,91.7,0.0,-0.2,6,80.089,3.747,512.951
4843.8,75.73,91.7,0.0,0.2,6,77.823,3.733,514.959
4858.9,75.86,91.8,0.0,0.1,6,74.419,3.711,517.974
4858.9,75.94,91.8,0.0,-0.3,6,72.146,3.696,519.986
4858.9,76.06,91.8,0.0,-0.5,6,68.731,3.673,523.007
4858.9,76.15,91.9,0.0,-0.2,6,66.450,3.657,525.023
4874.1,76.28,91.9,0.0,-0.1,6,63.023,3.631,528.050
4874.1,76.36,91.9,0.0,-0.1,6,60.734,3.613,530.069
4874.1,76.48,92.0,0.0,-0.1,6,57.294,3.584,533.100
4874.1,76.57,92.0,0.0,0.0,6,54.996,3.563,535.123
4889.4,76.69,92.0,0.0,0.4,6,51.544,3.528,538.159
4889.4,76.77,92.1,0.0,0.5,6,49.240,3.504,540.187
4889.4,76.89,92.1,0.0,0.4,6,45.781,3.467,543.233
4904.7,77.02,92.1,0.0,0.3,6,42.320,3.426,546.288
4904.7,77.10,92.1,0.0,0.2,6,40.011,3.397,548.330
4904.7,77.22,92.2,0.0,0.2,6,36.548,3.350,551.402
4904.7,77.30,92.2,0.0,0.2,6,34.238,3.314,553.455
4920.2,77.42,92.2,0.0,0.2,6,30.773,3.257,556.541
4920.2,77.49,92.3,0.0,0.1,6,28.462,3.219,558.604
4920.2,77.61,92.3,0.0,-0.0,6,24.993,3.160,561.705
4920.2,77.69,92.3,0.0,0.0,6,22.680,3.122,563.777
4935.7,77.81,92.3,0.0,0.1,6,19.207,3.063,566.891
4935.7,77.89,92.4,0.0,0.1,6,16.890,3.023,568.970
4935.7,78.00,92.4,0.0,-0.1,6,13.411,2.963,572.094
4935.7,78.08,92.4,0.0,-0.3,6,11.089,2.923,574.180
4951.3,78.19,92.5,0.0,-0.2,6,7.602,2.865,577.312
4951.3,78.26,92.5,0.0,-0.0,6,5.273,2.828,579.402
4951.3,78.37,92.5,0.0,-0.2,6,1.775,2.775,582.538
4951.3,78.36,49.2,46.0,-0.6,6,-0.561,2.736,584.631
4966.9,77.51,0.0,82.2,-0.9,6,-4.051,2.671,587.753
4966.9,76.22,0.0,89.1,-0.2,6,-7.494,2.613,590.826
4966.9,75.34,0.0,91.4,0.2,6,-9.759,2.577,592.842
4966.9,73.97,0.0,91.1,0.3,6,-13.110,2.523,595.818
4982.0,73.06,0.0,91.0,-0.0,6,-15.312,2.488,597.770
4982.0,71.71,0.0,91.6,-0.6,6,-18.565,2.439,600.651
4982.0,70.82,0.0,91.8,-0.8,6,-20.703,2.407,602.540
4982.0,69.47,0.0,92.0,-1.1,6,-23.861,2.357,605.325
4996.2,68.58,0.0,91.6,-0.9,6,-25.936,2.323,607.150
4996.2,67.24,0.0,91.3,-0.8,6,-29.003,2.272,609.836
4996.2,66.36,0.0,91.4,-0.4,6,-31.018,2.240,611.592
4996.2,65.03,0.0,91.6,-0.2,6,-33.998,2.193,614.176
5009.5,64.15,0.0,91.5,-0.3,6,-35.956,2.164,615.864
5009.5,62.85,0.0,91.8,-0.6,6,-38.848,2.121,618.347
5009.5,61.55,28.3,92.7,-1.0,0,-41.689,2.078,620.771
5009.5,60.67,0.0,92.2,-1.0,5,-43.554,2.049,622.354
5021.8,59.37,0.0,91.8,-1.3,5,-46.308,2.007,624.678
5021.8,58.50,0.0,91.6,-1.6,5,-48.116,1.979,626.193
5021.8,57.20,0.0,91.0,-2.1,5,-50.787,1.938,628.414
5021.8,56.35,0.0,91.3,-2.5,5,-52.541,1.911,629.858
5033.4,55.07,0.0,91.0,-2.8,5,-55.136,1.871,631.969
5033.4,54.22,0.0,91.4,-3.1,5,-56.842,1.846,633.338
5033.4,52.97,28.1,91.1,-3.1,0,-59.367,1.808,635.332
5033.4,52.13,0.0,87.9,-2.9,4,-61.028,1.784,636.622
5044.0,50.89,0.0,79.0,-2.2,4,-63.488,1.747,638.497
5044.0,50.14,0.0,66.2,-1.9,4,-65.109,1.722,639.705
5044.0,49.20,0.0,53.4,-1.9,4,-67.521,1.687,641.456
5044.0,48.65,0.0,48.7,-2.5,4,-69.121,1.664,642.584
5053.9,47.91,0.0,45.5,-4.2,4,-71.513,1.629,644.220
5053.9,47.43,0.0,44.8,-5.2,4,-73.103,1.606,645.274
5053.9,46.72,0.0,44.4,-7.6,4,-75.480,1.572,646.803
5053.9,46.05,0.0,40.4,-8.8,4,-77.848,1.539,648.266
5063.1,45.62,0.0,39.1,-8.9,4,-79.424,1.517,649.204
5063.1,45.01,0.0,29.7,-7.8,4,-81.783,1.485,650.556
5063.1,44.68,0.0,25.5,-7.5,4,-83.356,1.464,651.421
5063.1,44.23,0.0,21.1,-8.1,4,-85.717,1.432,652.662
5071.9,43.96,0.0,20.2,-8.7,4,-87.293,1.411,653.454
5071.9,43.56,0.0,29.1,-9.9,4,-89.662,1.379,654.588
5071.9,43.21,0.0,39.5,-10.4,4,-91.242,1.358,655.308
5071.9,42.61,39.3,43.5,-10.7,0,-93.605,1.326,656.332
5080.4,42.16,0.0,35.0,-10.4,3,-95.174,1.305,656.977
5080.4,41.61,0.0,19.7,-9.7,3,-97.518,1.276,657.885
5080.4,41.35,0.0,12.3,-9.7,3,-99.077,1.257,658.452
5080.4,41.05,0.0,7.6,-10.4,3,-101.418,1.228,659.247
5088.7,40.90,0.0,6.4,-11.4,3,-102.981,1.208,659.740
5088.7,40.66,0.0,3.8,-13.0,3,-105.330,1.179,660.426
5088.7,40.53,0.0,4.3,-13.8,3,-106.898,1.160,660.848
5088.7,40.33,0.0,2.9,-15.0,3,-109.253,1.132,661.426
5097.0,40.14,0.0,4.2,-15.2,3,-111.612,1.103,661.942
5097.0,40.00,0.0,2.6,-14.9,3,-113.185,1.084,662.249
5097.0,39.81,0.0,3.9,-14.1,3,-115.545,1.056,662.654
5097.0,39.68,0.0,3.1,-14.2,3,-117.118,1.039,662.886
5105.2,39.49,0.0,2.8,-14.2,3,-119.475,1.013,663.181
5105.2,39.36,0.0,3.7,-14.0,3,-121.044,0.995,663.340
5105.2,39.17,0.0,2.2,-13.5,3,-123.393,0.970,663.522
5105.2,39.05,0.0,3.2,-13.3,3,-124.955,0.955,663.606
5113.2,38.86,0.0,2.4,-13.8,3,-127.292,0.934,663.676
5113.2,38.74,0.0,2.9,-14.3,3,-128.844,0.920,663.688
5113.2,38.56,0.0,3.8,-15.0,3,-131.163,0.900,663.653
5113.2,38.43,0.0,1.9,-15.3,3,-132.702,0.886,663.594
5121.2,38.26,0.0,2.7,-14.9,3,-134.998,0.866,663.454
5121.2,38.13,0.0,2.2,-14.8,3,-136.521,0.853,663.325
5121.2,37.96,0.0,1.6,-15.4,3,-138.790,0.835,663.077
5121.2,37.85,0.0,2.5,-15.6,3,-140.294,0.823,662.878
5129.0,37.68,0.0,1.1,-15.7,3,-142.532,0.804,662.527
5129.0,37.51,0.0,1.7,-15.9,3,-144.750,0.786,662.114
5129.0,37.40,0.0,0.7,-16.0,3,-146.216,0.775,661.804
5137.0,37.24,0.0,1.3,-16.5,3,-148.395,0.759,661.287
5137.0,37.13,0.0,2.3,-17.0,3,-149.834,0.749,660.908
5137.0,36.96,0.0,0.5,-17.6,3,-151.969,0.733,660.290
5137.0,36.86,0.0,1.1,-18.0,3,-153.377,0.723,659.845
5145.0,36.69,0.3,0.3,-18.5,3,-155.464,0.708,659.128
5145.0,36.58,0.4,0.2,-18.8,3,-156.837,0.698,658.617
5145.0,36.41,0.0,0.8,-19.0,3,-158.870,0.683,657.801
5145.0,36.30,0.0,1.5,-19.0,3,-160.205,0.674,657.224
5198.3,36.69,46.9,0.0,-24.5,3,-193.108,0.726,625.365
5198.3,36.84,54.2,0.0,-23.9,3,-194.062,0.735,623.377
5198.3,37.02,56.8,0.0,-21.9,3,-194.962,0.741,621.353
5205.2,37.15,58.9,0.0,-19.8,3,-195.531,0.743,619.983
5205.2,37.37,60.8,0.0,-17.3,3,-196.338,0.745,617.899
5205.2,37.51,63.3,0.0,-17.0,3,-196.846,0.745,616.491
5205.2,37.76,65.4,0.0,-16.5,3,-197.559,0.744,614.348
5212.4,37.92,64.0,0.0,-16.7,3,-198.001,0.743,612.901
5212.4,38.16,65.0,0.0,-17.4,3,-198.611,0.743,610.702
5212.4,38.32,65.3,0.0,-17.2,3,-198.982,0.744,609.219
5212.4,38.58,66.5,0.0,-17.1,3,-199.487,0.745,606.969
5219.8,38.83,70.8,0.0,-18.5,3,-199.930,0.747,604.690
5219.8,39.05,75.6,0.0,-18.4,3,-200.191,0.747,603.155
5219.8,39.38,82.7,0.0,-17.3,3,-200.529,0.751,600.828
5219.8,39.64,83.7,0.0,-14.9,3,-200.721,0.754,599.259
5227.7,40.02,83.9,0.0,-10.0,3,-200.956,0.760,596.882
5227.7,40.27,84.0,0.0,-5.4,3,-201.079,0.766,595.281
5227.7,40.69,84.0,0.0,1.2,3,-201.214,0.775,592.858
5227.7,40.97,84.0,0.0,4.7,3,-201.274,0.783,591.226
5235.8,41.29,38.0,8.5,7.1,3,-201.326,0.798,588.758
5235.8,41.17,2.5,26.1,6.0,3,-201.343,0.810,587.107
5235.8,40.67,0.0,48.7,6.0,3,-201.367,0.827,584.650
5235.8,40.18,0.0,62.2,5.3,3,-201.391,0.837,583.031
5244.0,39.25,0.0,67.4,5.4,3,-201.447,0.852,580.647
5244.0,38.61,0.0,59.3,5.5,3,-201.498,0.863,579.089
5244.0,37.78,0.0,49.4,6.3,3,-201.602,0.880,576.799
5244.0,37.30,0.0,42.1,8.1,3,-201.691,0.891,575.299
5251.7,36.69,0.0,30.0,9.4,3,-201.856,0.908,573.085
5251.7,36.22,0.0,22.6,10.2,3,-202.062,0.923,570.907
5251.7,35.96,0.0,17.5,11.4,3,-202.224,0.933,569.472
5251.7,35.63,0.0,11.6,12.7,3,-202.504,0.945,567.343
5259.0,35.44,0.0,10.5,12.4,3,-202.718,0.953,565.937
5259.0,35.17,0.0,12.6,12.6,0,-203.081,0.966,563.850
5259.0,35.01,38.3,14.3,12.1,0,-203.352,0.975,562.472
5259.0,34.70,0.0,15.7,9.7,2,-203.798,0.988,560.428
5266.5,34.35,0.0,16.6,10.8,2,-204.288,1.002,558.415
5266.5,34.12,0.0,25.0,11.5,2,-204.640,1.013,557.091
5266.5,33.62,0.0,41.6,13.4,2,-205.203,1.031,555.136
5266.5,33.19,0.0,36.8,15.3,2,-205.598,1.043,553.859
5273.6,32.50,0.0,46.3,13.4,2,-206.220,1.060,551.986
5273.6,32.04,0.0,37.8,12.7,2,-206.653,1.072,550.769
5273.6,31.47,0.0,27.3,11.3,2,-207.332,1.091,548.989
5273.6,31.15,0.0,21.3,9.6,2,-207.806,1.103,547.829
5281.1,30.78,0.0,14.3,9.6,2,-208.549,1.124,546.126
5281.1,30.58,0.0,12.0,12.1,2,-209.064,1.138,545.012
5281.1,30.30,0.0,13.5,15.1,2,-209.866,1.160,543.370
5281.1,30.10,0.0,13.5,16.9,2,-210.419,1.174,542.296
5287.9,29.80,0.0,12.8,21.0,2,-211.277,1.195,540.717
5287.9,29.61,0.0,9.7,22.2,2,-211.870,1.208,539.686
5287.9,29.36,0.0,7.1,20.7,2,-212.793,1.227,538.177
5295.2,29.14,0.0,5.1,23.7,2,-213.757,1.246,536.710
5295.2,29.00,0.0,3.1,23.7,2,-214.424,1.259,535.758
5295.2,28.82,0.0,1.4,23.7,2,-215.462,1.276,534.367
5295.2,28.71,0.0,0.7,26.2,2,-216.177,1.288,533.466
5301.5,28.58,39.5,0.0,30.0,0,-217.287,1.304,532.154
5301.5,28.48,0.9,0.0,30.2,1,-218.051,1.314,531.306
5301.5,28.30,4.1,0.0,30.4,1,-219.232,1.328,530.078
5301.5,28.20,7.1,0.0,31.0,1,-220.040,1.337,529.289
5307.6,28.10,12.9,0.0,32.1,1,-221.287,1.350,528.150
5307.6,28.05,13.9,0.0,33.6,1,-222.140,1.358,527.419
5307.6,27.99,18.3,0.0,35.6,1,-223.452,1.369,526.369
5307.6,27.98,22.8,0.0,37.2,1,-224.347,1.376,525.697
5313.6,28.01,25.0,0.0,39.8,1,-225.722,1.386,524.733
5313.6,28.02,22.4,0.0,42.8,1,-227.133,1.395,523.819
5313.6,28.01,20.1,0.0,44.9,1,-228.093,1.401,523.240
5313.6,27.97,17.3,0.0,48.4,1,-229.556,1.408,522.415
5319.7,27.92,16.5,0.0,50.4,1,-230.547,1.412,521.897
5319.7,27.85,15.4,0.0,53.0,1,-232.053,1.417,521.169
5319.7,27.78,14.4,0.0,54.8,1,-233.070,1.420,520.717
5319.7,27.68,12.9,0.0,57.0,1,-234.611,1.425,520.090
5325.5,27.60,12.1,0.0,58.5,1,-235.648,1.427,519.706
5325.5,27.46,11.3,0.0,60.9,1,-237.216,1.429,519.184
5325.5,27.33,11.0,0.0,59.0,1,-238.794,1.431,518.725
5325.5,27.24,11.1,0.0,60.9,1,-239.852,1.432,518.455
5331.2,27.10,11.0,0.0,58.7,1,-241.443,1.433,518.103
5331.2,27.01,10.9,0.0,60.2,1,-242.507,1.433,517.904
5331.2,26.87,11.1,0.0,61.7,1,-244.105,1.432,517.661
5331.2,26.78,10.9,0.0,59.3,1,-245.171,1.431,517.535
5336.8,26.65,11.0,0.0,58.9,1,-246.768,1.428,517.399
5336.8,26.56,11.4,0.0,59.3,1,-247.831,1.426,517.345
5336.8,26.43,11.3,0.0,59.4,1,-249.421,1.423,517.316
5336.8,26.35,11.2,0.0,59.4,1,-250.476,1.420,517.333
5342.3,26.22,11.2,0.0,59.0,1,-252.052,1.414,517.411
5342.3,26.14,11.3,0.0,58.5,1,-253.096,1.411,517.497
5342.3,26.02,11.7,0.0,57.2,1,-254.650,1.404,517.679
5342.3,25.95,12.1,0.0,55.6,1,-255.678,1.399,517.835
5347.8,25.85,13.7,0.0,52.2,1,-257.206,1.391,518.119
5347.8,25.79,16.9,0.0,48.4,1,-258.716,1.382,518.463
5347.8,25.77,20.6,0.0,45.7,1,-259.713,1.376,518.725
5347.8,25.81,30.8,0.0,41.1,1,-261.195,1.364,519.167
5353.1,25.90,42.5,0.0,37.1,1,-262.175,1.356,519.495
5353.1,26.22,65.7,0.0,30.9,1,-263.640,1.342,520.037
5353.1,26.48,51.9,0.0,25.8,1,-264.616,1.332,520.433
5353.1,26.83,57.1,0.0,17.2,1,-266.078,1.317,521.079
5358.6,27.09,56.6,0.0,12.0,1,-267.051,1.306,521.543
5358.6,27.50,60.0,0.0,14.4,1,-268.509,1.289,522.286
5358.6,27.77,58.8,0.0,14.3,1,-269.479,1.277,522.815
5358.6,28.19,58.3,0.0,12.5,1,-270.930,1.260,523.657
5364.7,28.46,56.9,0.0,17.7,1,-271.896,1.247,524.247
5364.7,28.83,55.9,0.0,19.8,1,-273.340,1.228,525.178
5364.7,29.20,57.4,0.0,19.0,1,-274.776,1.208,526.160
5370.8,29.57,57.5,0.0,23.9,1,-276.202,1.188,527.195
5370.8,29.83,58.9,0.0,22.4,1,-277.145,1.174,527.916
5370.8,30.22,62.4,0.0,19.8,1,-278.547,1.153,529.046
5370.8,30.50,62.8,0.0,22.7,1,-279.473,1.139,529.831
5377.3,30.90,61.6,0.0,24.8,1,-280.846,1.117,531.057
5377.3,31.16,62.1,0.0,24.5,1,-281.749,1.101,531.908
5377.3,31.53,61.9,0.0,24.6,1,-283.082,1.078,533.233
5377.3,31.89,61.6,0.0,24.5,1,-284.384,1.054,534.618
5384.0,32.13,62.4,0.0,24.5,1,-285.234,1.038,535.575
5444.0,38.89,84.7,0.0,9.3,2,-299.285,0.616,590.326
5444.0,39.38,85.6,0.0,9.9,2,-299.046,0.609,592.661
5444.0,39.70,85.7,0.0,9.7,2,-298.859,0.603,594.231
5451.7,40.19,85.8,0.0,9.6,2,-298.534,0.594,596.604
5451.7,40.50,85.9,0.0,9.6,2,-298.288,0.586,598.198
5451.7,40.98,86.0,0.0,9.6,2,-297.873,0.574,600.606
5451.7,41.28,86.0,0.0,10.0,2,-297.565,0.565,602.221
5459.6,41.60,0.0,0.0,12.1,0,-297.057,0.548,604.657
5459.6,41.58,84.0,0.0,12.1,3,-296.687,0.535,606.278
5459.6,41.98,83.9,0.0,11.2,3,-296.079,0.515,608.709
5467.8,42.38,84.1,0.0,9.0,3,-295.410,0.496,611.149
5467.8,42.67,84.5,0.0,8.5,3,-294.931,0.481,612.780
5467.8,43.05,79.2,0.0,7.6,3,-294.164,0.455,615.234
5467.8,43.31,75.6,0.0,5.8,3,-293.620,0.436,616.872
5476.3,43.66,73.6,0.0,3.9,3,-292.756,0.407,619.333
5476.3,43.89,72.1,0.0,3.5,3,-292.151,0.386,620.976
5476.3,44.23,70.3,0.0,3.9,3,-291.208,0.349,623.444
5476.3,44.44,69.9,0.0,3.8,3,-290.558,0.323,625.094
5485.1,44.77,70.1,0.0,3.5,3,-289.554,0.285,627.573
5485.1,45.08,69.7,0.0,3.1,3,-288.516,0.250,630.060
5485.1,45.29,69.0,0.0,3.0,3,-287.806,0.226,631.722
5485.1,45.52,70.9,0.0,2.6,3,-286.720,0.184,634.220
5494.1,45.76,60.5,0.0,1.4,3,-285.982,0.151,635.889
5494.1,46.10,72.2,0.0,0.2,3,-284.848,0.102,638.400
5494.1,46.32,73.1,0.0,0.4,3,-284.074,0.071,640.078
5494.1,46.67,71.3,0.0,0.7,3,-282.887,0.027,642.601
5503.2,46.99,70.7,0.0,1.0,3,-281.671,-0.021,645.132
5503.2,47.20,70.6,0.0,1.6,3,-280.843,-0.050,646.823
5503.2,47.55,70.1,0.0,1.9,3,-279.576,-0.087,649.368
5503.2,47.76,71.9,0.0,1.6,3,-278.717,-0.112,651.068
5512.7,48.00,75.6,0.0,1.1,3,-277.407,-0.152,653.627
5512.7,48.26,66.1,0.0,0.2,3,-276.520,-0.181,655.335
5512.7,48.54,76.3,0.0,0.2,3,-275.163,-0.217,657.903
5512.7,48.78,77.0,0.0,0.7,3,-274.243,-0.238,659.616
5522.3,49.11,77.4,0.0,2.3,3,-272.839,-0.259,662.194
5522.3,49.31,76.4,0.0,3.3,3,-271.889,-0.267,663.917
5522.3,49.61,77.0,0.0,4.9,3,-270.445,-0.277,666.510
5522.3,49.83,77.6,0.0,4.9,3,-269.468,-0.289,668.241
5532.2,50.15,77.0,0.0,3.7,3,-267.975,-0.309,670.842
5532.2,50.35,77.6,0.0,3.2,3,-266.958,-0.321,672.575
5532.2,50.66,78.1,0.0,2.9,3,-265.401,-0.337,675.174
5532.2,50.89,0.0,0.0,2.7,0,-263.809,-0.352,677.774
5542.3,50.87,74.2,0.0,3.0,4,-262.732,-0.361,679.500
5542.3,51.14,74.4,0.0,3.3,4,-261.094,-0.373,682.084
5542.3,51.31,70.9,0.0,3.6,4,-259.984,-0.379,683.806
5542.3,51.56,70.6,0.0,3.0,4,-258.293,-0.386,686.387
5552.5,51.73,70.6,0.0,2.2,4,-257.148,-0.390,688.107
5552.5,51.97,70.6,0.0,1.7,4,-255.407,-0.394,690.684
5552.5,52.14,70.5,0.0,1.4,4,-254.232,-0.397,692.403
5552.5,52.38,70.8,0.0,1.3,4,-252.450,-0.402,694.982
5562.8,52.55,70.9,0.0,0.9,4,-251.250,-0.405,696.704
5562.8,52.79,70.9,0.0,1.1,4,-249.434,-0.411,699.290
5562.8,52.96,71.0,0.0,1.3,4,-248.214,-0.416,701.016
5562.8,53.20,71.1,0.0,1.7,4,-246.367,-0.423,703.611
5573.3,53.37,71.3,0.0,1.8,4,-245.125,-0.429,705.342
5573.3,53.61,71.5,0.0,2.1,4,-243.244,-0.437,707.942
5573.3,53.77,71.7,0.0,2.1,4,-241.978,-0.442,709.676
5573.3,54.01,71.9,0.0,2.5,4,-240.058,-0.448,712.277
5583.9,54.25,72.2,0.0,2.7,4,-238.112,-0.453,714.876
5583.9,54.41,72.3,0.0,2.8,4,-236.800,-0.456,716.608
5583.9,54.65,72.6,0.0,3.1,4,-234.808,-0.458,719.203
5583.9,54.81,72.6,0.0,3.2,4,-233.464,-0.460,720.931
5594.8,55.04,73.0,0.0,3.3,4,-231.423,-0.462,723.518
5594.8,55.20,73.1,0.0,3.3,4,-230.045,-0.463,725.239
5594.8,55.44,73.4,0.0,3.4,4,-227.952,-0.463,727.814
5594.8,55.59,73.7,0.0,3.4,4,-226.537,-0.463,729.525
5605.9,55.82,74.0,0.0,3.4,4,-224.388,-0.460,732.085
5605.9,55.98,74.3,0.0,3.4,4,-222.937,-0.458,733.785
5605.9,56.21,74.6,0.0,3.3,4,-220.731,-0.453,736.327
5605.9,56.36,74.9,0.0,3.4,4,-219.241,-0.447,738.014
5617.3,56.59,75.2,0.0,3.3,4,-216.977,-0.437,740.535
5765.1,64.20,79.7,0.0,5.1,5,-99.452,-0.118,824.452
219.5,76.28,92.1,0.0,0.3,6,230.350,1.958,869.583
