opponent,v3,Miguel P Jourdain,0,1771610871032
Game,version,date,track,car,event,laptime [s],S1 [s],S2 [s],S3 [s],S4+ [s]
LMU,1.2,2026-02-20 18:07:51,Silverstone Grand Prix Circuit - ELMS,Ferrari AF Corse 2025 #50:LM (Hyper),Live,83.380,0,0,0
Tracklen [m],TotalLaps
5973.6,1
,
,
lapdistance [m],speed [m/s],throttle [%],brake [%],steer [%],gear [int],world_x [m],world_y [m],world_z [m]
7.6,72.32,56.9,0.0,2.3,5,14.434,0.362,847.947
7.6,72.38,56.9,0.0,1.8,5,17.308,0.391,848.299
22.0,72.15,0.0,0.0,2.0,0,21.613,0.420,848.825
22.0,72.46,91.0,0.0,2.0,6,24.486,0.444,849.167
22.0,72.58,89.1,0.0,1.0,6,28.808,0.474,849.663
22.0,72.68,87.9,0.0,0.6,6,31.697,0.499,849.985
36.5,72.84,86.0,0.0,0.8,6,36.035,0.535,850.477
36.5,72.94,84.7,0.0,1.2,6,38.932,0.561,850.800
36.5,73.08,82.8,0.0,0.8,6,43.284,0.604,851.278
36.5,73.14,81.6,0.0,0.6,6,46.190,0.628,851.592
51.1,73.33,79.7,0.0,0.4,6,50.560,0.674,852.060
51.1,73.42,78.4,0.0,0.4,6,53.480,0.707,852.371
51.1,73.60,76.6,0.0,0.2,6,57.866,0.740,852.836
51.1,73.69,75.3,0.0,0.0,6,60.793,0.764,853.146
65.8,73.80,73.4,0.0,-0.4,6,65.190,0.807,853.614
65.8,73.89,72.2,0.0,-0.4,6,68.129,0.832,853.931
65.8,74.02,70.3,0.0,-0.2,6,72.542,0.880,854.407
65.8,74.21,68.4,0.0,0.2,6,76.962,0.922,854.881
80.6,74.30,67.1,0.0,0.2,6,79.917,0.951,855.197
80.6,74.40,65.3,0.0,0.0,6,84.352,0.980,855.675
80.6,74.52,64.0,0.0,-0.2,6,87.314,1.003,855.993
80.6,74.59,62.1,0.0,0.0,6,91.760,1.038,856.473
95.5,74.74,60.8,0.0,0.4,6,94.728,1.067,856.791
95.5,74.89,60.2,0.0,0.8,6,99.189,1.104,857.268
95.5,74.95,60.2,0.0,0.6,6,102.168,1.119,857.583
95.5,75.10,60.2,0.0,0.2,6,106.645,1.149,858.054
110.5,75.16,60.2,0.0,0.0,6,109.634,1.166,858.369
110.5,75.29,60.2,0.0,0.2,6,114.120,1.199,858.844
110.5,75.39,60.3,0.0,0.4,6,117.115,1.224,859.161
110.5,75.53,60.3,0.0,0.4,6,121.615,1.253,859.629
125.5,75.62,60.2,0.0,0.8,6,124.623,1.277,859.939
125.5,75.70,60.3,0.0,0.6,6,129.139,1.297,860.401
125.5,75.77,60.3,0.0,0.2,6,133.660,1.317,860.862
125.5,75.87,60.3,0.0,0.0,6,136.675,1.336,861.173
140.8,76.03,60.4,0.0,0.4,6,141.208,1.373,861.643
140.8,76.19,60.4,0.0,0.8,6,144.238,1.393,861.959
140.8,76.13,60.3,0.0,1.2,6,148.792,1.428,862.418
140.8,76.12,60.3,0.0,1.2,6,151.821,1.447,862.717
155.9,76.59,60.3,0.0,0.8,6,156.378,1.472,863.166
155.9,76.56,60.3,0.0,0.8,6,159.427,1.495,863.469
155.9,76.47,60.4,0.0,0.8,6,163.997,1.524,863.922
155.9,76.63,60.4,0.0,0.8,6,167.039,1.539,864.225
171.2,76.85,60.4,0.0,0.8,6,171.620,1.574,864.680
171.2,77.10,60.4,0.0,0.8,6,174.682,1.596,864.985
171.2,76.84,60.4,0.0,0.8,6,179.286,1.625,865.441
171.2,76.72,60.4,0.0,0.6,6,182.346,1.649,865.746
186.6,77.19,60.4,0.0,0.4,6,186.940,1.670,866.204
186.6,77.35,60.4,0.0,0.6,6,190.015,1.694,866.512
186.6,77.66,60.4,0.0,1.0,6,194.645,1.718,866.973
186.6,77.39,60.2,0.0,1.0,6,199.277,1.747,867.424
202.1,77.15,60.2,0.0,0.8,6,202.354,1.762,867.722
202.1,77.96,60.2,0.0,0.6,6,206.987,1.785,868.173
202.1,77.92,60.1,0.0,0.6,6,210.092,1.810,868.471
202.1,77.57,60.0,0.0,0.6,6,214.727,1.837,868.917
217.6,78.24,60.1,0.0,0.6,6,217.811,1.852,869.214
217.6,77.82,59.2,0.0,0.4,6,222.458,1.886,869.659
217.6,78.34,60.2,0.0,0.4,6,225.553,1.912,869.957
217.6,78.14,59.3,0.0,0.6,6,230.224,1.942,870.408
233.2,77.88,59.6,0.0,0.8,6,233.326,1.970,870.705
233.2,78.22,60.4,1.6,0.8,6,238.006,2.008,871.148
233.2,78.22,62.1,6.3,0.8,6,241.121,2.029,871.441
233.2,76.99,41.3,68.3,1.0,6,245.771,2.053,871.879
248.8,75.98,0.0,88.9,0.8,6,248.804,2.069,872.161
248.8,73.96,0.0,95.2,-0.2,6,253.286,2.093,872.566
248.8,73.28,0.0,95.2,-1.0,6,256.212,2.106,872.833
248.8,71.38,0.0,96.8,-1.4,6,260.547,2.127,873.238
263.5,70.55,0.0,95.2,0.2,6,264.777,2.150,873.647
263.5,68.85,0.0,93.7,1.8,6,267.554,2.163,873.918
263.5,68.25,90.9,87.3,3.7,0,271.658,2.179,874.307
263.5,66.92,0.0,81.0,3.7,0,274.356,2.193,874.540
277.3,65.95,0.0,61.9,2.9,5,278.339,2.208,874.846
277.3,65.69,0.0,39.7,3.3,5,280.969,2.223,875.024
277.3,65.36,0.0,12.7,5.1,5,284.891,2.231,875.246
277.3,65.36,1.6,6.3,5.9,5,287.509,2.237,875.363
290.4,65.01,0.0,6.3,7.6,5,291.421,2.252,875.483
290.4,64.75,0.0,6.3,8.2,5,294.018,2.259,875.515
290.4,64.35,0.0,11.1,7.8,5,297.896,2.269,875.485
290.4,64.09,0.0,12.7,7.8,5,300.466,2.286,875.420
303.2,63.67,0.0,7.9,9.2,5,304.296,2.299,875.253
303.2,63.56,0.0,3.2,9.2,5,306.838,2.307,875.082
303.2,63.34,1.6,0.0,9.4,5,310.635,2.334,874.748
303.2,63.15,1.6,0.0,11.0,5,313.153,2.347,874.481
315.7,62.92,0.0,0.0,11.5,5,316.903,2.372,873.994
315.7,62.61,0.0,0.0,11.9,5,320.629,2.395,873.419
315.7,62.47,0.0,0.0,12.9,5,323.095,2.413,872.991
328.0,62.17,0.0,0.0,14.1,5,326.765,2.434,872.267
328.0,62.00,0.0,0.0,14.9,5,329.190,2.455,871.738
328.0,61.79,0.0,0.0,16.0,5,332.805,2.476,870.879
328.0,61.52,0.0,0.0,17.8,5,335.192,2.484,870.258
340.4,61.31,0.0,0.0,18.2,5,338.739,2.499,869.253
340.4,61.17,0.0,0.0,17.8,5,341.081,2.514,868.532
340.4,60.94,0.0,0.0,17.8,5,344.559,2.529,867.391
340.4,60.69,0.0,0.0,18.2,5,346.853,2.546,866.584
352.8,60.45,0.0,0.0,18.0,5,350.255,2.562,865.298
352.8,60.28,0.0,0.0,18.0,5,352.496,2.570,864.398
352.8,60.01,0.0,0.0,18.0,5,355.814,2.595,862.981
352.8,59.83,0.0,0.0,17.6,5,357.995,2.604,861.993
365.6,59.55,0.0,0.0,17.0,5,361.224,2.627,860.446
365.6,59.42,0.0,0.0,17.0,5,363.350,2.642,859.372
365.6,59.13,0.0,0.0,17.4,5,366.490,2.656,857.706
365.6,58.95,1.6,0.0,17.6,5,368.550,2.672,856.553
377.9,58.77,4.8,0.0,18.0,5,371.594,2.688,854.765
377.9,58.49,4.8,0.0,18.0,5,374.579,2.712,852.906
377.9,58.37,4.8,0.0,18.0,5,376.537,2.727,851.628
377.9,58.14,4.8,0.0,18.0,5,379.424,2.743,849.657
390.4,58.04,6.3,0.0,18.0,5,381.314,2.758,848.308
390.4,57.85,12.5,0.0,18.2,5,384.099,2.771,846.232
390.4,57.80,19.2,0.0,18.2,5,385.926,2.788,844.813
390.4,57.69,28.7,0.0,18.2,5,388.616,2.804,842.631
402.6,57.70,36.1,0.0,17.8,5,390.376,2.812,841.139
402.6,57.81,55.0,0.0,17.2,5,392.971,2.835,838.845
402.6,57.97,64.9,0.0,17.0,5,394.675,2.842,837.278
402.6,58.23,70.2,0.0,16.8,5,397.201,2.867,834.876
414.8,58.34,68.9,0.0,16.2,5,398.860,2.876,833.236
414.8,58.54,67.0,0.0,14.5,5,401.303,2.890,830.719
414.8,58.82,65.0,0.0,12.9,5,403.698,2.914,828.142
414.8,58.89,63.7,0.0,12.3,5,405.270,2.920,826.389
426.8,59.14,61.8,0.0,11.4,5,407.586,2.936,823.710
426.8,59.32,60.6,0.0,11.5,5,409.104,2.950,821.891
426.8,59.60,58.7,0.0,12.7,5,411.344,2.965,819.117
426.8,59.74,58.8,0.0,13.1,5,412.811,2.974,817.235
438.8,59.92,59.0,0.0,12.3,5,414.960,2.990,814.361
438.8,60.12,59.0,0.0,11.5,5,416.363,2.998,812.412
438.8,60.32,59.1,0.0,11.5,5,418.424,3.008,809.443
438.8,60.51,59.1,0.0,12.1,5,419.771,3.017,807.436
450.6,60.64,59.2,0.0,12.3,5,421.739,3.028,804.386
450.6,60.80,59.3,0.0,11.2,5,423.010,3.034,802.318
450.6,61.05,59.3,0.0,9.4,5,424.872,3.062,799.170
450.6,61.23,59.3,0.0,9.2,5,426.084,3.072,797.044
462.6,61.41,59.4,0.0,8.0,5,427.846,3.089,793.814
462.6,61.60,59.4,0.0,8.0,5,428.988,3.107,791.637
462.6,61.79,59.5,0.0,8.0,5,430.658,3.130,788.335
462.6,61.96,59.5,0.0,8.2,5,431.741,3.153,786.110
474.8,62.19,59.5,0.0,8.6,5,433.327,3.181,782.737
474.8,62.32,59.7,0.0,8.4,5,434.350,3.194,780.469
474.8,62.62,59.7,0.0,7.8,5,435.835,3.224,777.033
474.8,62.81,59.8,0.0,7.6,5,437.270,3.248,773.560
487.2,62.98,59.8,0.0,7.4,5,438.195,3.262,771.221
487.2,63.15,59.9,0.0,6.8,5,439.537,3.286,767.683
487.2,63.36,59.9,0.0,6.3,5,440.399,3.304,765.306
487.2,63.52,60.0,0.0,5.7,5,441.651,3.328,761.714
499.6,63.72,60.0,0.0,5.3,5,442.458,3.351,759.305
499.6,63.97,60.0,0.0,5.3,5,443.643,3.376,755.657
499.6,64.13,60.0,0.0,5.3,5,444.411,3.397,753.216
499.6,64.36,60.1,0.0,5.1,5,445.538,3.422,749.528
512.3,64.46,60.1,0.0,5.3,5,446.266,3.446,747.062
512.3,64.73,60.1,0.0,4.9,5,447.327,3.468,743.338
512.3,64.88,60.1,0.0,4.7,5,448.014,3.494,740.840
512.3,65.07,60.1,0.0,4.5,5,449.015,3.515,737.076
525.1,65.26,60.1,0.0,4.3,5,449.664,3.537,734.553
525.1,65.42,60.1,0.0,4.1,5,450.619,3.565,730.753
525.1,65.57,60.1,0.0,3.9,5,451.234,3.580,728.209
525.1,65.79,60.1,0.0,3.7,5,452.132,3.619,724.372
538.1,65.91,60.1,0.0,3.9,5,452.721,3.636,721.805
538.1,66.12,60.1,0.0,4.1,5,453.578,3.667,717.941
538.1,66.30,60.1,0.0,3.7,5,454.403,3.695,714.058
538.1,66.49,60.1,0.0,3.5,5,454.945,3.713,711.457
551.3,66.64,60.1,0.0,3.5,5,455.740,3.742,707.540
551.3,66.76,60.1,0.0,3.1,5,456.253,3.761,704.921
551.3,67.01,60.1,0.0,2.5,5,457.002,3.790,700.979
551.3,67.17,60.1,0.0,2.7,5,457.499,3.814,698.344
564.7,67.29,60.2,0.0,3.3,5,458.231,3.839,694.378
564.7,67.48,60.2,0.0,3.1,5,458.703,3.864,691.723
564.7,67.68,60.2,0.0,2.5,5,459.390,3.894,687.729
564.7,67.79,60.2,0.0,2.3,5,459.842,3.918,685.058
578.1,68.01,60.2,0.0,2.5,5,460.507,3.947,681.041
578.1,68.11,60.2,0.0,2.5,5,460.942,3.971,678.355
578.1,68.25,60.3,0.0,2.2,5,461.585,4.003,674.314
578.1,68.44,60.2,0.0,2.0,5,462.002,4.018,671.610
591.6,68.62,60.1,0.0,1.6,5,462.620,4.058,667.544
591.6,68.72,60.0,0.0,1.8,5,463.027,4.073,664.829
591.6,68.88,59.9,0.0,1.8,5,463.628,4.104,660.748
605.3,69.07,59.8,0.0,1.8,5,464.220,4.137,656.649
605.3,69.15,59.4,0.0,1.8,5,464.610,4.162,653.911
605.3,69.37,59.1,0.0,1.8,5,465.185,4.193,649.796
605.3,69.45,59.3,0.0,2.2,5,465.562,4.216,647.048
619.1,69.63,58.9,0.0,2.3,5,466.115,4.254,642.913
619.1,69.72,58.7,0.0,2.5,5,466.474,4.269,640.149
619.1,69.90,58.6,0.0,2.5,5,466.997,4.309,635.990
619.1,69.97,58.1,0.0,2.5,5,467.335,4.325,633.214
633.0,70.06,58.1,0.0,2.5,5,467.827,4.365,629.047
633.0,70.16,57.8,0.0,2.7,5,468.144,4.388,626.262
633.0,70.30,57.6,0.0,2.9,5,468.602,4.421,622.069
633.0,70.40,57.8,0.0,2.9,5,468.895,4.442,619.268
647.0,70.55,57.3,0.0,2.7,5,469.315,4.473,615.062
647.0,70.69,57.4,0.0,2.5,5,469.583,4.497,612.252
647.0,70.75,57.1,0.0,2.5,5,469.970,4.527,608.027
647.0,70.90,57.2,0.0,2.7,5,470.336,4.560,603.792
661.2,70.98,57.2,0.0,2.7,5,470.568,4.586,600.964
661.2,71.04,56.8,0.0,2.3,5,470.898,4.621,596.716
661.2,71.12,56.8,0.0,2.3,5,471.107,4.637,593.883
661.2,71.29,56.9,0.0,2.2,5,471.408,4.665,589.621
675.4,71.40,56.9,0.0,2.2,5,471.599,4.688,586.772
675.4,71.45,56.9,0.0,2.2,5,471.868,4.720,582.494
675.4,71.59,56.9,0.0,2.2,5,472.038,4.735,579.640
675.4,71.71,56.9,0.0,1.8,5,472.282,4.763,575.352
689.7,71.76,56.9,0.0,1.6,5,472.438,4.778,572.486
689.7,71.84,56.9,0.0,1.6,5,472.663,4.800,568.182
689.7,71.93,56.9,0.0,1.6,5,472.805,4.814,565.312
689.7,72.11,56.9,0.0,1.6,5,473.010,4.827,561.000
704.0,71.76,0.0,0.0,1.6,0,473.139,4.840,558.129
704.0,72.12,89.7,0.0,1.4,6,473.319,4.857,553.813
704.0,72.28,87.8,0.0,1.2,6,473.490,4.869,549.480
704.0,72.40,86.6,0.0,1.6,6,473.601,4.877,546.590
718.5,72.54,84.7,0.0,1.8,6,473.757,4.883,542.247
718.5,72.66,83.4,0.0,1.6,6,473.854,4.890,539.346
718.5,72.81,81.6,0.0,1.4,6,473.989,4.894,534.979
718.5,72.94,80.3,0.0,1.4,6,474.074,4.902,532.062
733.0,73.06,78.4,0.0,1.6,6,474.192,4.900,527.684
733.0,73.21,77.2,0.0,1.4,6,474.264,4.899,524.762
733.0,73.36,75.3,0.0,1.6,6,474.362,4.897,520.369
733.0,73.42,74.0,0.0,1.6,6,474.422,4.897,517.434
747.7,73.57,72.2,0.0,1.6,6,474.503,4.896,513.024
747.7,73.66,70.9,0.0,1.4,6,474.551,4.894,510.080
747.7,73.82,69.0,0.0,1.4,6,474.616,4.880,505.657
747.7,73.94,67.8,0.0,1.4,6,474.656,4.872,502.703
762.5,74.04,65.9,0.0,1.4,6,474.703,4.863,498.261
762.5,74.22,64.0,0.0,1.2,6,474.741,4.845,493.812
762.5,74.31,62.7,0.0,1.2,6,474.761,4.836,490.840
762.5,74.47,60.8,0.0,0.8,6,474.787,4.808,486.383
777.3,74.56,60.2,0.0,0.2,6,474.802,4.796,483.405
777.3,74.69,60.2,0.0,-1.2,6,474.829,4.772,478.926
777.3,74.78,60.2,0.0,-2.0,6,474.852,4.757,475.936
777.3,74.91,60.2,0.0,-2.5,6,474.908,4.744,471.448
792.3,75.01,60.2,0.0,-3.1,6,474.960,4.727,468.450
792.3,75.12,60.2,0.0,-4.3,6,475.061,4.710,463.951
792.3,75.23,60.2,0.0,-4.9,6,475.150,4.695,460.943
792.3,75.36,60.3,0.0,-5.3,6,475.327,4.683,456.427
807.3,75.45,60.3,0.0,-5.3,6,475.475,4.665,453.416
807.3,75.59,60.3,0.0,-5.9,6,475.736,4.644,448.895
807.3,75.60,60.3,0.0,-7.6,6,475.940,4.629,445.880
807.3,75.67,60.4,0.0,-8.2,6,476.314,4.610,441.358
822.3,75.86,60.3,0.0,-6.7,6,476.779,4.581,436.835
822.3,75.90,60.3,0.0,-6.7,6,477.123,4.566,433.819
822.3,75.93,60.4,0.0,-7.2,6,477.702,4.531,429.303
822.3,76.01,60.4,0.0,-6.5,6,478.150,4.520,426.301
837.5,76.22,60.4,0.0,-4.7,6,478.901,4.495,421.802
837.5,76.18,60.4,0.0,-4.7,6,479.436,4.488,418.798
837.5,76.31,60.4,0.0,-5.7,6,480.291,4.466,414.304
837.5,76.43,60.4,0.0,-5.7,6,480.906,4.458,411.314
852.6,76.50,60.4,0.0,-6.3,6,481.881,4.435,406.832
852.6,76.57,60.4,0.0,-6.7,6,482.569,4.425,403.846
852.6,76.70,60.4,0.0,-6.5,6,483.664,4.399,399.380
852.6,76.73,60.4,0.0,-6.1,6,484.433,4.379,396.411
867.7,76.83,60.4,0.0,-5.1,6,485.646,4.349,391.967
867.7,76.94,60.4,0.0,-4.7,6,486.492,4.319,389.011
867.7,77.03,60.4,0.0,-4.9,6,487.812,4.274,384.585
882.8,77.14,60.4,0.0,-4.7,6,489.196,4.227,380.173
882.8,77.24,60.3,0.0,-4.1,6,490.151,4.194,377.238
882.8,77.36,60.4,0.0,-4.5,6,491.620,4.144,372.842
882.8,77.37,60.4,0.0,-5.3,6,492.621,4.109,369.914
898.6,77.50,60.3,0.0,-5.9,6,494.165,4.052,365.528
898.6,77.57,60.2,0.0,-5.7,6,495.224,4.012,362.614
898.6,77.70,60.1,0.0,-4.7,6,496.866,3.952,358.257
898.6,77.74,60.0,0.0,-3.9,6,497.989,3.912,355.358
914.9,77.94,59.9,0.0,-2.7,6,499.711,3.863,351.018
914.9,77.64,60.0,0.0,-2.3,6,500.869,3.836,348.128
914.9,77.67,59.0,0.0,-2.3,6,502.607,3.781,343.808
914.9,78.14,60.1,0.0,-2.0,6,503.785,3.744,340.921
930.9,78.25,60.9,3.2,-2.2,6,505.568,3.678,336.577
930.9,78.23,62.1,6.3,-2.2,6,506.766,3.634,333.678
930.9,77.83,35.5,31.7,0.2,6,508.577,3.571,329.346
930.9,76.57,0.0,66.7,2.2,6,509.768,3.541,326.499
946.7,75.11,0.0,90.5,2.2,6,511.510,3.493,322.310
946.7,73.72,6.3,90.5,2.2,0,513.189,3.447,318.192
946.7,72.67,0.0,92.1,2.9,5,514.268,3.431,315.475
946.7,71.18,0.0,87.3,4.3,5,515.828,3.402,311.458
961.2,70.44,0.0,76.2,5.3,5,516.817,3.380,308.811
961.2,69.42,0.0,58.7,7.0,5,518.222,3.355,304.865
961.2,69.18,0.0,25.4,7.2,5,519.102,3.338,302.238
961.2,69.11,0.0,4.8,5.7,5,520.340,3.323,298.271
974.7,68.89,0.0,3.2,5.5,5,521.116,3.313,295.617
974.7,68.63,0.0,0.0,5.9,5,522.208,3.303,291.629
974.7,68.46,0.0,0.0,6.3,5,522.883,3.287,288.967
974.7,68.23,0.0,0.0,6.7,5,523.817,3.276,284.971
988.2,68.12,0.0,0.0,8.2,5,524.394,3.257,282.305
988.2,67.81,0.0,0.0,9.6,5,525.182,3.235,278.301
988.2,67.68,0.0,0.0,9.8,5,525.651,3.228,275.629
988.2,67.35,0.0,0.0,9.8,5,526.270,3.217,271.624
1002.6,67.11,0.0,0.0,9.2,5,526.781,3.198,267.621
1002.6,66.98,0.0,0.0,9.4,5,527.074,3.192,264.957
1002.6,66.74,0.0,0.0,10.6,5,527.444,3.175,260.969
1002.6,66.39,0.0,0.0,11.9,5,527.623,3.169,258.315
1017.3,66.26,0.0,0.0,11.5,5,527.751,3.170,255.667
1018.3,66.01,0.0,0.0,10.8,5,527.854,3.169,251.704
1018.3,65.69,0.0,0.0,11.4,5,527.872,3.167,247.751
1018.3,65.52,0.0,0.0,12.5,5,527.837,3.162,245.126
1031.3,65.15,1.6,0.0,13.3,5,527.691,3.162,241.210
1031.3,65.02,3.2,0.0,13.1,5,527.535,3.161,238.612
1031.3,64.75,10.5,0.0,14.9,5,527.233,3.166,234.731
1031.3,64.56,12.3,0.0,16.2,5,526.978,3.164,232.156
1044.6,64.40,15.7,0.0,16.4,5,526.496,3.183,228.315
1044.6,64.28,31.1,0.0,15.9,5,525.911,3.195,224.494
1044.6,64.40,42.1,0.0,14.9,5,525.470,3.210,221.960
1044.6,64.55,66.5,0.0,13.5,5,524.747,3.229,218.163
1057.4,64.64,71.9,0.0,13.1,5,524.219,3.247,215.632
1057.4,64.83,75.2,0.0,10.2,5,523.339,3.270,211.839
1057.4,65.04,73.9,0.0,8.4,5,522.699,3.287,209.316
1057.4,65.18,72.0,0.0,7.0,5,521.676,3.321,205.540
1070.3,65.40,70.8,0.0,6.3,5,520.951,3.345,203.028
1070.3,65.59,68.9,0.0,4.7,5,519.807,3.377,199.263
1070.3,65.76,67.6,0.0,3.3,5,519.017,3.401,196.753
1070.3,65.97,65.3,1.6,1.8,5,517.805,3.432,192.992
1083.5,65.91,58.2,4.8,1.6,5,516.989,3.458,190.488
1083.5,64.93,34.7,41.3,1.2,5,515.777,3.484,186.759
1083.5,63.51,91.0,81.0,-1.2,0,514.581,3.519,183.103
1083.5,62.45,0.0,88.9,-2.9,4,513.800,3.531,180.715
1096.4,61.17,0.0,88.9,-4.1,4,512.664,3.553,177.199
1096.4,60.28,0.0,87.3,-4.7,4,511.936,3.567,174.886
1096.4,58.94,0.0,87.3,-4.7,4,510.906,3.587,171.469
1096.4,58.18,0.0,73.0,-4.7,4,510.261,3.603,169.222
1108.4,57.42,0.0,52.4,-4.3,4,509.365,3.618,165.883
1108.4,57.45,0.0,19.0,-3.9,4,508.809,3.634,163.656
1108.4,57.28,0.0,9.5,-4.5,4,508.020,3.642,160.302
1108.4,57.07,0.0,6.3,-4.9,4,507.526,3.654,158.064
1120.0,56.75,3.2,6.3,-5.3,4,506.831,3.663,154.719
1120.0,56.58,4.8,7.9,-5.7,4,506.400,3.671,152.491
1120.0,56.28,0.0,15.9,-7.2,4,505.806,3.690,149.153
1131.5,55.60,0.0,25.4,-8.6,4,505.281,3.699,145.834
1131.5,55.04,0.0,31.7,-8.4,4,504.973,3.705,143.643
1131.5,54.41,0.0,39.7,-8.0,4,504.576,3.713,140.385
1131.5,54.19,0.0,22.2,-8.8,4,504.350,3.717,138.223
1142.8,54.01,0.0,6.3,-9.6,4,504.077,3.722,134.984
1142.8,53.89,0.0,4.8,-10.2,4,503.940,3.721,132.827
1142.8,53.56,0.0,4.8,-10.8,4,503.797,3.727,129.604
1142.8,53.48,0.0,1.6,-11.2,4,503.745,3.719,127.464
1154.0,53.38,0.0,0.0,-12.7,4,503.724,3.702,124.257
1154.0,53.20,0.0,0.0,-14.7,4,503.741,3.695,122.121
1154.0,52.98,0.0,0.0,-16.6,4,503.851,3.673,118.933
1154.0,52.79,0.0,0.0,-16.6,4,503.982,3.667,116.819
1165.2,52.62,0.0,0.0,-15.1,4,504.259,3.658,113.667
1165.2,52.52,0.0,0.0,-14.9,4,504.489,3.656,111.579
1165.2,52.25,0.0,0.0,-14.9,4,504.900,3.647,108.465
1165.2,51.94,0.0,0.0,-15.1,4,505.365,3.651,105.375
1176.2,51.80,1.6,0.0,-14.9,4,505.717,3.641,103.330
1176.2,51.77,6.3,0.0,-14.5,4,506.313,3.627,100.281
1176.2,51.75,14.0,0.0,-14.7,4,506.728,3.618,98.253
1176.2,51.52,23.6,0.0,-15.9,4,507.429,3.606,95.239
1187.2,51.45,26.8,0.0,-16.4,4,507.964,3.583,93.249
1187.2,51.48,33.8,0.0,-17.8,4,508.812,3.567,90.272
1187.2,51.52,36.6,0.0,-18.8,4,509.404,3.557,88.299
1187.2,51.67,45.0,0.0,-19.0,4,510.341,3.528,85.349
1198.0,51.73,50.5,0.0,-18.8,4,511.010,3.508,83.391
1198.0,51.84,57.5,0.0,-19.8,4,512.055,3.470,80.462
1198.0,51.94,61.7,0.0,-19.8,4,512.785,3.443,78.518
1198.0,52.12,63.2,0.0,-19.0,4,513.948,3.401,75.622
1208.8,52.21,63.2,0.0,-17.8,4,514.762,3.367,73.703
1208.8,52.31,62.0,0.0,-15.7,4,516.039,3.319,70.840
1208.8,52.44,62.0,0.0,-14.3,4,516.931,3.288,68.942
1208.8,52.63,60.7,0.0,-12.1,4,518.330,3.244,66.115
1219.5,52.74,60.8,0.0,-10.2,4,519.806,3.211,63.316
1219.5,52.87,58.6,0.0,-8.4,4,520.830,3.183,61.467
1219.5,53.00,46.5,0.0,-4.1,4,522.418,3.151,58.713
1219.5,52.91,25.7,7.9,-2.0,4,523.497,3.127,56.890
1230.0,52.09,0.0,49.2,-0.8,4,525.113,3.096,54.187
1230.0,51.07,0.0,73.0,-1.2,4,526.177,3.084,52.427
1230.0,49.80,6.3,81.0,-1.0,3,527.746,3.050,49.853
1230.0,48.94,0.0,85.7,-0.4,3,528.776,3.033,48.173
1240.0,47.83,0.0,77.8,1.8,3,530.291,3.002,45.706
1240.0,47.02,0.0,76.2,3.7,3,531.279,2.978,44.090
1240.0,46.28,0.0,55.6,6.3,3,532.722,2.948,41.695
1240.0,45.82,0.0,44.4,7.4,3,533.654,2.925,40.107
1249.2,45.51,0.0,15.9,8.6,3,535.007,2.896,37.721
1249.2,45.49,0.0,7.9,9.4,3,535.880,2.869,36.120
1249.2,45.26,4.8,7.9,11.0,3,537.143,2.837,33.700
1249.2,45.03,7.9,7.9,11.4,3,538.342,2.795,31.265
1258.3,44.96,14.0,7.9,11.4,3,539.105,2.772,29.634
1258.3,44.85,20.5,6.3,11.9,3,540.193,2.732,27.168
1258.3,44.69,18.9,6.3,11.7,3,540.878,2.709,25.512
1258.3,44.62,20.4,6.3,12.1,3,541.852,2.668,23.014
1267.6,44.52,17.3,4.8,12.7,3,542.464,2.647,21.341
1267.6,44.23,1.6,6.3,13.7,3,543.319,2.608,18.820
1267.6,44.11,0.0,4.8,14.1,3,543.845,2.579,17.136
1267.6,43.89,0.0,4.8,15.5,3,544.578,2.538,14.600
1277.2,43.67,0.0,6.3,17.2,3,545.030,2.511,12.908
1277.2,43.44,0.0,6.3,19.0,3,545.636,2.474,10.365
1277.2,43.27,0.0,4.8,19.2,3,545.993,2.446,8.669
1277.2,43.04,0.0,4.8,18.4,3,546.456,2.411,6.125
1286.8,42.88,0.0,3.2,18.0,3,546.717,2.381,4.429
1286.8,42.77,0.0,0.0,19.2,3,547.049,2.343,1.885
1286.8,42.48,0.0,0.0,20.2,3,547.317,2.301,-0.658
1286.8,42.41,0.0,0.0,20.5,3,547.450,2.270,-2.350
1296.1,42.19,3.2,0.0,20.9,3,547.581,2.232,-4.884
1296.1,42.10,3.2,0.0,20.9,3,547.625,2.199,-6.567
1296.1,41.95,4.8,0.0,21.1,3,547.631,2.158,-9.086
1296.1,41.87,4.8,0.0,21.5,3,547.600,2.123,-10.763
1305.5,41.70,7.9,0.0,21.9,3,547.497,2.075,-13.266
1305.5,41.63,11.7,0.0,21.5,3,547.393,2.037,-14.929
1305.5,41.65,20.0,0.0,20.9,3,547.167,1.993,-17.414
1305.5,41.66,27.9,0.0,20.7,3,546.968,1.965,-19.067
1314.9,41.72,36.1,0.0,20.9,3,546.602,1.921,-21.543
1314.9,41.83,41.6,0.0,21.5,3,546.314,1.892,-23.189
1314.9,41.97,47.1,0.0,22.9,3,545.821,1.856,-25.654
1314.9,42.07,47.1,0.0,24.1,3,545.455,1.834,-27.293
1323.8,42.18,47.2,0.0,25.8,3,544.843,1.799,-29.741
1323.8,42.30,48.5,0.0,26.6,3,544.162,1.771,-32.181
1323.8,42.41,48.5,0.0,26.8,3,543.670,1.744,-33.804
1333.2,42.54,50.0,0.0,26.0,3,542.878,1.711,-36.226
1333.2,42.67,51.4,0.0,24.9,3,542.316,1.693,-37.832
1333.2,42.82,55.6,0.0,23.3,3,541.414,1.657,-40.230
1333.2,43.00,58.5,0.0,22.1,3,540.771,1.636,-41.824
1342.4,43.17,60.0,0.0,20.0,3,539.740,1.609,-44.194
1342.4,43.31,61.5,0.0,18.8,3,539.010,1.595,-45.761
1342.4,43.59,62.9,0.0,17.4,3,537.861,1.568,-48.098
1342.4,43.74,62.9,0.0,17.0,3,537.061,1.551,-49.651
1351.6,44.02,64.5,0.0,16.4,3,535.809,1.531,-51.966
1351.6,44.17,67.4,0.0,15.9,3,534.931,1.510,-53.494
1351.6,44.46,71.7,0.0,14.1,3,533.552,1.488,-55.766
1351.6,44.71,76.1,0.0,13.1,3,532.595,1.480,-57.271
1360.7,45.09,86.3,0.0,12.5,3,531.114,1.457,-59.517
1360.7,45.55,90.5,0.0,12.3,3,529.563,1.431,-61.751
1360.7,45.76,91.2,0.0,12.3,3,528.493,1.414,-63.231
1360.7,46.10,91.3,0.0,12.3,3,526.838,1.388,-65.433
1369.8,46.39,91.3,0.0,12.3,3,525.699,1.372,-66.889
1369.8,46.77,91.3,0.0,11.9,3,523.936,1.345,-69.057
1369.8,46.93,91.3,0.0,11.2,3,522.722,1.323,-70.486
1369.8,47.19,65.9,0.0,9.8,3,520.851,1.283,-72.600
1379.0,47.29,65.5,0.0,8.8,3,519.568,1.262,-73.984
1379.0,47.47,65.7,0.0,6.8,3,517.594,1.231,-76.026
1379.0,47.61,66.0,0.0,5.1,3,516.243,1.205,-77.364
1379.0,47.76,66.2,0.0,2.5,3,514.174,1.161,-79.333
1388.3,47.91,66.3,0.0,1.2,3,512.765,1.138,-80.624
1388.3,48.11,91.4,0.0,-0.4,3,510.606,1.099,-82.524
1388.3,48.42,91.4,0.0,-0.6,3,509.125,1.069,-83.765
1388.3,48.83,91.4,0.0,0.8,3,506.852,1.032,-85.595
1397.8,49.27,91.4,0.0,3.1,3,504.521,1.000,-87.390
1397.8,49.54,91.4,0.0,4.3,3,502.938,0.974,-88.573
1397.8,49.93,91.4,0.0,5.1,3,500.536,0.932,-90.342
1397.8,50.18,91.4,0.0,5.1,3,498.919,0.908,-91.517
1407.6,50.51,91.4,0.0,5.5,3,496.464,0.860,-93.273
1407.6,50.81,91.5,0.0,5.5,3,494.807,0.828,-94.437
1407.6,51.19,91.5,0.0,5.3,3,492.290,0.782,-96.175
1407.6,51.41,91.6,0.0,4.7,3,490.593,0.752,-97.326
1417.7,51.72,91.6,0.0,3.5,3,488.024,0.715,-99.044
1417.7,51.96,91.5,0.0,2.7,3,486.296,0.685,-100.190
1417.7,52.28,91.6,0.0,1.8,3,483.687,0.648,-101.910
1417.7,52.44,91.6,0.0,1.4,3,481.939,0.626,-103.058
1428.2,52.76,91.7,0.0,0.4,3,479.304,0.595,-104.789
1428.2,52.99,90.3,0.0,-0.2,3,477.535,0.572,-105.949
1428.2,53.23,88.2,0.0,-1.4,3,474.870,0.541,-107.698
1428.2,53.39,90.6,0.0,-2.5,4,472.219,0.504,-109.455
1438.9,53.66,89.4,0.0,-3.5,4,470.442,0.481,-110.646
1438.9,53.71,88.7,0.0,-4.1,4,469.551,0.474,-111.248
1438.9,53.71,88.7,0.0,-4.1,4,469.551,0.474,-111.248
1438.9,54.47,85.0,0.0,-6.3,4,464.210,0.412,-114.938
1450.1,54.76,83.1,0.0,-6.5,4,461.546,0.383,-116.841
1450.1,55.08,81.2,0.0,-6.7,4,458.892,0.359,-118.794
1450.1,55.38,80.0,0.0,-6.8,4,457.128,0.340,-120.123
1450.1,55.52,78.1,0.0,-7.6,4,454.491,0.312,-122.151
1461.5,55.92,76.9,0.0,-8.4,4,452.743,0.296,-123.530
1461.5,56.08,75.0,0.0,-8.6,4,450.138,0.266,-125.648
1461.5,56.35,73.8,0.0,-8.4,4,448.419,0.247,-127.097
1461.5,56.61,71.9,0.0,-7.2,4,445.861,0.224,-129.320
1473.2,56.82,70.7,0.0,-6.8,4,444.167,0.216,-130.832
1473.2,57.11,68.8,0.0,-7.2,4,441.646,0.201,-133.138
1473.2,57.29,66.9,0.0,-7.4,4,439.151,0.184,-135.496
1473.2,57.63,65.6,0.0,-7.4,4,437.505,0.170,-137.099
1485.2,57.88,63.8,0.0,-6.8,4,435.059,0.164,-139.558
1485.2,58.06,62.5,0.0,-6.3,4,433.440,0.156,-141.220
1485.2,58.41,60.7,0.0,-6.1,4,431.032,0.148,-143.748
1485.2,58.58,60.0,0.0,-6.5,4,429.438,0.149,-145.460
1497.2,58.87,60.1,0.0,-7.0,4,427.068,0.133,-148.066
1497.2,59.03,60.1,0.0,-6.8,4,425.502,0.126,-149.829
1497.2,59.29,60.1,0.0,-6.1,4,423.176,0.122,-152.511
1497.2,59.49,59.9,0.0,-5.5,4,421.642,0.124,-154.322
1509.2,59.74,59.7,0.0,-5.5,4,419.363,0.127,-157.075
1509.2,59.92,59.6,0.0,-5.7,4,417.857,0.127,-158.932
1509.2,60.19,59.5,0.0,-6.3,4,415.608,0.132,-161.752
1509.2,60.36,59.1,0.0,-6.3,4,414.121,0.129,-163.651
1521.3,60.56,58.6,0.0,-6.3,4,411.917,0.122,-166.530
1521.3,60.73,58.2,0.0,-5.9,4,410.467,0.120,-168.471
1521.3,61.01,57.9,0.0,-5.3,4,408.317,0.107,-171.421
1521.3,61.11,58.0,0.0,-5.1,4,406.895,0.099,-173.406
1533.3,61.33,57.2,0.0,-5.1,4,404.785,0.083,-176.412
1533.3,61.54,57.0,0.0,-4.9,4,402.708,0.070,-179.456
1533.3,61.70,57.1,0.0,-4.9,4,401.336,0.053,-181.500
1545.6,61.86,56.7,0.0,-4.9,4,399.296,0.036,-184.592
1545.6,62.02,56.7,0.0,-4.9,4,397.952,0.022,-186.673
1545.6,62.19,56.7,0.0,-4.3,4,395.959,-0.002,-189.822
1545.6,62.36,56.7,0.0,-4.1,4,394.646,-0.012,-191.938
1558.0,62.55,56.7,0.0,-4.1,4,392.689,-0.030,-195.130
1558.0,62.63,56.7,0.0,-4.3,4,391.396,-0.045,-197.275
1558.0,62.35,0.0,0.0,-4.1,0,389.483,-0.054,-200.504
1558.0,62.87,90.2,0.0,-3.7,5,388.223,-0.058,-202.671
1570.5,63.12,88.3,0.0,-3.3,5,386.353,-0.072,-205.957
1570.5,63.28,87.0,0.0,-3.3,5,385.113,-0.078,-208.161
1570.5,63.51,85.1,0.0,-3.3,5,383.266,-0.083,-211.486
1570.5,63.73,83.9,0.0,-3.1,5,382.039,-0.091,-213.719
1583.2,63.97,82.0,0.0,-2.9,5,380.208,-0.090,-217.084
1583.2,63.97,82.0,0.0,-2.9,5,380.208,-0.090,-217.084
1583.2,63.97,82.0,0.0,-2.9,5,380.208,-0.090,-217.084
1583.2,63.97,82.0,0.0,-2.9,5,380.208,-0.090,-217.084
1583.2,63.97,82.0,0.0,-2.9,5,380.208,-0.090,-217.084
1583.2,63.97,82.0,0.0,-2.9,5,380.208,-0.090,-217.084
1583.2,63.97,82.0,0.0,-2.9,5,380.208,-0.090,-217.084
1583.2,63.97,82.0,0.0,-2.9,5,380.208,-0.090,-217.084
1583.2,63.97,82.0,0.0,-2.9,5,380.208,-0.090,-217.084
1583.2,63.97,82.0,0.0,-2.9,5,380.208,-0.090,-217.084
1583.2,63.97,82.0,0.0,-2.9,5,380.208,-0.090,-217.084
1609.1,65.95,77.7,0.0,-1.2,5,364.731,-0.135,-247.092
1622.2,66.23,75.2,0.0,-1.0,5,362.390,-0.152,-251.832
1622.2,66.43,73.3,0.0,-1.0,5,360.634,-0.170,-255.405
1622.2,66.58,72.0,0.0,-1.0,5,359.465,-0.186,-257.796
1622.2,66.81,70.2,0.0,-0.8,5,357.711,-0.201,-261.391
1635.5,66.93,68.9,0.0,-0.6,5,356.540,-0.210,-263.794
1635.5,67.14,67.1,0.0,-0.6,5,354.784,-0.226,-267.411
1635.5,67.24,65.8,0.0,-0.4,5,353.613,-0.242,-269.831
1635.5,67.48,64.0,0.0,-0.6,5,351.850,-0.258,-273.468
1649.0,67.63,62.7,0.0,-0.6,5,350.675,-0.272,-275.901
1649.0,67.79,60.9,0.0,-0.6,5,348.912,-0.289,-279.559
1649.0,67.93,60.2,0.0,-0.6,5,347.737,-0.296,-282.006
1649.0,68.15,60.3,0.0,-0.6,5,345.972,-0.313,-285.688
1662.6,68.38,60.3,0.0,-0.4,5,344.205,-0.343,-289.383
1662.6,68.49,60.3,0.0,-0.4,5,343.027,-0.356,-291.852
1662.6,68.62,59.8,0.0,-0.4,5,341.260,-0.379,-295.565
1662.6,68.80,59.9,0.0,-0.4,5,340.082,-0.395,-298.045
1676.3,68.93,59.9,0.0,-0.2,5,338.311,-0.422,-301.779
1676.3,69.11,59.6,0.0,-0.2,5,337.126,-0.439,-304.274
1676.3,69.18,59.4,0.0,-0.2,5,335.349,-0.466,-308.026
1676.3,69.38,58.8,0.0,-0.4,5,334.166,-0.482,-310.529
1690.1,69.56,59.1,0.0,-0.6,5,332.387,-0.507,-314.296
1690.1,69.68,58.4,0.0,-0.6,5,331.201,-0.522,-316.815
1690.1,69.78,58.5,0.0,-0.6,5,329.425,-0.546,-320.604
1690.1,69.94,58.1,0.0,-0.4,5,328.241,-0.560,-323.133
1704.1,70.06,58.2,0.0,0.0,5,326.462,-0.585,-326.936
1704.1,70.18,58.2,0.0,0.0,5,325.273,-0.598,-329.475
1704.1,70.28,57.6,0.0,0.4,5,323.486,-0.625,-333.291
1704.1,70.28,57.6,0.0,0.4,5,323.486,-0.625,-333.291
1704.1,70.28,57.6,0.0,0.4,5,323.486,-0.625,-333.291
1704.1,70.28,57.6,0.0,0.4,5,323.486,-0.625,-333.291
1715.8,70.78,57.3,0.0,0.4,5,317.786,-0.706,-345.411
1715.8,70.78,57.4,0.0,0.4,5,317.126,-0.715,-346.810
1715.8,70.78,57.4,0.0,0.4,5,317.126,-0.715,-346.810
1715.8,70.78,57.4,0.0,0.4,5,317.126,-0.715,-346.810
1715.8,70.78,57.4,0.0,0.4,5,317.126,-0.715,-346.810
1715.8,70.78,57.4,0.0,0.4,5,317.126,-0.715,-346.810
1715.8,70.78,57.4,0.0,0.4,5,317.126,-0.715,-346.810
1715.8,70.78,57.4,0.0,0.4,5,317.126,-0.715,-346.810
1715.8,70.78,57.4,0.0,0.4,5,317.126,-0.715,-346.810
1715.8,70.78,57.4,0.0,0.4,5,317.126,-0.715,-346.810
1715.8,70.78,57.4,0.0,0.4,5,317.126,-0.715,-346.810
1715.8,70.78,57.4,0.0,0.4,5,317.126,-0.715,-346.810
1760.8,72.03,56.9,0.0,0.6,5,299.098,-1.006,-384.757
1760.8,72.18,56.9,0.0,0.6,5,297.231,-1.036,-388.657
1775.2,72.21,56.9,0.0,0.6,5,295.984,-1.059,-391.259
1775.2,72.32,56.9,0.0,0.6,5,294.108,-1.089,-395.165
1775.2,72.45,56.9,0.0,0.4,5,292.853,-1.114,-397.776
1775.2,72.22,0.0,0.0,0.6,0,290.968,-1.147,-401.691
1789.6,72.58,90.3,0.0,0.6,6,289.080,-1.179,-405.597
1789.6,72.67,89.1,0.0,0.6,6,287.814,-1.201,-408.211
1789.6,72.79,87.2,0.0,0.6,6,285.911,-1.235,-412.139
1789.6,72.90,86.0,0.0,0.6,6,284.638,-1.250,-414.762
1804.2,73.11,84.1,0.0,0.6,6,282.722,-1.275,-418.700
1804.2,73.17,82.8,0.0,0.6,6,281.443,-1.298,-421.329
1804.2,73.36,81.0,0.0,0.6,6,279.518,-1.322,-425.276
1804.2,73.45,79.7,0.0,0.4,6,278.231,-1.346,-427.915
1818.8,73.57,77.8,0.0,0.4,6,276.294,-1.370,-431.882
1818.8,73.71,76.6,0.0,0.4,6,274.999,-1.393,-434.529
1818.8,73.88,74.7,0.0,0.4,6,273.053,-1.427,-438.503
1818.8,73.93,73.4,0.0,0.4,6,271.752,-1.449,-441.154
1833.6,74.09,71.5,0.0,0.4,6,269.797,-1.481,-445.141
1833.6,74.19,70.3,0.0,0.4,6,268.491,-1.496,-447.805
1833.6,74.32,68.4,0.0,0.4,6,266.528,-1.525,-451.806
1833.6,74.41,67.1,0.0,0.4,6,265.218,-1.547,-454.475
1848.4,74.59,65.3,0.0,0.6,6,263.244,-1.570,-458.482
1848.4,74.71,63.4,0.0,0.6,6,261.265,-1.600,-462.500
1848.4,74.77,62.1,0.0,0.6,6,259.942,-1.613,-465.184
1863.3,74.97,60.2,0.0,0.8,6,257.947,-1.639,-469.209
1863.3,75.08,60.2,0.0,1.0,6,255.943,-1.666,-473.241
1863.3,75.20,60.2,0.0,0.8,6,253.932,-1.689,-477.274
1863.3,75.31,60.2,0.0,0.4,6,252.585,-1.710,-479.967
1878.4,75.44,60.3,0.0,0.4,6,250.567,-1.734,-484.014
1878.4,75.51,60.3,0.0,0.6,6,249.218,-1.748,-486.712
1878.4,75.65,60.3,0.0,0.8,6,247.186,-1.778,-490.763
1878.4,75.78,60.3,0.0,0.8,6,245.826,-1.788,-493.466
1893.5,75.87,60.3,0.0,0.4,6,243.780,-1.808,-497.532
1893.5,76.03,60.3,0.0,0.6,6,241.729,-1.837,-501.599
1893.5,76.10,60.3,0.0,0.8,6,240.358,-1.847,-504.316
1893.5,76.20,60.3,0.0,0.6,6,238.292,-1.870,-508.391
1908.7,76.27,60.3,0.0,0.6,6,236.910,-1.885,-511.109
1908.7,76.48,60.4,0.0,0.6,6,234.832,-1.903,-515.197
1908.7,76.56,60.3,0.0,0.6,6,232.752,-1.927,-519.288
1908.7,76.60,60.4,0.0,0.6,6,231.362,-1.941,-522.015
1923.9,76.73,60.4,0.0,0.6,6,229.270,-1.964,-526.108
1923.9,76.84,60.4,0.0,0.8,6,227.869,-1.980,-528.840
1923.9,76.93,60.4,0.0,0.8,6,225.761,-2.003,-532.946
1923.9,77.03,60.4,0.0,0.6,6,224.352,-2.019,-535.684
1939.3,77.12,60.4,0.0,0.6,6,222.233,-2.036,-539.792
1939.3,77.21,60.4,0.0,0.6,6,220.819,-2.053,-542.532
1939.3,77.35,60.4,0.0,0.8,6,218.689,-2.090,-546.652
1939.3,77.42,60.4,0.0,0.6,6,217.262,-2.109,-549.402
1954.7,77.51,60.3,0.0,0.6,6,215.118,-2.154,-553.529
1954.7,77.51,60.3,0.0,0.6,6,215.118,-2.154,-553.529
1954.7,77.51,60.3,0.0,0.6,6,215.118,-2.154,-553.529
1954.7,77.51,60.3,0.0,0.6,6,215.118,-2.154,-553.529
1954.7,77.51,60.3,0.0,0.6,6,215.118,-2.154,-553.529
1954.7,77.51,60.3,0.0,0.6,6,215.118,-2.154,-553.529
1954.7,77.51,60.3,0.0,0.6,6,215.118,-2.154,-553.529
1954.7,77.51,60.3,0.0,0.6,6,215.118,-2.154,-553.529
1954.7,77.51,60.3,0.0,0.6,6,215.118,-2.154,-553.529
1954.7,77.51,60.3,0.0,0.6,6,215.118,-2.154,-553.529
1954.7,77.51,60.3,0.0,0.6,6,215.118,-2.154,-553.529
1954.7,77.51,60.3,0.0,0.6,6,215.118,-2.154,-553.529
1954.7,77.51,60.3,0.0,0.6,6,215.118,-2.154,-553.529
1954.7,77.51,60.3,0.0,0.6,6,215.118,-2.154,-553.529
1954.7,77.51,60.3,0.0,0.6,6,215.118,-2.154,-553.529
1954.7,77.51,60.3,0.0,0.6,6,215.118,-2.154,-553.529
1954.7,77.51,60.3,0.0,0.6,6,215.118,-2.154,-553.529
1954.7,77.51,60.3,0.0,0.6,6,215.118,-2.154,-553.529
1954.7,77.51,60.3,0.0,0.6,6,215.118,-2.154,-553.529
1954.7,77.51,60.3,0.0,0.6,6,215.118,-2.154,-553.529
1954.7,77.51,60.3,0.0,0.6,6,215.118,-2.154,-553.529
1954.7,77.51,60.3,0.0,0.6,6,215.118,-2.154,-553.529
1954.7,77.51,60.3,0.0,0.6,6,215.118,-2.154,-553.529
1954.7,77.51,60.3,0.0,0.6,6,215.118,-2.154,-553.529
1954.7,77.51,60.3,0.0,0.6,6,215.118,-2.154,-553.529
1954.7,77.51,60.3,0.0,0.6,6,215.118,-2.154,-553.529
1954.7,77.51,60.3,0.0,0.6,6,215.118,-2.154,-553.529
1954.7,77.51,60.3,0.0,0.6,6,215.118,-2.154,-553.529
1954.7,77.51,60.3,0.0,0.6,6,215.118,-2.154,-553.529
1954.7,77.51,60.3,0.0,0.6,6,215.118,-2.154,-553.529
1954.7,77.51,60.3,0.0,0.6,6,215.118,-2.154,-553.529
1954.7,77.51,60.3,0.0,0.6,6,215.118,-2.154,-553.529
1954.7,77.51,60.3,0.0,0.6,6,215.118,-2.154,-553.529
1954.7,77.51,60.3,0.0,0.6,6,215.118,-2.154,-553.529
1954.7,77.51,60.3,0.0,0.6,6,215.118,-2.154,-553.529
1954.7,77.51,60.3,0.0,0.6,6,215.118,-2.154,-553.529
1954.7,77.51,60.3,0.0,0.6,6,215.118,-2.154,-553.529
1954.7,77.51,60.3,0.0,0.6,6,215.118,-2.154,-553.529
1954.7,77.51,60.3,0.0,0.6,6,215.118,-2.154,-553.529
1954.7,77.51,60.3,0.0,0.6,6,215.118,-2.154,-553.529
1954.7,77.51,60.3,0.0,0.6,6,215.118,-2.154,-553.529
1954.7,77.51,60.3,0.0,0.6,6,215.118,-2.154,-553.529
1954.7,77.51,60.3,0.0,0.6,6,215.118,-2.154,-553.529
1954.7,77.51,60.3,0.0,0.6,6,215.118,-2.154,-553.529
1954.7,77.51,60.3,0.0,0.6,6,215.118,-2.154,-553.529
1954.7,77.51,60.3,0.0,0.6,6,215.118,-2.154,-553.529
1954.7,77.51,60.3,0.0,0.6,6,215.118,-2.154,-553.529
1954.7,77.51,60.3,0.0,0.6,6,215.118,-2.154,-553.529
1954.7,77.51,60.3,0.0,0.6,6,215.118,-2.154,-553.529
1954.7,77.51,60.3,0.0,0.6,6,215.118,-2.154,-553.529
1954.7,77.51,60.3,0.0,0.6,6,215.118,-2.154,-553.529
1954.7,77.51,60.3,0.0,0.6,6,215.118,-2.154,-553.529
1954.7,77.51,60.3,0.0,0.6,6,215.118,-2.154,-553.529
1954.7,77.51,60.3,0.0,0.6,6,215.118,-2.154,-553.529
1954.7,77.51,60.3,0.0,0.6,6,215.118,-2.154,-553.529
1954.7,77.51,60.3,0.0,0.6,6,215.118,-2.154,-553.529
1954.7,77.51,60.3,0.0,0.6,6,215.118,-2.154,-553.529
1954.7,77.51,60.3,0.0,0.6,6,215.118,-2.154,-553.529
1954.7,77.51,60.3,0.0,0.6,6,215.118,-2.154,-553.529
1954.7,77.51,60.3,0.0,0.6,6,215.118,-2.154,-553.529
1954.7,77.51,60.3,0.0,0.6,6,215.118,-2.154,-553.529
1954.7,77.51,60.3,0.0,0.6,6,215.118,-2.154,-553.529
1954.7,77.51,60.3,0.0,0.6,6,215.118,-2.154,-553.529
1954.7,77.51,60.3,0.0,0.6,6,215.118,-2.154,-553.529
1954.7,77.51,60.3,0.0,0.6,6,215.118,-2.154,-553.529
1954.7,77.51,60.3,0.0,0.6,6,215.118,-2.154,-553.529
1954.7,77.51,60.3,0.0,0.6,6,215.118,-2.154,-553.529
1954.7,77.51,60.3,0.0,0.6,6,215.118,-2.154,-553.529
1954.7,77.51,60.3,0.0,0.6,6,215.118,-2.154,-553.529
1954.7,77.51,60.3,0.0,0.6,6,215.118,-2.154,-553.529
1954.7,77.51,60.3,0.0,0.6,6,215.118,-2.154,-553.529
1954.7,77.51,60.3,0.0,0.6,6,215.118,-2.154,-553.529
1954.7,77.51,60.3,0.0,0.6,6,215.118,-2.154,-553.529
1954.7,77.51,60.3,0.0,0.6,6,215.118,-2.154,-553.529
1954.7,77.51,60.3,0.0,0.6,6,215.118,-2.154,-553.529
1954.7,77.51,60.3,0.0,0.6,6,215.118,-2.154,-553.529
1954.7,77.51,60.3,0.0,0.6,6,215.118,-2.154,-553.529
1954.7,77.51,60.3,0.0,0.6,6,215.118,-2.154,-553.529
1954.7,77.51,60.3,0.0,0.6,6,215.118,-2.154,-553.529
1954.7,77.51,60.3,0.0,0.6,6,215.118,-2.154,-553.529
1954.7,77.51,60.3,0.0,0.6,6,215.118,-2.154,-553.529
1954.7,53.40,0.0,44.4,7.4,3,61.897,-1.020,-807.340
1954.7,51.87,0.0,17.5,9.8,3,55.737,-0.881,-813.078
2263.6,51.51,0.0,11.1,11.0,3,53.376,-0.826,-815.091
2263.6,51.22,0.0,7.9,11.7,3,50.981,-0.771,-817.036
2263.6,51.06,0.0,7.9,12.3,3,49.366,-0.735,-818.292
2273.8,50.78,0.0,4.8,12.7,3,46.917,-0.689,-820.115
2273.8,50.54,1.6,3.2,12.7,3,45.262,-0.656,-821.288
2273.8,50.40,4.8,1.6,13.1,3,42.748,-0.602,-822.978
2273.8,50.24,4.8,3.2,13.5,3,41.054,-0.573,-824.063
2284.0,49.92,0.0,4.8,13.5,3,38.486,-0.523,-825.631
2284.0,49.65,0.0,9.5,12.9,3,36.760,-0.487,-826.628
2284.0,49.35,0.0,9.5,11.9,3,34.154,-0.436,-828.049
2284.0,49.08,0.0,9.5,11.0,3,32.406,-0.402,-828.952
2294.4,48.84,1.6,4.8,11.4,3,29.763,-0.358,-830.237
2294.4,48.72,6.3,0.0,11.4,3,27.989,-0.319,-831.049
2294.4,48.69,27.0,0.0,11.0,3,25.307,-0.271,-832.199
2294.4,48.66,28.7,0.0,10.8,3,23.502,-0.238,-832.921
2304.6,48.71,30.3,0.0,10.8,3,20.768,-0.183,-833.945
2304.6,48.73,36.2,0.0,11.4,3,18.927,-0.151,-834.590
2304.6,48.77,34.6,0.0,12.7,3,16.145,-0.100,-835.499
2304.6,48.81,36.0,0.0,15.1,3,13.344,-0.054,-836.348
2314.9,48.73,33.1,0.0,16.4,3,11.468,-0.022,-836.878
2314.9,48.58,12.9,0.0,17.0,3,8.638,0.027,-837.607
2314.9,48.43,3.2,0.0,16.6,3,6.749,0.061,-838.046
2314.9,48.21,0.0,0.0,14.5,3,3.913,0.115,-838.629
2325.1,48.08,0.0,0.0,13.3,3,2.022,0.152,-838.973
2325.1,47.82,0.0,0.0,12.1,3,-0.814,0.198,-839.424
2325.1,47.66,0.0,0.0,12.1,3,-2.705,0.228,-839.680
2325.1,47.44,0.0,0.0,12.5,3,-5.540,0.272,-839.993
2335.2,47.27,0.0,0.0,13.5,3,-7.426,0.310,-840.156
2335.2,47.06,0.0,0.0,15.5,3,-10.248,0.347,-840.335
2335.2,46.93,0.0,0.0,16.2,3,-12.124,0.378,-840.409
2335.2,46.69,0.0,0.0,16.0,3,-14.932,0.414,-840.450
2345.2,46.49,0.0,0.0,15.5,3,-17.729,0.458,-840.419
2345.2,46.36,0.0,0.0,15.9,3,-19.586,0.480,-840.362
2345.2,46.19,0.0,0.0,16.8,3,-22.359,0.507,-840.203
2345.2,46.02,0.0,0.0,17.6,3,-24.197,0.528,-840.057
2355.1,45.83,4.8,0.0,19.0,3,-26.940,0.548,-839.787
2355.1,45.73,6.3,0.0,20.0,3,-28.758,0.569,-839.560
2355.1,45.71,12.2,0.0,21.7,3,-31.473,0.581,-839.153
2355.1,45.62,15.9,0.0,22.7,3,-33.275,0.596,-838.849
2364.9,45.55,17.5,0.0,23.9,3,-35.957,0.610,-838.328
2364.9,45.49,20.6,0.0,24.1,3,-37.735,0.618,-837.935
2364.9,45.48,30.1,0.0,23.9,3,-40.384,0.634,-837.280
2364.9,45.51,32.9,0.0,23.7,3,-42.137,0.649,-836.800
2374.6,45.55,37.1,0.0,23.7,3,-44.751,0.662,-836.022
2374.6,45.57,39.9,0.0,23.7,3,-46.483,0.669,-835.464
2374.6,45.69,45.6,0.0,23.7,3,-49.070,0.680,-834.569
2374.6,45.85,52.7,0.0,23.7,3,-51.640,0.690,-833.605
2384.0,45.93,57.1,0.0,23.7,3,-53.342,0.697,-832.924
2384.0,46.11,58.6,0.0,23.5,3,-55.878,0.704,-831.840
2384.0,46.25,58.7,0.0,23.5,3,-57.561,0.710,-831.081
2384.0,46.41,60.3,0.0,23.1,3,-60.071,0.714,-829.887
2393.7,46.60,60.3,0.0,22.7,3,-61.736,0.712,-829.056
2393.7,46.77,64.9,0.0,20.9,3,-64.216,0.718,-827.755
2393.7,46.91,67.9,0.0,20.2,3,-65.855,0.709,-826.851
2393.7,47.19,69.8,0.0,19.4,3,-68.294,0.706,-825.436
2403.5,47.36,70.0,0.0,19.0,3,-69.911,0.705,-824.454
2403.5,47.58,70.5,0.0,18.6,3,-72.316,0.695,-822.927
2403.5,47.72,72.3,0.0,18.6,3,-73.903,0.686,-821.874
2403.5,47.97,71.2,0.0,18.8,3,-76.257,0.679,-820.235
2413.2,48.13,71.5,0.0,19.2,3,-77.807,0.670,-819.103
2413.2,48.38,70.5,0.0,19.6,3,-80.108,0.659,-817.348
2413.2,48.51,69.1,0.0,20.0,3,-81.627,0.651,-816.144
2413.2,48.66,63.3,0.0,20.4,3,-83.872,0.632,-814.291
2422.9,48.69,60.3,0.0,20.5,3,-85.343,0.623,-813.019
2422.9,48.87,58.8,0.0,20.5,3,-87.515,0.606,-811.063
2422.9,49.08,63.6,0.0,19.6,3,-89.650,0.580,-809.043
2422.9,49.26,72.9,0.0,19.0,3,-91.051,0.561,-807.664
2432.6,49.58,84.2,0.0,18.4,3,-93.125,0.537,-805.545
2432.6,49.78,89.7,0.0,18.0,3,-94.486,0.521,-804.099
2432.6,50.07,91.6,0.0,17.4,3,-96.490,0.495,-801.873
2432.6,50.34,91.6,0.0,17.0,3,-97.805,0.468,-800.354
2442.4,50.62,91.3,0.0,16.4,3,-99.746,0.445,-798.028
2442.4,50.76,91.4,0.0,15.9,3,-101.013,0.421,-796.446
2442.4,51.04,91.6,0.0,14.5,3,-102.863,0.379,-794.020
2442.4,51.18,91.6,0.0,13.7,3,-104.067,0.361,-792.374
2452.3,51.46,91.7,0.0,11.9,3,-105.837,0.318,-789.855
2452.3,51.62,91.7,0.0,10.4,3,-106.988,0.284,-788.145
2452.3,51.91,91.7,0.0,8.0,3,-108.672,0.241,-785.538
2452.3,52.12,91.7,0.0,6.5,3,-109.768,0.207,-783.772
2462.4,52.40,91.7,0.0,5.3,3,-111.372,0.148,-781.084
2462.4,52.62,91.7,0.0,5.1,3,-112.421,0.114,-779.266
2462.4,52.91,90.3,0.0,5.9,3,-113.974,0.046,-776.511
2462.4,53.10,88.9,0.0,6.1,3,-114.997,0.008,-774.656
2472.8,53.44,86.8,0.0,5.5,3,-116.518,-0.066,-771.849
2472.8,53.77,84.7,0.0,4.9,3,-118.020,-0.134,-769.014
2472.8,53.42,0.0,0.0,4.5,0,-119.012,-0.193,-767.113
2483.5,54.03,90.0,0.0,3.5,4,-120.479,-0.273,-764.245
2483.5,54.28,88.8,0.0,2.9,4,-121.451,-0.330,-762.305
2483.5,54.63,86.9,0.0,2.0,4,-122.901,-0.421,-759.376
2483.5,54.97,85.6,0.0,1.6,4,-123.868,-0.480,-757.414
2494.7,55.31,83.7,0.0,1.2,4,-125.327,-0.576,-754.453
2494.7,55.40,82.5,0.0,0.6,4,-126.303,-0.643,-752.466
2494.7,55.86,80.7,0.0,-0.4,4,-127.769,-0.744,-749.468
2494.7,55.87,79.4,0.0,-0.8,4,-128.752,-0.818,-747.461
2506.0,56.39,77.6,0.0,-1.4,4,-130.239,-0.920,-744.438
2506.0,56.60,76.3,0.0,-1.4,4,-131.239,-0.992,-742.413
2506.0,56.89,74.4,0.0,-1.4,4,-132.750,-1.096,-739.362
2506.0,57.12,73.2,0.0,-1.6,4,-133.768,-1.170,-737.321
2517.6,57.46,71.3,0.0,-2.0,4,-135.310,-1.292,-734.249
2517.6,57.70,70.0,0.0,-2.2,4,-136.348,-1.373,-732.195
2517.6,58.04,68.1,0.0,-2.3,4,-137.923,-1.498,-729.104
2517.6,58.24,66.9,0.0,-2.3,4,-138.984,-1.588,-727.035
2529.3,58.51,65.0,0.0,-2.5,4,-140.594,-1.726,-723.929
2529.3,58.75,63.8,0.0,-2.5,4,-141.679,-1.817,-721.853
2529.3,59.03,62.0,0.0,-2.7,4,-143.326,-1.968,-718.731
2529.3,59.35,60.1,0.0,-2.9,4,-144.999,-2.119,-715.603
2541.1,59.56,60.1,0.0,-2.9,4,-146.129,-2.213,-713.512
2541.1,59.84,59.9,0.0,-2.9,4,-147.842,-2.370,-710.369
2541.1,60.05,59.7,0.0,-3.3,4,-148.999,-2.463,-708.270
2541.1,60.33,59.2,0.0,-3.5,4,-150.756,-2.620,-705.120
2553.1,60.53,58.9,0.0,-3.7,4,-151.944,-2.712,-703.021
2553.1,60.76,58.4,0.0,-3.7,4,-153.753,-2.858,-699.868
2553.1,60.90,57.9,0.0,-3.7,4,-154.976,-2.960,-697.766
2553.1,61.17,57.8,0.0,-3.9,4,-156.833,-3.097,-694.615
2565.3,61.35,57.4,0.0,-4.1,4,-158.088,-3.193,-692.514
2565.3,61.56,56.7,0.0,-4.1,4,-160.001,-3.318,-689.369
2565.3,61.68,56.7,0.0,-3.9,4,-161.297,-3.396,-687.275
2565.3,61.90,56.7,0.0,-3.9,4,-163.267,-3.511,-684.133
2577.6,62.06,56.7,0.0,-4.1,4,-164.597,-3.574,-682.042
2577.6,62.28,56.7,0.0,-4.1,4,-166.619,-3.663,-678.912
2577.6,62.40,56.7,0.0,-4.1,4,-167.986,-3.720,-676.831
2577.6,62.63,56.7,0.0,-4.1,4,-170.067,-3.795,-673.709
2590.0,62.70,56.7,0.0,-4.1,4,-171.471,-3.835,-671.632
3111.2,41.21,0.0,61.9,-1.0,2,-273.879,-4.533,-552.272
3111.2,40.30,0.0,61.9,-1.4,2,-275.470,-4.563,-550.406
3111.2,39.69,0.0,60.3,-1.6,2,-276.511,-4.586,-549.190
3111.2,38.79,0.0,60.3,-2.2,2,-278.050,-4.617,-547.406
3122.8,38.17,0.0,60.3,-2.7,2,-279.061,-4.632,-546.243
3122.8,37.31,0.0,58.7,-3.5,2,-280.556,-4.663,-544.540
3122.8,36.45,0.0,57.1,-4.9,2,-282.030,-4.692,-542.885
3134.6,35.65,0.0,54.0,-7.4,2,-283.486,-4.715,-541.285
3134.6,35.11,0.0,54.0,-9.0,2,-284.454,-4.738,-540.252
3134.6,34.39,0.0,46.0,-11.2,2,-285.906,-4.761,-538.753
3134.6,33.99,0.0,39.7,-12.3,2,-286.878,-4.777,-537.787
3146.6,33.48,0.0,31.7,-14.1,2,-288.342,-4.801,-536.387
3146.6,33.12,0.0,30.2,-15.3,2,-289.322,-4.816,-535.483
3146.6,32.58,0.0,31.7,-16.6,2,-290.801,-4.839,-534.181
3146.6,32.26,0.0,30.2,-17.4,2,-291.794,-4.854,-533.349
3158.8,31.75,0.0,30.2,-18.8,2,-293.298,-4.876,-532.151
3158.8,31.42,0.0,27.0,-19.8,2,-294.306,-4.892,-531.389
3158.8,30.94,0.0,25.4,-21.5,2,-295.830,-4.913,-530.303
3158.8,30.63,0.0,23.8,-22.5,2,-296.853,-4.927,-529.617
3171.2,30.23,0.0,20.6,-24.1,2,-298.399,-4.941,-528.640
3171.2,29.85,0.0,14.3,-25.2,2,-299.955,-4.955,-527.732
3171.2,29.65,0.0,6.3,-25.6,2,-301.002,-4.961,-527.164
3171.2,29.49,0.0,0.0,-25.6,2,-302.590,-4.967,-526.365
3183.7,29.39,0.0,0.0,-25.6,2,-303.657,-4.973,-525.865
3183.7,29.20,3.2,0.0,-24.3,2,-305.271,-4.982,-525.174
3183.7,29.07,4.8,0.0,-20.0,2,-306.356,-4.989,-524.744
3183.7,28.88,4.8,0.0,-8.4,2,-307.991,-4.996,-524.154
3196.3,28.74,3.2,0.0,-0.2,2,-309.088,-4.997,-523.798
3196.3,28.59,0.0,0.0,6.3,2,-310.741,-5.003,-523.315
3196.3,28.49,0.0,0.0,3.1,2,-311.844,-5.000,-523.026
3196.3,28.21,0.0,0.0,-5.9,2,-313.504,-4.998,-522.646
3209.0,28.04,0.0,0.0,-6.3,2,-314.609,-4.998,-522.431
3209.0,27.81,0.0,0.0,5.7,2,-316.263,-4.988,-522.161
3209.0,27.69,0.0,0.0,19.0,2,-317.363,-4.985,-522.017
3209.0,27.50,0.0,0.0,46.8,2,-319.008,-4.969,-521.840
3221.8,27.30,0.0,0.0,63.2,2,-320.648,-4.961,-521.698
3221.8,27.18,0.0,0.0,67.1,2,-321.734,-4.953,-521.620
3221.8,26.96,0.0,0.0,65.2,2,-323.357,-4.952,-521.540
3221.8,26.82,0.0,0.0,65.2,2,-324.435,-4.946,-521.506
3234.9,26.75,0.0,0.0,70.5,2,-326.040,-4.945,-521.473
3234.9,26.63,0.0,0.0,65.6,2,-327.107,-4.950,-521.451
3234.9,65.86,0.0,63.5,0.8,5,-220.635,-2.544,-52.382
3234.9,64.78,0.0,61.9,1.2,5,-219.118,-2.497,-50.289
3248.0,63.56,0.0,60.3,2.3,5,-216.860,-2.438,-47.195
3248.0,63.32,0.0,57.1,3.3,5,-215.354,-2.393,-45.171
3248.0,62.33,0.0,54.0,4.7,5,-213.071,-2.333,-42.199
3248.0,62.16,0.0,50.8,5.1,5,-211.526,-2.295,-40.259
3261.3,61.68,0.0,27.0,5.5,5,-209.169,-2.235,-37.411
3261.3,62.09,0.0,0.0,5.5,5,-207.553,-2.194,-35.537
3261.3,62.07,3.2,0.0,6.3,5,-205.063,-2.134,-32.749
3261.3,62.41,35.7,0.0,8.0,5,-202.501,-2.071,-29.994
3274.8,62.48,43.0,0.0,9.4,5,-200.748,-2.034,-28.183
3274.8,62.57,44.7,0.0,11.5,5,-198.058,-1.974,-25.513
3274.8,62.54,44.0,0.0,12.9,5,-196.233,-1.926,-23.764
3274.8,62.43,36.9,0.0,14.5,5,-193.465,-1.865,-21.187
3288.3,62.17,31.6,0.0,15.1,5,-191.595,-1.822,-19.512
3288.3,62.05,27.4,0.0,15.7,5,-188.749,-1.756,-17.081
3288.3,61.96,23.4,0.0,15.9,5,-186.815,-1.721,-15.509
3288.3,62.08,18.8,0.0,16.2,5,-183.862,-1.663,-13.211
3302.0,62.11,21.2,0.0,16.6,5,-181.864,-1.637,-11.715
3302.0,62.26,32.7,0.0,17.2,5,-178.829,-1.597,-9.517
3302.0,62.27,39.5,0.0,17.8,5,-176.781,-1.582,-8.085
3302.0,62.39,44.5,0.0,18.4,5,-173.679,-1.557,-5.970
3315.8,62.46,46.6,0.0,18.8,5,-171.588,-1.537,-4.594
3315.8,62.59,50.1,0.0,19.2,5,-168.418,-1.522,-2.576
3315.8,62.58,51.2,0.0,19.2,5,-166.280,-1.505,-1.267
3315.8,62.84,52.6,0.0,19.2,5,-163.025,-1.473,0.622
3329.7,62.93,54.4,0.0,19.2,5,-160.821,-1.458,1.833
3329.7,63.10,57.7,0.0,19.2,5,-157.466,-1.427,3.575
3329.7,63.31,58.5,0.0,19.2,5,-155.202,-1.401,4.698
3329.7,63.30,58.6,0.0,19.2,5,-151.771,-1.385,6.314
3343.7,63.40,58.6,0.0,19.2,5,-148.294,-1.352,7.846
3343.7,63.69,58.6,0.0,19.4,5,-145.953,-1.331,8.840
3343.7,63.95,58.6,0.0,19.4,5,-142.416,-1.303,10.302
3343.7,64.01,58.7,0.0,19.0,5,-140.038,-1.285,11.239
3357.9,64.15,58.8,0.0,18.2,5,-136.428,-1.259,12.550
3357.9,64.26,58.8,0.0,17.6,5,-133.995,-1.233,13.366
3357.9,64.28,58.8,0.0,16.8,5,-130.321,-1.199,14.524
3357.9,64.45,58.8,0.0,16.0,5,-127.858,-1.174,15.259
3372.0,64.54,58.9,0.0,14.7,5,-124.138,-1.145,16.296
3372.0,64.80,58.9,0.0,13.3,5,-121.635,-1.130,16.936
3372.0,64.98,58.9,0.0,11.5,5,-117.848,-1.089,17.829
3372.0,65.14,58.9,0.0,10.8,5,-115.307,-1.071,18.392
3386.3,65.29,59.0,0.0,10.4,5,-111.474,-1.040,19.172
3386.3,65.48,59.0,0.0,10.4,5,-108.903,-1.016,19.639
3386.3,65.66,59.0,0.0,10.6,5,-105.023,-0.980,20.275
3386.3,65.68,59.0,0.0,10.8,5,-102.424,-0.952,20.665
3400.7,65.89,59.1,0.0,11.2,5,-98.510,-0.916,21.180
3400.7,66.13,59.2,0.0,11.7,5,-94.574,-0.873,21.588
3400.7,66.19,59.2,0.0,11.9,5,-91.939,-0.847,21.816
3415.1,66.33,59.2,0.0,12.1,5,-87.978,-0.801,22.093
3415.1,66.33,59.3,0.0,12.5,5,-85.329,-0.767,22.222
3415.1,66.61,59.3,0.0,12.5,5,-81.345,-0.716,22.335
3415.1,66.63,59.4,0.0,12.5,5,-78.682,-0.691,22.367
3429.6,66.83,59.4,0.0,12.5,5,-74.681,-0.640,22.342
3429.6,67.03,59.4,0.0,12.5,5,-72.008,-0.604,22.280
3429.6,67.13,59.5,0.0,12.5,5,-67.992,-0.544,22.117
3429.6,67.22,59.5,0.0,12.5,5,-65.312,-0.511,21.956
3444.1,67.44,59.5,0.0,12.5,5,-61.289,-0.456,21.636
3444.1,67.51,59.6,0.0,12.3,5,-58.607,-0.421,21.372
3444.1,67.61,59.6,0.0,11.7,5,-54.585,-0.359,20.909
3444.1,67.80,59.6,0.0,10.8,5,-51.906,-0.326,20.547
3458.8,67.92,59.7,0.0,9.2,5,-47.893,-0.278,19.909
3458.8,68.04,59.7,0.0,7.8,5,-45.218,-0.238,19.434
3458.8,68.23,59.7,0.0,6.1,5,-41.202,-0.189,18.685
3458.8,68.46,59.7,0.0,4.7,5,-37.184,-0.141,17.892
3473.5,68.51,59.7,0.0,3.9,5,-34.504,-0.113,17.338
3473.5,68.61,59.7,0.0,2.5,5,-30.481,-0.074,16.490
3473.5,68.67,59.6,0.0,2.0,5,-27.794,-0.048,15.943
3473.5,68.78,59.7,0.0,0.4,5,-23.750,-0.012,15.172
3488.2,68.93,59.8,0.0,-0.8,5,-21.042,0.010,14.686
3488.2,69.49,59.8,0.0,-3.3,5,-16.946,0.039,13.996
3488.2,69.60,59.8,0.0,-5.3,5,-14.196,0.062,13.567
3488.2,69.68,59.9,0.0,-8.0,5,-10.048,0.087,12.984
3502.9,69.67,60.0,0.0,-10.0,5,-7.275,0.103,12.654
3502.9,69.96,60.0,0.0,-12.5,5,-3.098,0.132,12.264
3502.9,69.95,60.0,0.0,-13.9,5,-0.305,0.146,12.065
3502.9,70.04,60.1,0.0,-15.7,5,3.895,0.181,11.847
3517.3,70.11,60.0,0.0,-16.4,5,6.698,0.205,11.745
3517.3,70.19,59.8,0.0,-16.8,5,10.907,0.251,11.680
3517.3,69.32,0.0,0.0,-16.8,0,13.710,0.276,11.702
3517.3,69.86,59.2,0.0,-16.8,6,17.898,0.326,11.832
3531.3,69.72,51.8,0.0,-16.8,6,20.681,0.365,11.978
3531.3,69.49,50.6,0.0,-17.0,6,24.842,0.427,12.258
3531.3,69.59,53.7,0.0,-17.2,6,27.604,0.466,12.498
3531.3,69.79,58.7,0.0,-17.2,6,31.744,0.522,12.954
3545.2,69.78,61.1,0.0,-17.4,6,35.877,0.579,13.506
3545.2,69.75,61.4,0.0,-17.4,6,38.624,0.609,13.933
3545.2,69.81,61.0,0.0,-17.8,6,42.738,0.670,14.647
3545.2,69.76,60.0,0.0,-18.2,6,45.479,0.710,15.146
3559.0,69.81,60.7,0.0,-19.0,6,49.586,0.770,15.935
3559.0,69.93,60.8,0.0,-19.0,6,52.310,0.795,16.528
3559.0,70.09,62.5,0.0,-19.2,6,56.370,0.854,17.535
3559.0,69.60,62.4,0.0,-19.2,6,59.066,0.895,18.243
3573.2,69.51,62.6,0.0,-19.4,6,63.092,0.959,19.326
3573.2,69.62,61.6,0.0,-19.6,6,65.758,1.001,20.088
3573.2,70.09,60.2,0.0,-19.8,6,69.740,1.057,21.361
3573.2,70.35,59.9,0.0,-19.8,6,72.399,1.093,22.271
3587.8,70.40,59.4,0.0,-19.6,6,76.380,1.156,23.681
3587.8,70.28,58.4,0.0,-19.6,6,79.018,1.197,24.659
3587.8,70.53,58.6,0.0,-19.6,6,82.946,1.243,26.215
3587.8,70.45,58.6,0.0,-19.6,6,85.545,1.279,27.312
3602.4,70.54,58.7,0.0,-19.4,6,89.407,1.342,29.040
3602.4,70.72,58.7,0.0,-19.4,6,91.965,1.389,30.236
3602.4,70.79,58.7,0.0,-19.4,6,95.786,1.444,32.078
3602.4,70.98,58.8,0.0,-19.4,6,99.560,1.500,34.021
3616.6,70.99,58.8,0.0,-19.4,6,102.045,1.542,35.383
3616.6,71.01,58.8,0.0,-19.2,6,105.746,1.608,37.478
3616.6,71.07,58.8,0.0,-19.0,6,108.191,1.648,38.917
3616.6,71.19,58.8,0.0,-18.6,6,111.820,1.711,41.152
3630.1,71.29,58.8,0.0,-17.8,6,114.214,1.752,42.690
3630.1,71.40,58.8,0.0,-16.6,6,117.765,1.815,45.062
3630.1,71.40,58.9,0.0,-15.7,6,120.108,1.860,46.686
3630.1,71.47,58.9,0.0,-14.1,6,123.573,1.915,49.195
3643.4,71.53,58.9,0.0,-13.1,6,125.849,1.948,50.917
3643.4,71.67,58.9,0.0,-11.5,6,129.228,2.000,53.565
3643.4,71.70,58.9,0.0,-10.6,6,131.458,2.035,55.362
3643.4,71.83,59.0,0.0,-9.2,6,134.753,2.072,58.121
3656.7,71.95,59.0,0.0,-8.4,6,136.918,2.105,60.005
3656.7,72.14,59.0,0.0,-6.8,6,140.132,2.139,62.888
3656.7,72.23,59.0,0.0,-5.5,6,143.309,2.175,65.830
3656.7,72.39,59.0,0.0,-4.5,6,145.406,2.188,67.816
3670.1,72.58,58.9,0.0,-3.5,6,148.530,2.216,70.831
3670.1,72.66,59.0,0.0,-2.9,6,150.608,2.232,72.852
3670.1,72.79,59.0,0.0,-2.2,6,153.732,2.254,75.888
3670.1,72.80,59.0,0.0,-1.2,6,155.827,2.267,77.906
3683.7,73.03,59.0,0.0,0.6,6,158.994,2.293,80.920
3683.7,73.19,59.0,0.0,1.6,6,161.128,2.314,82.914
3683.7,71.24,23.5,42.9,1.8,6,164.345,2.344,85.859
3683.7,69.29,0.0,71.4,1.0,6,166.438,2.365,87.735
3697.4,67.34,0.0,88.9,0.0,6,169.480,2.398,90.429
3697.4,66.01,0.0,100.0,0.0,6,171.448,2.413,92.167
3697.4,64.27,6.3,100.0,0.4,0,174.318,2.445,94.712
3697.4,63.12,0.0,100.0,0.8,5,176.185,2.467,96.371
3711.2,61.39,0.0,100.0,1.0,5,178.929,2.494,98.804
3711.2,60.47,0.0,100.0,0.8,5,180.727,2.508,100.391
3711.2,58.96,0.0,96.8,0.8,5,183.384,2.530,102.728
3725.1,57.51,0.0,92.1,0.6,5,185.989,2.559,105.005
3725.1,56.31,0.0,87.3,0.4,5,188.550,2.578,107.227
3725.1,55.60,4.8,84.1,0.0,0,190.233,2.590,108.683
3725.1,54.31,0.0,81.0,0.0,4,192.712,2.608,110.837
3739.2,53.47,0.0,79.4,0.0,4,194.333,2.621,112.251
3739.2,52.28,0.0,77.8,0.2,4,196.725,2.644,114.332
3739.2,51.09,0.0,76.2,0.4,4,199.062,2.661,116.362
3739.2,50.34,0.0,74.6,0.4,4,200.594,2.679,117.689
3753.4,49.16,0.0,74.6,0.8,4,202.854,2.697,119.639
3753.4,48.37,0.0,73.0,0.8,4,204.334,2.712,120.909
3753.4,47.36,7.9,73.0,1.0,0,206.519,2.730,122.772
3753.4,46.55,0.0,71.4,1.0,3,207.951,2.745,123.986
3767.9,45.43,0.0,71.4,1.0,3,210.062,2.767,125.763
3767.9,44.69,0.0,69.8,1.2,3,211.444,2.782,126.922
3767.9,43.73,0.0,66.7,1.4,3,213.483,2.795,128.618
3767.9,43.01,0.0,66.7,1.4,3,214.822,2.807,129.721
3782.6,42.15,0.0,61.9,1.6,3,216.797,2.827,131.338
3782.6,41.17,0.0,60.3,1.8,3,218.741,2.838,132.911
3782.6,40.61,0.0,60.3,2.2,3,220.018,2.841,133.937
3782.6,39.68,0.0,57.1,2.5,3,221.909,2.855,135.437
3797.3,39.44,0.0,57.1,2.9,3,222.533,2.857,135.926
3797.3,38.34,0.0,55.6,3.7,2,225.008,2.867,137.829
3797.3,37.76,0.0,54.0,3.9,2,226.229,2.867,138.747
3797.3,37.04,0.0,52.4,4.5,2,228.043,2.871,140.078
3812.1,36.61,0.0,47.6,4.9,2,229.243,2.874,140.938
3812.1,35.90,0.0,47.6,5.5,2,231.027,2.878,142.193
3812.1,35.37,0.0,46.0,6.1,2,232.206,2.875,143.002
3812.1,34.63,0.0,46.0,7.6,2,233.957,2.872,144.172
3827.0,34.10,0.0,46.0,8.8,2,235.116,2.870,144.917
3827.0,33.45,0.0,41.3,11.2,2,236.846,2.866,145.978
3827.0,32.86,0.0,38.1,13.3,2,238.573,2.862,146.974
3827.0,32.65,0.0,34.9,14.3,2,239.725,2.859,147.599
3841.7,32.38,0.0,22.2,17.0,2,241.463,2.849,148.483
3841.7,32.16,0.0,20.6,18.8,2,242.636,2.842,149.037
3841.7,31.64,0.0,23.8,21.7,2,244.404,2.841,149.808
3841.7,31.40,0.0,20.6,22.9,2,245.581,2.831,150.281
3856.2,31.09,0.0,19.0,25.6,2,247.353,2.823,150.927
3856.2,30.89,0.0,14.3,27.4,2,248.536,2.816,151.319
3856.2,31.09,0.0,0.0,29.4,2,250.327,2.807,151.846
3856.2,30.97,0.0,0.0,30.5,2,251.537,2.797,152.159
3870.7,30.84,0.0,0.0,32.3,2,253.359,2.785,152.575
3870.7,30.68,0.0,0.0,34.1,2,255.186,2.774,152.923
3870.7,30.60,0.0,0.0,35.2,2,256.404,2.766,153.120
3885.1,30.47,0.0,0.0,37.0,2,258.232,2.759,153.359
3885.1,30.37,0.0,0.0,38.0,2,259.449,2.752,153.481
3885.1,30.19,0.0,0.0,39.1,2,261.268,2.737,153.601
3885.1,30.11,0.0,0.0,39.9,2,262.474,2.730,153.644
3899.6,29.91,0.0,0.0,40.5,2,264.276,2.724,153.656
3899.6,29.74,0.0,3.2,40.9,2,265.469,2.718,153.624
3899.6,29.01,0.0,15.9,41.1,2,267.229,2.713,153.531
3899.6,28.75,0.0,15.9,41.3,2,268.376,2.709,153.434
3914.1,28.32,0.0,17.5,41.9,2,270.063,2.709,153.227
3914.1,28.06,0.0,17.5,42.1,2,271.167,2.704,153.053
3914.1,27.75,0.0,12.7,42.7,2,272.794,2.708,152.743
3914.1,27.64,0.0,6.3,43.2,2,273.862,2.703,152.501
3927.8,27.54,0.0,3.2,44.0,2,275.450,2.706,152.086
3927.8,27.42,0.0,0.0,45.0,2,277.019,2.712,151.611
3927.8,27.32,0.0,0.0,45.8,2,278.052,2.716,151.260
3927.8,27.14,0.0,0.0,46.6,2,279.575,2.729,150.681
3940.5,27.03,0.0,0.0,47.2,2,280.570,2.733,150.259
3940.5,26.89,0.0,0.0,47.9,2,282.033,2.747,149.579
3940.5,26.76,0.0,0.0,48.5,2,282.988,2.760,149.098
3940.5,26.59,0.0,0.0,49.1,2,284.381,2.779,148.321
3952.3,26.50,0.0,0.0,49.1,2,285.285,2.793,147.769
3952.3,26.39,0.0,0.0,49.1,2,286.605,2.818,146.897
3952.3,26.46,20.2,0.0,48.7,2,287.460,2.838,146.286
3952.3,26.81,38.2,0.0,46.8,2,288.719,2.864,145.321
3963.2,26.94,39.7,0.0,45.0,2,289.553,2.880,144.649
3963.2,27.10,45.6,0.0,42.1,2,290.789,2.914,143.604
3963.2,27.31,46.9,0.0,40.1,2,291.599,2.933,142.877
3963.2,27.47,48.2,0.0,36.8,2,292.788,2.970,141.742
3973.2,27.76,47.9,0.0,33.7,2,293.938,3.000,140.549
3973.2,27.95,47.7,0.0,31.7,2,294.684,3.025,139.723
3973.2,28.18,47.5,0.0,29.0,2,295.768,3.059,138.436
3973.2,28.32,47.3,0.0,27.4,2,296.469,3.082,137.550
3982.4,28.42,47.1,0.0,25.6,2,297.483,3.118,136.188
3982.4,28.44,47.0,0.0,24.9,2,298.132,3.138,135.261
3982.4,28.55,46.8,0.0,23.5,2,299.066,3.165,133.844
3982.4,28.70,46.6,0.0,22.5,2,299.661,3.186,132.878
3991.1,28.92,47.9,0.0,21.3,2,300.517,3.207,131.393
3991.1,29.12,49.1,0.0,19.0,2,301.329,3.231,129.864
3991.1,29.24,48.9,0.0,17.8,2,301.846,3.251,128.821
3991.1,29.63,51.6,0.0,16.0,2,302.587,3.269,127.224
3999.4,29.75,52.9,0.0,14.9,2,303.058,3.281,126.134
3999.4,30.16,54.0,0.0,13.5,2,303.729,3.301,124.470
3999.4,30.41,56.6,0.0,12.7,2,304.154,3.314,123.338
3999.4,30.74,59.1,0.0,11.9,2,304.752,3.327,121.606
4007.3,30.94,60.2,0.0,11.5,2,305.124,3.342,120.431
4007.3,30.79,63.4,0.0,10.8,2,305.633,3.355,118.648
4007.3,31.33,33.6,0.0,10.4,2,305.936,3.372,117.448
4007.3,31.50,63.9,0.0,9.4,2,306.343,3.389,115.629
4014.7,31.83,34.8,0.0,8.6,2,306.590,3.394,114.396
4014.7,32.13,36.1,0.0,6.3,2,306.917,3.415,112.524
4014.7,32.41,36.0,0.0,4.3,2,307.196,3.425,110.622
4014.7,32.54,68.7,0.0,2.9,2,307.353,3.442,109.344
4021.5,32.93,72.6,0.0,2.0,2,307.555,3.462,107.402
4021.5,33.22,79.5,0.0,2.0,2,307.666,3.472,106.088
4021.5,33.71,90.2,0.0,2.0,2,307.795,3.498,104.087
4021.5,34.09,90.2,0.0,1.6,2,307.863,3.514,102.733
4027.9,34.87,90.3,0.0,-0.4,2,307.939,3.538,100.671
4027.9,35.08,90.3,0.0,-1.8,2,307.981,3.561,99.274
4027.9,35.67,82.3,0.0,-4.3,2,308.038,3.593,97.147
4027.9,36.10,82.2,0.0,-6.3,2,308.088,3.615,95.709
4033.8,36.39,80.9,0.0,-7.2,2,308.216,3.643,93.534
4033.8,36.60,74.3,0.0,-7.2,2,308.341,3.665,92.077
4033.8,36.77,62.1,0.0,-6.3,2,308.586,3.699,89.887
4033.8,36.33,41.6,12.7,-5.5,2,308.771,3.716,88.430
4039.4,34.28,0.0,44.4,-4.5,2,309.055,3.757,86.318
4039.4,32.88,0.0,55.6,-4.5,2,309.333,3.788,84.342
4039.4,32.21,0.0,57.1,-4.5,2,309.526,3.801,83.086
4045.1,31.28,0.0,58.7,-4.5,2,309.827,3.835,81.256
4045.1,30.59,0.0,58.7,-4.9,2,310.033,3.855,80.064
4045.1,29.76,0.0,58.7,-6.1,2,310.353,3.881,78.315
4045.1,29.33,0.0,54.0,-6.7,2,310.578,3.892,77.172
4051.0,28.68,0.0,49.2,-7.6,1,310.939,3.916,75.482
4051.0,28.30,0.0,46.0,-8.2,1,311.191,3.927,74.376
4051.0,27.76,0.0,44.4,-9.8,1,311.585,3.944,72.744
4051.0,27.37,0.0,42.9,-11.2,1,311.860,3.956,71.675
4057.0,27.14,0.0,30.2,-14.1,1,312.303,3.972,70.099
4057.0,27.23,0.0,15.9,-15.9,1,312.626,3.985,69.058
4057.0,27.27,0.0,3.2,-19.4,1,313.155,3.994,67.503
4057.0,27.30,0.0,0.0,-20.9,1,313.539,4.002,66.472
4063.1,27.16,0.0,0.0,-24.3,1,314.162,4.013,64.945
4063.1,27.07,0.0,0.0,-26.4,1,314.612,4.016,63.947
4063.1,26.86,0.0,0.0,-29.0,1,315.330,4.018,62.486
4063.1,26.78,4.8,0.0,-30.5,1,315.840,4.022,61.537
4070.4,27.30,36.1,0.0,-32.5,1,316.654,4.024,60.132
4070.4,27.58,38.7,0.0,-34.6,1,317.526,4.027,58.727
4070.4,27.63,38.6,0.0,-36.2,1,318.138,4.024,57.796
4070.4,27.81,38.6,0.0,-38.2,1,319.107,4.019,56.425
4076.7,27.96,37.3,0.0,-39.5,1,319.782,4.015,55.526
4076.7,28.05,34.6,0.0,-41.5,1,320.837,4.009,54.202
4076.7,28.11,29.1,0.0,-42.9,1,321.570,4.005,53.340
4076.7,27.54,0.0,0.0,-45.8,1,323.085,3.988,51.679
4083.0,27.38,0.0,0.0,-47.4,1,323.858,3.977,50.896
4083.0,27.20,0.0,0.0,-49.3,1,325.034,3.966,49.770
4083.0,27.11,0.0,0.0,-50.5,1,325.836,3.958,49.046
4083.0,26.89,0.0,0.0,-51.7,1,327.070,3.941,48.014
4089.9,26.73,0.0,0.0,-52.4,1,327.911,3.931,47.361
4089.9,26.47,0.0,0.0,-53.8,1,329.193,3.917,46.430
4089.9,26.28,0.0,0.0,-54.6,1,330.058,3.899,45.841
4089.9,26.00,0.0,0.0,-55.6,1,331.371,3.883,45.008
4095.6,25.86,0.0,0.0,-56.2,1,332.257,3.876,44.488
4095.6,25.22,0.0,19.0,-56.9,1,333.601,3.865,43.756
4095.6,24.47,0.0,30.2,-57.3,1,334.484,3.852,43.307
4095.6,24.38,0.0,11.1,-58.1,1,335.790,3.842,42.696
4101.3,24.51,0.0,0.0,-58.5,1,336.679,3.832,42.324
4101.3,24.53,0.0,0.0,-59.9,1,338.050,3.823,41.804
4101.3,24.43,0.0,0.0,-60.5,1,339.441,3.812,41.330
4101.3,24.31,0.0,0.0,-61.4,1,340.379,3.802,41.048
4107.2,24.24,0.0,0.0,-62.2,1,341.795,3.797,40.684
4107.2,24.25,0.0,0.0,-62.4,1,342.742,3.787,40.474
4107.2,23.95,0.0,0.0,-63.6,1,344.166,3.785,40.215
4107.2,23.92,0.0,0.0,-63.8,1,345.112,3.774,40.081
4113.3,23.68,0.0,0.0,-64.6,1,346.519,3.768,39.931
4113.3,23.47,0.0,0.0,-65.2,1,347.451,3.764,39.869
4113.3,23.22,0.0,0.0,-65.6,1,348.835,3.759,39.830
4113.3,23.07,0.0,0.0,-65.9,1,349.747,3.761,39.841
4119.8,22.83,0.0,0.0,-66.1,1,351.104,3.753,39.906
4119.8,22.70,0.0,0.0,-66.3,1,351.999,3.748,39.985
4119.8,22.55,0.0,0.0,-66.5,1,353.329,3.750,40.152
4119.8,22.47,0.0,0.0,-66.7,1,354.207,3.750,40.298
4126.7,22.25,0.0,0.0,-66.9,1,355.509,3.745,40.568
4126.7,22.07,0.0,0.0,-67.1,1,356.787,3.747,40.889
4126.7,22.05,0.0,0.0,-67.1,1,357.626,3.748,41.132
4133.9,21.77,0.0,0.0,-67.3,1,358.858,3.744,41.546
4133.9,21.74,0.0,0.0,-67.3,1,359.662,3.744,41.853
4133.9,21.68,6.3,0.0,-67.1,1,360.851,3.748,42.355
4133.9,21.76,10.4,0.0,-67.1,1,361.629,3.751,42.724
4141.4,22.26,41.7,0.0,-65.9,1,362.786,3.762,43.331
4141.4,22.50,44.6,0.0,-65.4,1,363.562,3.766,43.765
4141.4,22.72,47.3,0.0,-61.4,1,364.727,3.768,44.456
4141.4,22.92,50.1,0.0,-58.3,1,365.494,3.778,44.949
4148.7,23.14,49.7,0.0,-52.4,1,366.624,3.789,45.737
4148.7,23.31,49.3,0.0,-48.5,1,367.367,3.790,46.294
4148.7,23.55,48.7,0.0,-43.4,1,368.461,3.797,47.170
4148.7,23.83,50.0,0.0,-41.7,1,369.177,3.806,47.786
4155.2,24.00,50.8,0.0,-35.6,1,370.227,3.809,48.758
4155.2,24.22,51.9,0.0,-32.7,1,370.907,3.816,49.436
4155.2,24.11,27.5,0.0,-29.0,1,371.904,3.823,50.495
4155.2,24.09,27.4,0.0,-25.6,1,372.535,3.822,51.221
4161.3,24.25,29.0,0.0,-19.8,1,373.433,3.827,52.341
4161.3,24.82,31.5,0.0,-13.9,1,374.294,3.831,53.502
4161.3,24.96,65.7,0.0,-11.2,1,374.865,3.829,54.303
4161.3,25.58,67.7,0.0,-7.6,1,375.717,3.834,55.543
4167.3,25.94,71.5,0.0,-5.9,1,376.285,3.833,56.397
4167.3,26.47,89.3,0.0,-5.1,1,377.148,3.833,57.715
4167.3,26.99,90.1,0.0,-5.1,1,377.727,3.832,58.621
4167.3,27.70,90.2,0.0,-5.7,1,378.606,3.839,60.021
4172.9,28.13,90.2,0.0,-6.3,1,379.195,3.839,60.979
4172.9,28.79,90.2,0.0,-7.4,1,380.081,3.840,62.458
4172.9,29.24,90.2,0.0,-7.6,1,380.668,3.840,63.471
4172.9,29.71,90.2,0.0,-7.8,1,381.535,3.837,65.031
4178.3,30.19,44.4,0.0,-7.6,1,382.105,3.836,66.095
4178.3,30.75,90.3,0.0,-7.0,1,382.946,3.842,67.724
4178.3,31.11,44.9,0.0,-6.1,1,383.494,3.842,68.835
4178.3,31.59,90.3,0.0,-4.7,1,384.301,3.842,70.538
4183.4,32.02,90.3,0.0,-3.7,1,384.830,3.842,71.697
4183.4,32.59,90.4,0.0,-2.5,1,385.622,3.834,73.471
4183.4,33.39,90.4,0.0,-1.8,1,386.417,3.834,75.291
4183.4,33.77,90.4,0.0,-1.8,1,386.945,3.834,76.529
4188.1,34.43,90.5,0.0,-1.8,1,387.744,3.833,78.418
4188.1,34.87,90.6,0.0,-1.8,1,388.281,3.832,79.701
4188.1,33.87,0.0,0.0,-2.0,0,389.090,3.830,81.653
4188.1,35.36,47.1,0.0,-2.3,2,389.616,3.829,82.931
4193.0,36.16,90.3,0.0,-2.7,2,390.428,3.827,84.899
4193.0,36.50,90.3,0.0,-3.1,2,390.974,3.827,86.249
4193.0,36.98,90.3,0.0,-3.5,2,391.782,3.827,88.308
4193.0,37.48,90.3,0.0,-3.5,2,392.317,3.821,89.701
4197.9,37.93,90.3,0.0,-3.5,2,393.112,3.824,91.824
4197.9,38.35,90.3,0.0,-3.5,2,393.636,3.826,93.261
4197.9,38.91,90.4,0.0,-3.9,2,394.419,3.819,95.445
4197.9,39.24,90.4,0.0,-4.3,2,394.937,3.819,96.922
4202.8,39.77,90.4,0.0,-4.9,2,395.704,3.820,99.166
4202.8,40.32,90.4,0.0,-5.3,2,396.454,3.821,101.451
4202.8,40.79,90.5,0.0,-5.5,2,396.944,3.822,102.997
4202.8,41.14,90.5,0.0,-5.5,2,397.664,3.829,105.348
4207.2,41.56,90.5,0.0,-5.5,2,398.133,3.830,106.935
4207.2,42.10,88.7,0.0,-5.5,2,398.822,3.831,109.346
4207.2,42.31,87.4,0.0,-5.5,2,399.270,3.832,110.977
4207.2,42.86,85.5,0.0,-5.3,2,399.923,3.830,113.447
4210.9,41.62,0.0,0.0,-5.3,0,400.341,3.828,115.083
4210.9,43.25,88.2,0.0,-5.7,3,400.956,3.827,117.565
4210.9,43.25,88.2,0.0,-5.7,3,400.956,3.827,117.565
4210.9,43.25,88.2,0.0,-5.7,3,400.956,3.827,117.565
4213.2,44.29,83.6,0.0,-6.8,3,402.226,3.828,123.552
4213.2,44.74,81.7,0.0,-6.8,3,402.721,3.826,126.179
4213.2,45.15,79.8,0.0,-6.8,3,403.190,3.816,128.835
4213.2,45.52,78.5,0.0,-6.8,3,403.486,3.814,130.624
4215.4,45.84,76.7,0.0,-7.0,3,403.902,3.811,133.335
4215.4,46.21,75.5,0.0,-7.4,3,404.159,3.810,135.157
4215.4,46.61,73.7,0.0,-7.8,3,404.508,3.810,137.918
4215.4,46.86,72.5,0.0,-8.2,3,404.716,3.801,139.777
4216.5,47.32,70.7,0.0,-8.2,3,404.985,3.800,142.590
4216.5,47.61,69.5,0.0,-8.2,3,405.138,3.791,144.483
4216.5,47.97,67.7,0.0,-8.2,3,405.327,3.789,147.343
4216.5,48.25,66.4,0.0,-8.2,3,405.428,3.780,149.265
4217.5,48.75,64.7,0.0,-7.8,3,405.541,3.773,152.173
4217.5,48.95,63.6,0.0,-7.4,3,405.591,3.773,154.126
4217.5,49.28,61.8,0.0,-7.2,3,405.627,3.765,157.073
4217.5,49.59,60.6,0.0,-7.2,3,405.625,3.755,159.049
4218.5,50.01,59.5,0.0,-7.2,3,405.590,3.748,162.035
4218.5,50.40,59.6,0.0,-7.2,3,405.512,3.748,165.047
4218.5,50.61,59.7,0.0,-7.6,3,405.435,3.740,167.065
4219.6,50.95,59.7,0.0,-8.8,3,405.272,3.731,170.105
4219.6,51.21,59.8,0.0,-9.8,3,405.127,3.732,172.141
4219.6,51.47,59.4,0.0,-11.0,3,404.855,3.724,175.208
4219.6,51.76,58.9,0.0,-11.2,3,404.630,3.716,177.258
4219.4,50.92,0.0,0.0,-11.2,0,404.220,3.706,180.323
4219.4,52.07,89.1,0.0,-11.0,4,403.907,3.698,182.361
4219.4,52.33,87.2,0.0,-10.8,4,403.373,3.690,185.438
4219.4,52.55,85.9,0.0,-10.8,4,402.971,3.689,187.494
4220.2,52.86,84.0,0.0,-10.6,4,402.292,3.671,190.579
4220.2,53.06,82.7,0.0,-10.4,4,401.796,3.672,192.638
4220.2,53.39,80.8,0.0,-10.0,4,400.996,3.666,195.726
4220.2,53.57,79.6,0.0,-9.4,4,400.421,3.658,197.783
4221.0,53.92,77.7,0.0,-8.6,4,399.494,3.652,200.867
4221.0,54.27,75.8,0.0,-8.2,4,398.501,3.650,203.955
4221.0,54.47,74.5,0.0,-8.4,4,397.809,3.648,206.015
4221.0,54.75,72.7,0.0,-9.0,4,396.719,3.643,209.100
4221.8,55.02,71.5,0.0,-9.4,4,395.953,3.645,211.151
4221.8,55.27,69.6,0.0,-9.8,4,394.754,3.649,214.227
4221.8,55.44,68.3,0.0,-10.2,4,393.925,3.654,216.276
4221.8,55.63,66.6,0.0,-10.4,4,392.616,3.652,219.335
4222.7,55.83,65.4,0.0,-10.4,4,391.690,3.654,221.358
4222.7,56.20,63.6,0.0,-10.2,4,390.231,3.666,224.378
4222.7,56.36,62.4,0.0,-10.0,4,389.226,3.677,226.389
4222.7,56.76,60.6,0.0,-10.0,4,387.667,3.689,229.399
4223.5,56.94,59.4,0.0,-10.0,4,386.581,3.686,231.394
4223.5,57.20,59.5,0.0,-10.0,4,384.885,3.687,234.366
4223.5,57.40,59.5,0.0,-10.4,4,383.126,3.693,237.317
4223.5,57.56,59.6,0.0,-11.0,4,381.928,3.690,239.278
4224.4,57.91,59.7,0.0,-12.1,4,380.078,3.691,242.202
4224.4,58.11,59.7,0.0,-12.7,4,378.793,3.695,244.131
4224.4,58.33,59.8,0.0,-13.1,4,376.789,3.703,246.986
4224.4,58.44,59.8,0.0,-13.1,4,375.409,3.708,248.865
4225.3,58.71,59.9,0.0,-13.1,4,373.282,3.721,251.656
4225.3,58.95,59.9,0.0,-13.1,4,371.816,3.729,253.495
4225.3,59.11,59.9,0.0,-12.9,4,369.550,3.739,256.218
4225.3,59.23,59.8,0.0,-12.5,4,368.010,3.748,258.014
4226.2,59.55,59.5,0.0,-11.2,4,365.647,3.757,260.674
4226.2,59.72,59.5,0.0,-10.0,4,364.030,3.764,262.423
4226.2,59.91,59.2,0.0,-7.8,4,361.548,3.764,265.011
4226.2,59.11,0.0,0.0,-6.8,0,359.878,3.768,266.703
4227.1,60.13,88.5,0.0,-5.7,5,357.339,3.776,269.224
4227.1,60.39,86.4,0.0,-4.9,5,354.741,3.770,271.727
4227.1,60.53,85.1,0.0,-4.3,5,352.986,3.774,273.388
4227.1,60.82,83.1,0.0,-3.9,5,350.338,3.775,275.881
4228.1,60.98,81.7,0.0,-3.9,5,348.566,3.778,277.549
4228.1,60.90,79.8,0.0,-3.7,5,345.894,3.773,280.041
4228.1,61.20,78.5,0.0,-3.5,5,344.097,3.774,281.692
4228.1,61.60,76.5,0.0,-3.3,5,341.365,3.782,284.180
4229.0,61.47,75.2,0.0,-3.3,5,339.527,3.781,285.844
4229.0,61.95,73.4,0.0,-3.1,5,336.772,3.778,288.323
4229.0,62.44,72.1,0.0,-2.7,5,334.931,3.777,289.961
4229.0,61.68,70.3,0.0,-2.5,5,332.145,3.785,292.423
4230.0,61.84,69.1,0.0,-2.3,5,330.273,3.786,294.065
4230.0,62.13,67.1,0.0,-2.2,5,327.451,3.785,296.514
4230.0,63.59,65.9,0.0,-2.2,5,325.548,3.783,298.168
4230.0,64.12,63.9,0.0,-2.3,5,322.672,3.791,300.674
4231.0,62.33,62.2,0.0,-2.3,5,319.802,3.789,303.156
4231.0,63.37,61.1,0.0,-2.0,5,317.881,3.790,304.804
4231.0,63.01,58.9,0.0,-1.6,5,314.988,3.796,307.275
4231.0,62.81,58.6,0.0,-1.4,5,313.058,3.802,308.920
4231.9,64.25,58.5,0.0,-1.4,5,310.129,3.806,311.395
4231.9,64.90,58.6,0.0,-1.2,5,308.173,3.806,313.048
4231.9,65.20,58.7,0.0,-1.2,5,305.190,3.811,315.546
4231.9,65.07,58.6,0.0,-1.2,5,303.199,3.818,317.211
4232.9,65.34,58.7,0.0,-1.2,5,300.191,3.828,319.708
4232.9,65.50,58.7,0.0,-1.0,5,298.184,3.827,321.368
4232.9,65.34,58.7,0.0,-0.6,5,295.162,3.833,323.854
4232.9,65.46,58.8,0.0,-0.4,5,293.146,3.835,325.516
4233.7,65.71,58.8,0.0,-0.2,5,290.108,3.834,328.016
4233.7,65.82,58.9,0.0,-0.4,5,288.077,3.826,329.687
4233.7,66.13,58.9,0.0,0.0,5,285.019,3.818,332.202
4234.5,66.34,58.9,0.0,0.4,5,281.949,3.813,334.729
4234.5,66.42,59.0,0.0,0.6,5,279.903,3.805,336.423
4234.5,66.70,59.1,0.0,0.8,5,276.831,3.796,338.975
4234.5,66.85,59.1,0.0,0.8,5,274.780,3.800,340.687
4235.2,66.93,59.1,0.0,0.6,5,271.698,3.803,343.263
4235.2,67.21,59.3,0.0,0.6,5,269.641,3.795,344.987
4235.2,67.44,59.2,0.0,0.6,5,266.547,3.801,347.579
4235.2,67.52,59.4,0.0,0.6,5,264.480,3.803,349.311
4235.8,67.75,59.3,0.0,0.6,5,261.375,3.814,351.922
4235.8,67.84,59.4,0.0,0.6,5,259.299,3.820,353.670
4235.8,68.19,59.5,0.0,0.6,5,256.181,3.836,356.297
4235.8,68.35,59.5,0.0,0.6,5,254.098,3.842,358.055
4236.3,68.55,59.5,0.0,0.6,5,250.966,3.851,360.701
4236.3,68.51,59.6,0.0,0.6,5,248.876,3.859,362.471
4236.3,68.90,59.6,0.0,0.6,5,245.733,3.879,365.135
4236.3,68.95,59.8,0.0,0.6,5,242.588,3.884,367.810
4236.6,69.04,59.8,0.0,0.4,5,240.486,3.885,369.597
4236.6,69.32,59.7,0.0,0.4,5,237.328,3.896,372.288
4236.6,69.36,59.8,0.0,0.4,5,235.216,3.899,374.089
4236.6,69.50,59.9,0.0,0.4,5,232.040,3.900,376.797
4236.9,69.80,59.9,0.0,0.4,5,229.918,3.902,378.606
4236.9,69.98,59.9,0.0,0.2,5,226.730,3.895,381.326
4236.9,70.11,59.9,0.0,0.2,5,224.601,3.899,383.145
4236.9,70.30,59.9,0.0,0.2,5,221.400,3.885,385.883
4237.0,69.59,0.0,0.0,0.2,0,219.276,3.884,387.701
4237.0,70.28,88.7,0.0,0.2,6,216.088,3.876,390.429
4237.0,70.50,87.5,0.0,0.2,6,213.951,3.876,392.260
4237.0,70.61,85.5,0.0,0.2,6,210.736,3.866,395.015
4237.0,70.83,84.2,0.0,0.2,6,208.587,3.855,396.858
4237.0,71.05,82.3,0.0,0.2,6,205.358,3.853,399.629
4237.0,71.18,80.4,0.0,0.2,6,202.124,3.847,402.407
4237.0,71.20,79.1,0.0,0.2,6,199.964,3.841,404.262
4237.0,71.35,77.3,0.0,0.2,6,196.721,3.835,407.050
4237.0,71.51,76.0,0.0,0.2,6,194.555,3.828,408.913
4237.0,71.62,74.1,0.0,0.2,6,191.298,3.821,411.715
4237.0,71.79,72.8,0.0,0.2,6,189.124,3.820,413.588
4237.0,71.97,70.9,0.0,0.2,6,185.859,3.809,416.402
4237.0,72.06,69.6,0.0,0.2,6,183.677,3.812,418.283
4237.0,72.19,67.8,0.0,0.2,6,180.398,3.808,421.110
4237.0,72.21,66.5,0.0,0.4,6,178.211,3.802,422.998
4237.0,72.56,64.6,0.0,0.4,6,174.921,3.792,425.841
4237.0,72.69,63.4,0.0,0.6,6,172.725,3.791,427.741
4237.0,72.90,61.5,0.0,0.6,6,169.430,3.788,430.600
4237.0,73.00,59.6,0.0,0.6,6,166.128,3.781,433.474
4237.0,73.11,59.0,0.0,0.6,6,163.926,3.776,435.396
4237.0,73.26,59.0,0.0,0.6,6,160.618,3.773,438.285
4237.0,73.35,59.1,0.0,0.6,6,158.414,3.776,440.216
4237.0,73.49,59.1,0.0,0.8,6,155.105,3.771,443.122
4237.0,73.58,59.1,0.0,0.8,6,152.897,3.774,445.066
4237.0,73.74,59.2,0.0,0.8,6,149.585,3.779,447.988
4237.0,73.83,59.2,0.0,0.8,6,147.375,3.782,449.947
4237.0,73.98,59.3,0.0,0.8,6,144.060,3.783,452.895
4237.0,74.15,59.3,0.0,0.8,6,141.847,3.789,454.866
4237.0,74.29,59.3,0.0,0.8,6,138.527,3.791,457.833
4237.0,74.20,59.3,0.0,0.8,6,136.313,3.800,459.816
4237.0,74.44,59.4,0.0,0.8,6,132.998,3.799,462.794
4237.0,74.66,59.4,0.0,0.8,6,130.785,3.796,464.789
4237.0,74.80,59.4,0.0,0.8,6,127.457,3.802,467.793
4237.0,74.89,59.4,0.0,0.8,6,124.128,3.802,470.808
4237.0,74.95,59.5,0.0,0.8,6,121.911,3.800,472.823
4237.0,75.15,59.5,0.0,0.8,6,118.582,3.807,475.854
4237.0,75.30,59.6,0.0,0.6,6,116.359,3.805,477.880
4237.0,75.34,59.5,0.0,0.4,6,113.020,3.807,480.926
4237.0,75.47,59.7,0.0,0.4,6,110.792,3.805,482.959
4237.0,75.65,59.6,0.0,0.4,6,107.443,3.801,486.014
4237.0,75.69,59.7,0.0,0.4,6,105.207,3.796,488.055
4237.0,75.83,59.7,0.0,0.2,6,101.851,3.790,491.120
4237.0,76.00,59.7,0.0,0.2,6,99.609,3.786,493.168
4237.0,76.07,59.7,0.0,0.2,6,96.237,3.776,496.244
4237.0,76.14,59.8,0.0,0.2,6,93.987,3.767,498.296
4237.0,76.29,59.8,0.0,0.2,6,90.610,3.754,501.377
4237.0,76.42,59.8,0.0,0.2,6,88.356,3.743,503.435
4237.0,76.58,59.9,0.0,0.2,6,84.969,3.729,506.528
4237.0,76.66,59.9,0.0,0.2,6,81.575,3.716,509.631
4237.0,76.73,59.9,0.0,0.2,6,79.311,3.698,511.703
4237.0,76.86,59.9,0.0,0.2,6,75.910,3.679,514.816
4237.0,76.99,60.0,0.0,0.2,6,73.640,3.669,516.894
4237.0,77.13,60.0,0.0,0.2,6,70.232,3.642,520.016
4237.0,77.19,60.0,0.0,0.2,6,67.957,3.633,522.102
4237.0,77.28,60.0,0.0,0.2,6,64.539,3.606,525.235
4237.0,77.41,60.0,0.0,0.2,6,62.258,3.588,527.325
4237.0,77.55,60.0,0.0,0.2,6,58.833,3.567,530.464
4237.0,76.81,0.0,0.0,0.2,0,56.560,3.547,532.550
4237.0,77.59,88.9,0.0,0.2,7,53.149,3.510,535.684
4237.0,77.66,87.6,0.0,0.0,7,50.864,3.489,537.782
4237.0,77.73,85.7,0.0,-0.2,7,47.427,3.451,540.934
4237.0,77.86,84.4,0.0,-0.4,7,45.130,3.433,543.034
4237.0,77.92,82.5,0.0,-0.6,7,41.673,3.387,546.180
4237.0,78.07,80.6,0.0,-0.6,7,38.203,3.348,549.326
4237.0,78.21,79.3,0.0,-0.6,7,35.887,3.317,551.423
4237.0,78.28,77.4,0.0,-0.4,7,32.405,3.264,554.568
4237.0,78.32,76.1,0.0,0.0,7,30.082,3.227,556.667
4237.0,78.50,74.2,0.0,0.2,7,26.596,3.170,559.828
4237.0,78.62,72.9,0.0,0.4,7,24.272,3.130,561.942
4237.0,78.73,71.2,0.0,0.6,7,20.791,3.069,565.122
4237.0,78.74,69.8,0.0,0.6,7,18.469,3.029,567.248
4237.0,78.98,68.0,0.0,0.8,7,14.991,2.970,570.445
4237.0,78.94,66.7,0.0,0.8,7,12.670,2.930,572.584
4237.0,79.07,64.8,0.0,0.8,7,9.188,2.871,575.806
4237.0,79.15,63.5,0.0,0.8,7,6.868,2.834,577.956
4237.0,79.19,61.6,0.0,0.6,7,3.386,2.780,581.187
4237.0,79.39,59.7,0.0,0.2,7,-0.099,2.723,584.422
4237.0,79.44,59.1,0.0,0.0,7,-2.428,2.679,586.581
4237.0,79.56,59.2,0.0,-0.6,7,-5.928,2.617,589.817
4237.0,79.52,59.1,0.0,-0.8,7,-8.274,2.575,591.971
4237.0,78.81,38.4,14.3,-0.8,7,-11.798,2.518,595.181
4237.0,77.40,18.0,38.1,-0.6,7,-14.119,2.483,597.278
4237.0,75.12,0.0,68.3,-0.2,7,-17.502,2.428,600.325
4237.0,73.90,0.0,81.0,0.0,7,-19.698,2.403,602.304
4237.0,72.06,6.3,93.7,0.0,0,-22.905,2.348,605.210
4237.0,70.67,0.0,100.0,-0.2,6,-24.992,2.310,607.105
5949.2,69.25,0.0,100.0,-0.4,6,-28.058,2.262,609.891
5949.2,68.37,0.0,100.0,-0.6,6,-30.075,2.233,611.718
5949.2,66.31,0.0,100.0,-0.8,6,-33.050,2.184,614.400
5949.2,65.56,0.0,93.7,-1.0,6,-34.999,2.151,616.144
80.0,64.55,0.0,85.7,-1.0,6,-37.892,2.113,618.721
